[32mAll tools are now trusted ([0m[31m![0m[32m). Kiro will execute tools without asking for confirmation.[0m
Agents can sometimes do unexpected things so understand the risks.

Learn more at [38;5;141mhttps://kiro.dev/docs/cli/chat/security/#using-tools-trust-all-safely[0m

[38;5;12m[1m📷 Checkpoints are enabled! (took 0.03s)

[0m
[38;5;252m[0m[?25l[38;5;141m> [0m[0m[0m
[0m[0m
I'll start by reading the project structure, C source files, Rust source files, and Cargo.toml to understand what we're working with.[0m[0m
[?25l[0m[0mReading directory: [38;5;141m/tmp/harvest-crust-verify-gndvEh/project[0m[38;5;244m (using tool: read, max depth: 3, max entries: 1000, excluding: defaults)[0m
[38;5;10m ✓ [0mSuccessfully read directory [38;5;141m/tmp/harvest-crust-verify-gndvEh/project[0m [38;5;244m(26 entries)[0m
[38;5;244m - Completed in 0.45s[0m
[38;5;12m[1m [1.1][0m[0m
[?25l[0m[?25l[0m[0mBatch fs_read operation with [38;5;141m4[0m operations[38;5;244m (using tool: read)[0m

↱ Operation 1: Reading file: [38;5;141m/tmp/harvest-crust-verify-gndvEh/project/Cargo.toml[0m, all lines
↱ Operation 2: Reading file: [38;5;141m/tmp/harvest-crust-verify-gndvEh/project/src/lib.rs[0m, all lines
↱ Operation 3: Reading file: [38;5;141m/tmp/harvest-crust-verify-gndvEh/project/src/tinyfseq.rs[0m, all lines
↱ Operation 4: Reading file: [38;5;141m/tmp/harvest-crust-verify-gndvEh/project/c_src/tinyfseq.h[0m, all lines
[38;5;10m ✓ [0mSuccessfully read [38;5;244m102 bytes[0m from /tmp/harvest-crust-verify-gndvEh/project/Cargo.toml

[38;5;10m ✓ [0mSuccessfully read [38;5;244m17 bytes[0m from /tmp/harvest-crust-verify-gndvEh/project/src/lib.rs

[38;5;10m ✓ [0mSuccessfully read [38;5;244m4837 bytes[0m from /tmp/harvest-crust-verify-gndvEh/project/src/tinyfseq.rs

[38;5;10m ✓ [0mSuccessfully read [38;5;244m10534 bytes[0m from /tmp/harvest-crust-verify-gndvEh/project/c_src/tinyfseq.h

 ⋮ 

[38;5;244m- [0mSummary: 4 operations processed, 4 successful, 0 failed
[38;5;244m - Completed in 0.45s[0m
[38;5;12m[1m [1.2][0m[0m
[?25l[0m[38;5;141m> [0mNow let me also read the C test files to understand expected behavior better:[0m[0m
[?25l[0m[0mBatch fs_read operation with [38;5;141m2[0m operations[38;5;244m (using tool: read)[0m

↱ Operation 1: Reading file: [38;5;141m/tmp/harvest-crust-verify-gndvEh/project/c_src/test/TFError_string.c[0m, all lines
↱ Operation 2: Reading file: [38;5;141m/tmp/harvest-crust-verify-gndvEh/project/c_src/test/build.c[0m, all lines
[38;5;10m ✓ [0mSuccessfully read [38;5;244m486 bytes[0m from /tmp/harvest-crust-verify-gndvEh/project/c_src/test/TFError_string.c

[38;5;10m ✓ [0mSuccessfully read [38;5;244m482 bytes[0m from /tmp/harvest-crust-verify-gndvEh/project/c_src/test/build.c

 ⋮ 

[38;5;244m- [0mSummary: 2 operations processed, 2 successful, 0 failed
[38;5;244m - Completed in 0.45s[0m
[38;5;12m[1m [1.3][0m[0m
[?25l[0m[38;5;141m> [0mNow I have a thorough understanding of both the C and Rust code. Let me create a comprehensive test file. Let me first check for a key difference — the C code's [38;5;10mTFVarHeader_read[0m uses [38;5;10mvd[0m as a nullable pointer (NULL skips copy), while the Rust uses [38;5;10mvd: &mut [u8][0m where empty slice skips copy. Let me also verify the [38;5;10mtf_var_header_read[0m behavior more carefully by comparing the C [38;5;10mbs < varHeader->size[0m check vs the Rust [38;5;10mbd.len() < var_header.size as usize[0m check.[0m[0m
[?25l[0m[0m[38;5;11mTODO:
[39m[0m[ ] Create test file src/bin/test_tinyfseq.rs with comprehensive tests for all public functions
[0m[ ] Run cargo test and fix any failures
[0m[ ] Iterate until all tests pass[38;5;244m - Completed in 0.46s[0m
[38;5;12m[1m [1.4][0m[0m
[?25l[0m[38;5;141m> [0mNow let me create the test file. I need to carefully match the C behavior:[0m[0m
[0m[0m
1. [38;5;10mTFError::to_string()[0m — maps each variant to a specific string. Note: C has a [38;5;10mdefault[0m case returning [38;5;10m"unknown TFError value"[0m but Rust enum is exhaustive, so no equivalent.[0m[0m
2. [38;5;10mtf_header_read[0m — needs 32 bytes, checks magic "PSEQ", reads fields at specific offsets, compression type masked to lower 4 bits.[0m[0m
3. [38;5;10mtf_compression_block_read[0m — needs 8 bytes, reads two u32 LE fields.[0m[0m
4. [38;5;10mtf_var_header_read[0m — needs >4 bytes ([38;5;10mbs <= VAR_HEADER_SIZE[0m), size must be >4, if vd non-empty: checks [38;5;10mbd.len() < size[0m and [38;5;10mvd.len() < valueSize[0m.[0m[0m
5. [38;5;10mtf_channel_range_read[0m — needs 6 bytes, reads two u24 LE fields.[0m[0m
[?25l[0m[0mI will run the following command: [38;5;141mmkdir -p /tmp/harvest-crust-verify-gndvEh/project/src/bin[0m[38;5;244m (using tool: shell)[0m

[38;5;244m - Completed in 0.53s[0m
[38;5;12m[1m [1.5][0m[0m
[?25l[0m[?25l[0m[0mI'll create the following file: [38;5;141m/tmp/harvest-crust-verify-gndvEh/project/src/bin/test_tinyfseq.rs[0m[38;5;244m (using tool: write)[0m
Purpose: Create comprehensive test file for all public functions in tinyfseq module

[48;2;40;67;43m[39m+      1[0m:[39m[48;2;24;38;30m [38;2;180;142;173muse[38;2;192;197;206m [38;2;192;197;206mlibtinyfseq[38;2;192;197;206m::[38;2;192;197;206mtinyfseq[38;2;192;197;206m::[38;2;192;197;206m*[38;2;192;197;206m;[K
[0m[48;2;40;67;43m[39m+      2[0m:[39m[48;2;24;38;30m [K
[0m[48;2;40;67;43m[39m+      3[0m:[39m[48;2;24;38;30m [38;2;101;115;126m//[38;2;101;115;126m ── TFError::to_string ──[K
[0m[48;2;40;67;43m[39m+      4[0m:[39m[48;2;24;38;30m [K
[0m[48;2;40;67;43m[39m+      5[0m:[39m[48;2;24;38;30m [38;2;192;197;206m#[38;2;192;197;206m[[38;2;191;97;106mtest[38;2;192;197;206m][K
[0m[48;2;40;67;43m[39m+      6[0m:[39m[48;2;24;38;30m [38;2;180;142;173mfn[38;2;192;197;206m [38;2;143;161;179mtest_error_strings[38;2;192;197;206m([38;2;192;197;206m)[38;2;192;197;206m [38;2;192;197;206m{[K
[0m[48;2;40;67;43m[39m+      7[0m:[39m[48;2;24;38;30m [38;2;192;197;206m    [38;2;192;197;206massert_eq![38;2;192;197;206m([38;2;192;197;206mTFError[38;2;192;197;206m::[38;2;208;135;112mTF_OK[38;2;192;197;206m.[38;2;150;181;180mto_string[38;2;192;197;206m([38;2;192;197;206m)[38;2;192;197;206m,[38;2;192;197;206m [38;2;192;197;206m"[38;2;163;190;140mTF_OK (ok)[38;2;192;197;206m"[38;2;192;197;206m)[38;2;192;197;206m;[K
[0m[48;2;40;67;43m[39m+      8[0m:[39m[48;2;24;38;30m [38;2;192;197;206m    [38;2;192;197;206massert_eq![38;2;192;197;206m([38;2;192;197;206mTFError[38;2;192;197;206m::[38;2;208;135;112mTF_EINVALID_MAGIC[38;2;192;197;206m.[38;2;150;181;180mto_string[38;2;192;197;206m([38;2;192;197;206m)[38;2;192;197;206m,[38;2;192;197;206m [38;2;192;197;206m"[38;2;163;190;140mTF_EINVALID_MAGIC (invalid magic file signature)[38;2;192;197;206m"[38;2;192;197;206m)[38;2;192;197;206m;[K
[0m[48;2;40;67;43m[39m+      9[0m:[39m[48;2;24;38;30m [38;2;192;197;206m    [38;2;192;197;206massert_eq![38;2;192;197;206m([38;2;192;197;206mTFError[38;2;192;197;206m::[38;2;208;135;112mTF_EINVALID_COMPRESSION_TYPE[38;2;192;197;206m.[38;2;150;181;180mto_string[38;2;192;197;206m([38;2;192;197;206m)[38;2;192;197;206m,[38;2;192;197;206m [38;2;192;197;206m"[38;2;163;190;140mTF_EINVALID_COMPRESSION_TYPE (unknown compression identifier)[38;2;192;197;206m"[38;2;192;197;206m)[38;2;192;197;206m;[K
[0m[48;2;40;67;43m[39m+     10[0m:[39m[48;2;24;38;30m [38;2;192;197;206m    [38;2;192;197;206massert_eq![38;2;192;197;206m([38;2;192;197;206mTFError[38;2;192;197;206m::[38;2;208;135;112mTF_EINVALID_BUFFER_SIZE[38;2;192;197;206m.[38;2;150;181;180mto_string[38;2;192;197;206m([38;2;192;197;206m)[38;2;192;197;206m,[38;2;192;197;206m [38;2;192;197;206m"[38;2;163;190;140mTF_EINVALID_BUFFER_SIZE (undersized data decoding buffer argument)[38;2;192;197;206m"[38;2;192;197;206m)[38;2;192;197;206m;[K
[0m[48;2;40;67;43m[39m+     11[0m:[39m[48;2;24;38;30m [38;2;192;197;206m    [38;2;192;197;206massert_eq![38;2;192;197;206m([38;2;192;197;206mTFError[38;2;192;197;206m::[38;2;208;135;112mTF_EINVALID_VAR_SIZE[38;2;192;197;206m.[38;2;150;181;180mto_string[38;2;192;197;206m([38;2;192;197;206m)[38;2;192;197;206m,[38;2;192;197;206m [38;2;192;197;206m"[38;2;163;190;140mTF_EINVALID_VAR_SIZE (invalid variable size in header)[38;2;192;197;206m"[38;2;192;197;206m)[38;2;192;197;206m;[K
[0m[48;2;40;67;43m[39m+     12[0m:[39m[48;2;24;38;30m [38;2;192;197;206m}[K
[0m[48;2;40;67;43m[39m+     13[0m:[39m[48;2;24;38;30m [K
[0m[48;2;40;67;43m[39m+     14[0m:[39m[48;2;24;38;30m [38;2;101;115;126m//[38;2;101;115;126m ── Helper: build a valid 32-byte FSEQ header ──[K
[0m[48;2;40;67;43m[39m+     15[0m:[39m[48;2;24;38;30m [K
[0m[48;2;40;67;43m[39m+     16[0m:[39m[48;2;24;38;30m [38;2;180;142;173mfn[38;2;192;197;206m [38;2;143;161;179mmake_header_buf[38;2;192;197;206m([38;2;192;197;206m)[38;2;192;197;206m [38;2;192;197;206m->[38;2;192;197;206m [38;2;192;197;206m[[38;2;180;142;173mu8[38;2;192;197;206m;[38;2;192;197;206m [38;2;208;135;112m32[38;2;192;197;206m][38;2;192;197;206m [38;2;192;197;206m{[K
[0m[48;2;40;67;43m[39m+     17[0m:[39m[48;2;24;38;30m [38;2;192;197;206m    [38;2;180;142;173mlet[38;2;192;197;206m [38;2;180;142;173mmut[38;2;192;197;206m b [38;2;192;197;206m=[38;2;192;197;206m [38;2;192;197;206m[[38;2;208;135;112m0[38;2;180;142;173mu8[38;2;192;197;206m;[38;2;192;197;206m [38;2;208;135;112m32[38;2;192;197;206m][38;2;192;197;206m;[K
[0m[48;2;40;67;43m[39m+     18[0m:[39m[48;2;24;38;30m [38;2;192;197;206m    [38;2;101;115;126m//[38;2;101;115;126m magic[K
[0m[48;2;40;67;43m[39m+     19[0m:[39m[48;2;24;38;30m [38;2;192;197;206m    b[38;2;192;197;206m[[38;2;208;135;112m0[38;2;192;197;206m][38;2;192;197;206m [38;2;192;197;206m=[38;2;192;197;206m [38;2;180;142;173mb[38;2;192;197;206m'[38;2;163;190;140mP[38;2;192;197;206m'[38;2;192;197;206m;[38;2;192;197;206m b[38;2;192;197;206m[[38;2;208;135;112m1[38;2;192;197;206m][38;2;192;197;206m [38;2;192;197;206m=[38;2;192;197;206m [38;2;180;142;173mb[38;2;192;197;206m'[38;2;163;190;140mS[38;2;192;197;206m'[38;2;192;197;206m;[38;2;192;197;206m b[38;2;192;197;206m[[38;2;208;135;112m2[38;2;192;197;206m][38;2;192;197;206m [38;2;192;197;206m=[38;2;192;197;206m [38;2;180;142;173mb[38;2;192;197;206m'[38;2;163;190;140mE[38;2;192;197;206m'[38;2;192;197;206m;[38;2;192;197;206m b[38;2;192;197;206m[[38;2;208;135;112m3[38;2;192;197;206m][38;2;192;197;206m [38;2;192;197;206m=[38;2;192;197;206m [38;2;180;142;173mb[38;2;192;197;206m'[38;2;163;190;140mQ[38;2;192;197;206m'[38;2;192;197;206m;[K
[0m[48;2;40;67;43m[39m+     20[0m:[39m[48;2;24;38;30m [38;2;192;197;206m    [38;2;101;115;126m//[38;2;101;115;126m channelDataOffset = 0x0020 (32) LE[K
[0m[48;2;40;67;43m[39m+     21[0m:[39m[48;2;24;38;30m [38;2;192;197;206m    b[38;2;192;197;206m[[38;2;208;135;112m4[38;2;192;197;206m][38;2;192;197;206m [38;2;192;197;206m=[38;2;192;197;206m [38;2;208;135;112m0x20[38;2;192;197;206m;[38;2;192;197;206m b[38;2;192;197;206m[[38;2;208;135;112m5[38;2;192;197;206m][38;2;192;197;206m [38;2;192;197;206m=[38;2;192;197;206m [38;2;208;135;112m0x00[38;2;192;197;206m;[K
[0m[48;2;40;67;43m[39m+     22[0m:[39m[48;2;24;38;30m [38;2;192;197;206m    [38;2;101;115;126m//[38;2;101;115;126m minorVersion=1, majorVersion=2[K
[0m[48;2;40;67;43m[39m+     23[0m:[39m[48;2;24;38;30m [38;2;192;197;206m    b[38;2;192;197;206m[[38;2;208;135;112m6[38;2;192;197;206m][38;2;192;197;206m [38;2;192;197;206m=[38;2;192;197;206m [38;2;208;135;112m1[38;2;192;197;206m;[38;2;192;197;206m b[38;2;192;197;206m[[38;2;208;135;112m7[38;2;192;197;206m][38;2;192;197;206m [38;2;192;197;206m=[38;2;192;197;206m [38;2;208;135;112m2[38;2;192;197;206m;[K
[0m[48;2;40;67;43m[39m+     24[0m:[39m[48;2;24;38;30m [38;2;192;197;206m    [38;2;101;115;126m//[38;2;101;115;126m variableDataOffset = 0x0040 (64) LE[K
[0m[48;2;40;67;43m[39m+     25[0m:[39m[48;2;24;38;30m [38;2;192;197;206m    b[38;2;192;197;206m[[38;2;208;135;112m8[38;2;192;197;206m][38;2;192;197;206m [38;2;192;197;206m=[38;2;192;197;206m [38;2;208;135;112m0x40[38;2;192;197;206m;[38;2;192;197;206m b[38;2;192;197;206m[[38;2;208;135;112m9[38;2;192;197;206m][38;2;192;197;206m [38;2;192;197;206m=[38;2;192;197;206m [38;2;208;135;112m0x00[38;2;192;197;206m;[K
[0m[48;2;40;67;43m[39m+     26[0m:[39m[48;2;24;38;30m [38;2;192;197;206m    [38;2;101;115;126m//[38;2;101;115;126m channelCount = 100 LE[K
[0m[48;2;40;67;43m[39m+     27[0m:[39m[48;2;24;38;30m [38;2;192;197;206m    b[38;2;192;197;206m[[38;2;208;135;112m10[38;2;192;197;206m][38;2;192;197;206m [38;2;192;197;206m=[38;2;192;197;206m [38;2;208;135;112m100[38;2;192;197;206m;[38;2;192;197;206m b[38;2;192;197;206m[[38;2;208;135;112m11[38;2;192;197;206m][38;2;192;197;206m [38;2;192;197;206m=[38;2;192;197;206m [38;2;208;135;112m0[38;2;192;197;206m;[38;2;192;197;206m b[38;2;192;197;206m[[38;2;208;135;112m12[38;2;192;197;206m][38;2;192;197;206m [38;2;192;197;206m=[38;2;192;197;206m [38;2;208;135;112m0[38;2;192;197;206m;[38;2;192;197;206m b[38;2;192;197;206m[[38;2;208;135;112m13[38;2;192;197;206m][38;2;192;197;206m [38;2;192;197;206m=[38;2;192;197;206m [38;2;208;135;112m0[38;2;192;197;206m;[K
[0m[48;2;40;67;43m[39m+     28[0m:[39m[48;2;24;38;30m [38;2;192;197;206m    [38;2;101;115;126m//[38;2;101;115;126m frameCount = 5000 LE[K
[0m[48;2;40;67;43m[39m+     29[0m:[39m[48;2;24;38;30m [38;2;192;197;206m    b[38;2;192;197;206m[[38;2;208;135;112m14[38;2;192;197;206m][38;2;192;197;206m [38;2;192;197;206m=[38;2;192;197;206m [38;2;208;135;112m0x88[38;2;192;197;206m;[38;2;192;197;206m b[38;2;192;197;206m[[38;2;208;135;112m15[38;2;192;197;206m][38;2;192;197;206m [38;2;192;197;206m=[38;2;192;197;206m [38;2;208;135;112m0x13[38;2;192;197;206m;[38;2;192;197;206m b[38;2;192;197;206m[[38;2;208;135;112m16[38;2;192;197;206m][38;2;192;197;206m [38;2;192;197;206m=[38;2;192;197;206m [38;2;208;135;112m0[38;2;192;197;206m;[38;2;192;197;206m b[38;2;192;197;206m[[38;2;208;135;112m17[38;2;192;197;206m][38;2;192;197;206m [38;2;192;197;206m=[38;2;192;197;206m [38;2;208;135;112m0[38;2;192;197;206m;[K
[0m[48;2;40;67;43m[39m+     30[0m:[39m[48;2;24;38;30m [38;2;192;197;206m    [38;2;101;115;126m//[38;2;101;115;126m frameStepTimeMillis = 50[K
[0m[48;2;40;67;43m[39m+     31[0m:[39m[48;2;24;38;30m [38;2;192;197;206m    b[38;2;192;197;206m[[38;2;208;135;112m18[38;2;192;197;206m][38;2;192;197;206m [38;2;192;197;206m=[38;2;192;197;206m [38;2;208;135;112m50[38;2;192;197;206m;[K
[0m[48;2;40;67;43m[39m+     32[0m:[39m[48;2;24;38;30m [38;2;192;197;206m    [38;2;101;115;126m//[38;2;101;115;126m byte 19 unused (flags)[K
[0m[48;2;40;67;43m[39m+     33[0m:[39m[48;2;24;38;30m [38;2;192;197;206m    [38;2;101;115;126m//[38;2;101;115;126m compressionType = 0 (none), lower 4 bits[K
[0m[48;2;40;67;43m[39m+     34[0m:[39m[48;2;24;38;30m [38;2;192;197;206m    b[38;2;192;197;206m[[38;2;208;135;112m20[38;2;192;197;206m][38;2;192;197;206m [38;2;192;197;206m=[38;2;192;197;206m [38;2;208;135;112m0[38;2;192;197;206m;[K
[0m[48;2;40;67;43m[39m+     35[0m:[39m[48;2;24;38;30m [38;2;192;197;206m    [38;2;101;115;126m//[38;2;101;115;126m compressionBlockCount = 3[K
[0m[48;2;40;67;43m[39m+     36[0m:[39m[48;2;24;38;30m [38;2;192;197;206m    b[38;2;192;197;206m[[38;2;208;135;112m21[38;2;192;197;206m][38;2;192;197;206m [38;2;192;197;206m=[38;2;192;197;206m [38;2;208;135;112m3[38;2;192;197;206m;[K
[0m[48;2;40;67;43m[39m+     37[0m:[39m[48;2;24;38;30m [38;2;192;197;206m    [38;2;101;115;126m//[38;2;101;115;126m channelRangeCount = 2[K
[0m[48;2;40;67;43m[39m+     38[0m:[39m[48;2;24;38;30m [38;2;192;197;206m    b[38;2;192;197;206m[[38;2;208;135;112m22[38;2;192;197;206m][38;2;192;197;206m [38;2;192;197;206m=[38;2;192;197;206m [38;2;208;135;112m2[38;2;192;197;206m;[K
[0m[48;2;40;67;43m[39m+     39[0m:[39m[48;2;24;38;30m [38;2;192;197;206m    [38;2;101;115;126m//[38;2;101;115;126m byte 23 unused[K
[0m[48;2;40;67;43m[39m+     40[0m:[39m[48;2;24;38;30m [38;2;192;197;206m    [38;2;101;115;126m//[38;2;101;115;126m sequenceUid = 0x0102030405060708 LE[K
[0m[48;2;40;67;43m[39m+     41[0m:[39m[48;2;24;38;30m [38;2;192;197;206m    b[38;2;192;197;206m[[38;2;208;135;112m24[38;2;192;197;206m][38;2;192;197;206m [38;2;192;197;206m=[38;2;192;197;206m [38;2;208;135;112m0x08[38;2;192;197;206m;[38;2;192;197;206m b[38;2;192;197;206m[[38;2;208;135;112m25[38;2;192;197;206m][38;2;192;197;206m [38;2;192;197;206m=[38;2;192;197;206m [38;2;208;135;112m0x07[38;2;192;197;206m;[38;2;192;197;206m b[38;2;192;197;206m[[38;2;208;135;112m26[38;2;192;197;206m][38;2;192;197;206m [38;2;192;197;206m=[38;2;192;197;206m [38;2;208;135;112m0x06[38;2;192;197;206m;[38;2;192;197;206m b[38;2;192;197;206m[[38;2;208;135;112m27[38;2;192;197;206m][38;2;192;197;206m [38;2;192;197;206m=[38;2;192;197;206m [38;2;208;135;112m0x05[38;2;192;197;206m;[K
[0m[48;2;40;67;43m[39m+     42[0m:[39m[48;2;24;38;30m [38;2;192;197;206m    b[38;2;192;197;206m[[38;2;208;135;112m28[38;2;192;197;206m][38;2;192;197;206m [38;2;192;197;206m=[38;2;192;197;206m [38;2;208;135;112m0x04[38;2;192;197;206m;[38;2;192;197;206m b[38;2;192;197;206m[[38;2;208;135;112m29[38;2;192;197;206m][38;2;192;197;206m [38;2;192;197;206m=[38;2;192;197;206m [38;2;208;135;112m0x03[38;2;192;197;206m;[38;2;192;197;206m b[38;2;192;197;206m[[38;2;208;135;112m30[38;2;192;197;206m][38;2;192;197;206m [38;2;192;197;206m=[38;2;192;197;206m [38;2;208;135;112m0x02[38;2;192;197;206m;[38;2;192;197;206m b[38;2;192;197;206m[[38;2;208;135;112m31[38;2;192;197;206m][38;2;192;197;206m [38;2;192;197;206m=[38;2;192;197;206m [38;2;208;135;112m0x01[38;2;192;197;206m;[K
[0m[48;2;40;67;43m[39m+     43[0m:[39m[48;2;24;38;30m [38;2;192;197;206m    b[K
[0m[48;2;40;67;43m[39m+     44[0m:[39m[48;2;24;38;30m [38;2;192;197;206m}[K
[0m[48;2;40;67;43m[39m+     45[0m:[39m[48;2;24;38;30m [K
[0m[48;2;40;67;43m[39m+     46[0m:[39m[48;2;24;38;30m [38;2;180;142;173mfn[38;2;192;197;206m [38;2;143;161;179mdefault_header[38;2;192;197;206m([38;2;192;197;206m)[38;2;192;197;206m [38;2;192;197;206m->[38;2;192;197;206m TFHeader[38;2;192;197;206m [38;2;192;197;206m{[K
[0m[48;2;40;67;43m[39m+     47[0m:[39m[48;2;24;38;30m [38;2;192;197;206m    TFHeader [38;2;192;197;206m{[K
[0m[48;2;40;67;43m[39m+     48[0m:[39m[48;2;24;38;30m [38;2;192;197;206m        channel_data_offset[38;2;192;197;206m:[38;2;192;197;206m [38;2;208;135;112m0[38;2;192;197;206m,[K
[0m[48;2;40;67;43m[39m+     49[0m:[39m[48;2;24;38;30m [38;2;192;197;206m        minor_version[38;2;192;197;206m:[38;2;192;197;206m [38;2;208;135;112m0[38;2;192;197;206m,[K
[0m[48;2;40;67;43m[39m+     50[0m:[39m[48;2;24;38;30m [38;2;192;197;206m        major_version[38;2;192;197;206m:[38;2;192;197;206m [38;2;208;135;112m0[38;2;192;197;206m,[K
[0m[48;2;40;67;43m[39m+     51[0m:[39m[48;2;24;38;30m [38;2;192;197;206m        variable_data_offset[38;2;192;197;206m:[38;2;192;197;206m [38;2;208;135;112m0[38;2;192;197;206m,[K
[0m[48;2;40;67;43m[39m+     52[0m:[39m[48;2;24;38;30m [38;2;192;197;206m        channel_count[38;2;192;197;206m:[38;2;192;197;206m [38;2;208;135;112m0[38;2;192;197;206m,[K
[0m[48;2;40;67;43m[39m+     53[0m:[39m[48;2;24;38;30m [38;2;192;197;206m        frame_count[38;2;192;197;206m:[38;2;192;197;206m [38;2;208;135;112m0[38;2;192;197;206m,[K
[0m[48;2;40;67;43m[39m+     54[0m:[39m[48;2;24;38;30m [38;2;192;197;206m        frame_step_time_millis[38;2;192;197;206m:[38;2;192;197;206m [38;2;208;135;112m0[38;2;192;197;206m,[K
[0m[48;2;40;67;43m[39m+     55[0m:[39m[48;2;24;38;30m [38;2;192;197;206m        compression_type[38;2;192;197;206m:[38;2;192;197;206m [38;2;192;197;206mTFCompressionType[38;2;192;197;206m::[38;2;208;135;112mTF_COMPRESSION_NONE[38;2;192;197;206m,[K
[0m[48;2;40;67;43m[39m+     56[0m:[39m[48;2;24;38;30m [38;2;192;197;206m        compression_block_count[38;2;192;197;206m:[38;2;192;197;206m [38;2;208;135;112m0[38;2;192;197;206m,[K
[0m[48;2;40;67;43m[39m+     57[0m:[39m[48;2;24;38;30m [38;2;192;197;206m        channel_range_count[38;2;192;197;206m:[38;2;192;197;206m [38;2;208;135;112m0[38;2;192;197;206m,[K
[0m[48;2;40;67;43m[39m+     58[0m:[39m[48;2;24;38;30m [38;2;192;197;206m        sequence_uid[38;2;192;197;206m:[38;2;192;197;206m [38;2;208;135;112m0[38;2;192;197;206m,[K
[0m[48;2;40;67;43m[39m+     59[0m:[39m[48;2;24;38;30m [38;2;192;197;206m    [38;2;192;197;206m}[K
[0m[48;2;40;67;43m[39m+     60[0m:[39m[48;2;24;38;30m [38;2;192;197;206m}[K
[0m[48;2;40;67;43m[39m+     61[0m:[39m[48;2;24;38;30m [K
[0m[48;2;40;67;43m[39m+     62[0m:[39m[48;2;24;38;30m [38;2;101;115;126m//[38;2;101;115;126m ── tf_header_read ──[K
[0m[48;2;40;67;43m[39m+     63[0m:[39m[48;2;24;38;30m [K
[0m[48;2;40;67;43m[39m+     64[0m:[39m[48;2;24;38;30m [38;2;192;197;206m#[38;2;192;197;206m[[38;2;191;97;106mtest[38;2;192;197;206m][K
[0m[48;2;40;67;43m[39m+     65[0m:[39m[48;2;24;38;30m [38;2;180;142;173mfn[38;2;192;197;206m [38;2;143;161;179mtest_header_read_ok[38;2;192;197;206m([38;2;192;197;206m)[38;2;192;197;206m [38;2;192;197;206m{[K
[0m[48;2;40;67;43m[39m+     66[0m:[39m[48;2;24;38;30m [38;2;192;197;206m    [38;2;180;142;173mlet[38;2;192;197;206m buf [38;2;192;197;206m=[38;2;192;197;206m [38;2;150;181;180mmake_header_buf[38;2;192;197;206m([38;2;192;197;206m)[38;2;192;197;206m;[K
[0m[48;2;40;67;43m[39m+     67[0m:[39m[48;2;24;38;30m [38;2;192;197;206m    [38;2;180;142;173mlet[38;2;192;197;206m [38;2;180;142;173mmut[38;2;192;197;206m h [38;2;192;197;206m=[38;2;192;197;206m [38;2;150;181;180mdefault_header[38;2;192;197;206m([38;2;192;197;206m)[38;2;192;197;206m;[K
[0m[48;2;40;67;43m[39m+     68[0m:[39m[48;2;24;38;30m [38;2;192;197;206m    [38;2;180;142;173mlet[38;2;192;197;206m err [38;2;192;197;206m=[38;2;192;197;206m [38;2;150;181;180mtf_header_read[38;2;192;197;206m([38;2;192;197;206m&[38;2;192;197;206mbuf[38;2;192;197;206m,[38;2;192;197;206m [38;2;192;197;206m&[38;2;180;142;173mmut[38;2;192;197;206m h[38;2;192;197;206m,[38;2;192;197;206m [38;2;192;197;206mNone[38;2;192;197;206m)[38;2;192;197;206m;[K
[0m[48;2;40;67;43m[39m+     69[0m:[39m[48;2;24;38;30m [38;2;192;197;206m    [38;2;192;197;206massert_eq![38;2;192;197;206m([38;2;192;197;206merr[38;2;192;197;206m,[38;2;192;197;206m [38;2;192;197;206mTFError[38;2;192;197;206m::[38;2;208;135;112mTF_OK[38;2;192;197;206m)[38;2;192;197;206m;[K
[0m[48;2;40;67;43m[39m+     70[0m:[39m[48;2;24;38;30m [38;2;192;197;206m    [38;2;192;197;206massert_eq![38;2;192;197;206m([38;2;192;197;206mh.channel_data_offset[38;2;192;197;206m,[38;2;192;197;206m [38;2;208;135;112m0x0020[38;2;192;197;206m)[38;2;192;197;206m;[K
[0m[48;2;40;67;43m[39m+     71[0m:[39m[48;2;24;38;30m [38;2;192;197;206m    [38;2;192;197;206massert_eq![38;2;192;197;206m([38;2;192;197;206mh.minor_version[38;2;192;197;206m,[38;2;192;197;206m [38;2;208;135;112m1[38;2;192;197;206m)[38;2;192;197;206m;[K
[0m[48;2;40;67;43m[39m+     72[0m:[39m[48;2;24;38;30m [38;2;192;197;206m    [38;2;192;197;206massert_eq![38;2;192;197;206m([38;2;192;197;206mh.major_version[38;2;192;197;206m,[38;2;192;197;206m [38;2;208;135;112m2[38;2;192;197;206m)[38;2;192;197;206m;[K
[0m[48;2;40;67;43m[39m+     73[0m:[39m[48;2;24;38;30m [38;2;192;197;206m    [38;2;192;197;206massert_eq![38;2;192;197;206m([38;2;192;197;206mh.variable_data_offset[38;2;192;197;206m,[38;2;192;197;206m [38;2;208;135;112m0x0040[38;2;192;197;206m)[38;2;192;197;206m;[K
[0m[48;2;40;67;43m[39m+     74[0m:[39m[48;2;24;38;30m [38;2;192;197;206m    [38;2;192;197;206massert_eq![38;2;192;197;206m([38;2;192;197;206mh.channel_count[38;2;192;197;206m,[38;2;192;197;206m [38;2;208;135;112m100[38;2;192;197;206m)[38;2;192;197;206m;[K
[0m[48;2;40;67;43m[39m+     75[0m:[39m[48;2;24;38;30m [38;2;192;197;206m    [38;2;192;197;206massert_eq![38;2;192;197;206m([38;2;192;197;206mh.frame_count[38;2;192;197;206m,[38;2;192;197;206m [38;2;208;135;112m5000[38;2;192;197;206m)[38;2;192;197;206m;[K
[0m[48;2;40;67;43m[39m+     76[0m:[39m[48;2;24;38;30m [38;2;192;197;206m    [38;2;192;197;206massert_eq![38;2;192;197;206m([38;2;192;197;206mh.frame_step_time_millis[38;2;192;197;206m,[38;2;192;197;206m [38;2;208;135;112m50[38;2;192;197;206m)[38;2;192;197;206m;[K
[0m[48;2;40;67;43m[39m+     77[0m:[39m[48;2;24;38;30m [38;2;192;197;206m    [38;2;192;197;206massert![38;2;192;197;206m([38;2;192;197;206mmatches![38;2;192;197;206m([38;2;192;197;206mh.compression_type[38;2;192;197;206m,[38;2;192;197;206m [38;2;192;197;206mTFCompressionType[38;2;192;197;206m::[38;2;208;135;112mTF_COMPRESSION_NONE[38;2;192;197;206m)[38;2;192;197;206m)[38;2;192;197;206m;[K
[0m[48;2;40;67;43m[39m+     78[0m:[39m[48;2;24;38;30m [38;2;192;197;206m    [38;2;192;197;206massert_eq![38;2;192;197;206m([38;2;192;197;206mh.compression_block_count[38;2;192;197;206m,[38;2;192;197;206m [38;2;208;135;112m3[38;2;192;197;206m)[38;2;192;197;206m;[K
[0m[48;2;40;67;43m[39m+     79[0m:[39m[48;2;24;38;30m [38;2;192;197;206m    [38;2;192;197;206massert_eq![38;2;192;197;206m([38;2;192;197;206mh.channel_range_count[38;2;192;197;206m,[38;2;192;197;206m [38;2;208;135;112m2[38;2;192;197;206m)[38;2;192;197;206m;[K
[0m[48;2;40;67;43m[39m+     80[0m:[39m[48;2;24;38;30m [38;2;192;197;206m    [38;2;192;197;206massert_eq![38;2;192;197;206m([38;2;192;197;206mh.sequence_uid[38;2;192;197;206m,[38;2;192;197;206m [38;2;208;135;112m0x0102030405060708[38;2;192;197;206m)[38;2;192;197;206m;[K
[0m[48;2;40;67;43m[39m+     81[0m:[39m[48;2;24;38;30m [38;2;192;197;206m}[K
[0m[48;2;40;67;43m[39m+     82[0m:[39m[48;2;24;38;30m [K
[0m[48;2;40;67;43m[39m+     83[0m:[39m[48;2;24;38;30m [38;2;192;197;206m#[38;2;192;197;206m[[38;2;191;97;106mtest[38;2;192;197;206m][K
[0m[48;2;40;67;43m[39m+     84[0m:[39m[48;2;24;38;30m [38;2;180;142;173mfn[38;2;192;197;206m [38;2;143;161;179mtest_header_read_end_pointer[38;2;192;197;206m([38;2;192;197;206m)[38;2;192;197;206m [38;2;192;197;206m{[K
[0m[48;2;40;67;43m[39m+     85[0m:[39m[48;2;24;38;30m [38;2;192;197;206m    [38;2;180;142;173mlet[38;2;192;197;206m [38;2;180;142;173mmut[38;2;192;197;206m buf [38;2;192;197;206m=[38;2;192;197;206m [38;2;192;197;206m[[38;2;208;135;112m0[38;2;180;142;173mu8[38;2;192;197;206m;[38;2;192;197;206m [38;2;208;135;112m40[38;2;192;197;206m][38;2;192;197;206m;[K
[0m[48;2;40;67;43m[39m+     86[0m:[39m[48;2;24;38;30m [38;2;192;197;206m    buf[38;2;192;197;206m[[38;2;192;197;206m..[38;2;208;135;112m32[38;2;192;197;206m][38;2;192;197;206m.[38;2;150;181;180mcopy_from_slice[38;2;192;197;206m([38;2;192;197;206m&[38;2;150;181;180mmake_header_buf[38;2;192;197;206m([38;2;192;197;206m)[38;2;192;197;206m)[38;2;192;197;206m;[K
[0m[48;2;40;67;43m[39m+     87[0m:[39m[48;2;24;38;30m [38;2;192;197;206m    buf[38;2;192;197;206m[[38;2;208;135;112m32[38;2;192;197;206m..[38;2;208;135;112m40[38;2;192;197;206m][38;2;192;197;206m.[38;2;150;181;180mcopy_from_slice[38;2;192;197;206m([38;2;192;197;206m&[38;2;192;197;206m[[38;2;208;135;112m0xAA[38;2;192;197;206m;[38;2;192;197;206m [38;2;208;135;112m8[38;2;192;197;206m][38;2;192;197;206m)[38;2;192;197;206m;[K
[0m[48;2;40;67;43m[39m+     88[0m:[39m[48;2;24;38;30m [38;2;192;197;206m    [38;2;180;142;173mlet[38;2;192;197;206m [38;2;180;142;173mmut[38;2;192;197;206m h [38;2;192;197;206m=[38;2;192;197;206m [38;2;150;181;180mdefault_header[38;2;192;197;206m([38;2;192;197;206m)[38;2;192;197;206m;[K
[0m[48;2;40;67;43m[39m+     89[0m:[39m[48;2;24;38;30m [38;2;192;197;206m    [38;2;180;142;173mlet[38;2;192;197;206m [38;2;180;142;173mmut[38;2;192;197;206m ep[38;2;192;197;206m:[38;2;192;197;206m [38;2;192;197;206m&[38;2;192;197;206m[[38;2;180;142;173mu8[38;2;192;197;206m][38;2;192;197;206m [38;2;192;197;206m=[38;2;192;197;206m [38;2;192;197;206m&[38;2;192;197;206m[[38;2;192;197;206m][38;2;192;197;206m;[K
[0m[48;2;40;67;43m[39m+     90[0m:[39m[48;2;24;38;30m [38;2;192;197;206m    [38;2;180;142;173mlet[38;2;192;197;206m err [38;2;192;197;206m=[38;2;192;197;206m [38;2;150;181;180mtf_header_read[38;2;192;197;206m([38;2;192;197;206m&[38;2;192;197;206mbuf[38;2;192;197;206m,[38;2;192;197;206m [38;2;192;197;206m&[38;2;180;142;173mmut[38;2;192;197;206m h[38;2;192;197;206m,[38;2;192;197;206m [38;2;192;197;206mSome[38;2;192;197;206m([38;2;192;197;206m&[38;2;180;142;173mmut[38;2;192;197;206m ep[38;2;192;197;206m)[38;2;192;197;206m)[38;2;192;197;206m;[K
[0m[48;2;40;67;43m[39m+     91[0m:[39m[48;2;24;38;30m [38;2;192;197;206m    [38;2;192;197;206massert_eq![38;2;192;197;206m([38;2;192;197;206merr[38;2;192;197;206m,[38;2;192;197;206m [38;2;192;197;206mTFError[38;2;192;197;206m::[38;2;208;135;112mTF_OK[38;2;192;197;206m)[38;2;192;197;206m;[K
[0m[48;2;40;67;43m[39m+     92[0m:[39m[48;2;24;38;30m [38;2;192;197;206m    [38;2;192;197;206massert_eq![38;2;192;197;206m([38;2;192;197;206mep.[38;2;150;181;180mlen[38;2;192;197;206m([38;2;192;197;206m)[38;2;192;197;206m,[38;2;192;197;206m [38;2;208;135;112m8[38;2;192;197;206m)[38;2;192;197;206m;[K
[0m[48;2;40;67;43m[39m+     93[0m:[39m[48;2;24;38;30m [38;2;192;197;206m    [38;2;192;197;206massert_eq![38;2;192;197;206m([38;2;192;197;206mep[38;2;192;197;206m[[38;2;208;135;112m0[38;2;192;197;206m][38;2;192;197;206m,[38;2;192;197;206m [38;2;208;135;112m0xAA[38;2;192;197;206m)[38;2;192;197;206m;[K
[0m[48;2;40;67;43m[39m+     94[0m:[39m[48;2;24;38;30m [38;2;192;197;206m}[K
[0m[48;2;40;67;43m[39m+     95[0m:[39m[48;2;24;38;30m [K
[0m[48;2;40;67;43m[39m+     96[0m:[39m[48;2;24;38;30m [38;2;192;197;206m#[38;2;192;197;206m[[38;2;191;97;106mtest[38;2;192;197;206m][K
[0m[48;2;40;67;43m[39m+     97[0m:[39m[48;2;24;38;30m [38;2;180;142;173mfn[38;2;192;197;206m [38;2;143;161;179mtest_header_read_buffer_too_small[38;2;192;197;206m([38;2;192;197;206m)[38;2;192;197;206m [38;2;192;197;206m{[K
[0m[48;2;40;67;43m[39m+     98[0m:[39m[48;2;24;38;30m [38;2;192;197;206m    [38;2;180;142;173mlet[38;2;192;197;206m buf [38;2;192;197;206m=[38;2;192;197;206m [38;2;192;197;206m[[38;2;208;135;112m0[38;2;180;142;173mu8[38;2;192;197;206m;[38;2;192;197;206m [38;2;208;135;112m31[38;2;192;197;206m][38;2;192;197;206m;[K
[0m[48;2;40;67;43m[39m+     99[0m:[39m[48;2;24;38;30m [38;2;192;197;206m    [38;2;180;142;173mlet[38;2;192;197;206m [38;2;180;142;173mmut[38;2;192;197;206m h [38;2;192;197;206m=[38;2;192;197;206m [38;2;150;181;180mdefault_header[38;2;192;197;206m([38;2;192;197;206m)[38;2;192;197;206m;[K
[0m[48;2;40;67;43m[39m+    100[0m:[39m[48;2;24;38;30m [38;2;192;197;206m    [38;2;192;197;206massert_eq![38;2;192;197;206m([38;2;150;181;180mtf_header_read[38;2;192;197;206m([38;2;192;197;206m&[38;2;192;197;206mbuf[38;2;192;197;206m,[38;2;192;197;206m [38;2;192;197;206m&[38;2;180;142;173mmut[38;2;192;197;206m h[38;2;192;197;206m,[38;2;192;197;206m [38;2;192;197;206mNone[38;2;192;197;206m)[38;2;192;197;206m,[38;2;192;197;206m [38;2;192;197;206mTFError[38;2;192;197;206m::[38;2;208;135;112mTF_EINVALID_BUFFER_SIZE[38;2;192;197;206m)[38;2;192;197;206m;[K
[0m[48;2;40;67;43m[39m+    101[0m:[39m[48;2;24;38;30m [38;2;192;197;206m}[K
[0m[48;2;40;67;43m[39m+    102[0m:[39m[48;2;24;38;30m [K
[0m[48;2;40;67;43m[39m+    103[0m:[39m[48;2;24;38;30m [38;2;192;197;206m#[38;2;192;197;206m[[38;2;191;97;106mtest[38;2;192;197;206m][K
[0m[48;2;40;67;43m[39m+    104[0m:[39m[48;2;24;38;30m [38;2;180;142;173mfn[38;2;192;197;206m [38;2;143;161;179mtest_header_read_empty_buffer[38;2;192;197;206m([38;2;192;197;206m)[38;2;192;197;206m [38;2;192;197;206m{[K
[0m[48;2;40;67;43m[39m+    105[0m:[39m[48;2;24;38;30m [38;2;192;197;206m    [38;2;180;142;173mlet[38;2;192;197;206m buf[38;2;192;197;206m:[38;2;192;197;206m [38;2;192;197;206m[[38;2;180;142;173mu8[38;2;192;197;206m;[38;2;192;197;206m [38;2;208;135;112m0[38;2;192;197;206m][38;2;192;197;206m [38;2;192;197;206m=[38;2;192;197;206m [38;2;192;197;206m[[38;2;192;197;206m][38;2;192;197;206m;[K
[0m[48;2;40;67;43m[39m+    106[0m:[39m[48;2;24;38;30m [38;2;192;197;206m    [38;2;180;142;173mlet[38;2;192;197;206m [38;2;180;142;173mmut[38;2;192;197;206m h [38;2;192;197;206m=[38;2;192;197;206m [38;2;150;181;180mdefault_header[38;2;192;197;206m([38;2;192;197;206m)[38;2;192;197;206m;[K
[0m[48;2;40;67;43m[39m+    107[0m:[39m[48;2;24;38;30m [38;2;192;197;206m    [38;2;192;197;206massert_eq![38;2;192;197;206m([38;2;150;181;180mtf_header_read[38;2;192;197;206m([38;2;192;197;206m&[38;2;192;197;206mbuf[38;2;192;197;206m,[38;2;192;197;206m [38;2;192;197;206m&[38;2;180;142;173mmut[38;2;192;197;206m h[38;2;192;197;206m,[38;2;192;197;206m [38;2;192;197;206mNone[38;2;192;197;206m)[38;2;192;197;206m,[38;2;192;197;206m [38;2;192;197;206mTFError[38;2;192;197;206m::[38;2;208;135;112mTF_EINVALID_BUFFER_SIZE[38;2;192;197;206m)[38;2;192;197;206m;[K
[0m[48;2;40;67;43m[39m+    108[0m:[39m[48;2;24;38;30m [38;2;192;197;206m}[K
[0m[48;2;40;67;43m[39m+    109[0m:[39m[48;2;24;38;30m [K
[0m[48;2;40;67;43m[39m+    110[0m:[39m[48;2;24;38;30m [38;2;192;197;206m#[38;2;192;197;206m[[38;2;191;97;106mtest[38;2;192;197;206m][K
[0m[48;2;40;67;43m[39m+    111[0m:[39m[48;2;24;38;30m [38;2;180;142;173mfn[38;2;192;197;206m [38;2;143;161;179mtest_header_read_bad_magic[38;2;192;197;206m([38;2;192;197;206m)[38;2;192;197;206m [38;2;192;197;206m{[K
[0m[48;2;40;67;43m[39m+    112[0m:[39m[48;2;24;38;30m [38;2;192;197;206m    [38;2;180;142;173mlet[38;2;192;197;206m [38;2;180;142;173mmut[38;2;192;197;206m buf [38;2;192;197;206m=[38;2;192;197;206m [38;2;150;181;180mmake_header_buf[38;2;192;197;206m([38;2;192;197;206m)[38;2;192;197;206m;[K
[0m[48;2;40;67;43m[39m+    113[0m:[39m[48;2;24;38;30m [38;2;192;197;206m    buf[38;2;192;197;206m[[38;2;208;135;112m0[38;2;192;197;206m][38;2;192;197;206m [38;2;192;197;206m=[38;2;192;197;206m [38;2;180;142;173mb[38;2;192;197;206m'[38;2;163;190;140mX[38;2;192;197;206m'[38;2;192;197;206m;[K
[0m[48;2;40;67;43m[39m+    114[0m:[39m[48;2;24;38;30m [38;2;192;197;206m    [38;2;180;142;173mlet[38;2;192;197;206m [38;2;180;142;173mmut[38;2;192;197;206m h [38;2;192;197;206m=[38;2;192;197;206m [38;2;150;181;180mdefault_header[38;2;192;197;206m([38;2;192;197;206m)[38;2;192;197;206m;[K
[0m[48;2;40;67;43m[39m+    115[0m:[39m[48;2;24;38;30m [38;2;192;197;206m    [38;2;192;197;206massert_eq![38;2;192;197;206m([38;2;150;181;180mtf_header_read[38;2;192;197;206m([38;2;192;197;206m&[38;2;192;197;206mbuf[38;2;192;197;206m,[38;2;192;197;206m [38;2;192;197;206m&[38;2;180;142;173mmut[38;2;192;197;206m h[38;2;192;197;206m,[38;2;192;197;206m [38;2;192;197;206mNone[38;2;192;197;206m)[38;2;192;197;206m,[38;2;192;197;206m [38;2;192;197;206mTFError[38;2;192;197;206m::[38;2;208;135;112mTF_EINVALID_MAGIC[38;2;192;197;206m)[38;2;192;197;206m;[K
[0m[48;2;40;67;43m[39m+    116[0m:[39m[48;2;24;38;30m [38;2;192;197;206m}[K
[0m[48;2;40;67;43m[39m+    117[0m:[39m[48;2;24;38;30m [K
[0m[48;2;40;67;43m[39m+    118[0m:[39m[48;2;24;38;30m [38;2;192;197;206m#[38;2;192;197;206m[[38;2;191;97;106mtest[38;2;192;197;206m][K
[0m[48;2;40;67;43m[39m+    119[0m:[39m[48;2;24;38;30m [38;2;180;142;173mfn[38;2;192;197;206m [38;2;143;161;179mtest_header_read_invalid_compression_type[38;2;192;197;206m([38;2;192;197;206m)[38;2;192;197;206m [38;2;192;197;206m{[K
[0m[48;2;40;67;43m[39m+    120[0m:[39m[48;2;24;38;30m [38;2;192;197;206m    [38;2;180;142;173mlet[38;2;192;197;206m [38;2;180;142;173mmut[38;2;192;197;206m buf [38;2;192;197;206m=[38;2;192;197;206m [38;2;150;181;180mmake_header_buf[38;2;192;197;206m([38;2;192;197;206m)[38;2;192;197;206m;[K
[0m[48;2;40;67;43m[39m+    121[0m:[39m[48;2;24;38;30m [38;2;192;197;206m    buf[38;2;192;197;206m[[38;2;208;135;112m20[38;2;192;197;206m][38;2;192;197;206m [38;2;192;197;206m=[38;2;192;197;206m [38;2;208;135;112m0x03[38;2;192;197;206m;[38;2;192;197;206m [38;2;101;115;126m//[38;2;101;115;126m invalid compression type in lower nibble[K
[0m[48;2;40;67;43m[39m+    122[0m:[39m[48;2;24;38;30m [38;2;192;197;206m    [38;2;180;142;173mlet[38;2;192;197;206m [38;2;180;142;173mmut[38;2;192;197;206m h [38;2;192;197;206m=[38;2;192;197;206m [38;2;150;181;180mdefault_header[38;2;192;197;206m([38;2;192;197;206m)[38;2;192;197;206m;[K
[0m[48;2;40;67;43m[39m+    123[0m:[39m[48;2;24;38;30m [38;2;192;197;206m    [38;2;192;197;206massert_eq![38;2;192;197;206m([38;2;150;181;180mtf_header_read[38;2;192;197;206m([38;2;192;197;206m&[38;2;192;197;206mbuf[38;2;192;197;206m,[38;2;192;197;206m [38;2;192;197;206m&[38;2;180;142;173mmut[38;2;192;197;206m h[38;2;192;197;206m,[38;2;192;197;206m [38;2;192;197;206mNone[38;2;192;197;206m)[38;2;192;197;206m,[38;2;192;197;206m [38;2;192;197;206mTFError[38;2;192;197;206m::[38;2;208;135;112mTF_EINVALID_COMPRESSION_TYPE[38;2;192;197;206m)[38;2;192;197;206m;[K
[0m[48;2;40;67;43m[39m+    124[0m:[39m[48;2;24;38;30m [38;2;192;197;206m}[K
[0m[48;2;40;67;43m[39m+    125[0m:[39m[48;2;24;38;30m [K
[0m[48;2;40;67;43m[39m+    126[0m:[39m[48;2;24;38;30m [38;2;192;197;206m#[38;2;192;197;206m[[38;2;191;97;106mtest[38;2;192;197;206m][K
[0m[48;2;40;67;43m[39m+    127[0m:[39m[48;2;24;38;30m [38;2;180;142;173mfn[38;2;192;197;206m [38;2;143;161;179mtest_header_read_compression_zstd[38;2;192;197;206m([38;2;192;197;206m)[38;2;192;197;206m [38;2;192;197;206m{[K
[0m[48;2;40;67;43m[39m+    128[0m:[39m[48;2;24;38;30m [38;2;192;197;206m    [38;2;180;142;173mlet[38;2;192;197;206m [38;2;180;142;173mmut[38;2;192;197;206m buf [38;2;192;197;206m=[38;2;192;197;206m [38;2;150;181;180mmake_header_buf[38;2;192;197;206m([38;2;192;197;206m)[38;2;192;197;206m;[K
[0m[48;2;40;67;43m[39m+    129[0m:[39m[48;2;24;38;30m [38;2;192;197;206m    buf[38;2;192;197;206m[[38;2;208;135;112m20[38;2;192;197;206m][38;2;192;197;206m [38;2;192;197;206m=[38;2;192;197;206m [38;2;208;135;112m0x01[38;2;192;197;206m;[K
[0m[48;2;40;67;43m[39m+    130[0m:[39m[48;2;24;38;30m [38;2;192;197;206m    [38;2;180;142;173mlet[38;2;192;197;206m [38;2;180;142;173mmut[38;2;192;197;206m h [38;2;192;197;206m=[38;2;192;197;206m [38;2;150;181;180mdefault_header[38;2;192;197;206m([38;2;192;197;206m)[38;2;192;197;206m;[K
[0m[48;2;40;67;43m[39m+    131[0m:[39m[48;2;24;38;30m [38;2;192;197;206m    [38;2;192;197;206massert_eq![38;2;192;197;206m([38;2;150;181;180mtf_header_read[38;2;192;197;206m([38;2;192;197;206m&[38;2;192;197;206mbuf[38;2;192;197;206m,[38;2;192;197;206m [38;2;192;197;206m&[38;2;180;142;173mmut[38;2;192;197;206m h[38;2;192;197;206m,[38;2;192;197;206m [38;2;192;197;206mNone[38;2;192;197;206m)[38;2;192;197;206m,[38;2;192;197;206m [38;2;192;197;206mTFError[38;2;192;197;206m::[38;2;208;135;112mTF_OK[38;2;192;197;206m)[38;2;192;197;206m;[K
[0m[48;2;40;67;43m[39m+    132[0m:[39m[48;2;24;38;30m [38;2;192;197;206m    [38;2;192;197;206massert![38;2;192;197;206m([38;2;192;197;206mmatches![38;2;192;197;206m([38;2;192;197;206mh.compression_type[38;2;192;197;206m,[38;2;192;197;206m [38;2;192;197;206mTFCompressionType[38;2;192;197;206m::[38;2;208;135;112mTF_COMPRESSION_ZSTD[38;2;192;197;206m)[38;2;192;197;206m)[38;2;192;197;206m;[K
[0m[48;2;40;67;43m[39m+    133[0m:[39m[48;2;24;38;30m [38;2;192;197;206m}[K
[0m[48;2;40;67;43m[39m+    134[0m:[39m[48;2;24;38;30m [K
[0m[48;2;40;67;43m[39m+    135[0m:[39m[48;2;24;38;30m [38;2;192;197;206m#[38;2;192;197;206m[[38;2;191;97;106mtest[38;2;192;197;206m][K
[0m[48;2;40;67;43m[39m+    136[0m:[39m[48;2;24;38;30m [38;2;180;142;173mfn[38;2;192;197;206m [38;2;143;161;179mtest_header_read_compression_zlib[38;2;192;197;206m([38;2;192;197;206m)[38;2;192;197;206m [38;2;192;197;206m{[K
[0m[48;2;40;67;43m[39m+    137[0m:[39m[48;2;24;38;30m [38;2;192;197;206m    [38;2;180;142;173mlet[38;2;192;197;206m [38;2;180;142;173mmut[38;2;192;197;206m buf [38;2;192;197;206m=[38;2;192;197;206m [38;2;150;181;180mmake_header_buf[38;2;192;197;206m([38;2;192;197;206m)[38;2;192;197;206m;[K
[0m[48;2;40;67;43m[39m+    138[0m:[39m[48;2;24;38;30m [38;2;192;197;206m    buf[38;2;192;197;206m[[38;2;208;135;112m20[38;2;192;197;206m][38;2;192;197;206m [38;2;192;197;206m=[38;2;192;197;206m [38;2;208;135;112m0x02[38;2;192;197;206m;[K
[0m[48;2;40;67;43m[39m+    139[0m:[39m[48;2;24;38;30m [38;2;192;197;206m    [38;2;180;142;173mlet[38;2;192;197;206m [38;2;180;142;173mmut[38;2;192;197;206m h [38;2;192;197;206m=[38;2;192;197;206m [38;2;150;181;180mdefault_header[38;2;192;197;206m([38;2;192;197;206m)[38;2;192;197;206m;[K
[0m[48;2;40;67;43m[39m+    140[0m:[39m[48;2;24;38;30m [38;2;192;197;206m    [38;2;192;197;206massert_eq![38;2;192;197;206m([38;2;150;181;180mtf_header_read[38;2;192;197;206m([38;2;192;197;206m&[38;2;192;197;206mbuf[38;2;192;197;206m,[38;2;192;197;206m [38;2;192;197;206m&[38;2;180;142;173mmut[38;2;192;197;206m h[38;2;192;197;206m,[38;2;192;197;206m [38;2;192;197;206mNone[38;2;192;197;206m)[38;2;192;197;206m,[38;2;192;197;206m [38;2;192;197;206mTFError[38;2;192;197;206m::[38;2;208;135;112mTF_OK[38;2;192;197;206m)[38;2;192;197;206m;[K
[0m[48;2;40;67;43m[39m+    141[0m:[39m[48;2;24;38;30m [38;2;192;197;206m    [38;2;192;197;206massert![38;2;192;197;206m([38;2;192;197;206mmatches![38;2;192;197;206m([38;2;192;197;206mh.compression_type[38;2;192;197;206m,[38;2;192;197;206m [38;2;192;197;206mTFCompressionType[38;2;192;197;206m::[38;2;208;135;112mTF_COMPRESSION_ZLIB[38;2;192;197;206m)[38;2;192;197;206m)[38;2;192;197;206m;[K
[0m[48;2;40;67;43m[39m+    142[0m:[39m[48;2;24;38;30m [38;2;192;197;206m}[K
[0m[48;2;40;67;43m[39m+    143[0m:[39m[48;2;24;38;30m [K
[0m[48;2;40;67;43m[39m+    144[0m:[39m[48;2;24;38;30m [38;2;192;197;206m#[38;2;192;197;206m[[38;2;191;97;106mtest[38;2;192;197;206m][K
[0m[48;2;40;67;43m[39m+    145[0m:[39m[48;2;24;38;30m [38;2;180;142;173mfn[38;2;192;197;206m [38;2;143;161;179mtest_header_read_compression_upper_bits_masked[38;2;192;197;206m([38;2;192;197;206m)[38;2;192;197;206m [38;2;192;197;206m{[K
[0m[48;2;40;67;43m[39m+    146[0m:[39m[48;2;24;38;30m [38;2;192;197;206m    [38;2;101;115;126m//[38;2;101;115;126m Upper 4 bits should be masked off; 0xF0 | 0x01 = 0xF1, lower nibble = 1 = ZSTD[K
[0m[48;2;40;67;43m[39m+    147[0m:[39m[48;2;24;38;30m [38;2;192;197;206m    [38;2;180;142;173mlet[38;2;192;197;206m [38;2;180;142;173mmut[38;2;192;197;206m buf [38;2;192;197;206m=[38;2;192;197;206m [38;2;150;181;180mmake_header_buf[38;2;192;197;206m([38;2;192;197;206m)[38;2;192;197;206m;[K
[0m[48;2;40;67;43m[39m+    148[0m:[39m[48;2;24;38;30m [38;2;192;197;206m    buf[38;2;192;197;206m[[38;2;208;135;112m20[38;2;192;197;206m][38;2;192;197;206m [38;2;192;197;206m=[38;2;192;197;206m [38;2;208;135;112m0xF1[38;2;192;197;206m;[K
[0m[48;2;40;67;43m[39m+    149[0m:[39m[48;2;24;38;30m [38;2;192;197;206m    [38;2;180;142;173mlet[38;2;192;197;206m [38;2;180;142;173mmut[38;2;192;197;206m h [38;2;192;197;206m=[38;2;192;197;206m [38;2;150;181;180mdefault_header[38;2;192;197;206m([38;2;192;197;206m)[38;2;192;197;206m;[K
[0m[48;2;40;67;43m[39m+    150[0m:[39m[48;2;24;38;30m [38;2;192;197;206m    [38;2;192;197;206massert_eq![38;2;192;197;206m([38;2;150;181;180mtf_header_read[38;2;192;197;206m([38;2;192;197;206m&[38;2;192;197;206mbuf[38;2;192;197;206m,[38;2;192;197;206m [38;2;192;197;206m&[38;2;180;142;173mmut[38;2;192;197;206m h[38;2;192;197;206m,[38;2;192;197;206m [38;2;192;197;206mNone[38;2;192;197;206m)[38;2;192;197;206m,[38;2;192;197;206m [38;2;192;197;206mTFError[38;2;192;197;206m::[38;2;208;135;112mTF_OK[38;2;192;197;206m)[38;2;192;197;206m;[K
[0m[48;2;40;67;43m[39m+    151[0m:[39m[48;2;24;38;30m [38;2;192;197;206m    [38;2;192;197;206massert![38;2;192;197;206m([38;2;192;197;206mmatches![38;2;192;197;206m([38;2;192;197;206mh.compression_type[38;2;192;197;206m,[38;2;192;197;206m [38;2;192;197;206mTFCompressionType[38;2;192;197;206m::[38;2;208;135;112mTF_COMPRESSION_ZSTD[38;2;192;197;206m)[38;2;192;197;206m)[38;2;192;197;206m;[K
[0m[48;2;40;67;43m[39m+    152[0m:[39m[48;2;24;38;30m [38;2;192;197;206m}[K
[0m[48;2;40;67;43m[39m+    153[0m:[39m[48;2;24;38;30m [K
[0m[48;2;40;67;43m[39m+    154[0m:[39m[48;2;24;38;30m [38;2;192;197;206m#[38;2;192;197;206m[[38;2;191;97;106mtest[38;2;192;197;206m][K
[0m[48;2;40;67;43m[39m+    155[0m:[39m[48;2;24;38;30m [38;2;180;142;173mfn[38;2;192;197;206m [38;2;143;161;179mtest_header_read_exact_32_bytes[38;2;192;197;206m([38;2;192;197;206m)[38;2;192;197;206m [38;2;192;197;206m{[K
[0m[48;2;40;67;43m[39m+    156[0m:[39m[48;2;24;38;30m [38;2;192;197;206m    [38;2;180;142;173mlet[38;2;192;197;206m buf [38;2;192;197;206m=[38;2;192;197;206m [38;2;150;181;180mmake_header_buf[38;2;192;197;206m([38;2;192;197;206m)[38;2;192;197;206m;[K
[0m[48;2;40;67;43m[39m+    157[0m:[39m[48;2;24;38;30m [38;2;192;197;206m    [38;2;180;142;173mlet[38;2;192;197;206m [38;2;180;142;173mmut[38;2;192;197;206m h [38;2;192;197;206m=[38;2;192;197;206m [38;2;150;181;180mdefault_header[38;2;192;197;206m([38;2;192;197;206m)[38;2;192;197;206m;[K
[0m[48;2;40;67;43m[39m+    158[0m:[39m[48;2;24;38;30m [38;2;192;197;206m    [38;2;192;197;206massert_eq![38;2;192;197;206m([38;2;150;181;180mtf_header_read[38;2;192;197;206m([38;2;192;197;206m&[38;2;192;197;206mbuf[38;2;192;197;206m,[38;2;192;197;206m [38;2;192;197;206m&[38;2;180;142;173mmut[38;2;192;197;206m h[38;2;192;197;206m,[38;2;192;197;206m [38;2;192;197;206mNone[38;2;192;197;206m)[38;2;192;197;206m,[38;2;192;197;206m [38;2;192;197;206mTFError[38;2;192;197;206m::[38;2;208;135;112mTF_OK[38;2;192;197;206m)[38;2;192;197;206m;[K
[0m[48;2;40;67;43m[39m+    159[0m:[39m[48;2;24;38;30m [38;2;192;197;206m}[K
[0m[48;2;40;67;43m[39m+    160[0m:[39m[48;2;24;38;30m [K
[0m[48;2;40;67;43m[39m+    161[0m:[39m[48;2;24;38;30m [38;2;101;115;126m//[38;2;101;115;126m ── tf_compression_block_read ──[K
[0m[48;2;40;67;43m[39m+    162[0m:[39m[48;2;24;38;30m [K
[0m[48;2;40;67;43m[39m+    163[0m:[39m[48;2;24;38;30m [38;2;192;197;206m#[38;2;192;197;206m[[38;2;191;97;106mtest[38;2;192;197;206m][K
[0m[48;2;40;67;43m[39m+    164[0m:[39m[48;2;24;38;30m [38;2;180;142;173mfn[38;2;192;197;206m [38;2;143;161;179mtest_compression_block_read_ok[38;2;192;197;206m([38;2;192;197;206m)[38;2;192;197;206m [38;2;192;197;206m{[K
[0m[48;2;40;67;43m[39m+    165[0m:[39m[48;2;24;38;30m [38;2;192;197;206m    [38;2;101;115;126m//[38;2;101;115;126m firstFrameId=100 LE, size=2048 LE[K
[0m[48;2;40;67;43m[39m+    166[0m:[39m[48;2;24;38;30m [38;2;192;197;206m    [38;2;180;142;173mlet[38;2;192;197;206m buf[38;2;192;197;206m:[38;2;192;197;206m [38;2;192;197;206m[[38;2;180;142;173mu8[38;2;192;197;206m;[38;2;192;197;206m [38;2;208;135;112m8[38;2;192;197;206m][38;2;192;197;206m [38;2;192;197;206m=[38;2;192;197;206m [38;2;192;197;206m[[38;2;208;135;112m100[38;2;192;197;206m,[38;2;192;197;206m [38;2;208;135;112m0[38;2;192;197;206m,[38;2;192;197;206m [38;2;208;135;112m0[38;2;192;197;206m,[38;2;192;197;206m [38;2;208;135;112m0[38;2;192;197;206m,[38;2;192;197;206m [38;2;208;135;112m0[38;2;192;197;206m,[38;2;192;197;206m [38;2;208;135;112m8[38;2;192;197;206m,[38;2;192;197;206m [38;2;208;135;112m0[38;2;192;197;206m,[38;2;192;197;206m [38;2;208;135;112m0[38;2;192;197;206m][38;2;192;197;206m;[K
[0m[48;2;40;67;43m[39m+    167[0m:[39m[48;2;24;38;30m [38;2;192;197;206m    [38;2;180;142;173mlet[38;2;192;197;206m [38;2;180;142;173mmut[38;2;192;197;206m block [38;2;192;197;206m=[38;2;192;197;206m TFCompressionBlock [38;2;192;197;206m{[38;2;192;197;206m first_frame_id[38;2;192;197;206m:[38;2;192;197;206m [38;2;208;135;112m0[38;2;192;197;206m,[38;2;192;197;206m size[38;2;192;197;206m:[38;2;192;197;206m [38;2;208;135;112m0[38;2;192;197;206m [38;2;192;197;206m}[38;2;192;197;206m;[K
[0m[48;2;40;67;43m[39m+    168[0m:[39m[48;2;24;38;30m [38;2;192;197;206m    [38;2;180;142;173mlet[38;2;192;197;206m err [38;2;192;197;206m=[38;2;192;197;206m [38;2;150;181;180mtf_compression_block_read[38;2;192;197;206m([38;2;192;197;206m&[38;2;192;197;206mbuf[38;2;192;197;206m,[38;2;192;197;206m [38;2;192;197;206m&[38;2;180;142;173mmut[38;2;192;197;206m block[38;2;192;197;206m,[38;2;192;197;206m [38;2;192;197;206mNone[38;2;192;197;206m)[38;2;192;197;206m;[K
[0m[48;2;40;67;43m[39m+    169[0m:[39m[48;2;24;38;30m [38;2;192;197;206m    [38;2;192;197;206massert_eq![38;2;192;197;206m([38;2;192;197;206merr[38;2;192;197;206m,[38;2;192;197;206m [38;2;192;197;206mTFError[38;2;192;197;206m::[38;2;208;135;112mTF_OK[38;2;192;197;206m)[38;2;192;197;206m;[K
[0m[48;2;40;67;43m[39m+    170[0m:[39m[48;2;24;38;30m [38;2;192;197;206m    [38;2;192;197;206massert_eq![38;2;192;197;206m([38;2;192;197;206mblock.first_frame_id[38;2;192;197;206m,[38;2;192;197;206m [38;2;208;135;112m100[38;2;192;197;206m)[38;2;192;197;206m;[K
[0m[48;2;40;67;43m[39m+    171[0m:[39m[48;2;24;38;30m [38;2;192;197;206m    [38;2;192;197;206massert_eq![38;2;192;197;206m([38;2;192;197;206mblock.size[38;2;192;197;206m,[38;2;192;197;206m [38;2;208;135;112m2048[38;2;192;197;206m)[38;2;192;197;206m;[K
[0m[48;2;40;67;43m[39m+    172[0m:[39m[48;2;24;38;30m [38;2;192;197;206m}[K
[0m[48;2;40;67;43m[39m+    173[0m:[39m[48;2;24;38;30m [K
[0m[48;2;40;67;43m[39m+    174[0m:[39m[48;2;24;38;30m [38;2;192;197;206m#[38;2;192;197;206m[[38;2;191;97;106mtest[38;2;192;197;206m][K
[0m[48;2;40;67;43m[39m+    175[0m:[39m[48;2;24;38;30m [38;2;180;142;173mfn[38;2;192;197;206m [38;2;143;161;179mtest_compression_block_read_end_pointer[38;2;192;197;206m([38;2;192;197;206m)[38;2;192;197;206m [38;2;192;197;206m{[K
[0m[48;2;40;67;43m[39m+    176[0m:[39m[48;2;24;38;30m [38;2;192;197;206m    [38;2;180;142;173mlet[38;2;192;197;206m buf[38;2;192;197;206m:[38;2;192;197;206m [38;2;192;197;206m[[38;2;180;142;173mu8[38;2;192;197;206m;[38;2;192;197;206m [38;2;208;135;112m12[38;2;192;197;206m][38;2;192;197;206m [38;2;192;197;206m=[38;2;192;197;206m [38;2;192;197;206m[[38;2;208;135;112m1[38;2;192;197;206m,[38;2;192;197;206m [38;2;208;135;112m0[38;2;192;197;206m,[38;2;192;197;206m [38;2;208;135;112m0[38;2;192;197;206m,[38;2;192;197;206m [38;2;208;135;112m0[38;2;192;197;206m,[38;2;192;197;206m [38;2;208;135;112m2[38;2;192;197;206m,[38;2;192;197;206m [38;2;208;135;112m0[38;2;192;197;206m,[38;2;192;197;206m [38;2;208;135;112m0[38;2;192;197;206m,[38;2;192;197;206m [38;2;208;135;112m0[38;2;192;197;206m,[38;2;192;197;206m [38;2;208;135;112m0xFF[38;2;192;197;206m,[38;2;192;197;206m [38;2;208;135;112m0xFF[38;2;192;197;206m,[38;2;192;197;206m [38;2;208;135;112m0xFF[38;2;192;197;206m,[38;2;192;197;206m [38;2;208;135;112m0xFF[38;2;192;197;206m][38;2;192;197;206m;[K
[0m[48;2;40;67;43m[39m+    177[0m:[39m[48;2;24;38;30m [38;2;192;197;206m    [38;2;180;142;173mlet[38;2;192;197;206m [38;2;180;142;173mmut[38;2;192;197;206m block [38;2;192;197;206m=[38;2;192;197;206m TFCompressionBlock [38;2;192;197;206m{[38;2;192;197;206m first_frame_id[38;2;192;197;206m:[38;2;192;197;206m [38;2;208;135;112m0[38;2;192;197;206m,[38;2;192;197;206m size[38;2;192;197;206m:[38;2;192;197;206m [38;2;208;135;112m0[38;2;192;197;206m [38;2;192;197;206m}[38;2;192;197;206m;[K
[0m[48;2;40;67;43m[39m+    178[0m:[39m[48;2;24;38;30m [38;2;192;197;206m    [38;2;180;142;173mlet[38;2;192;197;206m [38;2;180;142;173mmut[38;2;192;197;206m ep[38;2;192;197;206m:[38;2;192;197;206m [38;2;192;197;206m&[38;2;192;197;206m[[38;2;180;142;173mu8[38;2;192;197;206m][38;2;192;197;206m [38;2;192;197;206m=[38;2;192;197;206m [38;2;192;197;206m&[38;2;192;197;206m[[38;2;192;197;206m][38;2;192;197;206m;[K
[0m[48;2;40;67;43m[39m+    179[0m:[39m[48;2;24;38;30m [38;2;192;197;206m    [38;2;180;142;173mlet[38;2;192;197;206m err [38;2;192;197;206m=[38;2;192;197;206m [38;2;150;181;180mtf_compression_block_read[38;2;192;197;206m([38;2;192;197;206m&[38;2;192;197;206mbuf[38;2;192;197;206m,[38;2;192;197;206m [38;2;192;197;206m&[38;2;180;142;173mmut[38;2;192;197;206m block[38;2;192;197;206m,[38;2;192;197;206m [38;2;192;197;206mSome[38;2;192;197;206m([38;2;192;197;206m&[38;2;180;142;173mmut[38;2;192;197;206m ep[38;2;192;197;206m)[38;2;192;197;206m)[38;2;192;197;206m;[K
[0m[48;2;40;67;43m[39m+    180[0m:[39m[48;2;24;38;30m [38;2;192;197;206m    [38;2;192;197;206massert_eq![38;2;192;197;206m([38;2;192;197;206merr[38;2;192;197;206m,[38;2;192;197;206m [38;2;192;197;206mTFError[38;2;192;197;206m::[38;2;208;135;112mTF_OK[38;2;192;197;206m)[38;2;192;197;206m;[K
[0m[48;2;40;67;43m[39m+    181[0m:[39m[48;2;24;38;30m [38;2;192;197;206m    [38;2;192;197;206massert_eq![38;2;192;197;206m([38;2;192;197;206mep.[38;2;150;181;180mlen[38;2;192;197;206m([38;2;192;197;206m)[38;2;192;197;206m,[38;2;192;197;206m [38;2;208;135;112m4[38;2;192;197;206m)[38;2;192;197;206m;[K
[0m[48;2;40;67;43m[39m+    182[0m:[39m[48;2;24;38;30m [38;2;192;197;206m    [38;2;192;197;206massert_eq![38;2;192;197;206m([38;2;192;197;206mep[38;2;192;197;206m[[38;2;208;135;112m0[38;2;192;197;206m][38;2;192;197;206m,[38;2;192;197;206m [38;2;208;135;112m0xFF[38;2;192;197;206m)[38;2;192;197;206m;[K
[0m[48;2;40;67;43m[39m+    183[0m:[39m[48;2;24;38;30m [38;2;192;197;206m}[K
[0m[48;2;40;67;43m[39m+    184[0m:[39m[48;2;24;38;30m [K
[0m[48;2;40;67;43m[39m+    185[0m:[39m[48;2;24;38;30m [38;2;192;197;206m#[38;2;192;197;206m[[38;2;191;97;106mtest[38;2;192;197;206m][K
[0m[48;2;40;67;43m[39m+    186[0m:[39m[48;2;24;38;30m [38;2;180;142;173mfn[38;2;192;197;206m [38;2;143;161;179mtest_compression_block_read_buffer_too_small[38;2;192;197;206m([38;2;192;197;206m)[38;2;192;197;206m [38;2;192;197;206m{[K
[0m[48;2;40;67;43m[39m+    187[0m:[39m[48;2;24;38;30m [38;2;192;197;206m    [38;2;180;142;173mlet[38;2;192;197;206m buf [38;2;192;197;206m=[38;2;192;197;206m [38;2;192;197;206m[[38;2;208;135;112m0[38;2;180;142;173mu8[38;2;192;197;206m;[38;2;192;197;206m [38;2;208;135;112m7[38;2;192;197;206m][38;2;192;197;206m;[K
[0m[48;2;40;67;43m[39m+    188[0m:[39m[48;2;24;38;30m [38;2;192;197;206m    [38;2;180;142;173mlet[38;2;192;197;206m [38;2;180;142;173mmut[38;2;192;197;206m block [38;2;192;197;206m=[38;2;192;197;206m TFCompressionBlock [38;2;192;197;206m{[38;2;192;197;206m first_frame_id[38;2;192;197;206m:[38;2;192;197;206m [38;2;208;135;112m0[38;2;192;197;206m,[38;2;192;197;206m size[38;2;192;197;206m:[38;2;192;197;206m [38;2;208;135;112m0[38;2;192;197;206m [38;2;192;197;206m}[38;2;192;197;206m;[K
[0m[48;2;40;67;43m[39m+    189[0m:[39m[48;2;24;38;30m [38;2;192;197;206m    [38;2;192;197;206massert_eq![38;2;192;197;206m([38;2;150;181;180mtf_compression_block_read[38;2;192;197;206m([38;2;192;197;206m&[38;2;192;197;206mbuf[38;2;192;197;206m,[38;2;192;197;206m [38;2;192;197;206m&[38;2;180;142;173mmut[38;2;192;197;206m block[38;2;192;197;206m,[38;2;192;197;206m [38;2;192;197;206mNone[38;2;192;197;206m)[38;2;192;197;206m,[38;2;192;197;206m [38;2;192;197;206mTFError[38;2;192;197;206m::[38;2;208;135;112mTF_EINVALID_BUFFER_SIZE[38;2;192;197;206m)[38;2;192;197;206m;[K
[0m[48;2;40;67;43m[39m+    190[0m:[39m[48;2;24;38;30m [38;2;192;197;206m}[K
[0m[48;2;40;67;43m[39m+    191[0m:[39m[48;2;24;38;30m [K
[0m[48;2;40;67;43m[39m+    192[0m:[39m[48;2;24;38;30m [38;2;192;197;206m#[38;2;192;197;206m[[38;2;191;97;106mtest[38;2;192;197;206m][K
[0m[48;2;40;67;43m[39m+    193[0m:[39m[48;2;24;38;30m [38;2;180;142;173mfn[38;2;192;197;206m [38;2;143;161;179mtest_compression_block_read_empty[38;2;192;197;206m([38;2;192;197;206m)[38;2;192;197;206m [38;2;192;197;206m{[K
[0m[48;2;40;67;43m[39m+    194[0m:[39m[48;2;24;38;30m [38;2;192;197;206m    [38;2;180;142;173mlet[38;2;192;197;206m buf[38;2;192;197;206m:[38;2;192;197;206m [38;2;192;197;206m[[38;2;180;142;173mu8[38;2;192;197;206m;[38;2;192;197;206m [38;2;208;135;112m0[38;2;192;197;206m][38;2;192;197;206m [38;2;192;197;206m=[38;2;192;197;206m [38;2;192;197;206m[[38;2;192;197;206m][38;2;192;197;206m;[K
[0m[48;2;40;67;43m[39m+    195[0m:[39m[48;2;24;38;30m [38;2;192;197;206m    [38;2;180;142;173mlet[38;2;192;197;206m [38;2;180;142;173mmut[38;2;192;197;206m block [38;2;192;197;206m=[38;2;192;197;206m TFCompressionBlock [38;2;192;197;206m{[38;2;192;197;206m first_frame_id[38;2;192;197;206m:[38;2;192;197;206m [38;2;208;135;112m0[38;2;192;197;206m,[38;2;192;197;206m size[38;2;192;197;206m:[38;2;192;197;206m [38;2;208;135;112m0[38;2;192;197;206m [38;2;192;197;206m}[38;2;192;197;206m;[K
[0m[48;2;40;67;43m[39m+    196[0m:[39m[48;2;24;38;30m [38;2;192;197;206m    [38;2;192;197;206massert_eq![38;2;192;197;206m([38;2;150;181;180mtf_compression_block_read[38;2;192;197;206m([38;2;192;197;206m&[38;2;192;197;206mbuf[38;2;192;197;206m,[38;2;192;197;206m [38;2;192;197;206m&[38;2;180;142;173mmut[38;2;192;197;206m block[38;2;192;197;206m,[38;2;192;197;206m [38;2;192;197;206mNone[38;2;192;197;206m)[38;2;192;197;206m,[38;2;192;197;206m [38;2;192;197;206mTFError[38;2;192;197;206m::[38;2;208;135;112mTF_EINVALID_BUFFER_SIZE[38;2;192;197;206m)[38;2;192;197;206m;[K
[0m[48;2;40;67;43m[39m+    197[0m:[39m[48;2;24;38;30m [38;2;192;197;206m}[K
[0m[48;2;40;67;43m[39m+    198[0m:[39m[48;2;24;38;30m [K
[0m[48;2;40;67;43m[39m+    199[0m:[39m[48;2;24;38;30m [38;2;192;197;206m#[38;2;192;197;206m[[38;2;191;97;106mtest[38;2;192;197;206m][K
[0m[48;2;40;67;43m[39m+    200[0m:[39m[48;2;24;38;30m [38;2;180;142;173mfn[38;2;192;197;206m [38;2;143;161;179mtest_compression_block_read_max_values[38;2;192;197;206m([38;2;192;197;206m)[38;2;192;197;206m [38;2;192;197;206m{[K
[0m[48;2;40;67;43m[39m+    201[0m:[39m[48;2;24;38;30m [38;2;192;197;206m    [38;2;180;142;173mlet[38;2;192;197;206m buf[38;2;192;197;206m:[38;2;192;197;206m [38;2;192;197;206m[[38;2;180;142;173mu8[38;2;192;197;206m;[38;2;192;197;206m [38;2;208;135;112m8[38;2;192;197;206m][38;2;192;197;206m [38;2;192;197;206m=[38;2;192;197;206m [38;2;192;197;206m[[38;2;208;135;112m0xFF[38;2;192;197;206m,[38;2;192;197;206m [38;2;208;135;112m0xFF[38;2;192;197;206m,[38;2;192;197;206m [38;2;208;135;112m0xFF[38;2;192;197;206m,[38;2;192;197;206m [38;2;208;135;112m0xFF[38;2;192;197;206m,[38;2;192;197;206m [38;2;208;135;112m0xFF[38;2;192;197;206m,[38;2;192;197;206m [38;2;208;135;112m0xFF[38;2;192;197;206m,[38;2;192;197;206m [38;2;208;135;112m0xFF[38;2;192;197;206m,[38;2;192;197;206m [38;2;208;135;112m0xFF[38;2;192;197;206m][38;2;192;197;206m;[K
[0m[48;2;40;67;43m[39m+    202[0m:[39m[48;2;24;38;30m [38;2;192;197;206m    [38;2;180;142;173mlet[38;2;192;197;206m [38;2;180;142;173mmut[38;2;192;197;206m block [38;2;192;197;206m=[38;2;192;197;206m TFCompressionBlock [38;2;192;197;206m{[38;2;192;197;206m first_frame_id[38;2;192;197;206m:[38;2;192;197;206m [38;2;208;135;112m0[38;2;192;197;206m,[38;2;192;197;206m size[38;2;192;197;206m:[38;2;192;197;206m [38;2;208;135;112m0[38;2;192;197;206m [38;2;192;197;206m}[38;2;192;197;206m;[K
[0m[48;2;40;67;43m[39m+    203[0m:[39m[48;2;24;38;30m [38;2;192;197;206m    [38;2;192;197;206massert_eq![38;2;192;197;206m([38;2;150;181;180mtf_compression_block_read[38;2;192;197;206m([38;2;192;197;206m&[38;2;192;197;206mbuf[38;2;192;197;206m,[38;2;192;197;206m [38;2;192;197;206m&[38;2;180;142;173mmut[38;2;192;197;206m block[38;2;192;197;206m,[38;2;192;197;206m [38;2;192;197;206mNone[38;2;192;197;206m)[38;2;192;197;206m,[38;2;192;197;206m [38;2;192;197;206mTFError[38;2;192;197;206m::[38;2;208;135;112mTF_OK[38;2;192;197;206m)[38;2;192;197;206m;[K
[0m[48;2;40;67;43m[39m+    204[0m:[39m[48;2;24;38;30m [38;2;192;197;206m    [38;2;192;197;206massert_eq![38;2;192;197;206m([38;2;192;197;206mblock.first_frame_id[38;2;192;197;206m,[38;2;192;197;206m [38;2;180;142;173mu32[38;2;192;197;206m::[38;2;208;135;112mMAX[38;2;192;197;206m)[38;2;192;197;206m;[K
[0m[48;2;40;67;43m[39m+    205[0m:[39m[48;2;24;38;30m [38;2;192;197;206m    [38;2;192;197;206massert_eq![38;2;192;197;206m([38;2;192;197;206mblock.size[38;2;192;197;206m,[38;2;192;197;206m [38;2;180;142;173mu32[38;2;192;197;206m::[38;2;208;135;112mMAX[38;2;192;197;206m)[38;2;192;197;206m;[K
[0m[48;2;40;67;43m[39m+    206[0m:[39m[48;2;24;38;30m [38;2;192;197;206m}[K
[0m[48;2;40;67;43m[39m+    207[0m:[39m[48;2;24;38;30m [K
[0m[48;2;40;67;43m[39m+    208[0m:[39m[48;2;24;38;30m [38;2;101;115;126m//[38;2;101;115;126m ── tf_var_header_read ──[K
[0m[48;2;40;67;43m[39m+    209[0m:[39m[48;2;24;38;30m [K
[0m[48;2;40;67;43m[39m+    210[0m:[39m[48;2;24;38;30m [38;2;192;197;206m#[38;2;192;197;206m[[38;2;191;97;106mtest[38;2;192;197;206m][K
[0m[48;2;40;67;43m[39m+    211[0m:[39m[48;2;24;38;30m [38;2;180;142;173mfn[38;2;192;197;206m [38;2;143;161;179mtest_var_header_read_ok_with_data[38;2;192;197;206m([38;2;192;197;206m)[38;2;192;197;206m [38;2;192;197;206m{[K
[0m[48;2;40;67;43m[39m+    212[0m:[39m[48;2;24;38;30m [38;2;192;197;206m    [38;2;101;115;126m//[38;2;101;115;126m size=7 (4 header + 3 value), id='m','f', value = "abc"[K
[0m[48;2;40;67;43m[39m+    213[0m:[39m[48;2;24;38;30m [38;2;192;197;206m    [38;2;180;142;173mlet[38;2;192;197;206m buf[38;2;192;197;206m:[38;2;192;197;206m [38;2;192;197;206m[[38;2;180;142;173mu8[38;2;192;197;206m;[38;2;192;197;206m [38;2;208;135;112m7[38;2;192;197;206m][38;2;192;197;206m [38;2;192;197;206m=[38;2;192;197;206m [38;2;192;197;206m[[38;2;208;135;112m7[38;2;192;197;206m,[38;2;192;197;206m [38;2;208;135;112m0[38;2;192;197;206m,[38;2;192;197;206m [38;2;180;142;173mb[38;2;192;197;206m'[38;2;163;190;140mm[38;2;192;197;206m'[38;2;192;197;206m,[38;2;192;197;206m [38;2;180;142;173mb[38;2;192;197;206m'[38;2;163;190;140mf[38;2;192;197;206m'[38;2;192;197;206m,[38;2;192;197;206m [38;2;180;142;173mb[38;2;192;197;206m'[38;2;163;190;140ma[38;2;192;197;206m'[38;2;192;197;206m,[38;2;192;197;206m [38;2;180;142;173mb[38;2;192;197;206m'[38;2;163;190;140mb[38;2;192;197;206m'[38;2;192;197;206m,[38;2;192;197;206m [38;2;180;142;173mb[38;2;192;197;206m'[38;2;163;190;140mc[38;2;192;197;206m'[38;2;192;197;206m][38;2;192;197;206m;[K
[0m[48;2;40;67;43m[39m+    214[0m:[39m[48;2;24;38;30m [38;2;192;197;206m    [38;2;180;142;173mlet[38;2;192;197;206m [38;2;180;142;173mmut[38;2;192;197;206m vh [38;2;192;197;206m=[38;2;192;197;206m TFVarHeader [38;2;192;197;206m{[38;2;192;197;206m size[38;2;192;197;206m:[38;2;192;197;206m [38;2;208;135;112m0[38;2;192;197;206m,[38;2;192;197;206m id[38;2;192;197;206m:[38;2;192;197;206m [38;2;192;197;206m[[38;2;208;135;112m0[38;2;192;197;206m;[38;2;192;197;206m [38;2;208;135;112m2[38;2;192;197;206m][38;2;192;197;206m [38;2;192;197;206m}[38;2;192;197;206m;[K
[0m[48;2;40;67;43m[39m+    215[0m:[39m[48;2;24;38;30m [38;2;192;197;206m    [38;2;180;142;173mlet[38;2;192;197;206m [38;2;180;142;173mmut[38;2;192;197;206m vd [38;2;192;197;206m=[38;2;192;197;206m [38;2;192;197;206m[[38;2;208;135;112m0[38;2;180;142;173mu8[38;2;192;197;206m;[38;2;192;197;206m [38;2;208;135;112m3[38;2;192;197;206m][38;2;192;197;206m;[K
[0m[48;2;40;67;43m[39m+    216[0m:[39m[48;2;24;38;30m [38;2;192;197;206m    [38;2;180;142;173mlet[38;2;192;197;206m err [38;2;192;197;206m=[38;2;192;197;206m [38;2;150;181;180mtf_var_header_read[38;2;192;197;206m([38;2;192;197;206m&[38;2;192;197;206mbuf[38;2;192;197;206m,[38;2;192;197;206m [38;2;192;197;206m&[38;2;180;142;173mmut[38;2;192;197;206m vh[38;2;192;197;206m,[38;2;192;197;206m [38;2;192;197;206m&[38;2;180;142;173mmut[38;2;192;197;206m vd[38;2;192;197;206m,[38;2;192;197;206m [38;2;192;197;206mNone[38;2;192;197;206m)[38;2;192;197;206m;[K
[0m[48;2;40;67;43m[39m+    217[0m:[39m[48;2;24;38;30m [38;2;192;197;206m    [38;2;192;197;206massert_eq![38;2;192;197;206m([38;2;192;197;206merr[38;2;192;197;206m,[38;2;192;197;206m [38;2;192;197;206mTFError[38;2;192;197;206m::[38;2;208;135;112mTF_OK[38;2;192;197;206m)[38;2;192;197;206m;[K
[0m[48;2;40;67;43m[39m+    218[0m:[39m[48;2;24;38;30m [38;2;192;197;206m    [38;2;192;197;206massert_eq![38;2;192;197;206m([38;2;192;197;206mvh.size[38;2;192;197;206m,[38;2;192;197;206m [38;2;208;135;112m7[38;2;192;197;206m)[38;2;192;197;206m;[K
[0m[48;2;40;67;43m[39m+    219[0m:[39m[48;2;24;38;30m [38;2;192;197;206m    [38;2;192;197;206massert_eq![38;2;192;197;206m([38;2;192;197;206mvh.id[38;2;192;197;206m,[38;2;192;197;206m [38;2;192;197;206m[[38;2;180;142;173mb[38;2;192;197;206m'[38;2;163;190;140mm[38;2;192;197;206m'[38;2;192;197;206m,[38;2;192;197;206m [38;2;180;142;173mb[38;2;192;197;206m'[38;2;163;190;140mf[38;2;192;197;206m'[38;2;192;197;206m][38;2;192;197;206m)[38;2;192;197;206m;[K
[0m[48;2;40;67;43m[39m+    220[0m:[39m[48;2;24;38;30m [38;2;192;197;206m    [38;2;192;197;206massert_eq![38;2;192;197;206m([38;2;192;197;206m&[38;2;192;197;206mvd[38;2;192;197;206m,[38;2;192;197;206m [38;2;180;142;173mb[38;2;192;197;206m"[38;2;163;190;140mabc[38;2;192;197;206m"[38;2;192;197;206m)[38;2;192;197;206m;[K
[0m[48;2;40;67;43m[39m+    221[0m:[39m[48;2;24;38;30m [38;2;192;197;206m}[K
[0m[48;2;40;67;43m[39m+    222[0m:[39m[48;2;24;38;30m [K
[0m[48;2;40;67;43m[39m+    223[0m:[39m[48;2;24;38;30m [38;2;192;197;206m#[38;2;192;197;206m[[38;2;191;97;106mtest[38;2;192;197;206m][K
[0m[48;2;40;67;43m[39m+    224[0m:[39m[48;2;24;38;30m [38;2;180;142;173mfn[38;2;192;197;206m [38;2;143;161;179mtest_var_header_read_skip_value_with_empty_vd[38;2;192;197;206m([38;2;192;197;206m)[38;2;192;197;206m [38;2;192;197;206m{[K
[0m[48;2;40;67;43m[39m+    225[0m:[39m[48;2;24;38;30m [38;2;192;197;206m    [38;2;101;115;126m//[38;2;101;115;126m When vd is empty slice, value copy is skipped (like NULL vd in C)[K
[0m[48;2;40;67;43m[39m+    226[0m:[39m[48;2;24;38;30m [38;2;192;197;206m    [38;2;180;142;173mlet[38;2;192;197;206m buf[38;2;192;197;206m:[38;2;192;197;206m [38;2;192;197;206m[[38;2;180;142;173mu8[38;2;192;197;206m;[38;2;192;197;206m [38;2;208;135;112m7[38;2;192;197;206m][38;2;192;197;206m [38;2;192;197;206m=[38;2;192;197;206m [38;2;192;197;206m[[38;2;208;135;112m7[38;2;192;197;206m,[38;2;192;197;206m [38;2;208;135;112m0[38;2;192;197;206m,[38;2;192;197;206m [38;2;180;142;173mb[38;2;192;197;206m'[38;2;163;190;140mx[38;2;192;197;206m'[38;2;192;197;206m,[38;2;192;197;206m [38;2;180;142;173mb[38;2;192;197;206m'[38;2;163;190;140my[38;2;192;197;206m'[38;2;192;197;206m,[38;2;192;197;206m [38;2;208;135;112m1[38;2;192;197;206m,[38;2;192;197;206m [38;2;208;135;112m2[38;2;192;197;206m,[38;2;192;197;206m [38;2;208;135;112m3[38;2;192;197;206m][38;2;192;197;206m;[K
[0m[48;2;40;67;43m[39m+    227[0m:[39m[48;2;24;38;30m [38;2;192;197;206m    [38;2;180;142;173mlet[38;2;192;197;206m [38;2;180;142;173mmut[38;2;192;197;206m vh [38;2;192;197;206m=[38;2;192;197;206m TFVarHeader [38;2;192;197;206m{[38;2;192;197;206m size[38;2;192;197;206m:[38;2;192;197;206m [38;2;208;135;112m0[38;2;192;197;206m,[38;2;192;197;206m id[38;2;192;197;206m:[38;2;192;197;206m [38;2;192;197;206m[[38;2;208;135;112m0[38;2;192;197;206m;[38;2;192;197;206m [38;2;208;135;112m2[38;2;192;197;206m][38;2;192;197;206m [38;2;192;197;206m}[38;2;192;197;206m;[K
[0m[48;2;40;67;43m[39m+    228[0m:[39m[48;2;24;38;30m [38;2;192;197;206m    [38;2;180;142;173mlet[38;2;192;197;206m [38;2;180;142;173mmut[38;2;192;197;206m vd[38;2;192;197;206m:[38;2;192;197;206m [38;2;192;197;206m[[38;2;180;142;173mu8[38;2;192;197;206m;[38;2;192;197;206m [38;2;208;135;112m0[38;2;192;197;206m][38;2;192;197;206m [38;2;192;197;206m=[38;2;192;197;206m [38;2;192;197;206m[[38;2;192;197;206m][38;2;192;197;206m;[K
[0m[48;2;40;67;43m[39m+    229[0m:[39m[48;2;24;38;30m [38;2;192;197;206m    [38;2;180;142;173mlet[38;2;192;197;206m err [38;2;192;197;206m=[38;2;192;197;206m [38;2;150;181;180mtf_var_header_read[38;2;192;197;206m([38;2;192;197;206m&[38;2;192;197;206mbuf[38;2;192;197;206m,[38;2;192;197;206m [38;2;192;197;206m&[38;2;180;142;173mmut[38;2;192;197;206m vh[38;2;192;197;206m,[38;2;192;197;206m [38;2;192;197;206m&[38;2;180;142;173mmut[38;2;192;197;206m vd[38;2;192;197;206m,[38;2;192;197;206m [38;2;192;197;206mNone[38;2;192;197;206m)[38;2;192;197;206m;[K
[0m[48;2;40;67;43m[39m+    230[0m:[39m[48;2;24;38;30m [38;2;192;197;206m    [38;2;192;197;206massert_eq![38;2;192;197;206m([38;2;192;197;206merr[38;2;192;197;206m,[38;2;192;197;206m [38;2;192;197;206mTFError[38;2;192;197;206m::[38;2;208;135;112mTF_OK[38;2;192;197;206m)[38;2;192;197;206m;[K
[0m[48;2;40;67;43m[39m+    231[0m:[39m[48;2;24;38;30m [38;2;192;197;206m    [38;2;192;197;206massert_eq![38;2;192;197;206m([38;2;192;197;206mvh.size[38;2;192;197;206m,[38;2;192;197;206m [38;2;208;135;112m7[38;2;192;197;206m)[38;2;192;197;206m;[K
[0m[48;2;40;67;43m[39m+    232[0m:[39m[48;2;24;38;30m [38;2;192;197;206m    [38;2;192;197;206massert_eq![38;2;192;197;206m([38;2;192;197;206mvh.id[38;2;192;197;206m,[38;2;192;197;206m [38;2;192;197;206m[[38;2;180;142;173mb[38;2;192;197;206m'[38;2;163;190;140mx[38;2;192;197;206m'[38;2;192;197;206m,[38;2;192;197;206m [38;2;180;142;173mb[38;2;192;197;206m'[38;2;163;190;140my[38;2;192;197;206m'[38;2;192;197;206m][38;2;192;197;206m)[38;2;192;197;206m;[K
[0m[48;2;40;67;43m[39m+    233[0m:[39m[48;2;24;38;30m [38;2;192;197;206m}[K
[0m[48;2;40;67;43m[39m+    234[0m:[39m[48;2;24;38;30m [K
[0m[48;2;40;67;43m[39m+    235[0m:[39m[48;2;24;38;30m [38;2;192;197;206m#[38;2;192;197;206m[[38;2;191;97;106mtest[38;2;192;197;206m][K
[0m[48;2;40;67;43m[39m+    236[0m:[39m[48;2;24;38;30m [38;2;180;142;173mfn[38;2;192;197;206m [38;2;143;161;179mtest_var_header_read_end_pointer[38;2;192;197;206m([38;2;192;197;206m)[38;2;192;197;206m [38;2;192;197;206m{[K
[0m[48;2;40;67;43m[39m+    237[0m:[39m[48;2;24;38;30m [38;2;192;197;206m    [38;2;180;142;173mlet[38;2;192;197;206m buf[38;2;192;197;206m:[38;2;192;197;206m [38;2;192;197;206m[[38;2;180;142;173mu8[38;2;192;197;206m;[38;2;192;197;206m [38;2;208;135;112m10[38;2;192;197;206m][38;2;192;197;206m [38;2;192;197;206m=[38;2;192;197;206m [38;2;192;197;206m[[38;2;208;135;112m7[38;2;192;197;206m,[38;2;192;197;206m [38;2;208;135;112m0[38;2;192;197;206m,[38;2;192;197;206m [38;2;180;142;173mb[38;2;192;197;206m'[38;2;163;190;140ma[38;2;192;197;206m'[38;2;192;197;206m,[38;2;192;197;206m [38;2;180;142;173mb[38;2;192;197;206m'[38;2;163;190;140mb[38;2;192;197;206m'[38;2;192;197;206m,[38;2;192;197;206m [38;2;208;135;112m1[38;2;192;197;206m,[38;2;192;197;206m [38;2;208;135;112m2[38;2;192;197;206m,[38;2;192;197;206m [38;2;208;135;112m3[38;2;192;197;206m,[38;2;192;197;206m [38;2;208;135;112m0xAA[38;2;192;197;206m,[38;2;192;197;206m [38;2;208;135;112m0xBB[38;2;192;197;206m,[38;2;192;197;206m [38;2;208;135;112m0xCC[38;2;192;197;206m][38;2;192;197;206m;[K
[0m[48;2;40;67;43m[39m+    238[0m:[39m[48;2;24;38;30m [38;2;192;197;206m    [38;2;180;142;173mlet[38;2;192;197;206m [38;2;180;142;173mmut[38;2;192;197;206m vh [38;2;192;197;206m=[38;2;192;197;206m TFVarHeader [38;2;192;197;206m{[38;2;192;197;206m size[38;2;192;197;206m:[38;2;192;197;206m [38;2;208;135;112m0[38;2;192;197;206m,[38;2;192;197;206m id[38;2;192;197;206m:[38;2;192;197;206m [38;2;192;197;206m[[38;2;208;135;112m0[38;2;192;197;206m;[38;2;192;197;206m [38;2;208;135;112m2[38;2;192;197;206m][38;2;192;197;206m [38;2;192;197;206m}[38;2;192;197;206m;[K
[0m[48;2;40;67;43m[39m+    239[0m:[39m[48;2;24;38;30m [38;2;192;197;206m    [38;2;180;142;173mlet[38;2;192;197;206m [38;2;180;142;173mmut[38;2;192;197;206m vd [38;2;192;197;206m=[38;2;192;197;206m [38;2;192;197;206m[[38;2;208;135;112m0[38;2;180;142;173mu8[38;2;192;197;206m;[38;2;192;197;206m [38;2;208;135;112m3[38;2;192;197;206m][38;2;192;197;206m;[K
[0m[48;2;40;67;43m[39m+    240[0m:[39m[48;2;24;38;30m [38;2;192;197;206m    [38;2;180;142;173mlet[38;2;192;197;206m [38;2;180;142;173mmut[38;2;192;197;206m ep[38;2;192;197;206m:[38;2;192;197;206m [38;2;192;197;206m&[38;2;192;197;206m[[38;2;180;142;173mu8[38;2;192;197;206m][38;2;192;197;206m [38;2;192;197;206m=[38;2;192;197;206m [38;2;192;197;206m&[38;2;192;197;206m[[38;2;192;197;206m][38;2;192;197;206m;[K
[0m[48;2;40;67;43m[39m+    241[0m:[39m[48;2;24;38;30m [38;2;192;197;206m    [38;2;180;142;173mlet[38;2;192;197;206m err [38;2;192;197;206m=[38;2;192;197;206m [38;2;150;181;180mtf_var_header_read[38;2;192;197;206m([38;2;192;197;206m&[38;2;192;197;206mbuf[38;2;192;197;206m,[38;2;192;197;206m [38;2;192;197;206m&[38;2;180;142;173mmut[38;2;192;197;206m vh[38;2;192;197;206m,[38;2;192;197;206m [38;2;192;197;206m&[38;2;180;142;173mmut[38;2;192;197;206m vd[38;2;192;197;206m,[38;2;192;197;206m [38;2;192;197;206mSome[38;2;192;197;206m([38;2;192;197;206m&[38;2;180;142;173mmut[38;2;192;197;206m ep[38;2;192;197;206m)[38;2;192;197;206m)[38;2;192;197;206m;[K
[0m[48;2;40;67;43m[39m+    242[0m:[39m[48;2;24;38;30m [38;2;192;197;206m    [38;2;192;197;206massert_eq![38;2;192;197;206m([38;2;192;197;206merr[38;2;192;197;206m,[38;2;192;197;206m [38;2;192;197;206mTFError[38;2;192;197;206m::[38;2;208;135;112mTF_OK[38;2;192;197;206m)[38;2;192;197;206m;[K
[0m[48;2;40;67;43m[39m+    243[0m:[39m[48;2;24;38;30m [38;2;192;197;206m    [38;2;192;197;206massert_eq![38;2;192;197;206m([38;2;192;197;206mep.[38;2;150;181;180mlen[38;2;192;197;206m([38;2;192;197;206m)[38;2;192;197;206m,[38;2;192;197;206m [38;2;208;135;112m3[38;2;192;197;206m)[38;2;192;197;206m;[K
[0m[48;2;40;67;43m[39m+    244[0m:[39m[48;2;24;38;30m [38;2;192;197;206m    [38;2;192;197;206massert_eq![38;2;192;197;206m([38;2;192;197;206mep[38;2;192;197;206m[[38;2;208;135;112m0[38;2;192;197;206m][38;2;192;197;206m,[38;2;192;197;206m [38;2;208;135;112m0xAA[38;2;192;197;206m)[38;2;192;197;206m;[K
[0m[48;2;40;67;43m[39m+    245[0m:[39m[48;2;24;38;30m [38;2;192;197;206m}[K
[0m[48;2;40;67;43m[39m+    246[0m:[39m[48;2;24;38;30m [K
[0m[48;2;40;67;43m[39m+    247[0m:[39m[48;2;24;38;30m [38;2;192;197;206m#[38;2;192;197;206m[[38;2;191;97;106mtest[38;2;192;197;206m][K
[0m[48;2;40;67;43m[39m+    248[0m:[39m[48;2;24;38;30m [38;2;180;142;173mfn[38;2;192;197;206m [38;2;143;161;179mtest_var_header_read_buffer_too_small[38;2;192;197;206m([38;2;192;197;206m)[38;2;192;197;206m [38;2;192;197;206m{[K
[0m[48;2;40;67;43m[39m+    249[0m:[39m[48;2;24;38;30m [38;2;192;197;206m    [38;2;101;115;126m//[38;2;101;115;126m C: bs <= VAR_HEADER_SIZE (4), so bs=4 fails[K
[0m[48;2;40;67;43m[39m+    250[0m:[39m[48;2;24;38;30m [38;2;192;197;206m    [38;2;180;142;173mlet[38;2;192;197;206m buf [38;2;192;197;206m=[38;2;192;197;206m [38;2;192;197;206m[[38;2;208;135;112m5[38;2;192;197;206m,[38;2;192;197;206m [38;2;208;135;112m0[38;2;192;197;206m,[38;2;192;197;206m [38;2;180;142;173mb[38;2;192;197;206m'[38;2;163;190;140ma[38;2;192;197;206m'[38;2;192;197;206m,[38;2;192;197;206m [38;2;180;142;173mb[38;2;192;197;206m'[38;2;163;190;140mb[38;2;192;197;206m'[38;2;192;197;206m][38;2;192;197;206m;[K
[0m[48;2;40;67;43m[39m+    251[0m:[39m[48;2;24;38;30m [38;2;192;197;206m    [38;2;180;142;173mlet[38;2;192;197;206m [38;2;180;142;173mmut[38;2;192;197;206m vh [38;2;192;197;206m=[38;2;192;197;206m TFVarHeader [38;2;192;197;206m{[38;2;192;197;206m size[38;2;192;197;206m:[38;2;192;197;206m [38;2;208;135;112m0[38;2;192;197;206m,[38;2;192;197;206m id[38;2;192;197;206m:[38;2;192;197;206m [38;2;192;197;206m[[38;2;208;135;112m0[38;2;192;197;206m;[38;2;192;197;206m [38;2;208;135;112m2[38;2;192;197;206m][38;2;192;197;206m [38;2;192;197;206m}[38;2;192;197;206m;[K
[0m[48;2;40;67;43m[39m+    252[0m:[39m[48;2;24;38;30m [38;2;192;197;206m    [38;2;180;142;173mlet[38;2;192;197;206m [38;2;180;142;173mmut[38;2;192;197;206m vd[38;2;192;197;206m:[38;2;192;197;206m [38;2;192;197;206m[[38;2;180;142;173mu8[38;2;192;197;206m;[38;2;192;197;206m [38;2;208;135;112m0[38;2;192;197;206m][38;2;192;197;206m [38;2;192;197;206m=[38;2;192;197;206m [38;2;192;197;206m[[38;2;192;197;206m][38;2;192;197;206m;[K
[0m[48;2;40;67;43m[39m+    253[0m:[39m[48;2;24;38;30m [38;2;192;197;206m    [38;2;192;197;206massert_eq![38;2;192;197;206m([38;2;150;181;180mtf_var_header_read[38;2;192;197;206m([38;2;192;197;206m&[38;2;192;197;206mbuf[38;2;192;197;206m,[38;2;192;197;206m [38;2;192;197;206m&[38;2;180;142;173mmut[38;2;192;197;206m vh[38;2;192;197;206m,[38;2;192;197;206m [38;2;192;197;206m&[38;2;180;142;173mmut[38;2;192;197;206m vd[38;2;192;197;206m,[38;2;192;197;206m [38;2;192;197;206mNone[38;2;192;197;206m)[38;2;192;197;206m,[38;2;192;197;206m [38;2;192;197;206mTFError[38;2;192;197;206m::[38;2;208;135;112mTF_EINVALID_BUFFER_SIZE[38;2;192;197;206m)[38;2;192;197;206m;[K
[0m[48;2;40;67;43m[39m+    254[0m:[39m[48;2;24;38;30m [38;2;192;197;206m}[K
[0m[48;2;40;67;43m[39m+    255[0m:[39m[48;2;24;38;30m [K
[0m[48;2;40;67;43m[39m+    256[0m:[39m[48;2;24;38;30m [38;2;192;197;206m#[38;2;192;197;206m[[38;2;191;97;106mtest[38;2;192;197;206m][K
[0m[48;2;40;67;43m[39m+    257[0m:[39m[48;2;24;38;30m [38;2;180;142;173mfn[38;2;192;197;206m [38;2;143;161;179mtest_var_header_read_buffer_empty[38;2;192;197;206m([38;2;192;197;206m)[38;2;192;197;206m [38;2;192;197;206m{[K
[0m[48;2;40;67;43m[39m+    258[0m:[39m[48;2;24;38;30m [38;2;192;197;206m    [38;2;180;142;173mlet[38;2;192;197;206m buf[38;2;192;197;206m:[38;2;192;197;206m [38;2;192;197;206m[[38;2;180;142;173mu8[38;2;192;197;206m;[38;2;192;197;206m [38;2;208;135;112m0[38;2;192;197;206m][38;2;192;197;206m [38;2;192;197;206m=[38;2;192;197;206m [38;2;192;197;206m[[38;2;192;197;206m][38;2;192;197;206m;[K
[0m[48;2;40;67;43m[39m+    259[0m:[39m[48;2;24;38;30m [38;2;192;197;206m    [38;2;180;142;173mlet[38;2;192;197;206m [38;2;180;142;173mmut[38;2;192;197;206m vh [38;2;192;197;206m=[38;2;192;197;206m TFVarHeader [38;2;192;197;206m{[38;2;192;197;206m size[38;2;192;197;206m:[38;2;192;197;206m [38;2;208;135;112m0[38;2;192;197;206m,[38;2;192;197;206m id[38;2;192;197;206m:[38;2;192;197;206m [38;2;192;197;206m[[38;2;208;135;112m0[38;2;192;197;206m;[38;2;192;197;206m [38;2;208;135;112m2[38;2;192;197;206m][38;2;192;197;206m [38;2;192;197;206m}[38;2;192;197;206m;[K
[0m[48;2;40;67;43m[39m+    260[0m:[39m[48;2;24;38;30m [38;2;192;197;206m    [38;2;180;142;173mlet[38;2;192;197;206m [38;2;180;142;173mmut[38;2;192;197;206m vd[38;2;192;197;206m:[38;2;192;197;206m [38;2;192;197;206m[[38;2;180;142;173mu8[38;2;192;197;206m;[38;2;192;197;206m [38;2;208;135;112m0[38;2;192;197;206m][38;2;192;197;206m [38;2;192;197;206m=[38;2;192;197;206m [38;2;192;197;206m[[38;2;192;197;206m][38;2;192;197;206m;[K
[0m[48;2;40;67;43m[39m+    261[0m:[39m[48;2;24;38;30m [38;2;192;197;206m    [38;2;192;197;206massert_eq![38;2;192;197;206m([38;2;150;181;180mtf_var_header_read[38;2;192;197;206m([38;2;192;197;206m&[38;2;192;197;206mbuf[38;2;192;197;206m,[38;2;192;197;206m [38;2;192;197;206m&[38;2;180;142;173mmut[38;2;192;197;206m vh[38;2;192;197;206m,[38;2;192;197;206m [38;2;192;197;206m&[38;2;180;142;173mmut[38;2;192;197;206m vd[38;2;192;197;206m,[38;2;192;197;206m [38;2;192;197;206mNone[38;2;192;197;206m)[38;2;192;197;206m,[38;2;192;197;206m [38;2;192;197;206mTFError[38;2;192;197;206m::[38;2;208;135;112mTF_EINVALID_BUFFER_SIZE[38;2;192;197;206m)[38;2;192;197;206m;[K
[0m[48;2;40;67;43m[39m+    262[0m:[39m[48;2;24;38;30m [38;2;192;197;206m}[K
[0m[48;2;40;67;43m[39m+    263[0m:[39m[48;2;24;38;30m [K
[0m[48;2;40;67;43m[39m+    264[0m:[39m[48;2;24;38;30m [38;2;192;197;206m#[38;2;192;197;206m[[38;2;191;97;106mtest[38;2;192;197;206m][K
[0m[48;2;40;67;43m[39m+    265[0m:[39m[48;2;24;38;30m [38;2;180;142;173mfn[38;2;192;197;206m [38;2;143;161;179mtest_var_header_read_size_too_small[38;2;192;197;206m([38;2;192;197;206m)[38;2;192;197;206m [38;2;192;197;206m{[K
[0m[48;2;40;67;43m[39m+    266[0m:[39m[48;2;24;38;30m [38;2;192;197;206m    [38;2;101;115;126m//[38;2;101;115;126m size field <= 4 should return TF_EINVALID_VAR_SIZE[K
[0m[48;2;40;67;43m[39m+    267[0m:[39m[48;2;24;38;30m [38;2;192;197;206m    [38;2;180;142;173mlet[38;2;192;197;206m buf[38;2;192;197;206m:[38;2;192;197;206m [38;2;192;197;206m[[38;2;180;142;173mu8[38;2;192;197;206m;[38;2;192;197;206m [38;2;208;135;112m5[38;2;192;197;206m][38;2;192;197;206m [38;2;192;197;206m=[38;2;192;197;206m [38;2;192;197;206m[[38;2;208;135;112m4[38;2;192;197;206m,[38;2;192;197;206m [38;2;208;135;112m0[38;2;192;197;206m,[38;2;192;197;206m [38;2;180;142;173mb[38;2;192;197;206m'[38;2;163;190;140ma[38;2;192;197;206m'[38;2;192;197;206m,[38;2;192;197;206m [38;2;180;142;173mb[38;2;192;197;206m'[38;2;163;190;140mb[38;2;192;197;206m'[38;2;192;197;206m,[38;2;192;197;206m [38;2;208;135;112m0[38;2;192;197;206m][38;2;192;197;206m;[K
[0m[48;2;40;67;43m[39m+    268[0m:[39m[48;2;24;38;30m [38;2;192;197;206m    [38;2;180;142;173mlet[38;2;192;197;206m [38;2;180;142;173mmut[38;2;192;197;206m vh [38;2;192;197;206m=[38;2;192;197;206m TFVarHeader [38;2;192;197;206m{[38;2;192;197;206m size[38;2;192;197;206m:[38;2;192;197;206m [38;2;208;135;112m0[38;2;192;197;206m,[38;2;192;197;206m id[38;2;192;197;206m:[38;2;192;197;206m [38;2;192;197;206m[[38;2;208;135;112m0[38;2;192;197;206m;[38;2;192;197;206m [38;2;208;135;112m2[38;2;192;197;206m][38;2;192;197;206m [38;2;192;197;206m}[38;2;192;197;206m;[K
[0m[48;2;40;67;43m[39m+    269[0m:[39m[48;2;24;38;30m [38;2;192;197;206m    [38;2;180;142;173mlet[38;2;192;197;206m [38;2;180;142;173mmut[38;2;192;197;206m vd[38;2;192;197;206m:[38;2;192;197;206m [38;2;192;197;206m[[38;2;180;142;173mu8[38;2;192;197;206m;[38;2;192;197;206m [38;2;208;135;112m0[38;2;192;197;206m][38;2;192;197;206m [38;2;192;197;206m=[38;2;192;197;206m [38;2;192;197;206m[[38;2;192;197;206m][38;2;192;197;206m;[K
[0m[48;2;40;67;43m[39m+    270[0m:[39m[48;2;24;38;30m [38;2;192;197;206m    [38;2;192;197;206massert_eq![38;2;192;197;206m([38;2;150;181;180mtf_var_header_read[38;2;192;197;206m([38;2;192;197;206m&[38;2;192;197;206mbuf[38;2;192;197;206m,[38;2;192;197;206m [38;2;192;197;206m&[38;2;180;142;173mmut[38;2;192;197;206m vh[38;2;192;197;206m,[38;2;192;197;206m [38;2;192;197;206m&[38;2;180;142;173mmut[38;2;192;197;206m vd[38;2;192;197;206m,[38;2;192;197;206m [38;2;192;197;206mNone[38;2;192;197;206m)[38;2;192;197;206m,[38;2;192;197;206m [38;2;192;197;206mTFError[38;2;192;197;206m::[38;2;208;135;112mTF_EINVALID_VAR_SIZE[38;2;192;197;206m)[38;2;192;197;206m;[K
[0m[48;2;40;67;43m[39m+    271[0m:[39m[48;2;24;38;30m [38;2;192;197;206m}[K
[0m[48;2;40;67;43m[39m+    272[0m:[39m[48;2;24;38;30m [K
[0m[48;2;40;67;43m[39m+    273[0m:[39m[48;2;24;38;30m [38;2;192;197;206m#[38;2;192;197;206m[[38;2;191;97;106mtest[38;2;192;197;206m][K
[0m[48;2;40;67;43m[39m+    274[0m:[39m[48;2;24;38;30m [38;2;180;142;173mfn[38;2;192;197;206m [38;2;143;161;179mtest_var_header_read_bd_shorter_than_size[38;2;192;197;206m([38;2;192;197;206m)[38;2;192;197;206m [38;2;192;197;206m{[K
[0m[48;2;40;67;43m[39m+    275[0m:[39m[48;2;24;38;30m [38;2;192;197;206m    [38;2;101;115;126m//[38;2;101;115;126m size=10 but bd only has 7 bytes; with non-empty vd this should fail[K
[0m[48;2;40;67;43m[39m+    276[0m:[39m[48;2;24;38;30m [38;2;192;197;206m    [38;2;180;142;173mlet[38;2;192;197;206m buf[38;2;192;197;206m:[38;2;192;197;206m [38;2;192;197;206m[[38;2;180;142;173mu8[38;2;192;197;206m;[38;2;192;197;206m [38;2;208;135;112m7[38;2;192;197;206m][38;2;192;197;206m [38;2;192;197;206m=[38;2;192;197;206m [38;2;192;197;206m[[38;2;208;135;112m10[38;2;192;197;206m,[38;2;192;197;206m [38;2;208;135;112m0[38;2;192;197;206m,[38;2;192;197;206m [38;2;180;142;173mb[38;2;192;197;206m'[38;2;163;190;140ma[38;2;192;197;206m'[38;2;192;197;206m,[38;2;192;197;206m [38;2;180;142;173mb[38;2;192;197;206m'[38;2;163;190;140mb[38;2;192;197;206m'[38;2;192;197;206m,[38;2;192;197;206m [38;2;208;135;112m1[38;2;192;197;206m,[38;2;192;197;206m [38;2;208;135;112m2[38;2;192;197;206m,[38;2;192;197;206m [38;2;208;135;112m3[38;2;192;197;206m][38;2;192;197;206m;[K
[0m[48;2;40;67;43m[39m+    277[0m:[39m[48;2;24;38;30m [38;2;192;197;206m    [38;2;180;142;173mlet[38;2;192;197;206m [38;2;180;142;173mmut[38;2;192;197;206m vh [38;2;192;197;206m=[38;2;192;197;206m TFVarHeader [38;2;192;197;206m{[38;2;192;197;206m size[38;2;192;197;206m:[38;2;192;197;206m [38;2;208;135;112m0[38;2;192;197;206m,[38;2;192;197;206m id[38;2;192;197;206m:[38;2;192;197;206m [38;2;192;197;206m[[38;2;208;135;112m0[38;2;192;197;206m;[38;2;192;197;206m [38;2;208;135;112m2[38;2;192;197;206m][38;2;192;197;206m [38;2;192;197;206m}[38;2;192;197;206m;[K
[0m[48;2;40;67;43m[39m+    278[0m:[39m[48;2;24;38;30m [38;2;192;197;206m    [38;2;180;142;173mlet[38;2;192;197;206m [38;2;180;142;173mmut[38;2;192;197;206m vd [38;2;192;197;206m=[38;2;192;197;206m [38;2;192;197;206m[[38;2;208;135;112m0[38;2;180;142;173mu8[38;2;192;197;206m;[38;2;192;197;206m [38;2;208;135;112m10[38;2;192;197;206m][38;2;192;197;206m;[K
[0m[48;2;40;67;43m[39m+    279[0m:[39m[48;2;24;38;30m [38;2;192;197;206m    [38;2;192;197;206massert_eq![38;2;192;197;206m([38;2;150;181;180mtf_var_header_read[38;2;192;197;206m([38;2;192;197;206m&[38;2;192;197;206mbuf[38;2;192;197;206m,[38;2;192;197;206m [38;2;192;197;206m&[38;2;180;142;173mmut[38;2;192;197;206m vh[38;2;192;197;206m,[38;2;192;197;206m [38;2;192;197;206m&[38;2;180;142;173mmut[38;2;192;197;206m vd[38;2;192;197;206m,[38;2;192;197;206m [38;2;192;197;206mNone[38;2;192;197;206m)[38;2;192;197;206m,[38;2;192;197;206m [38;2;192;197;206mTFError[38;2;192;197;206m::[38;2;208;135;112mTF_EINVALID_VAR_SIZE[38;2;192;197;206m)[38;2;192;197;206m;[K
[0m[48;2;40;67;43m[39m+    280[0m:[39m[48;2;24;38;30m [38;2;192;197;206m}[K
[0m[48;2;40;67;43m[39m+    281[0m:[39m[48;2;24;38;30m [K
[0m[48;2;40;67;43m[39m+    282[0m:[39m[48;2;24;38;30m [38;2;192;197;206m#[38;2;192;197;206m[[38;2;191;97;106mtest[38;2;192;197;206m][K
[0m[48;2;40;67;43m[39m+    283[0m:[39m[48;2;24;38;30m [38;2;180;142;173mfn[38;2;192;197;206m [38;2;143;161;179mtest_var_header_read_vd_too_small[38;2;192;197;206m([38;2;192;197;206m)[38;2;192;197;206m [38;2;192;197;206m{[K
[0m[48;2;40;67;43m[39m+    284[0m:[39m[48;2;24;38;30m [38;2;192;197;206m    [38;2;101;115;126m//[38;2;101;115;126m size=7 => valueSize=3, but vd only 2 bytes[K
[0m[48;2;40;67;43m[39m+    285[0m:[39m[48;2;24;38;30m [38;2;192;197;206m    [38;2;180;142;173mlet[38;2;192;197;206m buf[38;2;192;197;206m:[38;2;192;197;206m [38;2;192;197;206m[[38;2;180;142;173mu8[38;2;192;197;206m;[38;2;192;197;206m [38;2;208;135;112m7[38;2;192;197;206m][38;2;192;197;206m [38;2;192;197;206m=[38;2;192;197;206m [38;2;192;197;206m[[38;2;208;135;112m7[38;2;192;197;206m,[38;2;192;197;206m [38;2;208;135;112m0[38;2;192;197;206m,[38;2;192;197;206m [38;2;180;142;173mb[38;2;192;197;206m'[38;2;163;190;140ma[38;2;192;197;206m'[38;2;192;197;206m,[38;2;192;197;206m [38;2;180;142;173mb[38;2;192;197;206m'[38;2;163;190;140mb[38;2;192;197;206m'[38;2;192;197;206m,[38;2;192;197;206m [38;2;208;135;112m1[38;2;192;197;206m,[38;2;192;197;206m [38;2;208;135;112m2[38;2;192;197;206m,[38;2;192;197;206m [38;2;208;135;112m3[38;2;192;197;206m][38;2;192;197;206m;[K
[0m[48;2;40;67;43m[39m+    286[0m:[39m[48;2;24;38;30m [38;2;192;197;206m    [38;2;180;142;173mlet[38;2;192;197;206m [38;2;180;142;173mmut[38;2;192;197;206m vh [38;2;192;197;206m=[38;2;192;197;206m TFVarHeader [38;2;192;197;206m{[38;2;192;197;206m size[38;2;192;197;206m:[38;2;192;197;206m [38;2;208;135;112m0[38;2;192;197;206m,[38;2;192;197;206m id[38;2;192;197;206m:[38;2;192;197;206m [38;2;192;197;206m[[38;2;208;135;112m0[38;2;192;197;206m;[38;2;192;197;206m [38;2;208;135;112m2[38;2;192;197;206m][38;2;192;197;206m [38;2;192;197;206m}[38;2;192;197;206m;[K
[0m[48;2;40;67;43m[39m+    287[0m:[39m[48;2;24;38;30m [38;2;192;197;206m    [38;2;180;142;173mlet[38;2;192;197;206m [38;2;180;142;173mmut[38;2;192;197;206m vd [38;2;192;197;206m=[38;2;192;197;206m [38;2;192;197;206m[[38;2;208;135;112m0[38;2;180;142;173mu8[38;2;192;197;206m;[38;2;192;197;206m [38;2;208;135;112m2[38;2;192;197;206m][38;2;192;197;206m;[K
[0m[48;2;40;67;43m[39m+    288[0m:[39m[48;2;24;38;30m [38;2;192;197;206m    [38;2;192;197;206massert_eq![38;2;192;197;206m([38;2;150;181;180mtf_var_header_read[38;2;192;197;206m([38;2;192;197;206m&[38;2;192;197;206mbuf[38;2;192;197;206m,[38;2;192;197;206m [38;2;192;197;206m&[38;2;180;142;173mmut[38;2;192;197;206m vh[38;2;192;197;206m,[38;2;192;197;206m [38;2;192;197;206m&[38;2;180;142;173mmut[38;2;192;197;206m vd[38;2;192;197;206m,[38;2;192;197;206m [38;2;192;197;206mNone[38;2;192;197;206m)[38;2;192;197;206m,[38;2;192;197;206m [38;2;192;197;206mTFError[38;2;192;197;206m::[38;2;208;135;112mTF_EINVALID_BUFFER_SIZE[38;2;192;197;206m)[38;2;192;197;206m;[K
[0m[48;2;40;67;43m[39m+    289[0m:[39m[48;2;24;38;30m [38;2;192;197;206m}[K
[0m[48;2;40;67;43m[39m+    290[0m:[39m[48;2;24;38;30m [K
[0m[48;2;40;67;43m[39m+    291[0m:[39m[48;2;24;38;30m [38;2;192;197;206m#[38;2;192;197;206m[[38;2;191;97;106mtest[38;2;192;197;206m][K
[0m[48;2;40;67;43m[39m+    292[0m:[39m[48;2;24;38;30m [38;2;180;142;173mfn[38;2;192;197;206m [38;2;143;161;179mtest_var_header_read_minimum_valid[38;2;192;197;206m([38;2;192;197;206m)[38;2;192;197;206m [38;2;192;197;206m{[K
[0m[48;2;40;67;43m[39m+    293[0m:[39m[48;2;24;38;30m [38;2;192;197;206m    [38;2;101;115;126m//[38;2;101;115;126m Minimum valid: size=5 (4 header + 1 value byte), bd must be > 4 so 5 bytes[K
[0m[48;2;40;67;43m[39m+    294[0m:[39m[48;2;24;38;30m [38;2;192;197;206m    [38;2;180;142;173mlet[38;2;192;197;206m buf[38;2;192;197;206m:[38;2;192;197;206m [38;2;192;197;206m[[38;2;180;142;173mu8[38;2;192;197;206m;[38;2;192;197;206m [38;2;208;135;112m5[38;2;192;197;206m][38;2;192;197;206m [38;2;192;197;206m=[38;2;192;197;206m [38;2;192;197;206m[[38;2;208;135;112m5[38;2;192;197;206m,[38;2;192;197;206m [38;2;208;135;112m0[38;2;192;197;206m,[38;2;192;197;206m [38;2;180;142;173mb[38;2;192;197;206m'[38;2;163;190;140mz[38;2;192;197;206m'[38;2;192;197;206m,[38;2;192;197;206m [38;2;180;142;173mb[38;2;192;197;206m'[38;2;163;190;140mz[38;2;192;197;206m'[38;2;192;197;206m,[38;2;192;197;206m [38;2;208;135;112m42[38;2;192;197;206m][38;2;192;197;206m;[K
[0m[48;2;40;67;43m[39m+    295[0m:[39m[48;2;24;38;30m [38;2;192;197;206m    [38;2;180;142;173mlet[38;2;192;197;206m [38;2;180;142;173mmut[38;2;192;197;206m vh [38;2;192;197;206m=[38;2;192;197;206m TFVarHeader [38;2;192;197;206m{[38;2;192;197;206m size[38;2;192;197;206m:[38;2;192;197;206m [38;2;208;135;112m0[38;2;192;197;206m,[38;2;192;197;206m id[38;2;192;197;206m:[38;2;192;197;206m [38;2;192;197;206m[[38;2;208;135;112m0[38;2;192;197;206m;[38;2;192;197;206m [38;2;208;135;112m2[38;2;192;197;206m][38;2;192;197;206m [38;2;192;197;206m}[38;2;192;197;206m;[K
[0m[48;2;40;67;43m[39m+    296[0m:[39m[48;2;24;38;30m [38;2;192;197;206m    [38;2;180;142;173mlet[38;2;192;197;206m [38;2;180;142;173mmut[38;2;192;197;206m vd [38;2;192;197;206m=[38;2;192;197;206m [38;2;192;197;206m[[38;2;208;135;112m0[38;2;180;142;173mu8[38;2;192;197;206m;[38;2;192;197;206m [38;2;208;135;112m1[38;2;192;197;206m][38;2;192;197;206m;[K
[0m[48;2;40;67;43m[39m+    297[0m:[39m[48;2;24;38;30m [38;2;192;197;206m    [38;2;180;142;173mlet[38;2;192;197;206m err [38;2;192;197;206m=[38;2;192;197;206m [38;2;150;181;180mtf_var_header_read[38;2;192;197;206m([38;2;192;197;206m&[38;2;192;197;206mbuf[38;2;192;197;206m,[38;2;192;197;206m [38;2;192;197;206m&[38;2;180;142;173mmut[38;2;192;197;206m vh[38;2;192;197;206m,[38;2;192;197;206m [38;2;192;197;206m&[38;2;180;142;173mmut[38;2;192;197;206m vd[38;2;192;197;206m,[38;2;192;197;206m [38;2;192;197;206mNone[38;2;192;197;206m)[38;2;192;197;206m;[K
[0m[48;2;40;67;43m[39m+    298[0m:[39m[48;2;24;38;30m [38;2;192;197;206m    [38;2;192;197;206massert_eq![38;2;192;197;206m([38;2;192;197;206merr[38;2;192;197;206m,[38;2;192;197;206m [38;2;192;197;206mTFError[38;2;192;197;206m::[38;2;208;135;112mTF_OK[38;2;192;197;206m)[38;2;192;197;206m;[K
[0m[48;2;40;67;43m[39m+    299[0m:[39m[48;2;24;38;30m [38;2;192;197;206m    [38;2;192;197;206massert_eq![38;2;192;197;206m([38;2;192;197;206mvh.size[38;2;192;197;206m,[38;2;192;197;206m [38;2;208;135;112m5[38;2;192;197;206m)[38;2;192;197;206m;[K
[0m[48;2;40;67;43m[39m+    300[0m:[39m[48;2;24;38;30m [38;2;192;197;206m    [38;2;192;197;206massert_eq![38;2;192;197;206m([38;2;192;197;206mvh.id[38;2;192;197;206m,[38;2;192;197;206m [38;2;192;197;206m[[38;2;180;142;173mb[38;2;192;197;206m'[38;2;163;190;140mz[38;2;192;197;206m'[38;2;192;197;206m,[38;2;192;197;206m [38;2;180;142;173mb[38;2;192;197;206m'[38;2;163;190;140mz[38;2;192;197;206m'[38;2;192;197;206m][38;2;192;197;206m)[38;2;192;197;206m;[K
[0m[48;2;40;67;43m[39m+    301[0m:[39m[48;2;24;38;30m [38;2;192;197;206m    [38;2;192;197;206massert_eq![38;2;192;197;206m([38;2;192;197;206mvd[38;2;192;197;206m[[38;2;208;135;112m0[38;2;192;197;206m][38;2;192;197;206m,[38;2;192;197;206m [38;2;208;135;112m42[38;2;192;197;206m)[38;2;192;197;206m;[K
[0m[48;2;40;67;43m[39m+    302[0m:[39m[48;2;24;38;30m [38;2;192;197;206m}[K
[0m[48;2;40;67;43m[39m+    303[0m:[39m[48;2;24;38;30m [K
[0m[48;2;40;67;43m[39m+    304[0m:[39m[48;2;24;38;30m [38;2;101;115;126m//[38;2;101;115;126m ── tf_channel_range_read ──[K
[0m[48;2;40;67;43m[39m+    305[0m:[39m[48;2;24;38;30m [K
[0m[48;2;40;67;43m[39m+    306[0m:[39m[48;2;24;38;30m [38;2;192;197;206m#[38;2;192;197;206m[[38;2;191;97;106mtest[38;2;192;197;206m][K
[0m[48;2;40;67;43m[39m+    307[0m:[39m[48;2;24;38;30m [38;2;180;142;173mfn[38;2;192;197;206m [38;2;143;161;179mtest_channel_range_read_ok[38;2;192;197;206m([38;2;192;197;206m)[38;2;192;197;206m [38;2;192;197;206m{[K
[0m[48;2;40;67;43m[39m+    308[0m:[39m[48;2;24;38;30m [38;2;192;197;206m    [38;2;101;115;126m//[38;2;101;115;126m firstChannelNumber = 0x010203 LE (bytes: 03, 02, 01)[K
[0m[48;2;40;67;43m[39m+    309[0m:[39m[48;2;24;38;30m [38;2;192;197;206m    [38;2;101;115;126m//[38;2;101;115;126m channelCount = 0x040506 LE (bytes: 06, 05, 04)[K
[0m[48;2;40;67;43m[39m+    310[0m:[39m[48;2;24;38;30m [38;2;192;197;206m    [38;2;180;142;173mlet[38;2;192;197;206m buf[38;2;192;197;206m:[38;2;192;197;206m [38;2;192;197;206m[[38;2;180;142;173mu8[38;2;192;197;206m;[38;2;192;197;206m [38;2;208;135;112m6[38;2;192;197;206m][38;2;192;197;206m [38;2;192;197;206m=[38;2;192;197;206m [38;2;192;197;206m[[38;2;208;135;112m0x03[38;2;192;197;206m,[38;2;192;197;206m [38;2;208;135;112m0x02[38;2;192;197;206m,[38;2;192;197;206m [38;2;208;135;112m0x01[38;2;192;197;206m,[38;2;192;197;206m [38;2;208;135;112m0x06[38;2;192;197;206m,[38;2;192;197;206m [38;2;208;135;112m0x05[38;2;192;197;206m,[38;2;192;197;206m [38;2;208;135;112m0x04[38;2;192;197;206m][38;2;192;197;206m;[K
[0m[48;2;40;67;43m[39m+    311[0m:[39m[48;2;24;38;30m [38;2;192;197;206m    [38;2;180;142;173mlet[38;2;192;197;206m [38;2;180;142;173mmut[38;2;192;197;206m cr [38;2;192;197;206m=[38;2;192;197;206m TFChannelRange [38;2;192;197;206m{[38;2;192;197;206m first_channel_number[38;2;192;197;206m:[38;2;192;197;206m [38;2;208;135;112m0[38;2;192;197;206m,[38;2;192;197;206m channel_count[38;2;192;197;206m:[38;2;192;197;206m [38;2;208;135;112m0[38;2;192;197;206m [38;2;192;197;206m}[38;2;192;197;206m;[K
[0m[48;2;40;67;43m[39m+    312[0m:[39m[48;2;24;38;30m [38;2;192;197;206m    [38;2;180;142;173mlet[38;2;192;197;206m err [38;2;192;197;206m=[38;2;192;197;206m [38;2;150;181;180mtf_channel_range_read[38;2;192;197;206m([38;2;192;197;206m&[38;2;192;197;206mbuf[38;2;192;197;206m,[38;2;192;197;206m [38;2;192;197;206m&[38;2;180;142;173mmut[38;2;192;197;206m cr[38;2;192;197;206m,[38;2;192;197;206m [38;2;192;197;206mNone[38;2;192;197;206m)[38;2;192;197;206m;[K
[0m[48;2;40;67;43m[39m+    313[0m:[39m[48;2;24;38;30m [38;2;192;197;206m    [38;2;192;197;206massert_eq![38;2;192;197;206m([38;2;192;197;206merr[38;2;192;197;206m,[38;2;192;197;206m [38;2;192;197;206mTFError[38;2;192;197;206m::[38;2;208;135;112mTF_OK[38;2;192;197;206m)[38;2;192;197;206m;[K
[0m[48;2;40;67;43m[39m+    314[0m:[39m[48;2;24;38;30m [38;2;192;197;206m    [38;2;192;197;206massert_eq![38;2;192;197;206m([38;2;192;197;206mcr.first_channel_number[38;2;192;197;206m,[38;2;192;197;206m [38;2;208;135;112m0x010203[38;2;192;197;206m)[38;2;192;197;206m;[K
[0m[48;2;40;67;43m[39m+    315[0m:[39m[48;2;24;38;30m [38;2;192;197;206m    [38;2;192;197;206massert_eq![38;2;192;197;206m([38;2;192;197;206mcr.channel_count[38;2;192;197;206m,[38;2;192;197;206m [38;2;208;135;112m0x040506[38;2;192;197;206m)[38;2;192;197;206m;[K
[0m[48;2;40;67;43m[39m+    316[0m:[39m[48;2;24;38;30m [38;2;192;197;206m}[K
[0m[48;2;40;67;43m[39m+    317[0m:[39m[48;2;24;38;30m [K
[0m[48;2;40;67;43m[39m+    318[0m:[39m[48;2;24;38;30m [38;2;192;197;206m#[38;2;192;197;206m[[38;2;191;97;106mtest[38;2;192;197;206m][K
[0m[48;2;40;67;43m[39m+    319[0m:[39m[48;2;24;38;30m [38;2;180;142;173mfn[38;2;192;197;206m [38;2;143;161;179mtest_channel_range_read_end_pointer[38;2;192;197;206m([38;2;192;197;206m)[38;2;192;197;206m [38;2;192;197;206m{[K
[0m[48;2;40;67;43m[39m+    320[0m:[39m[48;2;24;38;30m [38;2;192;197;206m    [38;2;180;142;173mlet[38;2;192;197;206m buf[38;2;192;197;206m:[38;2;192;197;206m [38;2;192;197;206m[[38;2;180;142;173mu8[38;2;192;197;206m;[38;2;192;197;206m [38;2;208;135;112m10[38;2;192;197;206m][38;2;192;197;206m [38;2;192;197;206m=[38;2;192;197;206m [38;2;192;197;206m[[38;2;208;135;112m1[38;2;192;197;206m,[38;2;192;197;206m [38;2;208;135;112m0[38;2;192;197;206m,[38;2;192;197;206m [38;2;208;135;112m0[38;2;192;197;206m,[38;2;192;197;206m [38;2;208;135;112m2[38;2;192;197;206m,[38;2;192;197;206m [38;2;208;135;112m0[38;2;192;197;206m,[38;2;192;197;206m [38;2;208;135;112m0[38;2;192;197;206m,[38;2;192;197;206m [38;2;208;135;112m0xDD[38;2;192;197;206m,[38;2;192;197;206m [38;2;208;135;112m0xEE[38;2;192;197;206m,[38;2;192;197;206m [38;2;208;135;112m0xFF[38;2;192;197;206m,[38;2;192;197;206m [38;2;208;135;112m0x00[38;2;192;197;206m][38;2;192;197;206m;[K
[0m[48;2;40;67;43m[39m+    321[0m:[39m[48;2;24;38;30m [38;2;192;197;206m    [38;2;180;142;173mlet[38;2;192;197;206m [38;2;180;142;173mmut[38;2;192;197;206m cr [38;2;192;197;206m=[38;2;192;197;206m TFChannelRange [38;2;192;197;206m{[38;2;192;197;206m first_channel_number[38;2;192;197;206m:[38;2;192;197;206m [38;2;208;135;112m0[38;2;192;197;206m,[38;2;192;197;206m channel_count[38;2;192;197;206m:[38;2;192;197;206m [38;2;208;135;112m0[38;2;192;197;206m [38;2;192;197;206m}[38;2;192;197;206m;[K
[0m[48;2;40;67;43m[39m+    322[0m:[39m[48;2;24;38;30m [38;2;192;197;206m    [38;2;180;142;173mlet[38;2;192;197;206m [38;2;180;142;173mmut[38;2;192;197;206m ep[38;2;192;197;206m:[38;2;192;197;206m [38;2;192;197;206m&[38;2;192;197;206m[[38;2;180;142;173mu8[38;2;192;197;206m][38;2;192;197;206m [38;2;192;197;206m=[38;2;192;197;206m [38;2;192;197;206m&[38;2;192;197;206m[[38;2;192;197;206m][38;2;192;197;206m;[K
[0m[48;2;40;67;43m[39m+    323[0m:[39m[48;2;24;38;30m [38;2;192;197;206m    [38;2;180;142;173mlet[38;2;192;197;206m err [38;2;192;197;206m=[38;2;192;197;206m [38;2;150;181;180mtf_channel_range_read[38;2;192;197;206m([38;2;192;197;206m&[38;2;192;197;206mbuf[38;2;192;197;206m,[38;2;192;197;206m [38;2;192;197;206m&[38;2;180;142;173mmut[38;2;192;197;206m cr[38;2;192;197;206m,[38;2;192;197;206m [38;2;192;197;206mSome[38;2;192;197;206m([38;2;192;197;206m&[38;2;180;142;173mmut[38;2;192;197;206m ep[38;2;192;197;206m)[38;2;192;197;206m)[38;2;192;197;206m;[K
[0m[48;2;40;67;43m[39m+    324[0m:[39m[48;2;24;38;30m [38;2;192;197;206m    [38;2;192;197;206massert_eq![38;2;192;197;206m([38;2;192;197;206merr[38;2;192;197;206m,[38;2;192;197;206m [38;2;192;197;206mTFError[38;2;192;197;206m::[38;2;208;135;112mTF_OK[38;2;192;197;206m)[38;2;192;197;206m;[K
[0m[48;2;40;67;43m[39m+    325[0m:[39m[48;2;24;38;30m [38;2;192;197;206m    [38;2;192;197;206massert_eq![38;2;192;197;206m([38;2;192;197;206mep.[38;2;150;181;180mlen[38;2;192;197;206m([38;2;192;197;206m)[38;2;192;197;206m,[38;2;192;197;206m [38;2;208;135;112m4[38;2;192;197;206m)[38;2;192;197;206m;[K
[0m[48;2;40;67;43m[39m+    326[0m:[39m[48;2;24;38;30m [38;2;192;197;206m    [38;2;192;197;206massert_eq![38;2;192;197;206m([38;2;192;197;206mep[38;2;192;197;206m[[38;2;208;135;112m0[38;2;192;197;206m][38;2;192;197;206m,[38;2;192;197;206m [38;2;208;135;112m0xDD[38;2;192;197;206m)[38;2;192;197;206m;[K
[0m[48;2;40;67;43m[39m+    327[0m:[39m[48;2;24;38;30m [38;2;192;197;206m}[K
[0m[48;2;40;67;43m[39m+    328[0m:[39m[48;2;24;38;30m [K
[0m[48;2;40;67;43m[39m+    329[0m:[39m[48;2;24;38;30m [38;2;192;197;206m#[38;2;192;197;206m[[38;2;191;97;106mtest[38;2;192;197;206m][K
[0m[48;2;40;67;43m[39m+    330[0m:[39m[48;2;24;38;30m [38;2;180;142;173mfn[38;2;192;197;206m [38;2;143;161;179mtest_channel_range_read_buffer_too_small[38;2;192;197;206m([38;2;192;197;206m)[38;2;192;197;206m [38;2;192;197;206m{[K
[0m[48;2;40;67;43m[39m+    331[0m:[39m[48;2;24;38;30m [38;2;192;197;206m    [38;2;180;142;173mlet[38;2;192;197;206m buf [38;2;192;197;206m=[38;2;192;197;206m [38;2;192;197;206m[[38;2;208;135;112m0[38;2;180;142;173mu8[38;2;192;197;206m;[38;2;192;197;206m [38;2;208;135;112m5[38;2;192;197;206m][38;2;192;197;206m;[K
[0m[48;2;40;67;43m[39m+    332[0m:[39m[48;2;24;38;30m [38;2;192;197;206m    [38;2;180;142;173mlet[38;2;192;197;206m [38;2;180;142;173mmut[38;2;192;197;206m cr [38;2;192;197;206m=[38;2;192;197;206m TFChannelRange [38;2;192;197;206m{[38;2;192;197;206m first_channel_number[38;2;192;197;206m:[38;2;192;197;206m [38;2;208;135;112m0[38;2;192;197;206m,[38;2;192;197;206m channel_count[38;2;192;197;206m:[38;2;192;197;206m [38;2;208;135;112m0[38;2;192;197;206m [38;2;192;197;206m}[38;2;192;197;206m;[K
[0m[48;2;40;67;43m[39m+    333[0m:[39m[48;2;24;38;30m [38;2;192;197;206m    [38;2;192;197;206massert_eq![38;2;192;197;206m([38;2;150;181;180mtf_channel_range_read[38;2;192;197;206m([38;2;192;197;206m&[38;2;192;197;206mbuf[38;2;192;197;206m,[38;2;192;197;206m [38;2;192;197;206m&[38;2;180;142;173mmut[38;2;192;197;206m cr[38;2;192;197;206m,[38;2;192;197;206m [38;2;192;197;206mNone[38;2;192;197;206m)[38;2;192;197;206m,[38;2;192;197;206m [38;2;192;197;206mTFError[38;2;192;197;206m::[38;2;208;135;112mTF_EINVALID_BUFFER_SIZE[38;2;192;197;206m)[38;2;192;197;206m;[K
[0m[48;2;40;67;43m[39m+    334[0m:[39m[48;2;24;38;30m [38;2;192;197;206m}[K
[0m[48;2;40;67;43m[39m+    335[0m:[39m[48;2;24;38;30m [K
[0m[48;2;40;67;43m[39m+    336[0m:[39m[48;2;24;38;30m [38;2;192;197;206m#[38;2;192;197;206m[[38;2;191;97;106mtest[38;2;192;197;206m][K
[0m[48;2;40;67;43m[39m+    337[0m:[39m[48;2;24;38;30m [38;2;180;142;173mfn[38;2;192;197;206m [38;2;143;161;179mtest_channel_range_read_empty[38;2;192;197;206m([38;2;192;197;206m)[38;2;192;197;206m [38;2;192;197;206m{[K
[0m[48;2;40;67;43m[39m+    338[0m:[39m[48;2;24;38;30m [38;2;192;197;206m    [38;2;180;142;173mlet[38;2;192;197;206m buf[38;2;192;197;206m:[38;2;192;197;206m [38;2;192;197;206m[[38;2;180;142;173mu8[38;2;192;197;206m;[38;2;192;197;206m [38;2;208;135;112m0[38;2;192;197;206m][38;2;192;197;206m [38;2;192;197;206m=[38;2;192;197;206m [38;2;192;197;206m[[38;2;192;197;206m][38;2;192;197;206m;[K
[0m[48;2;40;67;43m[39m+    339[0m:[39m[48;2;24;38;30m [38;2;192;197;206m    [38;2;180;142;173mlet[38;2;192;197;206m [38;2;180;142;173mmut[38;2;192;197;206m cr [38;2;192;197;206m=[38;2;192;197;206m TFChannelRange [38;2;192;197;206m{[38;2;192;197;206m first_channel_number[38;2;192;197;206m:[38;2;192;197;206m [38;2;208;135;112m0[38;2;192;197;206m,[38;2;192;197;206m channel_count[38;2;192;197;206m:[38;2;192;197;206m [38;2;208;135;112m0[38;2;192;197;206m [38;2;192;197;206m}[38;2;192;197;206m;[K
[0m[48;2;40;67;43m[39m+    340[0m:[39m[48;2;24;38;30m [38;2;192;197;206m    [38;2;192;197;206massert_eq![38;2;192;197;206m([38;2;150;181;180mtf_channel_range_read[38;2;192;197;206m([38;2;192;197;206m&[38;2;192;197;206mbuf[38;2;192;197;206m,[38;2;192;197;206m [38;2;192;197;206m&[38;2;180;142;173mmut[38;2;192;197;206m cr[38;2;192;197;206m,[38;2;192;197;206m [38;2;192;197;206mNone[38;2;192;197;206m)[38;2;192;197;206m,[38;2;192;197;206m [38;2;192;197;206mTFError[38;2;192;197;206m::[38;2;208;135;112mTF_EINVALID_BUFFER_SIZE[38;2;192;197;206m)[38;2;192;197;206m;[K
[0m[48;2;40;67;43m[39m+    341[0m:[39m[48;2;24;38;30m [38;2;192;197;206m}[K
[0m[48;2;40;67;43m[39m+    342[0m:[39m[48;2;24;38;30m [K
[0m[48;2;40;67;43m[39m+    343[0m:[39m[48;2;24;38;30m [38;2;192;197;206m#[38;2;192;197;206m[[38;2;191;97;106mtest[38;2;192;197;206m][K
[0m[48;2;40;67;43m[39m+    344[0m:[39m[48;2;24;38;30m [38;2;180;142;173mfn[38;2;192;197;206m [38;2;143;161;179mtest_channel_range_read_zeros[38;2;192;197;206m([38;2;192;197;206m)[38;2;192;197;206m [38;2;192;197;206m{[K
[0m[48;2;40;67;43m[39m+    345[0m:[39m[48;2;24;38;30m [38;2;192;197;206m    [38;2;180;142;173mlet[38;2;192;197;206m buf [38;2;192;197;206m=[38;2;192;197;206m [38;2;192;197;206m[[38;2;208;135;112m0[38;2;180;142;173mu8[38;2;192;197;206m;[38;2;192;197;206m [38;2;208;135;112m6[38;2;192;197;206m][38;2;192;197;206m;[K
[0m[48;2;40;67;43m[39m+    346[0m:[39m[48;2;24;38;30m [38;2;192;197;206m    [38;2;180;142;173mlet[38;2;192;197;206m [38;2;180;142;173mmut[38;2;192;197;206m cr [38;2;192;197;206m=[38;2;192;197;206m TFChannelRange [38;2;192;197;206m{[38;2;192;197;206m first_channel_number[38;2;192;197;206m:[38;2;192;197;206m [38;2;208;135;112m0[38;2;192;197;206m,[38;2;192;197;206m channel_count[38;2;192;197;206m:[38;2;192;197;206m [38;2;208;135;112m0[38;2;192;197;206m [38;2;192;197;206m}[38;2;192;197;206m;[K
[0m[48;2;40;67;43m[39m+    347[0m:[39m[48;2;24;38;30m [38;2;192;197;206m    [38;2;192;197;206massert_eq![38;2;192;197;206m([38;2;150;181;180mtf_channel_range_read[38;2;192;197;206m([38;2;192;197;206m&[38;2;192;197;206mbuf[38;2;192;197;206m,[38;2;192;197;206m [38;2;192;197;206m&[38;2;180;142;173mmut[38;2;192;197;206m cr[38;2;192;197;206m,[38;2;192;197;206m [38;2;192;197;206mNone[38;2;192;197;206m)[38;2;192;197;206m,[38;2;192;197;206m [38;2;192;197;206mTFError[38;2;192;197;206m::[38;2;208;135;112mTF_OK[38;2;192;197;206m)[38;2;192;197;206m;[K
[0m[48;2;40;67;43m[39m+    348[0m:[39m[48;2;24;38;30m [38;2;192;197;206m    [38;2;192;197;206massert_eq![38;2;192;197;206m([38;2;192;197;206mcr.first_channel_number[38;2;192;197;206m,[38;2;192;197;206m [38;2;208;135;112m0[38;2;192;197;206m)[38;2;192;197;206m;[K
[0m[48;2;40;67;43m[39m+    349[0m:[39m[48;2;24;38;30m [38;2;192;197;206m    [38;2;192;197;206massert_eq![38;2;192;197;206m([38;2;192;197;206mcr.channel_count[38;2;192;197;206m,[38;2;192;197;206m [38;2;208;135;112m0[38;2;192;197;206m)[38;2;192;197;206m;[K
[0m[48;2;40;67;43m[39m+    350[0m:[39m[48;2;24;38;30m [38;2;192;197;206m}[K
[0m[48;2;40;67;43m[39m+    351[0m:[39m[48;2;24;38;30m [K
[0m[48;2;40;67;43m[39m+    352[0m:[39m[48;2;24;38;30m [38;2;192;197;206m#[38;2;192;197;206m[[38;2;191;97;106mtest[38;2;192;197;206m][K
[0m[48;2;40;67;43m[39m+    353[0m:[39m[48;2;24;38;30m [38;2;180;142;173mfn[38;2;192;197;206m [38;2;143;161;179mtest_channel_range_read_max_u24[38;2;192;197;206m([38;2;192;197;206m)[38;2;192;197;206m [38;2;192;197;206m{[K
[0m[48;2;40;67;43m[39m+    354[0m:[39m[48;2;24;38;30m [38;2;192;197;206m    [38;2;180;142;173mlet[38;2;192;197;206m buf[38;2;192;197;206m:[38;2;192;197;206m [38;2;192;197;206m[[38;2;180;142;173mu8[38;2;192;197;206m;[38;2;192;197;206m [38;2;208;135;112m6[38;2;192;197;206m][38;2;192;197;206m [38;2;192;197;206m=[38;2;192;197;206m [38;2;192;197;206m[[38;2;208;135;112m0xFF[38;2;192;197;206m,[38;2;192;197;206m [38;2;208;135;112m0xFF[38;2;192;197;206m,[38;2;192;197;206m [38;2;208;135;112m0xFF[38;2;192;197;206m,[38;2;192;197;206m [38;2;208;135;112m0xFF[38;2;192;197;206m,[38;2;192;197;206m [38;2;208;135;112m0xFF[38;2;192;197;206m,[38;2;192;197;206m [38;2;208;135;112m0xFF[38;2;192;197;206m][38;2;192;197;206m;[K
[0m[48;2;40;67;43m[39m+    355[0m:[39m[48;2;24;38;30m [38;2;192;197;206m    [38;2;180;142;173mlet[38;2;192;197;206m [38;2;180;142;173mmut[38;2;192;197;206m cr [38;2;192;197;206m=[38;2;192;197;206m TFChannelRange [38;2;192;197;206m{[38;2;192;197;206m first_channel_number[38;2;192;197;206m:[38;2;192;197;206m [38;2;208;135;112m0[38;2;192;197;206m,[38;2;192;197;206m channel_count[38;2;192;197;206m:[38;2;192;197;206m [38;2;208;135;112m0[38;2;192;197;206m [38;2;192;197;206m}[38;2;192;197;206m;[K
[0m[48;2;40;67;43m[39m+    356[0m:[39m[48;2;24;38;30m [38;2;192;197;206m    [38;2;192;197;206massert_eq![38;2;192;197;206m([38;2;150;181;180mtf_channel_range_read[38;2;192;197;206m([38;2;192;197;206m&[38;2;192;197;206mbuf[38;2;192;197;206m,[38;2;192;197;206m [38;2;192;197;206m&[38;2;180;142;173mmut[38;2;192;197;206m cr[38;2;192;197;206m,[38;2;192;197;206m [38;2;192;197;206mNone[38;2;192;197;206m)[38;2;192;197;206m,[38;2;192;197;206m [38;2;192;197;206mTFError[38;2;192;197;206m::[38;2;208;135;112mTF_OK[38;2;192;197;206m)[38;2;192;197;206m;[K
[0m[48;2;40;67;43m[39m+    357[0m:[39m[48;2;24;38;30m [38;2;192;197;206m    [38;2;192;197;206massert_eq![38;2;192;197;206m([38;2;192;197;206mcr.first_channel_number[38;2;192;197;206m,[38;2;192;197;206m [38;2;208;135;112m0x00FFFFFF[38;2;192;197;206m)[38;2;192;197;206m;[K
[0m[48;2;40;67;43m[39m+    358[0m:[39m[48;2;24;38;30m [38;2;192;197;206m    [38;2;192;197;206massert_eq![38;2;192;197;206m([38;2;192;197;206mcr.channel_count[38;2;192;197;206m,[38;2;192;197;206m [38;2;208;135;112m0x00FFFFFF[38;2;192;197;206m)[38;2;192;197;206m;[K
[0m[48;2;40;67;43m[39m+    359[0m:[39m[48;2;24;38;30m [38;2;192;197;206m}[K
[0m[48;2;40;67;43m[39m+    360[0m:[39m[48;2;24;38;30m [K
[0m[48;2;40;67;43m[39m+    361[0m:[39m[48;2;24;38;30m [38;2;180;142;173mfn[38;2;192;197;206m [38;2;143;161;179mmain[38;2;192;197;206m([38;2;192;197;206m)[38;2;192;197;206m [38;2;192;197;206m{[38;2;192;197;206m}[K
[0m[K
Creating: [38;5;141m/tmp/harvest-crust-verify-gndvEh/project/src/bin/test_tinyfseq.rs[0m
[38;5;244m - Completed in 0.48s[0m
[38;5;12m[1m [1.6][0m[0m
[?25l[0m[?25l[0m[0m[38;5;11mTODO:
[39m[38;5;10m[x] [3m[38;5;244mCreate test file src/bin/test_tinyfseq.rs with comprehensive tests for all public functions[23m
[0m[ ] Run cargo test and fix any failures[38;5;244m - Completed in 0.45s[0m
[38;5;12m[1m [1.7][0m[0m
[?25l[0m[?25l[0m[0mI will run the following command: [38;5;141mcd /tmp/harvest-crust-verify-gndvEh/project && cargo test 2>&1[0m[38;5;244m (using tool: shell)[0m
Purpose: Run cargo test to check if all tests pass

   Compiling libtinyfseq v0.1.0 (/tmp/harvest-crust-verify-gndvEh/project)
warning: variant `TF_OK` should have an upper camel case name
 --> src/tinyfseq.rs:3:1
  |
3 | TF_OK = 0,
  | ^^^^^ help: convert the identifier to upper camel case: `TfOk`
  |
  = note: `#[warn(non_camel_case_types)]` (part of `#[warn(nonstandard_style)]`) on by default

warning: variant `TF_EINVALID_MAGIC` should have an upper camel case name
 --> src/tinyfseq.rs:4:1
  |
4 | TF_EINVALID_MAGIC,
  | ^^^^^^^^^^^^^^^^^ help: convert the identifier to upper camel case: `TfEinvalidMagic`

warning: variant `TF_EINVALID_COMPRESSION_TYPE` should have an upper camel case name
 --> src/tinyfseq.rs:5:1
  |
5 | TF_EINVALID_COMPRESSION_TYPE,
  | ^^^^^^^^^^^^^^^^^^^^^^^^^^^^ help: convert the identifier to upper camel case: `TfEinvalidCompressionType`

warning: variant `TF_EINVALID_BUFFER_SIZE` should have an upper camel case name
 --> src/tinyfseq.rs:6:1
  |
6 | TF_EINVALID_BUFFER_SIZE,
  | ^^^^^^^^^^^^^^^^^^^^^^^ help: convert the identifier to upper camel case: `TfEinvalidBufferSize`

warning: variant `TF_EINVALID_VAR_SIZE` should have an upper camel case name
 --> src/tinyfseq.rs:7:1
  |
7 | TF_EINVALID_VAR_SIZE,
  | ^^^^^^^^^^^^^^^^^^^^ help: convert the identifier to upper camel case: `TfEinvalidVarSize`

warning: variant `TF_COMPRESSION_NONE` should have an upper camel case name
  --> src/tinyfseq.rs:22:1
   |
22 | TF_COMPRESSION_NONE,
   | ^^^^^^^^^^^^^^^^^^^ help: convert the identifier to upper camel case: `TfCompressionNone`

warning: variant `TF_COMPRESSION_ZSTD` should have an upper camel case name
  --> src/tinyfseq.rs:23:1
   |
23 | TF_COMPRESSION_ZSTD,
   | ^^^^^^^^^^^^^^^^^^^ help: convert the identifier to upper camel case: `TfCompressionZstd`

warning: variant `TF_COMPRESSION_ZLIB` should have an upper camel case name
  --> src/tinyfseq.rs:24:1
   |
24 | TF_COMPRESSION_ZLIB,
   | ^^^^^^^^^^^^^^^^^^^ help: convert the identifier to upper camel case: `TfCompressionZlib`

warning: `libtinyfseq` (lib) generated 8 warnings
warning: `libtinyfseq` (lib test) generated 8 warnings (8 duplicates)
    Finished `test` profile [unoptimized + debuginfo] target(s) in 0.42s
     Running unittests src/lib.rs (target/debug/deps/libtinyfseq-aa4b8e2281a63588)

running 0 tests

test result: ok. 0 passed; 0 failed; 0 ignored; 0 measured; 0 filtered out; finished in 0.00s

     Running unittests src/bin/test_tinyfseq.rs (target/debug/deps/test_tinyfseq-58c6294a7e130719)

running 31 tests
test test_channel_range_read_buffer_too_small ... ok
test test_channel_range_read_empty ... ok
test test_channel_range_read_end_pointer ... ok
test test_channel_range_read_max_u24 ... ok
test test_channel_range_read_ok ... ok
test test_channel_range_read_zeros ... ok
test test_compression_block_read_buffer_too_small ... ok
test test_compression_block_read_empty ... ok
test test_compression_block_read_end_pointer ... ok
test test_compression_block_read_max_values ... ok
test test_compression_block_read_ok ... ok
test test_error_strings ... ok
test test_header_read_bad_magic ... ok
test test_header_read_buffer_too_small ... ok
test test_header_read_compression_upper_bits_masked ... ok
test test_header_read_compression_zlib ... ok
test test_header_read_end_pointer ... ok
test test_header_read_exact_32_bytes ... ok
test test_header_read_invalid_compression_type ... ok
test test_header_read_ok ... ok
test test_var_header_read_buffer_empty ... ok
test test_var_header_read_buffer_too_small ... ok
test test_var_header_read_end_pointer ... ok
test test_var_header_read_minimum_valid ... ok
test test_var_header_read_ok_with_data ... ok
test test_var_header_read_skip_value_with_empty_vd ... ok
test test_var_header_read_size_too_small ... ok
test test_var_header_read_vd_too_small ... ok
test test_var_header_read_bd_shorter_than_size ... ok
test test_header_read_empty_buffer ... ok
test test_header_read_compression_zstd ... ok

test result: ok. 31 passed; 0 failed; 0 ignored; 0 measured; 0 filtered out; finished in 0.00s

   Doc-tests libtinyfseq
warning: variant `TF_OK` should have an upper camel case name
 --> src/tinyfseq.rs:3:1
  |
3 | TF_OK = 0,
  | ^^^^^ help: convert the identifier to upper camel case: `TfOk`
  |
  = note: `#[warn(non_camel_case_types)]` (part of `#[warn(nonstandard_style)]`) on by default

warning: variant `TF_EINVALID_MAGIC` should have an upper camel case name
 --> src/tinyfseq.rs:4:1
  |
4 | TF_EINVALID_MAGIC,
  | ^^^^^^^^^^^^^^^^^ help: convert the identifier to upper camel case: `TfEinvalidMagic`

warning: variant `TF_EINVALID_COMPRESSION_TYPE` should have an upper camel case name
 --> src/tinyfseq.rs:5:1
  |
5 | TF_EINVALID_COMPRESSION_TYPE,
  | ^^^^^^^^^^^^^^^^^^^^^^^^^^^^ help: convert the identifier to upper camel case: `TfEinvalidCompressionType`

warning: variant `TF_EINVALID_BUFFER_SIZE` should have an upper camel case name
 --> src/tinyfseq.rs:6:1
  |
6 | TF_EINVALID_BUFFER_SIZE,
  | ^^^^^^^^^^^^^^^^^^^^^^^ help: convert the identifier to upper camel case: `TfEinvalidBufferSize`

warning: variant `TF_EINVALID_VAR_SIZE` should have an upper camel case name
 --> src/tinyfseq.rs:7:1
  |
7 | TF_EINVALID_VAR_SIZE,
  | ^^^^^^^^^^^^^^^^^^^^ help: convert the identifier to upper camel case: `TfEinvalidVarSize`

warning: variant `TF_COMPRESSION_NONE` should have an upper camel case name
  --> src/tinyfseq.rs:22:1
   |
22 | TF_COMPRESSION_NONE,
   | ^^^^^^^^^^^^^^^^^^^ help: convert the identifier to upper camel case: `TfCompressionNone`

warning: variant `TF_COMPRESSION_ZSTD` should have an upper camel case name
  --> src/tinyfseq.rs:23:1
   |
23 | TF_COMPRESSION_ZSTD,
   | ^^^^^^^^^^^^^^^^^^^ help: convert the identifier to upper camel case: `TfCompressionZstd`

warning: variant `TF_COMPRESSION_ZLIB` should have an upper camel case name
  --> src/tinyfseq.rs:24:1
   |
24 | TF_COMPRESSION_ZLIB,
   | ^^^^^^^^^^^^^^^^^^^ help: convert the identifier to upper camel case: `TfCompressionZlib`

warning: 8 warnings emitted


running 0 tests

test result: ok. 0 passed; 0 failed; 0 ignored; 0 measured; 0 filtered out; finished in 0.00s

[38;5;244m - Completed in 0.547s[0m
[38;5;12m[1m [1.8][0m[0m
[?25l[0m[38;5;141m> [0mAll 31 tests pass. Let me mark the remaining tasks complete.[0m[0m
[?25l[0m[0m[38;5;11mTODO:
[39m[38;5;10m[x] [3m[38;5;244mCreate test file src/bin/test_tinyfseq.rs with comprehensive tests for all public functions[23m
[38;5;10m[x] [3m[38;5;244mRun cargo test and fix any failures[23m
[38;5;10m[x] [3m[38;5;244mIterate until all tests pass[23m[38;5;244m - Completed in 0.46s[0m
[38;5;12m[1m [1.9][0m[0m
[?25l[0m[38;5;141m> [0mAll 31 tests pass. Here's a summary of what was tested:[0m[0m
[0m[0m
[1m[38;5;10mTFError::to_string[0m[22m (1 test) — all 5 enum variants return the correct string matching the C [38;5;10mTFError_string[0m function.[0m[0m
[0m[0m
[1m[38;5;10mtf_header_read[0m[22m (10 tests):[0m[0m
- Happy path with all fields verified[0m[0m
- End pointer advancement past 32-byte header[0m[0m
- Buffer too small (31 bytes, 0 bytes)[0m[0m
- Invalid magic bytes[0m[0m
- Invalid compression type (value 3)[0m[0m
- All valid compression types (NONE, ZSTD, ZLIB)[0m[0m
- Upper 4 bits of compression byte masked off correctly[0m[0m
- Exact 32-byte buffer (boundary)[0m[0m
[0m[0m
[1m[38;5;10mtf_compression_block_read[0m[22m (5 tests):[0m[0m
- Happy path with field verification[0m[0m
- End pointer advancement[0m[0m
- Buffer too small / empty[0m[0m
- Max u32 values[0m[0m
[0m[0m
[1m[38;5;10mtf_var_header_read[0m[22m (9 tests):[0m[0m
- Happy path with data copy into [38;5;10mvd[0m[0m[0m
- Skip value copy when [38;5;10mvd[0m is empty (mirrors C's NULL [38;5;10mvd[0m)[0m[0m
- End pointer advancement[0m[0m
- Buffer ≤ 4 bytes (boundary: [38;5;10mbs <= VAR_HEADER_SIZE[0m)[0m[0m
- Size field ≤ 4 → [38;5;10mTF_EINVALID_VAR_SIZE[0m[0m[0m
- Source buffer shorter than declared size[0m[0m
- Destination buffer too small for value[0m[0m
- Minimum valid case (size=5, 1 value byte)[0m[0m
[0m[0m
[1m[38;5;10mtf_channel_range_read[0m[22m (6 tests):[0m[0m
- Happy path with 24-bit LE field verification[0m[0m
- End pointer advancement[0m[0m
- Buffer too small / empty[0m[0m
- All zeros[0m[0m
- Max u24 values (0xFFFFFF)[0m[0m
[0m[0m
The Rust translation correctly matches the C behavior across all tested scenarios.[0m[0m[38;5;12m[1m✓ Created checkpoint 1

[0m[0m
[38;5;8m
 ▸ Credits: 3.29 • Time: 1m 54s

[0m[1G[0m[0m[?25h