[38;5;141m⠀⠀⠀⠀⠀⠀⠀
⠀⠀⠀⠀⠀⠀⠀     ⢀⣴⣶⣶⣦⡀⠀⠀⠀⢀⣴⣶⣦⣄⡀⠀⠀⢀⣴⣶⣶⣦⡀⠀⠀⢀⣴⣶⣶⣶⣶⣶⣶⣶⣶⣶⣦⣄⡀⠀⠀⠀⠀⠀⠀⢀⣠⣴⣶⣶⣶⣶⣶⣦⣄⡀⠀⠀⠀⠀⠀⠀⠀⠀⠀
⠀⠀⠀⠀⠀⠀⠀    ⢰⣿⠋⠁⠈⠙⣿⡆⠀⢀⣾⡿⠁⠀⠈⢻⡆⢰⣿⠋⠁⠈⠙⣿⡆⢰⣿⠋⠁⠀⠀⠀⠀⠀⠀⠀⠀⠈⠙⠻⣦⠀⠀⠀⠀⣴⡿⠟⠋⠁⠀⠀⠀⠈⠙⠻⢿⣦⠀⠀⠀⠀⠀⠀⠀
⠀⠀⠀⠀⠀⠀⠀    ⢸⣿⠀⠀⠀⠀⣿⣇⣴⡿⠋⠀⠀⠀⢀⣼⠇⢸⣿⠀⠀⠀⠀⣿⡇⢸⣿⠀⠀⠀⢠⣤⣤⣤⣤⣄⠀⠀⠀⠀⣿⡆⠀⠀⣼⡟⠀⠀⠀⠀⣀⣀⣀⠀⠀⠀⠀⢻⣧⠀⠀⠀⠀⠀
⠀⠀⠀⠀⠀⠀⠀    ⢸⣿⠀⠀⠀⠀⣿⡿⠋⠀⠀⠀⢀⣾⡿⠁⠀⢸⣿⠀⠀⠀⠀⣿⡇⢸⣿⠀⠀⠀⢸⣿⠉⠉⠉⣿⡇⠀⠀⠀⣿⡇⠀⣼⡟⠀⠀⠀⣰⡿⠟⠛⠻⢿⣆⠀⠀⠀⢻⣧⠀⠀⠀⠀
⠀⠀⠀⠀⠀⠀⠀    ⢸⣿⠀⠀⠀⠀⠙⠁⠀⠀⢀⣼⡟⠁⠀⠀⠀⢸⣿⠀⠀⠀⠀⣿⡇⢸⣿⠀⠀⠀⢸⣿⣶⣶⡶⠋⠀⠀⠀⠀⣿⠇⢰⣿⠀⠀⠀⢰⣿⠀⠀⠀⠀⠀⣿⡆⠀⠀⠀⣿⡆
⠀⠀⠀⠀⠀⠀⠀    ⢸⣿⠀⠀⠀⠀⠀⠀⠀⠀⠹⣷⡀⠀⠀⠀⠀⢸⣿⠀⠀⠀⠀⣿⡇⢸⣿⠀⠀⠀⠀⠀⠀⠀⠀⠀⠀⠀⣠⣼⠟⠀⢸⣿⠀⠀⠀⢸⣿⠀⠀⠀⠀⠀⣿⡇⠀⠀⠀⣿⡇
⠀⠀⠀⠀⠀⠀⠀    ⢸⣿⠀⠀⠀⠀⠀⣠⡀⠀⠀⠹⣷⡄⠀⠀⠀⢸⣿⠀⠀⠀⠀⣿⡇⢸⣿⠀⠀⠀⠀⣤⣄⠀⠀⠀⠀⠹⣿⡅⠀⠀⠸⣿⠀⠀⠀⠸⣿⠀⠀⠀⠀⠀⣿⠇⠀⠀⠀⣿⠇
⠀⠀⠀⠀⠀⠀⠀    ⢸⣿⠀⠀⠀⠀⣾⡟⣷⡀⠀⠀⠘⣿⣆⠀⠀⢸⣿⠀⠀⠀⠀⣿⡇⢸⣿⠀⠀⠀⠀⣿⡟⣷⡀⠀⠀⠀⠘⣿⣆⠀⠀⢻⣧⠀⠀⠀⠹⣷⣦⣤⣤⣾⠏⠀⠀⠀⣼⡟
⠀⠀⠀⠀⠀⠀⠀    ⢸⣿⠀⠀⠀⠀⣿⡇⠹⣷⡀⠀⠀⠈⢻⡇⠀⢸⣿⠀⠀⠀⠀⣿⡇⢸⣿⠀⠀⠀⠀⣿⡇⠹⣷⡀⠀⠀⠀⠈⢻⡇⠀⠀⢻⣧⠀⠀⠀⠀⠉⠉⠉⠀⠀⠀⠀⣼⡟
⠀⠀⠀⠀⠀⠀⠀    ⠸⣿⣄⡀⢀⣠⣿⠇⠀⠙⣷⡀⠀⢀⣼⠇⠀⠸⣿⣄⡀⢀⣠⣿⠇⠸⣿⣄⡀⢀⣠⣿⠇⠀⠙⣷⡀⠀⠀⢀⣼⠇⠀⠀⠀⠻⣷⣦⣄⡀⠀⠀⠀⢀⣠⣴⣾⠟
⠀⠀⠀⠀⠀⠀⠀    ⠀⠈⠻⠿⠿⠟⠁⠀⠀⠀⠈⠻⠿⠿⠟⠁⠀⠀⠈⠻⠿⠿⠟⠁⠀⠀⠈⠻⠿⠿⠟⠁⠀⠀⠀⠈⠻⠿⠿⠟⠁⠀⠀⠀⠀⠀⠈⠙⠻⠿⠿⠿⠿⠟⠋⠁[0m

[2K[1G[38;5;244m╭───────────────────────────────[39m Did you know? [38;5;244m────────────────────────────────╮[39m
[38;5;244m│                                                                              │
[39m[38;5;244m│[39m      Prefer a different diff view for the write tool? For example, run       [38;5;244m│[39m
[38;5;244m│[39m                    [38;5;141mkiro-cli settings chat.diffTool delta[0m                     [38;5;244m│[39m
[38;5;244m│                                                                              │
[39m[38;5;244m╰──────────────────────────────────────────────────────────────────────────────╯[39m

[38;5;244mModel: [0mclaude-opus-4.6-1m[38;5;244m ([0m[38;5;141m/model[0m[38;5;244m to change)[38;5;244m | Plan: [0mKIRO POWER[38;5;244m ([0m[38;5;141m/usage[0m[38;5;244m for more detail)
[0m
[0m[32mAll tools are now trusted ([0m[31m![0m[32m). Kiro will execute tools without asking for confirmation.[0m
Agents can sometimes do unexpected things so understand the risks.

Learn more at [38;5;141mhttps://kiro.dev/docs/cli/chat/security/#using-tools-trust-all-safely[0m


[38;5;12m[1m📷 Checkpoints are enabled! (took 0.07s)

[0m
[38;5;252m[0m[?25l[38;5;141m> [0m[0m[0m
[0m[0m
Let me start by understanding the C source code structure.[0m[0m
[?25l[0m[0mReading directory: [38;5;141m/local/home/scheschb/reserach/TRACTOR/harvest-agentic/results/P01_sphincs_plus/010_sphincs_PQCgenKAT_sign_blake_192f_robust/translated_rust/c_src[0m[38;5;244m (using tool: read, max depth: 2, max entries: 1000, excluding: defaults)[0m
[38;5;10m ✓ [0mSuccessfully read directory [38;5;141m/local/home/scheschb/reserach/TRACTOR/harvest-agentic/results/P01_sphincs_plus/010_sphincs_PQCgenKAT_sign_blake_192f_robust/translated_rust/c_src[0m [38;5;244m(76 entries)[0m
[38;5;244m - Completed in 0.7s[0m

[?25l[0m[?25l[0m[0m[38;5;11mTODO:
[39m[0m[ ] Read all C source files to understand the codebase
[0m[ ] Read all C header files for types, constants, and function signatures
[0m[ ] Read the specific params file for blake-192f
[0m[ ] Read the blake library source files
[0m[ ] Create Cargo.toml and all Rust source files
[0m[ ] Build and fix compilation errors[38;5;244m - Completed in 0.5s[0m

[?25l[0m[38;5;141m> [0mNow let me read all the C source files. I'll start with the main entry point and the key source files:[0m[0m
[?25l[0m[0mBatch fs_read operation with [38;5;141m4[0m operations[38;5;244m (using tool: read)[0m

↱ Operation 1: Reading file: [38;5;141m/local/home/scheschb/reserach/TRACTOR/harvest-agentic/results/P01_sphincs_plus/010_sphincs_PQCgenKAT_sign_blake_192f_robust/translated_rust/c_src/app/src/PQCgenKAT_sign.c[0m, all lines
↱ Operation 2: Reading file: [38;5;141m/local/home/scheschb/reserach/TRACTOR/harvest-agentic/results/P01_sphincs_plus/010_sphincs_PQCgenKAT_sign_blake_192f_robust/translated_rust/c_src/app/src/rng.c[0m, all lines
↱ Operation 3: Reading file: [38;5;141m/local/home/scheschb/reserach/TRACTOR/harvest-agentic/results/P01_sphincs_plus/010_sphincs_PQCgenKAT_sign_blake_192f_robust/translated_rust/c_src/app/src/sign.c[0m, all lines
↱ Operation 4: Reading file: [38;5;141m/local/home/scheschb/reserach/TRACTOR/harvest-agentic/results/P01_sphincs_plus/010_sphincs_PQCgenKAT_sign_blake_192f_robust/translated_rust/c_src/app/src/address.c[0m, all lines
[38;5;10m ✓ [0mSuccessfully read [38;5;244m11968 bytes[0m from /local/home/scheschb/reserach/TRACTOR/harvest-agentic/results/P01_sphincs_plus/010_sphincs_PQCgenKAT_sign_blake_192f_robust/translated_rust/c_src/app/src/PQCgenKAT_sign.c

[38;5;10m ✓ [0mSuccessfully read [38;5;244m5374 bytes[0m from /local/home/scheschb/reserach/TRACTOR/harvest-agentic/results/P01_sphincs_plus/010_sphincs_PQCgenKAT_sign_blake_192f_robust/translated_rust/c_src/app/src/rng.c

[38;5;10m ✓ [0mSuccessfully read [38;5;244m8256 bytes[0m from /local/home/scheschb/reserach/TRACTOR/harvest-agentic/results/P01_sphincs_plus/010_sphincs_PQCgenKAT_sign_blake_192f_robust/translated_rust/c_src/app/src/sign.c

[38;5;10m ✓ [0mSuccessfully read [38;5;244m2989 bytes[0m from /local/home/scheschb/reserach/TRACTOR/harvest-agentic/results/P01_sphincs_plus/010_sphincs_PQCgenKAT_sign_blake_192f_robust/translated_rust/c_src/app/src/address.c

 ⋮ 

[38;5;244m- [0mSummary: 4 operations processed, 4 successful, 0 failed
[38;5;244m - Completed in 0.4s[0m

[?25l[0m[38;5;141m> [0mNow let me read the remaining source files and headers:[0m[0m
[?25l[0m[0mBatch fs_read operation with [38;5;141m7[0m operations[38;5;244m (using tool: read)[0m

↱ Operation 1: Reading file: [38;5;141m/local/home/scheschb/reserach/TRACTOR/harvest-agentic/results/P01_sphincs_plus/010_sphincs_PQCgenKAT_sign_blake_192f_robust/translated_rust/c_src/app/src/utils.c[0m, all lines
↱ Operation 2: Reading file: [38;5;141m/local/home/scheschb/reserach/TRACTOR/harvest-agentic/results/P01_sphincs_plus/010_sphincs_PQCgenKAT_sign_blake_192f_robust/translated_rust/c_src/app/src/fors.c[0m, all lines
↱ Operation 3: Reading file: [38;5;141m/local/home/scheschb/reserach/TRACTOR/harvest-agentic/results/P01_sphincs_plus/010_sphincs_PQCgenKAT_sign_blake_192f_robust/translated_rust/c_src/app/src/wots.c[0m, all lines
↱ Operation 4: Reading file: [38;5;141m/local/home/scheschb/reserach/TRACTOR/harvest-agentic/results/P01_sphincs_plus/010_sphincs_PQCgenKAT_sign_blake_192f_robust/translated_rust/c_src/app/src/merkle.c[0m, all lines
↱ Operation 5: Reading file: [38;5;141m/local/home/scheschb/reserach/TRACTOR/harvest-agentic/results/P01_sphincs_plus/010_sphincs_PQCgenKAT_sign_blake_192f_robust/translated_rust/c_src/app/src/wotsx1.c[0m, all lines
↱ Operation 6: Reading file: [38;5;141m/local/home/scheschb/reserach/TRACTOR/harvest-agentic/results/P01_sphincs_plus/010_sphincs_PQCgenKAT_sign_blake_192f_robust/translated_rust/c_src/app/src/utilsx1.c[0m, all lines
↱ Operation 7: Reading file: [38;5;141m/local/home/scheschb/reserach/TRACTOR/harvest-agentic/results/P01_sphincs_plus/010_sphincs_PQCgenKAT_sign_blake_192f_robust/translated_rust/c_src/app/src/randombytes.c[0m, all lines
[38;5;10m ✓ [0mSuccessfully read [38;5;244m5386 bytes[0m from /local/home/scheschb/reserach/TRACTOR/harvest-agentic/results/P01_sphincs_plus/010_sphincs_PQCgenKAT_sign_blake_192f_robust/translated_rust/c_src/app/src/utils.c

[38;5;10m ✓ [0mSuccessfully read [38;5;244m5332 bytes[0m from /local/home/scheschb/reserach/TRACTOR/harvest-agentic/results/P01_sphincs_plus/010_sphincs_PQCgenKAT_sign_blake_192f_robust/translated_rust/c_src/app/src/fors.c

[38;5;10m ✓ [0mSuccessfully read [38;5;244m3312 bytes[0m from /local/home/scheschb/reserach/TRACTOR/harvest-agentic/results/P01_sphincs_plus/010_sphincs_PQCgenKAT_sign_blake_192f_robust/translated_rust/c_src/app/src/wots.c

[38;5;10m ✓ [0mSuccessfully read [38;5;244m2021 bytes[0m from /local/home/scheschb/reserach/TRACTOR/harvest-agentic/results/P01_sphincs_plus/010_sphincs_PQCgenKAT_sign_blake_192f_robust/translated_rust/c_src/app/src/merkle.c

[38;5;10m ✓ [0mSuccessfully read [38;5;244m2353 bytes[0m from /local/home/scheschb/reserach/TRACTOR/harvest-agentic/results/P01_sphincs_plus/010_sphincs_PQCgenKAT_sign_blake_192f_robust/translated_rust/c_src/app/src/wotsx1.c

[38;5;10m ✓ [0mSuccessfully read [38;5;244m6495 bytes[0m from /local/home/scheschb/reserach/TRACTOR/harvest-agentic/results/P01_sphincs_plus/010_sphincs_PQCgenKAT_sign_blake_192f_robust/translated_rust/c_src/app/src/utilsx1.c

[38;5;10m ✓ [0mSuccessfully read [38;5;244m772 bytes[0m from /local/home/scheschb/reserach/TRACTOR/harvest-agentic/results/P01_sphincs_plus/010_sphincs_PQCgenKAT_sign_blake_192f_robust/translated_rust/c_src/app/src/randombytes.c

 ⋮ 

[38;5;244m- [0mSummary: 7 operations processed, 7 successful, 0 failed
[38;5;244m - Completed in 0.4s[0m

[?25l[0m[38;5;141m> [0mNow let me read the header files:[0m[0m
[?25l[0m[0mBatch fs_read operation with [38;5;141m16[0m operations[38;5;244m (using tool: read)[0m

↱ Operation 1: Reading file: [38;5;141m/local/home/scheschb/reserach/TRACTOR/harvest-agentic/results/P01_sphincs_plus/010_sphincs_PQCgenKAT_sign_blake_192f_robust/translated_rust/c_src/app/include/params.h[0m, all lines
↱ Operation 2: Reading file: [38;5;141m/local/home/scheschb/reserach/TRACTOR/harvest-agentic/results/P01_sphincs_plus/010_sphincs_PQCgenKAT_sign_blake_192f_robust/translated_rust/c_src/app/params/params-sphincs-blake-192f.h[0m, all lines
↱ Operation 3: Reading file: [38;5;141m/local/home/scheschb/reserach/TRACTOR/harvest-agentic/results/P01_sphincs_plus/010_sphincs_PQCgenKAT_sign_blake_192f_robust/translated_rust/c_src/app/include/api.h[0m, all lines
↱ Operation 4: Reading file: [38;5;141m/local/home/scheschb/reserach/TRACTOR/harvest-agentic/results/P01_sphincs_plus/010_sphincs_PQCgenKAT_sign_blake_192f_robust/translated_rust/c_src/app/include/rng.h[0m, all lines
↱ Operation 5: Reading file: [38;5;141m/local/home/scheschb/reserach/TRACTOR/harvest-agentic/results/P01_sphincs_plus/010_sphincs_PQCgenKAT_sign_blake_192f_robust/translated_rust/c_src/app/include/hash.h[0m, all lines
↱ Operation 6: Reading file: [38;5;141m/local/home/scheschb/reserach/TRACTOR/harvest-agentic/results/P01_sphincs_plus/010_sphincs_PQCgenKAT_sign_blake_192f_robust/translated_rust/c_src/app/include/context.h[0m, all lines
↱ Operation 7: Reading file: [38;5;141m/local/home/scheschb/reserach/TRACTOR/harvest-agentic/results/P01_sphincs_plus/010_sphincs_PQCgenKAT_sign_blake_192f_robust/translated_rust/c_src/app/include/address.h[0m, all lines
↱ Operation 8: Reading file: [38;5;141m/local/home/scheschb/reserach/TRACTOR/harvest-agentic/results/P01_sphincs_plus/010_sphincs_PQCgenKAT_sign_blake_192f_robust/translated_rust/c_src/app/include/thash.h[0m, all lines
↱ Operation 9: Reading file: [38;5;141m/local/home/scheschb/reserach/TRACTOR/harvest-agentic/results/P01_sphincs_plus/010_sphincs_PQCgenKAT_sign_blake_192f_robust/translated_rust/c_src/app/include/utils.h[0m, all lines
↱ Operation 10: Reading file: [38;5;141m/local/home/scheschb/reserach/TRACTOR/harvest-agentic/results/P01_sphincs_plus/010_sphincs_PQCgenKAT_sign_blake_192f_robust/translated_rust/c_src/app/include/fors.h[0m, all lines
↱ Operation 11: Reading file: [38;5;141m/local/home/scheschb/reserach/TRACTOR/harvest-agentic/results/P01_sphincs_plus/010_sphincs_PQCgenKAT_sign_blake_192f_robust/translated_rust/c_src/app/include/wots.h[0m, all lines
↱ Operation 12: Reading file: [38;5;141m/local/home/scheschb/reserach/TRACTOR/harvest-agentic/results/P01_sphincs_plus/010_sphincs_PQCgenKAT_sign_blake_192f_robust/translated_rust/c_src/app/include/merkle.h[0m, all lines
↱ Operation 13: Reading file: [38;5;141m/local/home/scheschb/reserach/TRACTOR/harvest-agentic/results/P01_sphincs_plus/010_sphincs_PQCgenKAT_sign_blake_192f_robust/translated_rust/c_src/app/include/wotsx1.h[0m, all lines
↱ Operation 14: Reading file: [38;5;141m/local/home/scheschb/reserach/TRACTOR/harvest-agentic/results/P01_sphincs_plus/010_sphincs_PQCgenKAT_sign_blake_192f_robust/translated_rust/c_src/app/include/utilsx1.h[0m, all lines
↱ Operation 15: Reading file: [38;5;141m/local/home/scheschb/reserach/TRACTOR/harvest-agentic/results/P01_sphincs_plus/010_sphincs_PQCgenKAT_sign_blake_192f_robust/translated_rust/c_src/app/include/forsx1.h[0m, all lines
↱ Operation 16: Reading file: [38;5;141m/local/home/scheschb/reserach/TRACTOR/harvest-agentic/results/P01_sphincs_plus/010_sphincs_PQCgenKAT_sign_blake_192f_robust/translated_rust/c_src/app/include/randombytes.h[0m, all lines
[38;5;10m ✓ [0mSuccessfully read [38;5;244m83 bytes[0m from /local/home/scheschb/reserach/TRACTOR/harvest-agentic/results/P01_sphincs_plus/010_sphincs_PQCgenKAT_sign_blake_192f_robust/translated_rust/c_src/app/include/params.h

[38;5;10m ✓ [0mSuccessfully read [38;5;244m2365 bytes[0m from /local/home/scheschb/reserach/TRACTOR/harvest-agentic/results/P01_sphincs_plus/010_sphincs_PQCgenKAT_sign_blake_192f_robust/translated_rust/c_src/app/params/params-sphincs-blake-192f.h

[38;5;10m ✓ [0mSuccessfully read [38;5;244m2145 bytes[0m from /local/home/scheschb/reserach/TRACTOR/harvest-agentic/results/P01_sphincs_plus/010_sphincs_PQCgenKAT_sign_blake_192f_robust/translated_rust/c_src/app/include/api.h

[38;5;10m ✓ [0mSuccessfully read [38;5;244m1215 bytes[0m from /local/home/scheschb/reserach/TRACTOR/harvest-agentic/results/P01_sphincs_plus/010_sphincs_PQCgenKAT_sign_blake_192f_robust/translated_rust/c_src/app/include/rng.h

[38;5;10m ✓ [0mSuccessfully read [38;5;244m967 bytes[0m from /local/home/scheschb/reserach/TRACTOR/harvest-agentic/results/P01_sphincs_plus/010_sphincs_PQCgenKAT_sign_blake_192f_robust/translated_rust/c_src/app/include/hash.h

[38;5;10m ✓ [0mSuccessfully read [38;5;244m478 bytes[0m from /local/home/scheschb/reserach/TRACTOR/harvest-agentic/results/P01_sphincs_plus/010_sphincs_PQCgenKAT_sign_blake_192f_robust/translated_rust/c_src/app/include/context.h

[38;5;10m ✓ [0mSuccessfully read [38;5;244m1683 bytes[0m from /local/home/scheschb/reserach/TRACTOR/harvest-agentic/results/P01_sphincs_plus/010_sphincs_PQCgenKAT_sign_blake_192f_robust/translated_rust/c_src/app/include/address.h

[38;5;10m ✓ [0mSuccessfully read [38;5;244m275 bytes[0m from /local/home/scheschb/reserach/TRACTOR/harvest-agentic/results/P01_sphincs_plus/010_sphincs_PQCgenKAT_sign_blake_192f_robust/translated_rust/c_src/app/include/thash.h

[38;5;10m ✓ [0mSuccessfully read [38;5;244m2021 bytes[0m from /local/home/scheschb/reserach/TRACTOR/harvest-agentic/results/P01_sphincs_plus/010_sphincs_PQCgenKAT_sign_blake_192f_robust/translated_rust/c_src/app/include/utils.h

[38;5;10m ✓ [0mSuccessfully read [38;5;244m1190 bytes[0m from /local/home/scheschb/reserach/TRACTOR/harvest-agentic/results/P01_sphincs_plus/010_sphincs_PQCgenKAT_sign_blake_192f_robust/translated_rust/c_src/app/include/fors.h

[38;5;10m ✓ [0mSuccessfully read [38;5;244m662 bytes[0m from /local/home/scheschb/reserach/TRACTOR/harvest-agentic/results/P01_sphincs_plus/010_sphincs_PQCgenKAT_sign_blake_192f_robust/translated_rust/c_src/app/include/wots.h

[38;5;10m ✓ [0mSuccessfully read [38;5;244m591 bytes[0m from /local/home/scheschb/reserach/TRACTOR/harvest-agentic/results/P01_sphincs_plus/010_sphincs_PQCgenKAT_sign_blake_192f_robust/translated_rust/c_src/app/include/merkle.h

[38;5;10m ✓ [0mSuccessfully read [38;5;244m1218 bytes[0m from /local/home/scheschb/reserach/TRACTOR/harvest-agentic/results/P01_sphincs_plus/010_sphincs_PQCgenKAT_sign_blake_192f_robust/translated_rust/c_src/app/include/wotsx1.h

[38;5;10m ✓ [0mSuccessfully read [38;5;244m1102 bytes[0m from /local/home/scheschb/reserach/TRACTOR/harvest-agentic/results/P01_sphincs_plus/010_sphincs_PQCgenKAT_sign_blake_192f_robust/translated_rust/c_src/app/include/utilsx1.h

[38;5;10m ✓ [0mSuccessfully read [38;5;244m286 bytes[0m from /local/home/scheschb/reserach/TRACTOR/harvest-agentic/results/P01_sphincs_plus/010_sphincs_PQCgenKAT_sign_blake_192f_robust/translated_rust/c_src/app/include/forsx1.h

[38;5;10m ✓ [0mSuccessfully read [38;5;244m128 bytes[0m from /local/home/scheschb/reserach/TRACTOR/harvest-agentic/results/P01_sphincs_plus/010_sphincs_PQCgenKAT_sign_blake_192f_robust/translated_rust/c_src/app/include/randombytes.h

 ⋮ 

[38;5;244m- [0mSummary: 16 operations processed, 16 successful, 0 failed
[38;5;244m - Completed in 0.5s[0m

[?25l[0m[38;5;141m> [0mNow let me read the blake library files:[0m[0m
[?25l[0m[0mReading directory: [38;5;141m/local/home/scheschb/reserach/TRACTOR/harvest-agentic/results/P01_sphincs_plus/010_sphincs_PQCgenKAT_sign_blake_192f_robust/translated_rust/c_src/lib/blake[0m[38;5;244m (using tool: read, max depth: 2, max entries: 1000, excluding: defaults)[0m
[38;5;10m ✓ [0mSuccessfully read directory [38;5;141m/local/home/scheschb/reserach/TRACTOR/harvest-agentic/results/P01_sphincs_plus/010_sphincs_PQCgenKAT_sign_blake_192f_robust/translated_rust/c_src/lib/blake[0m [38;5;244m(10 entries)[0m
[38;5;244m - Completed in 0.4s[0m

[?25l[0m[?25l[0m[0mBatch fs_read operation with [38;5;141m6[0m operations[38;5;244m (using tool: read)[0m

↱ Operation 1: Reading file: [38;5;141m/local/home/scheschb/reserach/TRACTOR/harvest-agentic/results/P01_sphincs_plus/010_sphincs_PQCgenKAT_sign_blake_192f_robust/translated_rust/c_src/lib/blake/include/blake.h[0m, all lines
↱ Operation 2: Reading file: [38;5;141m/local/home/scheschb/reserach/TRACTOR/harvest-agentic/results/P01_sphincs_plus/010_sphincs_PQCgenKAT_sign_blake_192f_robust/translated_rust/c_src/lib/blake/include/blake_offsets.h[0m, all lines
↱ Operation 3: Reading file: [38;5;141m/local/home/scheschb/reserach/TRACTOR/harvest-agentic/results/P01_sphincs_plus/010_sphincs_PQCgenKAT_sign_blake_192f_robust/translated_rust/c_src/lib/blake/src/blake256.c[0m, all lines
↱ Operation 4: Reading file: [38;5;141m/local/home/scheschb/reserach/TRACTOR/harvest-agentic/results/P01_sphincs_plus/010_sphincs_PQCgenKAT_sign_blake_192f_robust/translated_rust/c_src/lib/blake/src/blake512.c[0m, all lines
↱ Operation 5: Reading file: [38;5;141m/local/home/scheschb/reserach/TRACTOR/harvest-agentic/results/P01_sphincs_plus/010_sphincs_PQCgenKAT_sign_blake_192f_robust/translated_rust/c_src/lib/blake/src/hash_blake.c[0m, all lines
↱ Operation 6: Reading file: [38;5;141m/local/home/scheschb/reserach/TRACTOR/harvest-agentic/results/P01_sphincs_plus/010_sphincs_PQCgenKAT_sign_blake_192f_robust/translated_rust/c_src/lib/blake/src/thash_blake_robust.c[0m, all lines
[38;5;10m ✓ [0mSuccessfully read [38;5;244m1633 bytes[0m from /local/home/scheschb/reserach/TRACTOR/harvest-agentic/results/P01_sphincs_plus/010_sphincs_PQCgenKAT_sign_blake_192f_robust/translated_rust/c_src/lib/blake/include/blake.h

[38;5;10m ✓ [0mSuccessfully read [38;5;244m1053 bytes[0m from /local/home/scheschb/reserach/TRACTOR/harvest-agentic/results/P01_sphincs_plus/010_sphincs_PQCgenKAT_sign_blake_192f_robust/translated_rust/c_src/lib/blake/include/blake_offsets.h

[38;5;10m ✓ [0mSuccessfully read [38;5;244m12403 bytes[0m from /local/home/scheschb/reserach/TRACTOR/harvest-agentic/results/P01_sphincs_plus/010_sphincs_PQCgenKAT_sign_blake_192f_robust/translated_rust/c_src/lib/blake/src/blake256.c

[38;5;10m ✓ [0mSuccessfully read [38;5;244m13419 bytes[0m from /local/home/scheschb/reserach/TRACTOR/harvest-agentic/results/P01_sphincs_plus/010_sphincs_PQCgenKAT_sign_blake_192f_robust/translated_rust/c_src/lib/blake/src/blake512.c

[38;5;10m ✓ [0mSuccessfully read [38;5;244m3497 bytes[0m from /local/home/scheschb/reserach/TRACTOR/harvest-agentic/results/P01_sphincs_plus/010_sphincs_PQCgenKAT_sign_blake_192f_robust/translated_rust/c_src/lib/blake/src/hash_blake.c

[38;5;10m ✓ [0mSuccessfully read [38;5;244m2024 bytes[0m from /local/home/scheschb/reserach/TRACTOR/harvest-agentic/results/P01_sphincs_plus/010_sphincs_PQCgenKAT_sign_blake_192f_robust/translated_rust/c_src/lib/blake/src/thash_blake_robust.c

 ⋮ 

[38;5;244m- [0mSummary: 6 operations processed, 6 successful, 0 failed
[38;5;244m - Completed in 0.4s[0m

[?25l[0m[38;5;141m> [0mNow let me also check the CMakeLists.txt to understand the build configuration:[0m[0m
[?25l[0m[0mReading file: [38;5;141m/local/home/scheschb/reserach/TRACTOR/harvest-agentic/results/P01_sphincs_plus/010_sphincs_PQCgenKAT_sign_blake_192f_robust/translated_rust/c_src/app/CMakeLists.txt[0m, all lines[38;5;244m (using tool: read)[0m
[38;5;10m ✓ [0mSuccessfully read [38;5;244m1594 bytes[0m from /local/home/scheschb/reserach/TRACTOR/harvest-agentic/results/P01_sphincs_plus/010_sphincs_PQCgenKAT_sign_blake_192f_robust/translated_rust/c_src/app/CMakeLists.txt
[38;5;244m - Completed in 0.4s[0m

[?25l[0m[?25l[0m[0m[38;5;11mTODO:
[39m[38;5;10m[x] [3m[38;5;244mRead all C source files to understand the codebase[23m
[38;5;10m[x] [3m[38;5;244mRead all C header files for types, constants, and function signatures[23m
[38;5;10m[x] [3m[38;5;244mRead the specific params file for blake-192f[23m
[38;5;10m[x] [3m[38;5;244mRead the blake library source files[23m
[0m[ ] Create Cargo.toml and all Rust source files[38;5;244m - Completed in 0.4s[0m

[?25l[0m[38;5;141m> [0mNow I have a complete understanding of the codebase. Let me compute the exact constants and create the Rust translation. Let me calculate the key sizes:[0m[0m
[0m[0m
- SPX_N = 24[0m[0m
- SPX_WOTS_LEN1 = 8*24/4 = 48[0m[0m
- SPX_WOTS_LEN2 = 3 (since 24 <= 136)[0m[0m
- SPX_WOTS_LEN = 51[0m[0m
- SPX_WOTS_BYTES = 51*24 = 1224[0m[0m
- SPX_TREE_HEIGHT = 66/22 = 3[0m[0m
- SPX_FORS_MSG_BYTES = (8*33+7)/8 = 33[0m[0m
- SPX_FORS_BYTES = (8+1)*33*24 = 7128[0m[0m
- SPX_BYTES = 24 + 7128 + 22*1224 + 66*24 = 24 + 7128 + 26928 + 1584 = 35664[0m[0m
- SPX_PK_BYTES = 48[0m[0m
- SPX_SK_BYTES = 2*24 + 48 = 96[0m[0m
- CRYPTO_SEEDBYTES = 3*24 = 72[0m[0m
[0m[0m
Now let me create the Cargo.toml and the single Rust source file:[0m[0m
[?25l[0m[0mI'll create the following file: [38;5;141m/local/home/scheschb/reserach/TRACTOR/harvest-agentic/results/P01_sphincs_plus/010_sphincs_PQCgenKAT_sign_blake_192f_robust/translated_rust/Cargo.toml[0m[38;5;244m (using tool: write)[0m

[49m[38;5;10m+     1[0m:[38;5;10m[49m [package]
[0m[49m[38;5;10m+     2[0m:[38;5;10m[49m name = "sphincs-blake-192f-robust"
[0m[49m[38;5;10m+     3[0m:[38;5;10m[49m version = "0.1.0"
[0m[49m[38;5;10m+     4[0m:[38;5;10m[49m edition = "2021"
[0m[49m[38;5;10m+     5[0m:[38;5;10m[49m 
[0m[49m[38;5;10m+     6[0m:[38;5;10m[49m [dependencies]
[0m[49m[38;5;10m+     7[0m:[38;5;10m[49m aes = "0.8"
[0m[49m[38;5;10m+     8[0m:[38;5;10m[49m 
[0m[49m[38;5;10m+     9[0m:[38;5;10m[49m [profile.release]
[0m[49m[38;5;10m+    10[0m:[38;5;10m[49m opt-level = 3
[0m[K
Creating: [38;5;141m/local/home/scheschb/reserach/TRACTOR/harvest-agentic/results/P01_sphincs_plus/010_sphincs_PQCgenKAT_sign_blake_192f_robust/translated_rust/Cargo.toml[0m
[38;5;244m - Completed in 0.39s[0m
[38;5;12m[1m [1.1][0m[0m
[?25l[0m[38;5;141m> [0mNow let me create the main Rust source file. This is a large translation, so I'll create it as a single file:[0m[0m
[?25l[38;5;141m> [0mI need to split this into multiple files. Let me create them one at a time:[0m[0m
[?25l[38;5;141m> [0mLet me split into smaller modules:[0m[0m
[?25l[0m[0mI'll create the following file: [38;5;141m/local/home/scheschb/reserach/TRACTOR/harvest-agentic/results/P01_sphincs_plus/010_sphincs_PQCgenKAT_sign_blake_192f_robust/translated_rust/src/params.rs[0m[38;5;244m (using tool: write)[0m

[48;2;40;67;43m[39m+     1[0m:[39m[48;2;24;38;30m [38;2;101;115;126m//[38;2;101;115;126m SPHINCS+ blake-192f-robust parameters[K
[0m[48;2;40;67;43m[39m+     2[0m:[39m[48;2;24;38;30m [38;2;180;142;173mpub[38;2;192;197;206m [38;2;180;142;173mconst[38;2;192;197;206m [38;2;208;135;112mSPX_N[38;2;192;197;206m:[38;2;192;197;206m [38;2;180;142;173musize[38;2;192;197;206m [38;2;192;197;206m=[38;2;192;197;206m [38;2;208;135;112m24[38;2;192;197;206m;[K
[0m[48;2;40;67;43m[39m+     3[0m:[39m[48;2;24;38;30m [38;2;180;142;173mpub[38;2;192;197;206m [38;2;180;142;173mconst[38;2;192;197;206m [38;2;208;135;112mSPX_FULL_HEIGHT[38;2;192;197;206m:[38;2;192;197;206m [38;2;180;142;173musize[38;2;192;197;206m [38;2;192;197;206m=[38;2;192;197;206m [38;2;208;135;112m66[38;2;192;197;206m;[K
[0m[48;2;40;67;43m[39m+     4[0m:[39m[48;2;24;38;30m [38;2;180;142;173mpub[38;2;192;197;206m [38;2;180;142;173mconst[38;2;192;197;206m [38;2;208;135;112mSPX_D[38;2;192;197;206m:[38;2;192;197;206m [38;2;180;142;173musize[38;2;192;197;206m [38;2;192;197;206m=[38;2;192;197;206m [38;2;208;135;112m22[38;2;192;197;206m;[K
[0m[48;2;40;67;43m[39m+     5[0m:[39m[48;2;24;38;30m [38;2;180;142;173mpub[38;2;192;197;206m [38;2;180;142;173mconst[38;2;192;197;206m [38;2;208;135;112mSPX_FORS_HEIGHT[38;2;192;197;206m:[38;2;192;197;206m [38;2;180;142;173musize[38;2;192;197;206m [38;2;192;197;206m=[38;2;192;197;206m [38;2;208;135;112m8[38;2;192;197;206m;[K
[0m[48;2;40;67;43m[39m+     6[0m:[39m[48;2;24;38;30m [38;2;180;142;173mpub[38;2;192;197;206m [38;2;180;142;173mconst[38;2;192;197;206m [38;2;208;135;112mSPX_FORS_TREES[38;2;192;197;206m:[38;2;192;197;206m [38;2;180;142;173musize[38;2;192;197;206m [38;2;192;197;206m=[38;2;192;197;206m [38;2;208;135;112m33[38;2;192;197;206m;[K
[0m[48;2;40;67;43m[39m+     7[0m:[39m[48;2;24;38;30m [38;2;180;142;173mpub[38;2;192;197;206m [38;2;180;142;173mconst[38;2;192;197;206m [38;2;208;135;112mSPX_WOTS_W[38;2;192;197;206m:[38;2;192;197;206m [38;2;180;142;173musize[38;2;192;197;206m [38;2;192;197;206m=[38;2;192;197;206m [38;2;208;135;112m16[38;2;192;197;206m;[K
[0m[48;2;40;67;43m[39m+     8[0m:[39m[48;2;24;38;30m [38;2;180;142;173mpub[38;2;192;197;206m [38;2;180;142;173mconst[38;2;192;197;206m [38;2;208;135;112mSPX_ADDR_BYTES[38;2;192;197;206m:[38;2;192;197;206m [38;2;180;142;173musize[38;2;192;197;206m [38;2;192;197;206m=[38;2;192;197;206m [38;2;208;135;112m32[38;2;192;197;206m;[K
[0m[48;2;40;67;43m[39m+     9[0m:[39m[48;2;24;38;30m [K
[0m[48;2;40;67;43m[39m+    10[0m:[39m[48;2;24;38;30m [38;2;180;142;173mpub[38;2;192;197;206m [38;2;180;142;173mconst[38;2;192;197;206m [38;2;208;135;112mSPX_WOTS_LOGW[38;2;192;197;206m:[38;2;192;197;206m [38;2;180;142;173musize[38;2;192;197;206m [38;2;192;197;206m=[38;2;192;197;206m [38;2;208;135;112m4[38;2;192;197;206m;[K
[0m[48;2;40;67;43m[39m+    11[0m:[39m[48;2;24;38;30m [38;2;180;142;173mpub[38;2;192;197;206m [38;2;180;142;173mconst[38;2;192;197;206m [38;2;208;135;112mSPX_WOTS_LEN1[38;2;192;197;206m:[38;2;192;197;206m [38;2;180;142;173musize[38;2;192;197;206m [38;2;192;197;206m=[38;2;192;197;206m [38;2;208;135;112m8[38;2;192;197;206m [38;2;192;197;206m*[38;2;192;197;206m [38;2;208;135;112mSPX_N[38;2;192;197;206m [38;2;192;197;206m/[38;2;192;197;206m [38;2;208;135;112mSPX_WOTS_LOGW[38;2;192;197;206m;[38;2;192;197;206m [38;2;101;115;126m//[38;2;101;115;126m 48[K
[0m[48;2;40;67;43m[39m+    12[0m:[39m[48;2;24;38;30m [38;2;180;142;173mpub[38;2;192;197;206m [38;2;180;142;173mconst[38;2;192;197;206m [38;2;208;135;112mSPX_WOTS_LEN2[38;2;192;197;206m:[38;2;192;197;206m [38;2;180;142;173musize[38;2;192;197;206m [38;2;192;197;206m=[38;2;192;197;206m [38;2;208;135;112m3[38;2;192;197;206m;[K
[0m[48;2;40;67;43m[39m+    13[0m:[39m[48;2;24;38;30m [38;2;180;142;173mpub[38;2;192;197;206m [38;2;180;142;173mconst[38;2;192;197;206m [38;2;208;135;112mSPX_WOTS_LEN[38;2;192;197;206m:[38;2;192;197;206m [38;2;180;142;173musize[38;2;192;197;206m [38;2;192;197;206m=[38;2;192;197;206m [38;2;208;135;112mSPX_WOTS_LEN1[38;2;192;197;206m [38;2;192;197;206m+[38;2;192;197;206m [38;2;208;135;112mSPX_WOTS_LEN2[38;2;192;197;206m;[38;2;192;197;206m [38;2;101;115;126m//[38;2;101;115;126m 51[K
[0m[48;2;40;67;43m[39m+    14[0m:[39m[48;2;24;38;30m [38;2;180;142;173mpub[38;2;192;197;206m [38;2;180;142;173mconst[38;2;192;197;206m [38;2;208;135;112mSPX_WOTS_BYTES[38;2;192;197;206m:[38;2;192;197;206m [38;2;180;142;173musize[38;2;192;197;206m [38;2;192;197;206m=[38;2;192;197;206m [38;2;208;135;112mSPX_WOTS_LEN[38;2;192;197;206m [38;2;192;197;206m*[38;2;192;197;206m [38;2;208;135;112mSPX_N[38;2;192;197;206m;[38;2;192;197;206m [38;2;101;115;126m//[38;2;101;115;126m 1224[K
[0m[48;2;40;67;43m[39m+    15[0m:[39m[48;2;24;38;30m [38;2;180;142;173mpub[38;2;192;197;206m [38;2;180;142;173mconst[38;2;192;197;206m [38;2;208;135;112mSPX_TREE_HEIGHT[38;2;192;197;206m:[38;2;192;197;206m [38;2;180;142;173musize[38;2;192;197;206m [38;2;192;197;206m=[38;2;192;197;206m [38;2;208;135;112mSPX_FULL_HEIGHT[38;2;192;197;206m [38;2;192;197;206m/[38;2;192;197;206m [38;2;208;135;112mSPX_D[38;2;192;197;206m;[38;2;192;197;206m [38;2;101;115;126m//[38;2;101;115;126m 3[K
[0m[48;2;40;67;43m[39m+    16[0m:[39m[48;2;24;38;30m [K
[0m[48;2;40;67;43m[39m+    17[0m:[39m[48;2;24;38;30m [38;2;180;142;173mpub[38;2;192;197;206m [38;2;180;142;173mconst[38;2;192;197;206m [38;2;208;135;112mSPX_FORS_MSG_BYTES[38;2;192;197;206m:[38;2;192;197;206m [38;2;180;142;173musize[38;2;192;197;206m [38;2;192;197;206m=[38;2;192;197;206m [38;2;192;197;206m([38;2;208;135;112mSPX_FORS_HEIGHT[38;2;192;197;206m [38;2;192;197;206m*[38;2;192;197;206m [38;2;208;135;112mSPX_FORS_TREES[38;2;192;197;206m [38;2;192;197;206m+[38;2;192;197;206m [38;2;208;135;112m7[38;2;192;197;206m)[38;2;192;197;206m [38;2;192;197;206m/[38;2;192;197;206m [38;2;208;135;112m8[38;2;192;197;206m;[38;2;192;197;206m [38;2;101;115;126m//[38;2;101;115;126m 33[K
[0m[48;2;40;67;43m[39m+    18[0m:[39m[48;2;24;38;30m [38;2;180;142;173mpub[38;2;192;197;206m [38;2;180;142;173mconst[38;2;192;197;206m [38;2;208;135;112mSPX_FORS_BYTES[38;2;192;197;206m:[38;2;192;197;206m [38;2;180;142;173musize[38;2;192;197;206m [38;2;192;197;206m=[38;2;192;197;206m [38;2;192;197;206m([38;2;208;135;112mSPX_FORS_HEIGHT[38;2;192;197;206m [38;2;192;197;206m+[38;2;192;197;206m [38;2;208;135;112m1[38;2;192;197;206m)[38;2;192;197;206m [38;2;192;197;206m*[38;2;192;197;206m [38;2;208;135;112mSPX_FORS_TREES[38;2;192;197;206m [38;2;192;197;206m*[38;2;192;197;206m [38;2;208;135;112mSPX_N[38;2;192;197;206m;[38;2;192;197;206m [38;2;101;115;126m//[38;2;101;115;126m 7128[K
[0m[48;2;40;67;43m[39m+    19[0m:[39m[48;2;24;38;30m [K
[0m[48;2;40;67;43m[39m+    20[0m:[39m[48;2;24;38;30m [38;2;180;142;173mpub[38;2;192;197;206m [38;2;180;142;173mconst[38;2;192;197;206m [38;2;208;135;112mSPX_BYTES[38;2;192;197;206m:[38;2;192;197;206m [38;2;180;142;173musize[38;2;192;197;206m [38;2;192;197;206m=[38;2;192;197;206m [38;2;208;135;112mSPX_N[38;2;192;197;206m [38;2;192;197;206m+[38;2;192;197;206m [38;2;208;135;112mSPX_FORS_BYTES[38;2;192;197;206m [38;2;192;197;206m+[38;2;192;197;206m [38;2;208;135;112mSPX_D[38;2;192;197;206m [38;2;192;197;206m*[38;2;192;197;206m [38;2;208;135;112mSPX_WOTS_BYTES[38;2;192;197;206m [38;2;192;197;206m+[38;2;192;197;206m [38;2;208;135;112mSPX_FULL_HEIGHT[38;2;192;197;206m [38;2;192;197;206m*[38;2;192;197;206m [38;2;208;135;112mSPX_N[38;2;192;197;206m;[38;2;192;197;206m [38;2;101;115;126m//[38;2;101;115;126m 35664[K
[0m[48;2;40;67;43m[39m+    21[0m:[39m[48;2;24;38;30m [38;2;180;142;173mpub[38;2;192;197;206m [38;2;180;142;173mconst[38;2;192;197;206m [38;2;208;135;112mSPX_PK_BYTES[38;2;192;197;206m:[38;2;192;197;206m [38;2;180;142;173musize[38;2;192;197;206m [38;2;192;197;206m=[38;2;192;197;206m [38;2;208;135;112m2[38;2;192;197;206m [38;2;192;197;206m*[38;2;192;197;206m [38;2;208;135;112mSPX_N[38;2;192;197;206m;[38;2;192;197;206m [38;2;101;115;126m//[38;2;101;115;126m 48[K
[0m[48;2;40;67;43m[39m+    22[0m:[39m[48;2;24;38;30m [38;2;180;142;173mpub[38;2;192;197;206m [38;2;180;142;173mconst[38;2;192;197;206m [38;2;208;135;112mSPX_SK_BYTES[38;2;192;197;206m:[38;2;192;197;206m [38;2;180;142;173musize[38;2;192;197;206m [38;2;192;197;206m=[38;2;192;197;206m [38;2;208;135;112m2[38;2;192;197;206m [38;2;192;197;206m*[38;2;192;197;206m [38;2;208;135;112mSPX_N[38;2;192;197;206m [38;2;192;197;206m+[38;2;192;197;206m [38;2;208;135;112mSPX_PK_BYTES[38;2;192;197;206m;[38;2;192;197;206m [38;2;101;115;126m//[38;2;101;115;126m 96[K
[0m[48;2;40;67;43m[39m+    23[0m:[39m[48;2;24;38;30m [K
[0m[48;2;40;67;43m[39m+    24[0m:[39m[48;2;24;38;30m [38;2;180;142;173mpub[38;2;192;197;206m [38;2;180;142;173mconst[38;2;192;197;206m [38;2;208;135;112mCRYPTO_SECRETKEYBYTES[38;2;192;197;206m:[38;2;192;197;206m [38;2;180;142;173musize[38;2;192;197;206m [38;2;192;197;206m=[38;2;192;197;206m [38;2;208;135;112mSPX_SK_BYTES[38;2;192;197;206m;[K
[0m[48;2;40;67;43m[39m+    25[0m:[39m[48;2;24;38;30m [38;2;180;142;173mpub[38;2;192;197;206m [38;2;180;142;173mconst[38;2;192;197;206m [38;2;208;135;112mCRYPTO_PUBLICKEYBYTES[38;2;192;197;206m:[38;2;192;197;206m [38;2;180;142;173musize[38;2;192;197;206m [38;2;192;197;206m=[38;2;192;197;206m [38;2;208;135;112mSPX_PK_BYTES[38;2;192;197;206m;[K
[0m[48;2;40;67;43m[39m+    26[0m:[39m[48;2;24;38;30m [38;2;180;142;173mpub[38;2;192;197;206m [38;2;180;142;173mconst[38;2;192;197;206m [38;2;208;135;112mCRYPTO_BYTES[38;2;192;197;206m:[38;2;192;197;206m [38;2;180;142;173musize[38;2;192;197;206m [38;2;192;197;206m=[38;2;192;197;206m [38;2;208;135;112mSPX_BYTES[38;2;192;197;206m;[K
[0m[48;2;40;67;43m[39m+    27[0m:[39m[48;2;24;38;30m [38;2;180;142;173mpub[38;2;192;197;206m [38;2;180;142;173mconst[38;2;192;197;206m [38;2;208;135;112mCRYPTO_SEEDBYTES[38;2;192;197;206m:[38;2;192;197;206m [38;2;180;142;173musize[38;2;192;197;206m [38;2;192;197;206m=[38;2;192;197;206m [38;2;208;135;112m3[38;2;192;197;206m [38;2;192;197;206m*[38;2;192;197;206m [38;2;208;135;112mSPX_N[38;2;192;197;206m;[38;2;192;197;206m [38;2;101;115;126m//[38;2;101;115;126m 72[K
[0m[48;2;40;67;43m[39m+    28[0m:[39m[48;2;24;38;30m [38;2;180;142;173mpub[38;2;192;197;206m [38;2;180;142;173mconst[38;2;192;197;206m [38;2;208;135;112mCRYPTO_ALGNAME[38;2;192;197;206m:[38;2;192;197;206m [38;2;192;197;206m&[38;2;192;197;206m[[38;2;180;142;173mu8[38;2;192;197;206m][38;2;192;197;206m [38;2;192;197;206m=[38;2;192;197;206m [38;2;180;142;173mb[38;2;192;197;206m"[38;2;163;190;140mSPHINCS+[38;2;192;197;206m"[38;2;192;197;206m;[K
[0m[48;2;40;67;43m[39m+    29[0m:[39m[48;2;24;38;30m [K
[0m[48;2;40;67;43m[39m+    30[0m:[39m[48;2;24;38;30m [38;2;101;115;126m//[38;2;101;115;126m Blake address offsets[K
[0m[48;2;40;67;43m[39m+    31[0m:[39m[48;2;24;38;30m [38;2;180;142;173mpub[38;2;192;197;206m [38;2;180;142;173mconst[38;2;192;197;206m [38;2;208;135;112mSPX_OFFSET_LAYER[38;2;192;197;206m:[38;2;192;197;206m [38;2;180;142;173musize[38;2;192;197;206m [38;2;192;197;206m=[38;2;192;197;206m [38;2;208;135;112m3[38;2;192;197;206m;[K
[0m[48;2;40;67;43m[39m+    32[0m:[39m[48;2;24;38;30m [38;2;180;142;173mpub[38;2;192;197;206m [38;2;180;142;173mconst[38;2;192;197;206m [38;2;208;135;112mSPX_OFFSET_TREE[38;2;192;197;206m:[38;2;192;197;206m [38;2;180;142;173musize[38;2;192;197;206m [38;2;192;197;206m=[38;2;192;197;206m [38;2;208;135;112m8[38;2;192;197;206m;[K
[0m[48;2;40;67;43m[39m+    33[0m:[39m[48;2;24;38;30m [38;2;180;142;173mpub[38;2;192;197;206m [38;2;180;142;173mconst[38;2;192;197;206m [38;2;208;135;112mSPX_OFFSET_TYPE[38;2;192;197;206m:[38;2;192;197;206m [38;2;180;142;173musize[38;2;192;197;206m [38;2;192;197;206m=[38;2;192;197;206m [38;2;208;135;112m19[38;2;192;197;206m;[K
[0m[48;2;40;67;43m[39m+    34[0m:[39m[48;2;24;38;30m [38;2;180;142;173mpub[38;2;192;197;206m [38;2;180;142;173mconst[38;2;192;197;206m [38;2;208;135;112mSPX_OFFSET_KP_ADDR[38;2;192;197;206m:[38;2;192;197;206m [38;2;180;142;173musize[38;2;192;197;206m [38;2;192;197;206m=[38;2;192;197;206m [38;2;208;135;112m20[38;2;192;197;206m;[K
[0m[48;2;40;67;43m[39m+    35[0m:[39m[48;2;24;38;30m [38;2;180;142;173mpub[38;2;192;197;206m [38;2;180;142;173mconst[38;2;192;197;206m [38;2;208;135;112mSPX_OFFSET_CHAIN_ADDR[38;2;192;197;206m:[38;2;192;197;206m [38;2;180;142;173musize[38;2;192;197;206m [38;2;192;197;206m=[38;2;192;197;206m [38;2;208;135;112m27[38;2;192;197;206m;[K
[0m[48;2;40;67;43m[39m+    36[0m:[39m[48;2;24;38;30m [38;2;180;142;173mpub[38;2;192;197;206m [38;2;180;142;173mconst[38;2;192;197;206m [38;2;208;135;112mSPX_OFFSET_HASH_ADDR[38;2;192;197;206m:[38;2;192;197;206m [38;2;180;142;173musize[38;2;192;197;206m [38;2;192;197;206m=[38;2;192;197;206m [38;2;208;135;112m31[38;2;192;197;206m;[K
[0m[48;2;40;67;43m[39m+    37[0m:[39m[48;2;24;38;30m [38;2;180;142;173mpub[38;2;192;197;206m [38;2;180;142;173mconst[38;2;192;197;206m [38;2;208;135;112mSPX_OFFSET_TREE_HGT[38;2;192;197;206m:[38;2;192;197;206m [38;2;180;142;173musize[38;2;192;197;206m [38;2;192;197;206m=[38;2;192;197;206m [38;2;208;135;112m27[38;2;192;197;206m;[K
[0m[48;2;40;67;43m[39m+    38[0m:[39m[48;2;24;38;30m [38;2;180;142;173mpub[38;2;192;197;206m [38;2;180;142;173mconst[38;2;192;197;206m [38;2;208;135;112mSPX_OFFSET_TREE_INDEX[38;2;192;197;206m:[38;2;192;197;206m [38;2;180;142;173musize[38;2;192;197;206m [38;2;192;197;206m=[38;2;192;197;206m [38;2;208;135;112m28[38;2;192;197;206m;[K
[0m[48;2;40;67;43m[39m+    39[0m:[39m[48;2;24;38;30m [K
[0m[48;2;40;67;43m[39m+    40[0m:[39m[48;2;24;38;30m [38;2;101;115;126m//[38;2;101;115;126m Address types[K
[0m[48;2;40;67;43m[39m+    41[0m:[39m[48;2;24;38;30m [38;2;180;142;173mpub[38;2;192;197;206m [38;2;180;142;173mconst[38;2;192;197;206m [38;2;208;135;112mSPX_ADDR_TYPE_WOTS[38;2;192;197;206m:[38;2;192;197;206m [38;2;180;142;173mu32[38;2;192;197;206m [38;2;192;197;206m=[38;2;192;197;206m [38;2;208;135;112m0[38;2;192;197;206m;[K
[0m[48;2;40;67;43m[39m+    42[0m:[39m[48;2;24;38;30m [38;2;180;142;173mpub[38;2;192;197;206m [38;2;180;142;173mconst[38;2;192;197;206m [38;2;208;135;112mSPX_ADDR_TYPE_WOTSPK[38;2;192;197;206m:[38;2;192;197;206m [38;2;180;142;173mu32[38;2;192;197;206m [38;2;192;197;206m=[38;2;192;197;206m [38;2;208;135;112m1[38;2;192;197;206m;[K
[0m[48;2;40;67;43m[39m+    43[0m:[39m[48;2;24;38;30m [38;2;180;142;173mpub[38;2;192;197;206m [38;2;180;142;173mconst[38;2;192;197;206m [38;2;208;135;112mSPX_ADDR_TYPE_HASHTREE[38;2;192;197;206m:[38;2;192;197;206m [38;2;180;142;173mu32[38;2;192;197;206m [38;2;192;197;206m=[38;2;192;197;206m [38;2;208;135;112m2[38;2;192;197;206m;[K
[0m[48;2;40;67;43m[39m+    44[0m:[39m[48;2;24;38;30m [38;2;180;142;173mpub[38;2;192;197;206m [38;2;180;142;173mconst[38;2;192;197;206m [38;2;208;135;112mSPX_ADDR_TYPE_FORSTREE[38;2;192;197;206m:[38;2;192;197;206m [38;2;180;142;173mu32[38;2;192;197;206m [38;2;192;197;206m=[38;2;192;197;206m [38;2;208;135;112m3[38;2;192;197;206m;[K
[0m[48;2;40;67;43m[39m+    45[0m:[39m[48;2;24;38;30m [38;2;180;142;173mpub[38;2;192;197;206m [38;2;180;142;173mconst[38;2;192;197;206m [38;2;208;135;112mSPX_ADDR_TYPE_FORSPK[38;2;192;197;206m:[38;2;192;197;206m [38;2;180;142;173mu32[38;2;192;197;206m [38;2;192;197;206m=[38;2;192;197;206m [38;2;208;135;112m4[38;2;192;197;206m;[K
[0m[48;2;40;67;43m[39m+    46[0m:[39m[48;2;24;38;30m [38;2;180;142;173mpub[38;2;192;197;206m [38;2;180;142;173mconst[38;2;192;197;206m [38;2;208;135;112mSPX_ADDR_TYPE_WOTSPRF[38;2;192;197;206m:[38;2;192;197;206m [38;2;180;142;173mu32[38;2;192;197;206m [38;2;192;197;206m=[38;2;192;197;206m [38;2;208;135;112m5[38;2;192;197;206m;[K
[0m[48;2;40;67;43m[39m+    47[0m:[39m[48;2;24;38;30m [38;2;180;142;173mpub[38;2;192;197;206m [38;2;180;142;173mconst[38;2;192;197;206m [38;2;208;135;112mSPX_ADDR_TYPE_FORSPRF[38;2;192;197;206m:[38;2;192;197;206m [38;2;180;142;173mu32[38;2;192;197;206m [38;2;192;197;206m=[38;2;192;197;206m [38;2;208;135;112m6[38;2;192;197;206m;[K
[0m[48;2;40;67;43m[39m+    48[0m:[39m[48;2;24;38;30m [K
[0m[48;2;40;67;43m[39m+    49[0m:[39m[48;2;24;38;30m [38;2;180;142;173mpub[38;2;192;197;206m [38;2;180;142;173mconst[38;2;192;197;206m [38;2;208;135;112mSPX_BLAKE256_OUTPUT_BYTES[38;2;192;197;206m:[38;2;192;197;206m [38;2;180;142;173musize[38;2;192;197;206m [38;2;192;197;206m=[38;2;192;197;206m [38;2;208;135;112m32[38;2;192;197;206m;[K
[0m[48;2;40;67;43m[39m+    50[0m:[39m[48;2;24;38;30m [38;2;180;142;173mpub[38;2;192;197;206m [38;2;180;142;173mconst[38;2;192;197;206m [38;2;208;135;112mSPX_BLAKE512_OUTPUT_BYTES[38;2;192;197;206m:[38;2;192;197;206m [38;2;180;142;173musize[38;2;192;197;206m [38;2;192;197;206m=[38;2;192;197;206m [38;2;208;135;112m64[38;2;192;197;206m;[K
[0m[K
Creating: [38;5;141m/local/home/scheschb/reserach/TRACTOR/harvest-agentic/results/P01_sphincs_plus/010_sphincs_PQCgenKAT_sign_blake_192f_robust/translated_rust/src/params.rs[0m
[38;5;244m - Completed in 0.40s[0m
[38;5;12m[1m [1.2][0m[0m
[?25l[0m[?25l[0m[0mI'll create the following file: [38;5;141m/local/home/scheschb/reserach/TRACTOR/harvest-agentic/results/P01_sphincs_plus/010_sphincs_PQCgenKAT_sign_blake_192f_robust/translated_rust/src/blake256.rs[0m[38;5;244m (using tool: write)[0m

[48;2;40;67;43m[39m+      1[0m:[39m[48;2;24;38;30m [38;2;101;115;126m//[38;2;101;115;126m BLAKE-256 reference implementation (direct translation from C)[K
[0m[48;2;40;67;43m[39m+      2[0m:[39m[48;2;24;38;30m [K
[0m[48;2;40;67;43m[39m+      3[0m:[39m[48;2;24;38;30m [38;2;180;142;173mconst[38;2;192;197;206m [38;2;208;135;112mCST256[38;2;192;197;206m:[38;2;192;197;206m [38;2;192;197;206m[[38;2;180;142;173mu32[38;2;192;197;206m;[38;2;192;197;206m [38;2;208;135;112m16[38;2;192;197;206m][38;2;192;197;206m [38;2;192;197;206m=[38;2;192;197;206m [38;2;192;197;206m[[K
[0m[48;2;40;67;43m[39m+      4[0m:[39m[48;2;24;38;30m [38;2;192;197;206m    [38;2;208;135;112m0x243F6A88[38;2;192;197;206m,[38;2;192;197;206m [38;2;208;135;112m0x85A308D3[38;2;192;197;206m,[38;2;192;197;206m [38;2;208;135;112m0x13198A2E[38;2;192;197;206m,[38;2;192;197;206m [38;2;208;135;112m0x03707344[38;2;192;197;206m,[K
[0m[48;2;40;67;43m[39m+      5[0m:[39m[48;2;24;38;30m [38;2;192;197;206m    [38;2;208;135;112m0xA4093822[38;2;192;197;206m,[38;2;192;197;206m [38;2;208;135;112m0x299F31D0[38;2;192;197;206m,[38;2;192;197;206m [38;2;208;135;112m0x082EFA98[38;2;192;197;206m,[38;2;192;197;206m [38;2;208;135;112m0xEC4E6C89[38;2;192;197;206m,[K
[0m[48;2;40;67;43m[39m+      6[0m:[39m[48;2;24;38;30m [38;2;192;197;206m    [38;2;208;135;112m0x452821E6[38;2;192;197;206m,[38;2;192;197;206m [38;2;208;135;112m0x38D01377[38;2;192;197;206m,[38;2;192;197;206m [38;2;208;135;112m0xBE5466CF[38;2;192;197;206m,[38;2;192;197;206m [38;2;208;135;112m0x34E90C6C[38;2;192;197;206m,[K
[0m[48;2;40;67;43m[39m+      7[0m:[39m[48;2;24;38;30m [38;2;192;197;206m    [38;2;208;135;112m0xC0AC29B7[38;2;192;197;206m,[38;2;192;197;206m [38;2;208;135;112m0xC97C50DD[38;2;192;197;206m,[38;2;192;197;206m [38;2;208;135;112m0x3F84D5B5[38;2;192;197;206m,[38;2;192;197;206m [38;2;208;135;112m0xB5470917[38;2;192;197;206m,[K
[0m[48;2;40;67;43m[39m+      8[0m:[39m[48;2;24;38;30m [38;2;192;197;206m][38;2;192;197;206m;[K
[0m[48;2;40;67;43m[39m+      9[0m:[39m[48;2;24;38;30m [K
[0m[48;2;40;67;43m[39m+     10[0m:[39m[48;2;24;38;30m [38;2;180;142;173mstatic[38;2;192;197;206m [38;2;208;135;112mPADDING256[38;2;192;197;206m:[38;2;192;197;206m [38;2;192;197;206m[[38;2;180;142;173mu8[38;2;192;197;206m;[38;2;192;197;206m [38;2;208;135;112m64[38;2;192;197;206m][38;2;192;197;206m [38;2;192;197;206m=[38;2;192;197;206m [38;2;192;197;206m{[K
[0m[48;2;40;67;43m[39m+     11[0m:[39m[48;2;24;38;30m [38;2;192;197;206m    [38;2;180;142;173mlet[38;2;192;197;206m [38;2;180;142;173mmut[38;2;192;197;206m p [38;2;192;197;206m=[38;2;192;197;206m [38;2;192;197;206m[[38;2;208;135;112m0[38;2;180;142;173mu8[38;2;192;197;206m;[38;2;192;197;206m [38;2;208;135;112m64[38;2;192;197;206m][38;2;192;197;206m;[K
[0m[48;2;40;67;43m[39m+     12[0m:[39m[48;2;24;38;30m [38;2;192;197;206m    p[38;2;192;197;206m[[38;2;208;135;112m0[38;2;192;197;206m][38;2;192;197;206m [38;2;192;197;206m=[38;2;192;197;206m [38;2;208;135;112m0x80[38;2;192;197;206m;[K
[0m[48;2;40;67;43m[39m+     13[0m:[39m[48;2;24;38;30m [38;2;192;197;206m    p[K
[0m[48;2;40;67;43m[39m+     14[0m:[39m[48;2;24;38;30m [38;2;192;197;206m}[38;2;192;197;206m;[K
[0m[48;2;40;67;43m[39m+     15[0m:[39m[48;2;24;38;30m [K
[0m[48;2;40;67;43m[39m+     16[0m:[39m[48;2;24;38;30m [38;2;180;142;173mfn[38;2;192;197;206m [38;2;143;161;179mu8to32[38;2;192;197;206m([38;2;191;97;106mp[38;2;192;197;206m:[38;2;192;197;206m [38;2;192;197;206m&[38;2;192;197;206m[[38;2;180;142;173mu8[38;2;192;197;206m][38;2;192;197;206m)[38;2;192;197;206m [38;2;192;197;206m->[38;2;192;197;206m [38;2;180;142;173mu32[38;2;192;197;206m [38;2;192;197;206m{[K
[0m[48;2;40;67;43m[39m+     17[0m:[39m[48;2;24;38;30m [38;2;192;197;206m    [38;2;192;197;206m([38;2;192;197;206mp[38;2;192;197;206m[[38;2;208;135;112m0[38;2;192;197;206m][38;2;192;197;206m [38;2;192;197;206mas[38;2;192;197;206m [38;2;180;142;173mu32[38;2;192;197;206m)[38;2;192;197;206m [38;2;192;197;206m<[38;2;192;197;206m<[38;2;192;197;206m [38;2;208;135;112m24[38;2;192;197;206m [38;2;192;197;206m|[38;2;192;197;206m [38;2;192;197;206m([38;2;192;197;206mp[38;2;192;197;206m[[38;2;208;135;112m1[38;2;192;197;206m][38;2;192;197;206m [38;2;192;197;206mas[38;2;192;197;206m [38;2;180;142;173mu32[38;2;192;197;206m)[38;2;192;197;206m [38;2;192;197;206m<[38;2;192;197;206m<[38;2;192;197;206m [38;2;208;135;112m16[38;2;192;197;206m [38;2;192;197;206m|[38;2;192;197;206m [38;2;192;197;206m([38;2;192;197;206mp[38;2;192;197;206m[[38;2;208;135;112m2[38;2;192;197;206m][38;2;192;197;206m [38;2;192;197;206mas[38;2;192;197;206m [38;2;180;142;173mu32[38;2;192;197;206m)[38;2;192;197;206m [38;2;192;197;206m<[38;2;192;197;206m<[38;2;192;197;206m [38;2;208;135;112m8[38;2;192;197;206m [38;2;192;197;206m|[38;2;192;197;206m [38;2;192;197;206m([38;2;192;197;206mp[38;2;192;197;206m[[38;2;208;135;112m3[38;2;192;197;206m][38;2;192;197;206m [38;2;192;197;206mas[38;2;192;197;206m [38;2;180;142;173mu32[38;2;192;197;206m)[K
[0m[48;2;40;67;43m[39m+     18[0m:[39m[48;2;24;38;30m [38;2;192;197;206m}[K
[0m[48;2;40;67;43m[39m+     19[0m:[39m[48;2;24;38;30m [K
[0m[48;2;40;67;43m[39m+     20[0m:[39m[48;2;24;38;30m [38;2;180;142;173mfn[38;2;192;197;206m [38;2;143;161;179mu32to8[38;2;192;197;206m([38;2;191;97;106mp[38;2;192;197;206m:[38;2;192;197;206m [38;2;192;197;206m&[38;2;180;142;173mmut[38;2;192;197;206m [[38;2;180;142;173mu8[38;2;192;197;206m], [38;2;191;97;106mv[38;2;192;197;206m:[38;2;192;197;206m [38;2;180;142;173mu32[38;2;192;197;206m)[38;2;192;197;206m [38;2;192;197;206m{[K
[0m[48;2;40;67;43m[39m+     21[0m:[39m[48;2;24;38;30m [38;2;192;197;206m    p[38;2;192;197;206m[[38;2;208;135;112m0[38;2;192;197;206m][38;2;192;197;206m [38;2;192;197;206m=[38;2;192;197;206m [38;2;192;197;206m([38;2;192;197;206mv [38;2;192;197;206m>[38;2;192;197;206m>[38;2;192;197;206m [38;2;208;135;112m24[38;2;192;197;206m)[38;2;192;197;206m [38;2;192;197;206mas[38;2;192;197;206m [38;2;180;142;173mu8[38;2;192;197;206m;[K
[0m[48;2;40;67;43m[39m+     22[0m:[39m[48;2;24;38;30m [38;2;192;197;206m    p[38;2;192;197;206m[[38;2;208;135;112m1[38;2;192;197;206m][38;2;192;197;206m [38;2;192;197;206m=[38;2;192;197;206m [38;2;192;197;206m([38;2;192;197;206mv [38;2;192;197;206m>[38;2;192;197;206m>[38;2;192;197;206m [38;2;208;135;112m16[38;2;192;197;206m)[38;2;192;197;206m [38;2;192;197;206mas[38;2;192;197;206m [38;2;180;142;173mu8[38;2;192;197;206m;[K
[0m[48;2;40;67;43m[39m+     23[0m:[39m[48;2;24;38;30m [38;2;192;197;206m    p[38;2;192;197;206m[[38;2;208;135;112m2[38;2;192;197;206m][38;2;192;197;206m [38;2;192;197;206m=[38;2;192;197;206m [38;2;192;197;206m([38;2;192;197;206mv [38;2;192;197;206m>[38;2;192;197;206m>[38;2;192;197;206m [38;2;208;135;112m8[38;2;192;197;206m)[38;2;192;197;206m [38;2;192;197;206mas[38;2;192;197;206m [38;2;180;142;173mu8[38;2;192;197;206m;[K
[0m[48;2;40;67;43m[39m+     24[0m:[39m[48;2;24;38;30m [38;2;192;197;206m    p[38;2;192;197;206m[[38;2;208;135;112m3[38;2;192;197;206m][38;2;192;197;206m [38;2;192;197;206m=[38;2;192;197;206m v [38;2;192;197;206mas[38;2;192;197;206m [38;2;180;142;173mu8[38;2;192;197;206m;[K
[0m[48;2;40;67;43m[39m+     25[0m:[39m[48;2;24;38;30m [38;2;192;197;206m}[K
[0m[48;2;40;67;43m[39m+     26[0m:[39m[48;2;24;38;30m [K
[0m[48;2;40;67;43m[39m+     27[0m:[39m[48;2;24;38;30m [38;2;192;197;206m#[38;2;192;197;206m[[38;2;191;97;106mderive[38;2;192;197;206m([38;2;192;197;206mClone[38;2;192;197;206m)[38;2;192;197;206m][K
[0m[48;2;40;67;43m[39m+     28[0m:[39m[48;2;24;38;30m [38;2;180;142;173mpub[38;2;192;197;206m [38;2;180;142;173mstruct[38;2;192;197;206m [38;2;192;197;206mBlake256State[38;2;192;197;206m [38;2;192;197;206m{[K
[0m[48;2;40;67;43m[39m+     29[0m:[39m[48;2;24;38;30m [38;2;192;197;206m    [38;2;191;97;106mh[38;2;192;197;206m:[38;2;192;197;206m [[38;2;180;142;173mu32[38;2;192;197;206m; 8],[K
[0m[48;2;40;67;43m[39m+     30[0m:[39m[48;2;24;38;30m [38;2;192;197;206m    [38;2;191;97;106ms[38;2;192;197;206m:[38;2;192;197;206m [[38;2;180;142;173mu32[38;2;192;197;206m; 4],[K
[0m[48;2;40;67;43m[39m+     31[0m:[39m[48;2;24;38;30m [38;2;192;197;206m    [38;2;191;97;106mt[38;2;192;197;206m:[38;2;192;197;206m [[38;2;180;142;173mu32[38;2;192;197;206m; 2],[K
[0m[48;2;40;67;43m[39m+     32[0m:[39m[48;2;24;38;30m [38;2;192;197;206m    [38;2;191;97;106mbuflen[38;2;192;197;206m:[38;2;192;197;206m [38;2;180;142;173mi32[38;2;192;197;206m,[K
[0m[48;2;40;67;43m[39m+     33[0m:[39m[48;2;24;38;30m [38;2;192;197;206m    [38;2;191;97;106mnullt[38;2;192;197;206m:[38;2;192;197;206m [38;2;180;142;173mi32[38;2;192;197;206m,[K
[0m[48;2;40;67;43m[39m+     34[0m:[39m[48;2;24;38;30m [38;2;192;197;206m    [38;2;191;97;106mbuf[38;2;192;197;206m:[38;2;192;197;206m [[38;2;180;142;173mu8[38;2;192;197;206m; 64],[K
[0m[48;2;40;67;43m[39m+     35[0m:[39m[48;2;24;38;30m [38;2;192;197;206m}[K
[0m[48;2;40;67;43m[39m+     36[0m:[39m[48;2;24;38;30m [K
[0m[48;2;40;67;43m[39m+     37[0m:[39m[48;2;24;38;30m [38;2;180;142;173mpub[38;2;192;197;206m [38;2;180;142;173mfn[38;2;192;197;206m [38;2;143;161;179mblake256_init[38;2;192;197;206m([38;2;191;97;106ms[38;2;192;197;206m:[38;2;192;197;206m [38;2;192;197;206m&[38;2;180;142;173mmut[38;2;192;197;206m Blake256State[38;2;192;197;206m)[38;2;192;197;206m [38;2;192;197;206m{[K
[0m[48;2;40;67;43m[39m+     38[0m:[39m[48;2;24;38;30m [38;2;192;197;206m    s.h[38;2;192;197;206m[[38;2;208;135;112m0[38;2;192;197;206m][38;2;192;197;206m [38;2;192;197;206m=[38;2;192;197;206m [38;2;208;135;112m0x6A09E667[38;2;192;197;206m;[K
[0m[48;2;40;67;43m[39m+     39[0m:[39m[48;2;24;38;30m [38;2;192;197;206m    s.h[38;2;192;197;206m[[38;2;208;135;112m1[38;2;192;197;206m][38;2;192;197;206m [38;2;192;197;206m=[38;2;192;197;206m [38;2;208;135;112m0xBB67AE85[38;2;192;197;206m;[K
[0m[48;2;40;67;43m[39m+     40[0m:[39m[48;2;24;38;30m [38;2;192;197;206m    s.h[38;2;192;197;206m[[38;2;208;135;112m2[38;2;192;197;206m][38;2;192;197;206m [38;2;192;197;206m=[38;2;192;197;206m [38;2;208;135;112m0x3C6EF372[38;2;192;197;206m;[K
[0m[48;2;40;67;43m[39m+     41[0m:[39m[48;2;24;38;30m [38;2;192;197;206m    s.h[38;2;192;197;206m[[38;2;208;135;112m3[38;2;192;197;206m][38;2;192;197;206m [38;2;192;197;206m=[38;2;192;197;206m [38;2;208;135;112m0xA54FF53A[38;2;192;197;206m;[K
[0m[48;2;40;67;43m[39m+     42[0m:[39m[48;2;24;38;30m [38;2;192;197;206m    s.h[38;2;192;197;206m[[38;2;208;135;112m4[38;2;192;197;206m][38;2;192;197;206m [38;2;192;197;206m=[38;2;192;197;206m [38;2;208;135;112m0x510E527F[38;2;192;197;206m;[K
[0m[48;2;40;67;43m[39m+     43[0m:[39m[48;2;24;38;30m [38;2;192;197;206m    s.h[38;2;192;197;206m[[38;2;208;135;112m5[38;2;192;197;206m][38;2;192;197;206m [38;2;192;197;206m=[38;2;192;197;206m [38;2;208;135;112m0x9B05688C[38;2;192;197;206m;[K
[0m[48;2;40;67;43m[39m+     44[0m:[39m[48;2;24;38;30m [38;2;192;197;206m    s.h[38;2;192;197;206m[[38;2;208;135;112m6[38;2;192;197;206m][38;2;192;197;206m [38;2;192;197;206m=[38;2;192;197;206m [38;2;208;135;112m0x1F83D9AB[38;2;192;197;206m;[K
[0m[48;2;40;67;43m[39m+     45[0m:[39m[48;2;24;38;30m [38;2;192;197;206m    s.h[38;2;192;197;206m[[38;2;208;135;112m7[38;2;192;197;206m][38;2;192;197;206m [38;2;192;197;206m=[38;2;192;197;206m [38;2;208;135;112m0x5BE0CD19[38;2;192;197;206m;[K
[0m[48;2;40;67;43m[39m+     46[0m:[39m[48;2;24;38;30m [38;2;192;197;206m    s.t [38;2;192;197;206m=[38;2;192;197;206m [38;2;192;197;206m[[38;2;208;135;112m0[38;2;192;197;206m;[38;2;192;197;206m [38;2;208;135;112m2[38;2;192;197;206m][38;2;192;197;206m;[K
[0m[48;2;40;67;43m[39m+     47[0m:[39m[48;2;24;38;30m [38;2;192;197;206m    s.buflen [38;2;192;197;206m=[38;2;192;197;206m [38;2;208;135;112m0[38;2;192;197;206m;[K
[0m[48;2;40;67;43m[39m+     48[0m:[39m[48;2;24;38;30m [38;2;192;197;206m    s.nullt [38;2;192;197;206m=[38;2;192;197;206m [38;2;208;135;112m0[38;2;192;197;206m;[K
[0m[48;2;40;67;43m[39m+     49[0m:[39m[48;2;24;38;30m [38;2;192;197;206m    s.s [38;2;192;197;206m=[38;2;192;197;206m [38;2;192;197;206m[[38;2;208;135;112m0[38;2;192;197;206m;[38;2;192;197;206m [38;2;208;135;112m4[38;2;192;197;206m][38;2;192;197;206m;[K
[0m[48;2;40;67;43m[39m+     50[0m:[39m[48;2;24;38;30m [38;2;192;197;206m    s.buf [38;2;192;197;206m=[38;2;192;197;206m [38;2;192;197;206m[[38;2;208;135;112m0[38;2;192;197;206m;[38;2;192;197;206m [38;2;208;135;112m64[38;2;192;197;206m][38;2;192;197;206m;[K
[0m[48;2;40;67;43m[39m+     51[0m:[39m[48;2;24;38;30m [38;2;192;197;206m}[K
[0m[48;2;40;67;43m[39m+     52[0m:[39m[48;2;24;38;30m [K
[0m[48;2;40;67;43m[39m+     53[0m:[39m[48;2;24;38;30m [38;2;180;142;173mpub[38;2;192;197;206m [38;2;180;142;173mfn[38;2;192;197;206m [38;2;143;161;179mblake256_compress[38;2;192;197;206m([38;2;191;97;106ms[38;2;192;197;206m:[38;2;192;197;206m [38;2;192;197;206m&[38;2;180;142;173mmut[38;2;192;197;206m Blake256State, [38;2;191;97;106mblock[38;2;192;197;206m:[38;2;192;197;206m [38;2;192;197;206m&[38;2;192;197;206m[[38;2;180;142;173mu8[38;2;192;197;206m][38;2;192;197;206m)[38;2;192;197;206m [38;2;192;197;206m{[K
[0m[48;2;40;67;43m[39m+     54[0m:[39m[48;2;24;38;30m [38;2;192;197;206m    [38;2;180;142;173mlet[38;2;192;197;206m m[38;2;192;197;206m:[38;2;192;197;206m [38;2;192;197;206m[[38;2;180;142;173mu32[38;2;192;197;206m;[38;2;192;197;206m [38;2;208;135;112m16[38;2;192;197;206m][38;2;192;197;206m [38;2;192;197;206m=[38;2;192;197;206m [38;2;192;197;206m[[K
[0m[48;2;40;67;43m[39m+     55[0m:[39m[48;2;24;38;30m [38;2;192;197;206m        [38;2;150;181;180mu8to32[38;2;192;197;206m([38;2;192;197;206m&[38;2;192;197;206mblock[38;2;192;197;206m[[38;2;208;135;112m0[38;2;192;197;206m..[38;2;192;197;206m][38;2;192;197;206m)[38;2;192;197;206m,[38;2;192;197;206m [38;2;150;181;180mu8to32[38;2;192;197;206m([38;2;192;197;206m&[38;2;192;197;206mblock[38;2;192;197;206m[[38;2;208;135;112m4[38;2;192;197;206m..[38;2;192;197;206m][38;2;192;197;206m)[38;2;192;197;206m,[38;2;192;197;206m [38;2;150;181;180mu8to32[38;2;192;197;206m([38;2;192;197;206m&[38;2;192;197;206mblock[38;2;192;197;206m[[38;2;208;135;112m8[38;2;192;197;206m..[38;2;192;197;206m][38;2;192;197;206m)[38;2;192;197;206m,[38;2;192;197;206m [38;2;150;181;180mu8to32[38;2;192;197;206m([38;2;192;197;206m&[38;2;192;197;206mblock[38;2;192;197;206m[[38;2;208;135;112m12[38;2;192;197;206m..[38;2;192;197;206m][38;2;192;197;206m)[38;2;192;197;206m,[K
[0m[48;2;40;67;43m[39m+     56[0m:[39m[48;2;24;38;30m [38;2;192;197;206m        [38;2;150;181;180mu8to32[38;2;192;197;206m([38;2;192;197;206m&[38;2;192;197;206mblock[38;2;192;197;206m[[38;2;208;135;112m16[38;2;192;197;206m..[38;2;192;197;206m][38;2;192;197;206m)[38;2;192;197;206m,[38;2;192;197;206m [38;2;150;181;180mu8to32[38;2;192;197;206m([38;2;192;197;206m&[38;2;192;197;206mblock[38;2;192;197;206m[[38;2;208;135;112m20[38;2;192;197;206m..[38;2;192;197;206m][38;2;192;197;206m)[38;2;192;197;206m,[38;2;192;197;206m [38;2;150;181;180mu8to32[38;2;192;197;206m([38;2;192;197;206m&[38;2;192;197;206mblock[38;2;192;197;206m[[38;2;208;135;112m24[38;2;192;197;206m..[38;2;192;197;206m][38;2;192;197;206m)[38;2;192;197;206m,[38;2;192;197;206m [38;2;150;181;180mu8to32[38;2;192;197;206m([38;2;192;197;206m&[38;2;192;197;206mblock[38;2;192;197;206m[[38;2;208;135;112m28[38;2;192;197;206m..[38;2;192;197;206m][38;2;192;197;206m)[38;2;192;197;206m,[K
[0m[48;2;40;67;43m[39m+     57[0m:[39m[48;2;24;38;30m [38;2;192;197;206m        [38;2;150;181;180mu8to32[38;2;192;197;206m([38;2;192;197;206m&[38;2;192;197;206mblock[38;2;192;197;206m[[38;2;208;135;112m32[38;2;192;197;206m..[38;2;192;197;206m][38;2;192;197;206m)[38;2;192;197;206m,[38;2;192;197;206m [38;2;150;181;180mu8to32[38;2;192;197;206m([38;2;192;197;206m&[38;2;192;197;206mblock[38;2;192;197;206m[[38;2;208;135;112m36[38;2;192;197;206m..[38;2;192;197;206m][38;2;192;197;206m)[38;2;192;197;206m,[38;2;192;197;206m [38;2;150;181;180mu8to32[38;2;192;197;206m([38;2;192;197;206m&[38;2;192;197;206mblock[38;2;192;197;206m[[38;2;208;135;112m40[38;2;192;197;206m..[38;2;192;197;206m][38;2;192;197;206m)[38;2;192;197;206m,[38;2;192;197;206m [38;2;150;181;180mu8to32[38;2;192;197;206m([38;2;192;197;206m&[38;2;192;197;206mblock[38;2;192;197;206m[[38;2;208;135;112m44[38;2;192;197;206m..[38;2;192;197;206m][38;2;192;197;206m)[38;2;192;197;206m,[K
[0m[48;2;40;67;43m[39m+     58[0m:[39m[48;2;24;38;30m [38;2;192;197;206m        [38;2;150;181;180mu8to32[38;2;192;197;206m([38;2;192;197;206m&[38;2;192;197;206mblock[38;2;192;197;206m[[38;2;208;135;112m48[38;2;192;197;206m..[38;2;192;197;206m][38;2;192;197;206m)[38;2;192;197;206m,[38;2;192;197;206m [38;2;150;181;180mu8to32[38;2;192;197;206m([38;2;192;197;206m&[38;2;192;197;206mblock[38;2;192;197;206m[[38;2;208;135;112m52[38;2;192;197;206m..[38;2;192;197;206m][38;2;192;197;206m)[38;2;192;197;206m,[38;2;192;197;206m [38;2;150;181;180mu8to32[38;2;192;197;206m([38;2;192;197;206m&[38;2;192;197;206mblock[38;2;192;197;206m[[38;2;208;135;112m56[38;2;192;197;206m..[38;2;192;197;206m][38;2;192;197;206m)[38;2;192;197;206m,[38;2;192;197;206m [38;2;150;181;180mu8to32[38;2;192;197;206m([38;2;192;197;206m&[38;2;192;197;206mblock[38;2;192;197;206m[[38;2;208;135;112m60[38;2;192;197;206m..[38;2;192;197;206m][38;2;192;197;206m)[38;2;192;197;206m,[K
[0m[48;2;40;67;43m[39m+     59[0m:[39m[48;2;24;38;30m [38;2;192;197;206m    [38;2;192;197;206m][38;2;192;197;206m;[K
[0m[48;2;40;67;43m[39m+     60[0m:[39m[48;2;24;38;30m [K
[0m[48;2;40;67;43m[39m+     61[0m:[39m[48;2;24;38;30m [38;2;192;197;206m    [38;2;180;142;173mlet[38;2;192;197;206m [38;2;180;142;173mmut[38;2;192;197;206m v[38;2;192;197;206m:[38;2;192;197;206m [38;2;192;197;206m[[38;2;180;142;173mu32[38;2;192;197;206m;[38;2;192;197;206m [38;2;208;135;112m16[38;2;192;197;206m][38;2;192;197;206m [38;2;192;197;206m=[38;2;192;197;206m [38;2;192;197;206m[[K
[0m[48;2;40;67;43m[39m+     62[0m:[39m[48;2;24;38;30m [38;2;192;197;206m        s.h[38;2;192;197;206m[[38;2;208;135;112m0[38;2;192;197;206m][38;2;192;197;206m,[38;2;192;197;206m s.h[38;2;192;197;206m[[38;2;208;135;112m1[38;2;192;197;206m][38;2;192;197;206m,[38;2;192;197;206m s.h[38;2;192;197;206m[[38;2;208;135;112m2[38;2;192;197;206m][38;2;192;197;206m,[38;2;192;197;206m s.h[38;2;192;197;206m[[38;2;208;135;112m3[38;2;192;197;206m][38;2;192;197;206m,[K
[0m[48;2;40;67;43m[39m+     63[0m:[39m[48;2;24;38;30m [38;2;192;197;206m        s.h[38;2;192;197;206m[[38;2;208;135;112m4[38;2;192;197;206m][38;2;192;197;206m,[38;2;192;197;206m s.h[38;2;192;197;206m[[38;2;208;135;112m5[38;2;192;197;206m][38;2;192;197;206m,[38;2;192;197;206m s.h[38;2;192;197;206m[[38;2;208;135;112m6[38;2;192;197;206m][38;2;192;197;206m,[38;2;192;197;206m s.h[38;2;192;197;206m[[38;2;208;135;112m7[38;2;192;197;206m][38;2;192;197;206m,[K
[0m[48;2;40;67;43m[39m+     64[0m:[39m[48;2;24;38;30m [38;2;192;197;206m        s.s[38;2;192;197;206m[[38;2;208;135;112m0[38;2;192;197;206m][38;2;192;197;206m [38;2;192;197;206m^[38;2;192;197;206m [38;2;208;135;112m0x243F6A88[38;2;192;197;206m,[38;2;192;197;206m s.s[38;2;192;197;206m[[38;2;208;135;112m1[38;2;192;197;206m][38;2;192;197;206m [38;2;192;197;206m^[38;2;192;197;206m [38;2;208;135;112m0x85A308D3[38;2;192;197;206m,[K
[0m[48;2;40;67;43m[39m+     65[0m:[39m[48;2;24;38;30m [38;2;192;197;206m        s.s[38;2;192;197;206m[[38;2;208;135;112m2[38;2;192;197;206m][38;2;192;197;206m [38;2;192;197;206m^[38;2;192;197;206m [38;2;208;135;112m0x13198A2E[38;2;192;197;206m,[38;2;192;197;206m s.s[38;2;192;197;206m[[38;2;208;135;112m3[38;2;192;197;206m][38;2;192;197;206m [38;2;192;197;206m^[38;2;192;197;206m [38;2;208;135;112m0x03707344[38;2;192;197;206m,[K
[0m[48;2;40;67;43m[39m+     66[0m:[39m[48;2;24;38;30m [38;2;192;197;206m        [38;2;208;135;112m0xA4093822[38;2;192;197;206m,[38;2;192;197;206m [38;2;208;135;112m0x299F31D0[38;2;192;197;206m,[38;2;192;197;206m [38;2;208;135;112m0x082EFA98[38;2;192;197;206m,[38;2;192;197;206m [38;2;208;135;112m0xEC4E6C89[38;2;192;197;206m,[K
[0m[48;2;40;67;43m[39m+     67[0m:[39m[48;2;24;38;30m [38;2;192;197;206m    [38;2;192;197;206m][38;2;192;197;206m;[K
[0m[48;2;40;67;43m[39m+     68[0m:[39m[48;2;24;38;30m [K
[0m[48;2;40;67;43m[39m+     69[0m:[39m[48;2;24;38;30m [38;2;192;197;206m    [38;2;180;142;173mif[38;2;192;197;206m s.nullt [38;2;192;197;206m=[38;2;192;197;206m=[38;2;192;197;206m [38;2;208;135;112m0[38;2;192;197;206m [38;2;192;197;206m{[K
[0m[48;2;40;67;43m[39m+     70[0m:[39m[48;2;24;38;30m [38;2;192;197;206m        v[38;2;192;197;206m[[38;2;208;135;112m12[38;2;192;197;206m][38;2;192;197;206m [38;2;192;197;206m^[38;2;192;197;206m=[38;2;192;197;206m s.t[38;2;192;197;206m[[38;2;208;135;112m0[38;2;192;197;206m][38;2;192;197;206m;[K
[0m[48;2;40;67;43m[39m+     71[0m:[39m[48;2;24;38;30m [38;2;192;197;206m        v[38;2;192;197;206m[[38;2;208;135;112m13[38;2;192;197;206m][38;2;192;197;206m [38;2;192;197;206m^[38;2;192;197;206m=[38;2;192;197;206m s.t[38;2;192;197;206m[[38;2;208;135;112m0[38;2;192;197;206m][38;2;192;197;206m;[K
[0m[48;2;40;67;43m[39m+     72[0m:[39m[48;2;24;38;30m [38;2;192;197;206m        v[38;2;192;197;206m[[38;2;208;135;112m14[38;2;192;197;206m][38;2;192;197;206m [38;2;192;197;206m^[38;2;192;197;206m=[38;2;192;197;206m s.t[38;2;192;197;206m[[38;2;208;135;112m1[38;2;192;197;206m][38;2;192;197;206m;[K
[0m[48;2;40;67;43m[39m+     73[0m:[39m[48;2;24;38;30m [38;2;192;197;206m        v[38;2;192;197;206m[[38;2;208;135;112m15[38;2;192;197;206m][38;2;192;197;206m [38;2;192;197;206m^[38;2;192;197;206m=[38;2;192;197;206m s.t[38;2;192;197;206m[[38;2;208;135;112m1[38;2;192;197;206m][38;2;192;197;206m;[K
[0m[48;2;40;67;43m[39m+     74[0m:[39m[48;2;24;38;30m [38;2;192;197;206m    [38;2;192;197;206m}[K
[0m[48;2;40;67;43m[39m+     75[0m:[39m[48;2;24;38;30m [K
[0m[48;2;40;67;43m[39m+     76[0m:[39m[48;2;24;38;30m [38;2;192;197;206m    [38;2;101;115;126m//[38;2;101;115;126m The BLAKE-256 sigma permutations[K
[0m[48;2;40;67;43m[39m+     77[0m:[39m[48;2;24;38;30m [38;2;192;197;206m    [38;2;180;142;173mconst[38;2;192;197;206m [38;2;208;135;112mSIGMA[38;2;192;197;206m:[38;2;192;197;206m [38;2;192;197;206m[[38;2;192;197;206m[[38;2;180;142;173musize[38;2;192;197;206m;[38;2;192;197;206m [38;2;208;135;112m16[38;2;192;197;206m][38;2;192;197;206m;[38;2;192;197;206m [38;2;208;135;112m14[38;2;192;197;206m][38;2;192;197;206m [38;2;192;197;206m=[38;2;192;197;206m [38;2;192;197;206m[[K
[0m[48;2;40;67;43m[39m+     78[0m:[39m[48;2;24;38;30m [38;2;192;197;206m        [38;2;192;197;206m[[38;2;208;135;112m0[38;2;192;197;206m,[38;2;208;135;112m1[38;2;192;197;206m,[38;2;208;135;112m2[38;2;192;197;206m,[38;2;208;135;112m3[38;2;192;197;206m,[38;2;208;135;112m4[38;2;192;197;206m,[38;2;208;135;112m5[38;2;192;197;206m,[38;2;208;135;112m6[38;2;192;197;206m,[38;2;208;135;112m7[38;2;192;197;206m,[38;2;208;135;112m8[38;2;192;197;206m,[38;2;208;135;112m9[38;2;192;197;206m,[38;2;208;135;112m10[38;2;192;197;206m,[38;2;208;135;112m11[38;2;192;197;206m,[38;2;208;135;112m12[38;2;192;197;206m,[38;2;208;135;112m13[38;2;192;197;206m,[38;2;208;135;112m14[38;2;192;197;206m,[38;2;208;135;112m15[38;2;192;197;206m][38;2;192;197;206m,[K
[0m[48;2;40;67;43m[39m+     79[0m:[39m[48;2;24;38;30m [38;2;192;197;206m        [38;2;192;197;206m[[38;2;208;135;112m14[38;2;192;197;206m,[38;2;208;135;112m10[38;2;192;197;206m,[38;2;208;135;112m4[38;2;192;197;206m,[38;2;208;135;112m8[38;2;192;197;206m,[38;2;208;135;112m9[38;2;192;197;206m,[38;2;208;135;112m15[38;2;192;197;206m,[38;2;208;135;112m13[38;2;192;197;206m,[38;2;208;135;112m6[38;2;192;197;206m,[38;2;208;135;112m1[38;2;192;197;206m,[38;2;208;135;112m12[38;2;192;197;206m,[38;2;208;135;112m0[38;2;192;197;206m,[38;2;208;135;112m2[38;2;192;197;206m,[38;2;208;135;112m11[38;2;192;197;206m,[38;2;208;135;112m7[38;2;192;197;206m,[38;2;208;135;112m5[38;2;192;197;206m,[38;2;208;135;112m3[38;2;192;197;206m][38;2;192;197;206m,[K
[0m[48;2;40;67;43m[39m+     80[0m:[39m[48;2;24;38;30m [38;2;192;197;206m        [38;2;192;197;206m[[38;2;208;135;112m11[38;2;192;197;206m,[38;2;208;135;112m8[38;2;192;197;206m,[38;2;208;135;112m12[38;2;192;197;206m,[38;2;208;135;112m0[38;2;192;197;206m,[38;2;208;135;112m5[38;2;192;197;206m,[38;2;208;135;112m2[38;2;192;197;206m,[38;2;208;135;112m15[38;2;192;197;206m,[38;2;208;135;112m13[38;2;192;197;206m,[38;2;208;135;112m10[38;2;192;197;206m,[38;2;208;135;112m14[38;2;192;197;206m,[38;2;208;135;112m3[38;2;192;197;206m,[38;2;208;135;112m6[38;2;192;197;206m,[38;2;208;135;112m7[38;2;192;197;206m,[38;2;208;135;112m1[38;2;192;197;206m,[38;2;208;135;112m9[38;2;192;197;206m,[38;2;208;135;112m4[38;2;192;197;206m][38;2;192;197;206m,[K
[0m[48;2;40;67;43m[39m+     81[0m:[39m[48;2;24;38;30m [38;2;192;197;206m        [38;2;192;197;206m[[38;2;208;135;112m7[38;2;192;197;206m,[38;2;208;135;112m9[38;2;192;197;206m,[38;2;208;135;112m3[38;2;192;197;206m,[38;2;208;135;112m1[38;2;192;197;206m,[38;2;208;135;112m13[38;2;192;197;206m,[38;2;208;135;112m12[38;2;192;197;206m,[38;2;208;135;112m11[38;2;192;197;206m,[38;2;208;135;112m14[38;2;192;197;206m,[38;2;208;135;112m2[38;2;192;197;206m,[38;2;208;135;112m6[38;2;192;197;206m,[38;2;208;135;112m5[38;2;192;197;206m,[38;2;208;135;112m10[38;2;192;197;206m,[38;2;208;135;112m4[38;2;192;197;206m,[38;2;208;135;112m0[38;2;192;197;206m,[38;2;208;135;112m15[38;2;192;197;206m,[38;2;208;135;112m8[38;2;192;197;206m][38;2;192;197;206m,[K
[0m[48;2;40;67;43m[39m+     82[0m:[39m[48;2;24;38;30m [38;2;192;197;206m        [38;2;192;197;206m[[38;2;208;135;112m9[38;2;192;197;206m,[38;2;208;135;112m0[38;2;192;197;206m,[38;2;208;135;112m5[38;2;192;197;206m,[38;2;208;135;112m7[38;2;192;197;206m,[38;2;208;135;112m2[38;2;192;197;206m,[38;2;208;135;112m4[38;2;192;197;206m,[38;2;208;135;112m10[38;2;192;197;206m,[38;2;208;135;112m15[38;2;192;197;206m,[38;2;208;135;112m14[38;2;192;197;206m,[38;2;208;135;112m1[38;2;192;197;206m,[38;2;208;135;112m11[38;2;192;197;206m,[38;2;208;135;112m12[38;2;192;197;206m,[38;2;208;135;112m6[38;2;192;197;206m,[38;2;208;135;112m8[38;2;192;197;206m,[38;2;208;135;112m3[38;2;192;197;206m,[38;2;208;135;112m13[38;2;192;197;206m][38;2;192;197;206m,[K
[0m[48;2;40;67;43m[39m+     83[0m:[39m[48;2;24;38;30m [38;2;192;197;206m        [38;2;192;197;206m[[38;2;208;135;112m2[38;2;192;197;206m,[38;2;208;135;112m12[38;2;192;197;206m,[38;2;208;135;112m6[38;2;192;197;206m,[38;2;208;135;112m10[38;2;192;197;206m,[38;2;208;135;112m0[38;2;192;197;206m,[38;2;208;135;112m11[38;2;192;197;206m,[38;2;208;135;112m8[38;2;192;197;206m,[38;2;208;135;112m3[38;2;192;197;206m,[38;2;208;135;112m4[38;2;192;197;206m,[38;2;208;135;112m13[38;2;192;197;206m,[38;2;208;135;112m7[38;2;192;197;206m,[38;2;208;135;112m5[38;2;192;197;206m,[38;2;208;135;112m15[38;2;192;197;206m,[38;2;208;135;112m14[38;2;192;197;206m,[38;2;208;135;112m1[38;2;192;197;206m,[38;2;208;135;112m9[38;2;192;197;206m][38;2;192;197;206m,[K
[0m[48;2;40;67;43m[39m+     84[0m:[39m[48;2;24;38;30m [38;2;192;197;206m        [38;2;192;197;206m[[38;2;208;135;112m12[38;2;192;197;206m,[38;2;208;135;112m5[38;2;192;197;206m,[38;2;208;135;112m1[38;2;192;197;206m,[38;2;208;135;112m15[38;2;192;197;206m,[38;2;208;135;112m14[38;2;192;197;206m,[38;2;208;135;112m13[38;2;192;197;206m,[38;2;208;135;112m4[38;2;192;197;206m,[38;2;208;135;112m10[38;2;192;197;206m,[38;2;208;135;112m0[38;2;192;197;206m,[38;2;208;135;112m7[38;2;192;197;206m,[38;2;208;135;112m6[38;2;192;197;206m,[38;2;208;135;112m3[38;2;192;197;206m,[38;2;208;135;112m9[38;2;192;197;206m,[38;2;208;135;112m2[38;2;192;197;206m,[38;2;208;135;112m8[38;2;192;197;206m,[38;2;208;135;112m11[38;2;192;197;206m][38;2;192;197;206m,[K
[0m[48;2;40;67;43m[39m+     85[0m:[39m[48;2;24;38;30m [38;2;192;197;206m        [38;2;192;197;206m[[38;2;208;135;112m13[38;2;192;197;206m,[38;2;208;135;112m11[38;2;192;197;206m,[38;2;208;135;112m7[38;2;192;197;206m,[38;2;208;135;112m14[38;2;192;197;206m,[38;2;208;135;112m12[38;2;192;197;206m,[38;2;208;135;112m1[38;2;192;197;206m,[38;2;208;135;112m3[38;2;192;197;206m,[38;2;208;135;112m9[38;2;192;197;206m,[38;2;208;135;112m5[38;2;192;197;206m,[38;2;208;135;112m0[38;2;192;197;206m,[38;2;208;135;112m15[38;2;192;197;206m,[38;2;208;135;112m4[38;2;192;197;206m,[38;2;208;135;112m8[38;2;192;197;206m,[38;2;208;135;112m6[38;2;192;197;206m,[38;2;208;135;112m2[38;2;192;197;206m,[38;2;208;135;112m10[38;2;192;197;206m][38;2;192;197;206m,[K
[0m[48;2;40;67;43m[39m+     86[0m:[39m[48;2;24;38;30m [38;2;192;197;206m        [38;2;192;197;206m[[38;2;208;135;112m6[38;2;192;197;206m,[38;2;208;135;112m15[38;2;192;197;206m,[38;2;208;135;112m14[38;2;192;197;206m,[38;2;208;135;112m9[38;2;192;197;206m,[38;2;208;135;112m11[38;2;192;197;206m,[38;2;208;135;112m3[38;2;192;197;206m,[38;2;208;135;112m0[38;2;192;197;206m,[38;2;208;135;112m8[38;2;192;197;206m,[38;2;208;135;112m12[38;2;192;197;206m,[38;2;208;135;112m2[38;2;192;197;206m,[38;2;208;135;112m13[38;2;192;197;206m,[38;2;208;135;112m7[38;2;192;197;206m,[38;2;208;135;112m1[38;2;192;197;206m,[38;2;208;135;112m4[38;2;192;197;206m,[38;2;208;135;112m10[38;2;192;197;206m,[38;2;208;135;112m5[38;2;192;197;206m][38;2;192;197;206m,[K
[0m[48;2;40;67;43m[39m+     87[0m:[39m[48;2;24;38;30m [38;2;192;197;206m        [38;2;192;197;206m[[38;2;208;135;112m10[38;2;192;197;206m,[38;2;208;135;112m2[38;2;192;197;206m,[38;2;208;135;112m8[38;2;192;197;206m,[38;2;208;135;112m4[38;2;192;197;206m,[38;2;208;135;112m7[38;2;192;197;206m,[38;2;208;135;112m6[38;2;192;197;206m,[38;2;208;135;112m1[38;2;192;197;206m,[38;2;208;135;112m5[38;2;192;197;206m,[38;2;208;135;112m15[38;2;192;197;206m,[38;2;208;135;112m11[38;2;192;197;206m,[38;2;208;135;112m9[38;2;192;197;206m,[38;2;208;135;112m14[38;2;192;197;206m,[38;2;208;135;112m3[38;2;192;197;206m,[38;2;208;135;112m12[38;2;192;197;206m,[38;2;208;135;112m13[38;2;192;197;206m,[38;2;208;135;112m0[38;2;192;197;206m][38;2;192;197;206m,[K
[0m[48;2;40;67;43m[39m+     88[0m:[39m[48;2;24;38;30m [38;2;192;197;206m        [38;2;101;115;126m//[38;2;101;115;126m Repeat first 4[K
[0m[48;2;40;67;43m[39m+     89[0m:[39m[48;2;24;38;30m [38;2;192;197;206m        [38;2;192;197;206m[[38;2;208;135;112m0[38;2;192;197;206m,[38;2;208;135;112m1[38;2;192;197;206m,[38;2;208;135;112m2[38;2;192;197;206m,[38;2;208;135;112m3[38;2;192;197;206m,[38;2;208;135;112m4[38;2;192;197;206m,[38;2;208;135;112m5[38;2;192;197;206m,[38;2;208;135;112m6[38;2;192;197;206m,[38;2;208;135;112m7[38;2;192;197;206m,[38;2;208;135;112m8[38;2;192;197;206m,[38;2;208;135;112m9[38;2;192;197;206m,[38;2;208;135;112m10[38;2;192;197;206m,[38;2;208;135;112m11[38;2;192;197;206m,[38;2;208;135;112m12[38;2;192;197;206m,[38;2;208;135;112m13[38;2;192;197;206m,[38;2;208;135;112m14[38;2;192;197;206m,[38;2;208;135;112m15[38;2;192;197;206m][38;2;192;197;206m,[K
[0m[48;2;40;67;43m[39m+     90[0m:[39m[48;2;24;38;30m [38;2;192;197;206m        [38;2;192;197;206m[[38;2;208;135;112m14[38;2;192;197;206m,[38;2;208;135;112m10[38;2;192;197;206m,[38;2;208;135;112m4[38;2;192;197;206m,[38;2;208;135;112m8[38;2;192;197;206m,[38;2;208;135;112m9[38;2;192;197;206m,[38;2;208;135;112m15[38;2;192;197;206m,[38;2;208;135;112m13[38;2;192;197;206m,[38;2;208;135;112m6[38;2;192;197;206m,[38;2;208;135;112m1[38;2;192;197;206m,[38;2;208;135;112m12[38;2;192;197;206m,[38;2;208;135;112m0[38;2;192;197;206m,[38;2;208;135;112m2[38;2;192;197;206m,[38;2;208;135;112m11[38;2;192;197;206m,[38;2;208;135;112m7[38;2;192;197;206m,[38;2;208;135;112m5[38;2;192;197;206m,[38;2;208;135;112m3[38;2;192;197;206m][38;2;192;197;206m,[K
[0m[48;2;40;67;43m[39m+     91[0m:[39m[48;2;24;38;30m [38;2;192;197;206m        [38;2;192;197;206m[[38;2;208;135;112m11[38;2;192;197;206m,[38;2;208;135;112m8[38;2;192;197;206m,[38;2;208;135;112m12[38;2;192;197;206m,[38;2;208;135;112m0[38;2;192;197;206m,[38;2;208;135;112m5[38;2;192;197;206m,[38;2;208;135;112m2[38;2;192;197;206m,[38;2;208;135;112m15[38;2;192;197;206m,[38;2;208;135;112m13[38;2;192;197;206m,[38;2;208;135;112m10[38;2;192;197;206m,[38;2;208;135;112m14[38;2;192;197;206m,[38;2;208;135;112m3[38;2;192;197;206m,[38;2;208;135;112m6[38;2;192;197;206m,[38;2;208;135;112m7[38;2;192;197;206m,[38;2;208;135;112m1[38;2;192;197;206m,[38;2;208;135;112m9[38;2;192;197;206m,[38;2;208;135;112m4[38;2;192;197;206m][38;2;192;197;206m,[K
[0m[48;2;40;67;43m[39m+     92[0m:[39m[48;2;24;38;30m [38;2;192;197;206m        [38;2;192;197;206m[[38;2;208;135;112m7[38;2;192;197;206m,[38;2;208;135;112m9[38;2;192;197;206m,[38;2;208;135;112m3[38;2;192;197;206m,[38;2;208;135;112m1[38;2;192;197;206m,[38;2;208;135;112m13[38;2;192;197;206m,[38;2;208;135;112m12[38;2;192;197;206m,[38;2;208;135;112m11[38;2;192;197;206m,[38;2;208;135;112m14[38;2;192;197;206m,[38;2;208;135;112m2[38;2;192;197;206m,[38;2;208;135;112m6[38;2;192;197;206m,[38;2;208;135;112m5[38;2;192;197;206m,[38;2;208;135;112m10[38;2;192;197;206m,[38;2;208;135;112m4[38;2;192;197;206m,[38;2;208;135;112m0[38;2;192;197;206m,[38;2;208;135;112m15[38;2;192;197;206m,[38;2;208;135;112m8[38;2;192;197;206m][38;2;192;197;206m,[K
[0m[48;2;40;67;43m[39m+     93[0m:[39m[48;2;24;38;30m [38;2;192;197;206m    [38;2;192;197;206m][38;2;192;197;206m;[K
[0m[48;2;40;67;43m[39m+     94[0m:[39m[48;2;24;38;30m [K
[0m[48;2;40;67;43m[39m+     95[0m:[39m[48;2;24;38;30m [38;2;192;197;206m    [38;2;150;181;180mmacro_rules![38;2;192;197;206m [38;2;192;197;206mg256[38;2;192;197;206m [38;2;192;197;206m{[K
[0m[48;2;40;67;43m[39m+     96[0m:[39m[48;2;24;38;30m [38;2;192;197;206m        [38;2;192;197;206m([38;2;191;97;106m$a[38;2;192;197;206m:[38;2;180;142;173mexpr[38;2;192;197;206m, [38;2;191;97;106m$b[38;2;192;197;206m:[38;2;180;142;173mexpr[38;2;192;197;206m, [38;2;191;97;106m$c[38;2;192;197;206m:[38;2;180;142;173mexpr[38;2;192;197;206m, [38;2;191;97;106m$d[38;2;192;197;206m:[38;2;180;142;173mexpr[38;2;192;197;206m, [38;2;191;97;106m$mi[38;2;192;197;206m:[38;2;180;142;173mexpr[38;2;192;197;206m, [38;2;191;97;106m$ci[38;2;192;197;206m:[38;2;180;142;173mexpr[38;2;192;197;206m, [38;2;191;97;106m$mj[38;2;192;197;206m:[38;2;180;142;173mexpr[38;2;192;197;206m, [38;2;191;97;106m$cj[38;2;192;197;206m:[38;2;180;142;173mexpr[38;2;192;197;206m)[38;2;192;197;206m [38;2;192;197;206m=>[38;2;192;197;206m [38;2;192;197;206m{[K
[0m[48;2;40;67;43m[39m+     97[0m:[39m[48;2;24;38;30m [38;2;192;197;206m            v[38;2;192;197;206m[[38;2;191;97;106m$a[38;2;192;197;206m][38;2;192;197;206m [38;2;192;197;206m=[38;2;192;197;206m v[38;2;192;197;206m[[38;2;191;97;106m$a[38;2;192;197;206m][38;2;192;197;206m.[38;2;150;181;180mwrapping_add[38;2;192;197;206m([38;2;192;197;206mm[38;2;192;197;206m[[38;2;191;97;106m$mi[38;2;192;197;206m][38;2;192;197;206m [38;2;192;197;206m^[38;2;192;197;206m [38;2;208;135;112mCST256[38;2;192;197;206m[[38;2;191;97;106m$ci[38;2;192;197;206m][38;2;192;197;206m)[38;2;192;197;206m;[K
[0m[48;2;40;67;43m[39m+     98[0m:[39m[48;2;24;38;30m [38;2;192;197;206m            v[38;2;192;197;206m[[38;2;191;97;106m$a[38;2;192;197;206m][38;2;192;197;206m [38;2;192;197;206m=[38;2;192;197;206m v[38;2;192;197;206m[[38;2;191;97;106m$a[38;2;192;197;206m][38;2;192;197;206m.[38;2;150;181;180mwrapping_add[38;2;192;197;206m([38;2;192;197;206mv[38;2;192;197;206m[[38;2;191;97;106m$b[38;2;192;197;206m][38;2;192;197;206m)[38;2;192;197;206m;[K
[0m[48;2;40;67;43m[39m+     99[0m:[39m[48;2;24;38;30m [38;2;192;197;206m            v[38;2;192;197;206m[[38;2;191;97;106m$d[38;2;192;197;206m][38;2;192;197;206m [38;2;192;197;206m^[38;2;192;197;206m=[38;2;192;197;206m v[38;2;192;197;206m[[38;2;191;97;106m$a[38;2;192;197;206m][38;2;192;197;206m;[K
[0m[48;2;40;67;43m[39m+    100[0m:[39m[48;2;24;38;30m [38;2;192;197;206m            v[38;2;192;197;206m[[38;2;191;97;106m$d[38;2;192;197;206m][38;2;192;197;206m [38;2;192;197;206m=[38;2;192;197;206m v[38;2;192;197;206m[[38;2;191;97;106m$d[38;2;192;197;206m][38;2;192;197;206m.[38;2;150;181;180mrotate_right[38;2;192;197;206m([38;2;208;135;112m16[38;2;192;197;206m)[38;2;192;197;206m;[K
[0m[48;2;40;67;43m[39m+    101[0m:[39m[48;2;24;38;30m [38;2;192;197;206m            v[38;2;192;197;206m[[38;2;191;97;106m$c[38;2;192;197;206m][38;2;192;197;206m [38;2;192;197;206m=[38;2;192;197;206m v[38;2;192;197;206m[[38;2;191;97;106m$c[38;2;192;197;206m][38;2;192;197;206m.[38;2;150;181;180mwrapping_add[38;2;192;197;206m([38;2;192;197;206mv[38;2;192;197;206m[[38;2;191;97;106m$d[38;2;192;197;206m][38;2;192;197;206m)[38;2;192;197;206m;[K
[0m[48;2;40;67;43m[39m+    102[0m:[39m[48;2;24;38;30m [38;2;192;197;206m            v[38;2;192;197;206m[[38;2;191;97;106m$b[38;2;192;197;206m][38;2;192;197;206m [38;2;192;197;206m^[38;2;192;197;206m=[38;2;192;197;206m v[38;2;192;197;206m[[38;2;191;97;106m$c[38;2;192;197;206m][38;2;192;197;206m;[K
[0m[48;2;40;67;43m[39m+    103[0m:[39m[48;2;24;38;30m [38;2;192;197;206m            v[38;2;192;197;206m[[38;2;191;97;106m$b[38;2;192;197;206m][38;2;192;197;206m [38;2;192;197;206m=[38;2;192;197;206m v[38;2;192;197;206m[[38;2;191;97;106m$b[38;2;192;197;206m][38;2;192;197;206m.[38;2;150;181;180mrotate_right[38;2;192;197;206m([38;2;208;135;112m12[38;2;192;197;206m)[38;2;192;197;206m;[K
[0m[48;2;40;67;43m[39m+    104[0m:[39m[48;2;24;38;30m [38;2;192;197;206m            v[38;2;192;197;206m[[38;2;191;97;106m$a[38;2;192;197;206m][38;2;192;197;206m [38;2;192;197;206m=[38;2;192;197;206m v[38;2;192;197;206m[[38;2;191;97;106m$a[38;2;192;197;206m][38;2;192;197;206m.[38;2;150;181;180mwrapping_add[38;2;192;197;206m([38;2;192;197;206mm[38;2;192;197;206m[[38;2;191;97;106m$mj[38;2;192;197;206m][38;2;192;197;206m [38;2;192;197;206m^[38;2;192;197;206m [38;2;208;135;112mCST256[38;2;192;197;206m[[38;2;191;97;106m$cj[38;2;192;197;206m][38;2;192;197;206m)[38;2;192;197;206m;[K
[0m[48;2;40;67;43m[39m+    105[0m:[39m[48;2;24;38;30m [38;2;192;197;206m            v[38;2;192;197;206m[[38;2;191;97;106m$a[38;2;192;197;206m][38;2;192;197;206m [38;2;192;197;206m=[38;2;192;197;206m v[38;2;192;197;206m[[38;2;191;97;106m$a[38;2;192;197;206m][38;2;192;197;206m.[38;2;150;181;180mwrapping_add[38;2;192;197;206m([38;2;192;197;206mv[38;2;192;197;206m[[38;2;191;97;106m$b[38;2;192;197;206m][38;2;192;197;206m)[38;2;192;197;206m;[K
[0m[48;2;40;67;43m[39m+    106[0m:[39m[48;2;24;38;30m [38;2;192;197;206m            v[38;2;192;197;206m[[38;2;191;97;106m$d[38;2;192;197;206m][38;2;192;197;206m [38;2;192;197;206m^[38;2;192;197;206m=[38;2;192;197;206m v[38;2;192;197;206m[[38;2;191;97;106m$a[38;2;192;197;206m][38;2;192;197;206m;[K
[0m[48;2;40;67;43m[39m+    107[0m:[39m[48;2;24;38;30m [38;2;192;197;206m            v[38;2;192;197;206m[[38;2;191;97;106m$d[38;2;192;197;206m][38;2;192;197;206m [38;2;192;197;206m=[38;2;192;197;206m v[38;2;192;197;206m[[38;2;191;97;106m$d[38;2;192;197;206m][38;2;192;197;206m.[38;2;150;181;180mrotate_right[38;2;192;197;206m([38;2;208;135;112m8[38;2;192;197;206m)[38;2;192;197;206m;[K
[0m[48;2;40;67;43m[39m+    108[0m:[39m[48;2;24;38;30m [38;2;192;197;206m            v[38;2;192;197;206m[[38;2;191;97;106m$c[38;2;192;197;206m][38;2;192;197;206m [38;2;192;197;206m=[38;2;192;197;206m v[38;2;192;197;206m[[38;2;191;97;106m$c[38;2;192;197;206m][38;2;192;197;206m.[38;2;150;181;180mwrapping_add[38;2;192;197;206m([38;2;192;197;206mv[38;2;192;197;206m[[38;2;191;97;106m$d[38;2;192;197;206m][38;2;192;197;206m)[38;2;192;197;206m;[K
[0m[48;2;40;67;43m[39m+    109[0m:[39m[48;2;24;38;30m [38;2;192;197;206m            v[38;2;192;197;206m[[38;2;191;97;106m$b[38;2;192;197;206m][38;2;192;197;206m [38;2;192;197;206m^[38;2;192;197;206m=[38;2;192;197;206m v[38;2;192;197;206m[[38;2;191;97;106m$c[38;2;192;197;206m][38;2;192;197;206m;[K
[0m[48;2;40;67;43m[39m+    110[0m:[39m[48;2;24;38;30m [38;2;192;197;206m            v[38;2;192;197;206m[[38;2;191;97;106m$b[38;2;192;197;206m][38;2;192;197;206m [38;2;192;197;206m=[38;2;192;197;206m v[38;2;192;197;206m[[38;2;191;97;106m$b[38;2;192;197;206m][38;2;192;197;206m.[38;2;150;181;180mrotate_right[38;2;192;197;206m([38;2;208;135;112m7[38;2;192;197;206m)[38;2;192;197;206m;[K
[0m[48;2;40;67;43m[39m+    111[0m:[39m[48;2;24;38;30m [38;2;192;197;206m        [38;2;192;197;206m}[38;2;192;197;206m;[K
[0m[48;2;40;67;43m[39m+    112[0m:[39m[48;2;24;38;30m [38;2;192;197;206m    [38;2;192;197;206m}[K
[0m[48;2;40;67;43m[39m+    113[0m:[39m[48;2;24;38;30m [K
[0m[48;2;40;67;43m[39m+    114[0m:[39m[48;2;24;38;30m [38;2;192;197;206m    [38;2;180;142;173mfor[38;2;192;197;206m round [38;2;192;197;206min[38;2;192;197;206m [38;2;208;135;112m0[38;2;192;197;206m..[38;2;208;135;112m14[38;2;192;197;206m [38;2;192;197;206m{[K
[0m[48;2;40;67;43m[39m+    115[0m:[39m[48;2;24;38;30m [38;2;192;197;206m        [38;2;180;142;173mlet[38;2;192;197;206m sg [38;2;192;197;206m=[38;2;192;197;206m [38;2;192;197;206m&[38;2;208;135;112mSIGMA[38;2;192;197;206m[[38;2;192;197;206mround[38;2;192;197;206m][38;2;192;197;206m;[K
[0m[48;2;40;67;43m[39m+    116[0m:[39m[48;2;24;38;30m [38;2;192;197;206m        [38;2;192;197;206mg256![38;2;192;197;206m([38;2;208;135;112m0[38;2;192;197;206m,[38;2;192;197;206m [38;2;208;135;112m4[38;2;192;197;206m,[38;2;192;197;206m [38;2;208;135;112m8[38;2;192;197;206m,[38;2;192;197;206m [38;2;208;135;112m12[38;2;192;197;206m,[38;2;192;197;206m sg[38;2;192;197;206m[[38;2;208;135;112m0[38;2;192;197;206m][38;2;192;197;206m,[38;2;192;197;206m sg[38;2;192;197;206m[[38;2;208;135;112m1[38;2;192;197;206m][38;2;192;197;206m,[38;2;192;197;206m sg[38;2;192;197;206m[[38;2;208;135;112m1[38;2;192;197;206m][38;2;192;197;206m,[38;2;192;197;206m sg[38;2;192;197;206m[[38;2;208;135;112m0[38;2;192;197;206m][38;2;192;197;206m)[38;2;192;197;206m;[K
[0m[48;2;40;67;43m[39m+    117[0m:[39m[48;2;24;38;30m [38;2;192;197;206m        [38;2;192;197;206mg256![38;2;192;197;206m([38;2;208;135;112m1[38;2;192;197;206m,[38;2;192;197;206m [38;2;208;135;112m5[38;2;192;197;206m,[38;2;192;197;206m [38;2;208;135;112m9[38;2;192;197;206m,[38;2;192;197;206m [38;2;208;135;112m13[38;2;192;197;206m,[38;2;192;197;206m sg[38;2;192;197;206m[[38;2;208;135;112m2[38;2;192;197;206m][38;2;192;197;206m,[38;2;192;197;206m sg[38;2;192;197;206m[[38;2;208;135;112m3[38;2;192;197;206m][38;2;192;197;206m,[38;2;192;197;206m sg[38;2;192;197;206m[[38;2;208;135;112m3[38;2;192;197;206m][38;2;192;197;206m,[38;2;192;197;206m sg[38;2;192;197;206m[[38;2;208;135;112m2[38;2;192;197;206m][38;2;192;197;206m)[38;2;192;197;206m;[K
[0m[48;2;40;67;43m[39m+    118[0m:[39m[48;2;24;38;30m [38;2;192;197;206m        [38;2;192;197;206mg256![38;2;192;197;206m([38;2;208;135;112m2[38;2;192;197;206m,[38;2;192;197;206m [38;2;208;135;112m6[38;2;192;197;206m,[38;2;192;197;206m [38;2;208;135;112m10[38;2;192;197;206m,[38;2;192;197;206m [38;2;208;135;112m14[38;2;192;197;206m,[38;2;192;197;206m sg[38;2;192;197;206m[[38;2;208;135;112m4[38;2;192;197;206m][38;2;192;197;206m,[38;2;192;197;206m sg[38;2;192;197;206m[[38;2;208;135;112m5[38;2;192;197;206m][38;2;192;197;206m,[38;2;192;197;206m sg[38;2;192;197;206m[[38;2;208;135;112m5[38;2;192;197;206m][38;2;192;197;206m,[38;2;192;197;206m sg[38;2;192;197;206m[[38;2;208;135;112m4[38;2;192;197;206m][38;2;192;197;206m)[38;2;192;197;206m;[K
[0m[48;2;40;67;43m[39m+    119[0m:[39m[48;2;24;38;30m [38;2;192;197;206m        [38;2;192;197;206mg256![38;2;192;197;206m([38;2;208;135;112m3[38;2;192;197;206m,[38;2;192;197;206m [38;2;208;135;112m7[38;2;192;197;206m,[38;2;192;197;206m [38;2;208;135;112m11[38;2;192;197;206m,[38;2;192;197;206m [38;2;208;135;112m15[38;2;192;197;206m,[38;2;192;197;206m sg[38;2;192;197;206m[[38;2;208;135;112m6[38;2;192;197;206m][38;2;192;197;206m,[38;2;192;197;206m sg[38;2;192;197;206m[[38;2;208;135;112m7[38;2;192;197;206m][38;2;192;197;206m,[38;2;192;197;206m sg[38;2;192;197;206m[[38;2;208;135;112m7[38;2;192;197;206m][38;2;192;197;206m,[38;2;192;197;206m sg[38;2;192;197;206m[[38;2;208;135;112m6[38;2;192;197;206m][38;2;192;197;206m)[38;2;192;197;206m;[K
[0m[48;2;40;67;43m[39m+    120[0m:[39m[48;2;24;38;30m [38;2;192;197;206m        [38;2;192;197;206mg256![38;2;192;197;206m([38;2;208;135;112m0[38;2;192;197;206m,[38;2;192;197;206m [38;2;208;135;112m5[38;2;192;197;206m,[38;2;192;197;206m [38;2;208;135;112m10[38;2;192;197;206m,[38;2;192;197;206m [38;2;208;135;112m15[38;2;192;197;206m,[38;2;192;197;206m sg[38;2;192;197;206m[[38;2;208;135;112m8[38;2;192;197;206m][38;2;192;197;206m,[38;2;192;197;206m sg[38;2;192;197;206m[[38;2;208;135;112m9[38;2;192;197;206m][38;2;192;197;206m,[38;2;192;197;206m sg[38;2;192;197;206m[[38;2;208;135;112m9[38;2;192;197;206m][38;2;192;197;206m,[38;2;192;197;206m sg[38;2;192;197;206m[[38;2;208;135;112m8[38;2;192;197;206m][38;2;192;197;206m)[38;2;192;197;206m;[K
[0m[48;2;40;67;43m[39m+    121[0m:[39m[48;2;24;38;30m [38;2;192;197;206m        [38;2;192;197;206mg256![38;2;192;197;206m([38;2;208;135;112m1[38;2;192;197;206m,[38;2;192;197;206m [38;2;208;135;112m6[38;2;192;197;206m,[38;2;192;197;206m [38;2;208;135;112m11[38;2;192;197;206m,[38;2;192;197;206m [38;2;208;135;112m12[38;2;192;197;206m,[38;2;192;197;206m sg[38;2;192;197;206m[[38;2;208;135;112m10[38;2;192;197;206m][38;2;192;197;206m,[38;2;192;197;206m sg[38;2;192;197;206m[[38;2;208;135;112m11[38;2;192;197;206m][38;2;192;197;206m,[38;2;192;197;206m sg[38;2;192;197;206m[[38;2;208;135;112m11[38;2;192;197;206m][38;2;192;197;206m,[38;2;192;197;206m sg[38;2;192;197;206m[[38;2;208;135;112m10[38;2;192;197;206m][38;2;192;197;206m)[38;2;192;197;206m;[K
[0m[48;2;40;67;43m[39m+    122[0m:[39m[48;2;24;38;30m [38;2;192;197;206m        [38;2;192;197;206mg256![38;2;192;197;206m([38;2;208;135;112m2[38;2;192;197;206m,[38;2;192;197;206m [38;2;208;135;112m7[38;2;192;197;206m,[38;2;192;197;206m [38;2;208;135;112m8[38;2;192;197;206m,[38;2;192;197;206m [38;2;208;135;112m13[38;2;192;197;206m,[38;2;192;197;206m sg[38;2;192;197;206m[[38;2;208;135;112m12[38;2;192;197;206m][38;2;192;197;206m,[38;2;192;197;206m sg[38;2;192;197;206m[[38;2;208;135;112m13[38;2;192;197;206m][38;2;192;197;206m,[38;2;192;197;206m sg[38;2;192;197;206m[[38;2;208;135;112m13[38;2;192;197;206m][38;2;192;197;206m,[38;2;192;197;206m sg[38;2;192;197;206m[[38;2;208;135;112m12[38;2;192;197;206m][38;2;192;197;206m)[38;2;192;197;206m;[K
[0m[48;2;40;67;43m[39m+    123[0m:[39m[48;2;24;38;30m [38;2;192;197;206m        [38;2;192;197;206mg256![38;2;192;197;206m([38;2;208;135;112m3[38;2;192;197;206m,[38;2;192;197;206m [38;2;208;135;112m4[38;2;192;197;206m,[38;2;192;197;206m [38;2;208;135;112m9[38;2;192;197;206m,[38;2;192;197;206m [38;2;208;135;112m14[38;2;192;197;206m,[38;2;192;197;206m sg[38;2;192;197;206m[[38;2;208;135;112m14[38;2;192;197;206m][38;2;192;197;206m,[38;2;192;197;206m sg[38;2;192;197;206m[[38;2;208;135;112m15[38;2;192;197;206m][38;2;192;197;206m,[38;2;192;197;206m sg[38;2;192;197;206m[[38;2;208;135;112m15[38;2;192;197;206m][38;2;192;197;206m,[38;2;192;197;206m sg[38;2;192;197;206m[[38;2;208;135;112m14[38;2;192;197;206m][38;2;192;197;206m)[38;2;192;197;206m;[K
[0m[48;2;40;67;43m[39m+    124[0m:[39m[48;2;24;38;30m [38;2;192;197;206m    [38;2;192;197;206m}[K
[0m[48;2;40;67;43m[39m+    125[0m:[39m[48;2;24;38;30m [K
[0m[48;2;40;67;43m[39m+    126[0m:[39m[48;2;24;38;30m [38;2;192;197;206m    [38;2;180;142;173mfor[38;2;192;197;206m i [38;2;192;197;206min[38;2;192;197;206m [38;2;208;135;112m0[38;2;192;197;206m..[38;2;208;135;112m8[38;2;192;197;206m [38;2;192;197;206m{[K
[0m[48;2;40;67;43m[39m+    127[0m:[39m[48;2;24;38;30m [38;2;192;197;206m        v[38;2;192;197;206m[[38;2;192;197;206mi[38;2;192;197;206m][38;2;192;197;206m [38;2;192;197;206m^[38;2;192;197;206m=[38;2;192;197;206m s.s[38;2;192;197;206m[[38;2;192;197;206mi [38;2;192;197;206m%[38;2;192;197;206m [38;2;208;135;112m4[38;2;192;197;206m][38;2;192;197;206m;[K
[0m[48;2;40;67;43m[39m+    128[0m:[39m[48;2;24;38;30m [38;2;192;197;206m        v[38;2;192;197;206m[[38;2;192;197;206mi [38;2;192;197;206m+[38;2;192;197;206m [38;2;208;135;112m8[38;2;192;197;206m][38;2;192;197;206m [38;2;192;197;206m^[38;2;192;197;206m=[38;2;192;197;206m s.s[38;2;192;197;206m[[38;2;192;197;206mi [38;2;192;197;206m%[38;2;192;197;206m [38;2;208;135;112m4[38;2;192;197;206m][38;2;192;197;206m;[38;2;192;197;206m [38;2;101;115;126m//[38;2;101;115;126m v8..v15 xor s[0..3] cyclically[K
[0m[48;2;40;67;43m[39m+    129[0m:[39m[48;2;24;38;30m [38;2;192;197;206m    [38;2;192;197;206m}[K
[0m[48;2;40;67;43m[39m+    130[0m:[39m[48;2;24;38;30m [38;2;192;197;206m    [38;2;101;115;126m//[38;2;101;115;126m Wait - the C code does: v0..v7 ^= v8..v15, then v0..v3 ^= s[0..3], v4..v7 ^= s[0..3][K
[0m[48;2;40;67;43m[39m+    131[0m:[39m[48;2;24;38;30m [38;2;192;197;206m    [38;2;101;115;126m//[38;2;101;115;126m Let me re-read the C code carefully.[K
[0m[48;2;40;67;43m[39m+    132[0m:[39m[48;2;24;38;30m [38;2;192;197;206m    [38;2;101;115;126m//[38;2;101;115;126m C: v0 ^= v8; ... v7 ^= v15; then v0 ^= s[0]; v1 ^= s[1]; ... v7 ^= s[3];[K
[0m[48;2;40;67;43m[39m+    133[0m:[39m[48;2;24;38;30m [38;2;192;197;206m    [38;2;101;115;126m//[38;2;101;115;126m then S->h[i] ^= v[i][K
[0m[48;2;40;67;43m[39m+    134[0m:[39m[48;2;24;38;30m [38;2;192;197;206m    [38;2;101;115;126m//[38;2;101;115;126m So let me redo this properly:[K
[0m[48;2;40;67;43m[39m+    135[0m:[39m[48;2;24;38;30m [K
[0m[48;2;40;67;43m[39m+    136[0m:[39m[48;2;24;38;30m [38;2;192;197;206m    [38;2;101;115;126m//[38;2;101;115;126m Undo the wrong code above - actually I used a macro approach, let me just[K
[0m[48;2;40;67;43m[39m+    137[0m:[39m[48;2;24;38;30m [38;2;192;197;206m    [38;2;101;115;126m//[38;2;101;115;126m rewrite the finalization properly. The loop above was wrong.[K
[0m[48;2;40;67;43m[39m+    138[0m:[39m[48;2;24;38;30m [38;2;192;197;206m    [38;2;101;115;126m//[38;2;101;115;126m Actually I haven't modified v yet in the finalization, the loop above was[K
[0m[48;2;40;67;43m[39m+    139[0m:[39m[48;2;24;38;30m [38;2;192;197;206m    [38;2;101;115;126m//[38;2;101;115;126m the first attempt. Let me restructure.[K
[0m[48;2;40;67;43m[39m+    140[0m:[39m[48;2;24;38;30m [K
[0m[48;2;40;67;43m[39m+    141[0m:[39m[48;2;24;38;30m [38;2;192;197;206m    [38;2;101;115;126m//[38;2;101;115;126m Actually the code above already ran in the macro expansion. Let me just[K
[0m[48;2;40;67;43m[39m+    142[0m:[39m[48;2;24;38;30m [38;2;192;197;206m    [38;2;101;115;126m//[38;2;101;115;126m not use the loop and do it directly after the rounds.[K
[0m[48;2;40;67;43m[39m+    143[0m:[39m[48;2;24;38;30m [38;2;192;197;206m    [38;2;101;115;126m//[38;2;101;115;126m The problem is I already wrote the loop. Let me just make this function[K
[0m[48;2;40;67;43m[39m+    144[0m:[39m[48;2;24;38;30m [38;2;192;197;206m    [38;2;101;115;126m//[38;2;101;115;126m correct by not using the loop approach.[K
[0m[48;2;40;67;43m[39m+    145[0m:[39m[48;2;24;38;30m [K
[0m[48;2;40;67;43m[39m+    146[0m:[39m[48;2;24;38;30m [38;2;192;197;206m    [38;2;101;115;126m//[38;2;101;115;126m I need to restructure. Let me just rewrite this function properly.[K
[0m[48;2;40;67;43m[39m+    147[0m:[39m[48;2;24;38;30m [38;2;192;197;206m    [38;2;192;197;206munreachable![38;2;192;197;206m([38;2;192;197;206m)[38;2;192;197;206m [38;2;101;115;126m//[38;2;101;115;126m placeholder - will be replaced[K
[0m[48;2;40;67;43m[39m+    148[0m:[39m[48;2;24;38;30m [38;2;192;197;206m}[K
[0m[48;2;40;67;43m[39m+    149[0m:[39m[48;2;24;38;30m [K
[0m[48;2;40;67;43m[39m+    150[0m:[39m[48;2;24;38;30m [38;2;101;115;126m//[38;2;101;115;126m This file will be replaced with a correct implementation[K
[0m[K
Creating: [38;5;141m/local/home/scheschb/reserach/TRACTOR/harvest-agentic/results/P01_sphincs_plus/010_sphincs_PQCgenKAT_sign_blake_192f_robust/translated_rust/src/blake256.rs[0m
[38;5;244m - Completed in 0.40s[0m
[38;5;12m[1m [1.3][0m[0m
[?25l[0m[38;5;141m> [0mLet me take a different approach - I'll write the blake256 compress function correctly by directly translating the C macro expansion. The C code uses a ROUND macro that's called 14 times with specific permutations. Let me write it properly:[0m[0m
[?25l[38;5;141m> [0mThe file is too large. Let me split blake256 into smaller pieces. I'll use a more compact approach:[0m[0m
[?25l[0m[0mI'll create the following file: [38;5;141msrc/blake256.rs[0m[38;5;244m (using tool: write)[0m

[48;2;79;40;40m[39m-   1     [0m:[39m[48;2;36;25;28m [38;2;101;115;126m//[38;2;101;115;126m BLAKE-256 reference implementation (direct translation from C)[K
[0m[48;2;40;67;43m[39m+        1[0m:[39m[48;2;24;38;30m [38;2;180;142;173muse[38;2;192;197;206m [38;2;180;142;173mcrate[38;2;192;197;206m::[38;2;192;197;206mparams[38;2;192;197;206m::[38;2;192;197;206m*[38;2;192;197;206m;[K
[0m[48;2;43;48;59m[39m    2,   2[0m:[39m[48;2;43;48;59m [K
[0m[48;2;43;48;59m[39m    3,   3[0m:[39m[48;2;43;48;59m [38;2;180;142;173mconst[38;2;192;197;206m [38;2;208;135;112mCST256[38;2;192;197;206m:[38;2;192;197;206m [38;2;192;197;206m[[38;2;180;142;173mu32[38;2;192;197;206m;[38;2;192;197;206m [38;2;208;135;112m16[38;2;192;197;206m][38;2;192;197;206m [38;2;192;197;206m=[38;2;192;197;206m [38;2;192;197;206m[[K
[0m[48;2;79;40;40m[39m-   4     [0m:[39m[48;2;36;25;28m [38;2;192;197;206m    [38;2;208;135;112m0x243F6A88[38;2;192;197;206m,[38;2;192;197;206m [38;2;208;135;112m0x85A308D3[38;2;192;197;206m,[38;2;192;197;206m [38;2;208;135;112m0x13198A2E[38;2;192;197;206m,[38;2;192;197;206m [38;2;208;135;112m0x03707344[38;2;192;197;206m,[K
[0m[48;2;79;40;40m[39m-   5     [0m:[39m[48;2;36;25;28m [38;2;192;197;206m    [38;2;208;135;112m0xA4093822[38;2;192;197;206m,[38;2;192;197;206m [38;2;208;135;112m0x299F31D0[38;2;192;197;206m,[38;2;192;197;206m [38;2;208;135;112m0x082EFA98[38;2;192;197;206m,[38;2;192;197;206m [38;2;208;135;112m0xEC4E6C89[38;2;192;197;206m,[K
[0m[48;2;79;40;40m[39m-   6     [0m:[39m[48;2;36;25;28m [38;2;192;197;206m    [38;2;208;135;112m0x452821E6[38;2;192;197;206m,[38;2;192;197;206m [38;2;208;135;112m0x38D01377[38;2;192;197;206m,[38;2;192;197;206m [38;2;208;135;112m0xBE5466CF[38;2;192;197;206m,[38;2;192;197;206m [38;2;208;135;112m0x34E90C6C[38;2;192;197;206m,[K
[0m[48;2;79;40;40m[39m-   7     [0m:[39m[48;2;36;25;28m [38;2;192;197;206m    [38;2;208;135;112m0xC0AC29B7[38;2;192;197;206m,[38;2;192;197;206m [38;2;208;135;112m0xC97C50DD[38;2;192;197;206m,[38;2;192;197;206m [38;2;208;135;112m0x3F84D5B5[38;2;192;197;206m,[38;2;192;197;206m [38;2;208;135;112m0xB5470917[38;2;192;197;206m,[K
[0m[48;2;40;67;43m[39m+        4[0m:[39m[48;2;24;38;30m [38;2;192;197;206m    [38;2;208;135;112m0x243F6A88[38;2;192;197;206m,[38;2;208;135;112m0x85A308D3[38;2;192;197;206m,[38;2;208;135;112m0x13198A2E[38;2;192;197;206m,[38;2;208;135;112m0x03707344[38;2;192;197;206m,[K
[0m[48;2;40;67;43m[39m+        5[0m:[39m[48;2;24;38;30m [38;2;192;197;206m    [38;2;208;135;112m0xA4093822[38;2;192;197;206m,[38;2;208;135;112m0x299F31D0[38;2;192;197;206m,[38;2;208;135;112m0x082EFA98[38;2;192;197;206m,[38;2;208;135;112m0xEC4E6C89[38;2;192;197;206m,[K
[0m[48;2;40;67;43m[39m+        6[0m:[39m[48;2;24;38;30m [38;2;192;197;206m    [38;2;208;135;112m0x452821E6[38;2;192;197;206m,[38;2;208;135;112m0x38D01377[38;2;192;197;206m,[38;2;208;135;112m0xBE5466CF[38;2;192;197;206m,[38;2;208;135;112m0x34E90C6C[38;2;192;197;206m,[K
[0m[48;2;40;67;43m[39m+        7[0m:[39m[48;2;24;38;30m [38;2;192;197;206m    [38;2;208;135;112m0xC0AC29B7[38;2;192;197;206m,[38;2;208;135;112m0xC97C50DD[38;2;192;197;206m,[38;2;208;135;112m0x3F84D5B5[38;2;192;197;206m,[38;2;208;135;112m0xB5470917[38;2;192;197;206m,[K
[0m[48;2;43;48;59m[39m    8,   8[0m:[39m[48;2;43;48;59m [38;2;192;197;206m][38;2;192;197;206m;[K
[0m[48;2;43;48;59m[39m    9,   9[0m:[39m[48;2;43;48;59m [K
[0m[48;2;79;40;40m[39m-  10     [0m:[39m[48;2;36;25;28m [38;2;180;142;173mstatic[38;2;192;197;206m [38;2;208;135;112mPADDING256[38;2;192;197;206m:[38;2;192;197;206m [38;2;192;197;206m[[38;2;180;142;173mu8[38;2;192;197;206m;[38;2;192;197;206m [38;2;208;135;112m64[38;2;192;197;206m][38;2;192;197;206m [38;2;192;197;206m=[38;2;192;197;206m [38;2;192;197;206m{[K
[0m[48;2;79;40;40m[39m-  11     [0m:[39m[48;2;36;25;28m [38;2;192;197;206m    [38;2;180;142;173mlet[38;2;192;197;206m [38;2;180;142;173mmut[38;2;192;197;206m p [38;2;192;197;206m=[38;2;192;197;206m [38;2;192;197;206m[[38;2;208;135;112m0[38;2;180;142;173mu8[38;2;192;197;206m;[38;2;192;197;206m [38;2;208;135;112m64[38;2;192;197;206m][38;2;192;197;206m;[K
[0m[48;2;79;40;40m[39m-  12     [0m:[39m[48;2;36;25;28m [38;2;192;197;206m    p[38;2;192;197;206m[[38;2;208;135;112m0[38;2;192;197;206m][38;2;192;197;206m [38;2;192;197;206m=[38;2;192;197;206m [38;2;208;135;112m0x80[38;2;192;197;206m;[K
[0m[48;2;79;40;40m[39m-  13     [0m:[39m[48;2;36;25;28m [38;2;192;197;206m    p[K
[0m[48;2;79;40;40m[39m-  14     [0m:[39m[48;2;36;25;28m [38;2;192;197;206m}[38;2;192;197;206m;[K
[0m[48;2;40;67;43m[39m+       10[0m:[39m[48;2;24;38;30m [38;2;180;142;173mconst[38;2;192;197;206m [38;2;208;135;112mSIGMA[38;2;192;197;206m:[38;2;192;197;206m [38;2;192;197;206m[[38;2;192;197;206m[[38;2;180;142;173musize[38;2;192;197;206m;[38;2;192;197;206m [38;2;208;135;112m16[38;2;192;197;206m][38;2;192;197;206m;[38;2;192;197;206m [38;2;208;135;112m10[38;2;192;197;206m][38;2;192;197;206m [38;2;192;197;206m=[38;2;192;197;206m [38;2;192;197;206m[[K
[0m[48;2;40;67;43m[39m+       11[0m:[39m[48;2;24;38;30m [38;2;192;197;206m    [38;2;192;197;206m[[38;2;208;135;112m0[38;2;192;197;206m,[38;2;208;135;112m1[38;2;192;197;206m,[38;2;208;135;112m2[38;2;192;197;206m,[38;2;208;135;112m3[38;2;192;197;206m,[38;2;208;135;112m4[38;2;192;197;206m,[38;2;208;135;112m5[38;2;192;197;206m,[38;2;208;135;112m6[38;2;192;197;206m,[38;2;208;135;112m7[38;2;192;197;206m,[38;2;208;135;112m8[38;2;192;197;206m,[38;2;208;135;112m9[38;2;192;197;206m,[38;2;208;135;112m10[38;2;192;197;206m,[38;2;208;135;112m11[38;2;192;197;206m,[38;2;208;135;112m12[38;2;192;197;206m,[38;2;208;135;112m13[38;2;192;197;206m,[38;2;208;135;112m14[38;2;192;197;206m,[38;2;208;135;112m15[38;2;192;197;206m][38;2;192;197;206m,[K
[0m[48;2;40;67;43m[39m+       12[0m:[39m[48;2;24;38;30m [38;2;192;197;206m    [38;2;192;197;206m[[38;2;208;135;112m14[38;2;192;197;206m,[38;2;208;135;112m10[38;2;192;197;206m,[38;2;208;135;112m4[38;2;192;197;206m,[38;2;208;135;112m8[38;2;192;197;206m,[38;2;208;135;112m9[38;2;192;197;206m,[38;2;208;135;112m15[38;2;192;197;206m,[38;2;208;135;112m13[38;2;192;197;206m,[38;2;208;135;112m6[38;2;192;197;206m,[38;2;208;135;112m1[38;2;192;197;206m,[38;2;208;135;112m12[38;2;192;197;206m,[38;2;208;135;112m0[38;2;192;197;206m,[38;2;208;135;112m2[38;2;192;197;206m,[38;2;208;135;112m11[38;2;192;197;206m,[38;2;208;135;112m7[38;2;192;197;206m,[38;2;208;135;112m5[38;2;192;197;206m,[38;2;208;135;112m3[38;2;192;197;206m][38;2;192;197;206m,[K
[0m[48;2;40;67;43m[39m+       13[0m:[39m[48;2;24;38;30m [38;2;192;197;206m    [38;2;192;197;206m[[38;2;208;135;112m11[38;2;192;197;206m,[38;2;208;135;112m8[38;2;192;197;206m,[38;2;208;135;112m12[38;2;192;197;206m,[38;2;208;135;112m0[38;2;192;197;206m,[38;2;208;135;112m5[38;2;192;197;206m,[38;2;208;135;112m2[38;2;192;197;206m,[38;2;208;135;112m15[38;2;192;197;206m,[38;2;208;135;112m13[38;2;192;197;206m,[38;2;208;135;112m10[38;2;192;197;206m,[38;2;208;135;112m14[38;2;192;197;206m,[38;2;208;135;112m3[38;2;192;197;206m,[38;2;208;135;112m6[38;2;192;197;206m,[38;2;208;135;112m7[38;2;192;197;206m,[38;2;208;135;112m1[38;2;192;197;206m,[38;2;208;135;112m9[38;2;192;197;206m,[38;2;208;135;112m4[38;2;192;197;206m][38;2;192;197;206m,[K
[0m[48;2;40;67;43m[39m+       14[0m:[39m[48;2;24;38;30m [38;2;192;197;206m    [38;2;192;197;206m[[38;2;208;135;112m7[38;2;192;197;206m,[38;2;208;135;112m9[38;2;192;197;206m,[38;2;208;135;112m3[38;2;192;197;206m,[38;2;208;135;112m1[38;2;192;197;206m,[38;2;208;135;112m13[38;2;192;197;206m,[38;2;208;135;112m12[38;2;192;197;206m,[38;2;208;135;112m11[38;2;192;197;206m,[38;2;208;135;112m14[38;2;192;197;206m,[38;2;208;135;112m2[38;2;192;197;206m,[38;2;208;135;112m6[38;2;192;197;206m,[38;2;208;135;112m5[38;2;192;197;206m,[38;2;208;135;112m10[38;2;192;197;206m,[38;2;208;135;112m4[38;2;192;197;206m,[38;2;208;135;112m0[38;2;192;197;206m,[38;2;208;135;112m15[38;2;192;197;206m,[38;2;208;135;112m8[38;2;192;197;206m][38;2;192;197;206m,[K
[0m[48;2;40;67;43m[39m+       15[0m:[39m[48;2;24;38;30m [38;2;192;197;206m    [38;2;192;197;206m[[38;2;208;135;112m9[38;2;192;197;206m,[38;2;208;135;112m0[38;2;192;197;206m,[38;2;208;135;112m5[38;2;192;197;206m,[38;2;208;135;112m7[38;2;192;197;206m,[38;2;208;135;112m2[38;2;192;197;206m,[38;2;208;135;112m4[38;2;192;197;206m,[38;2;208;135;112m10[38;2;192;197;206m,[38;2;208;135;112m15[38;2;192;197;206m,[38;2;208;135;112m14[38;2;192;197;206m,[38;2;208;135;112m1[38;2;192;197;206m,[38;2;208;135;112m11[38;2;192;197;206m,[38;2;208;135;112m12[38;2;192;197;206m,[38;2;208;135;112m6[38;2;192;197;206m,[38;2;208;135;112m8[38;2;192;197;206m,[38;2;208;135;112m3[38;2;192;197;206m,[38;2;208;135;112m13[38;2;192;197;206m][38;2;192;197;206m,[K
[0m[48;2;40;67;43m[39m+       16[0m:[39m[48;2;24;38;30m [38;2;192;197;206m    [38;2;192;197;206m[[38;2;208;135;112m2[38;2;192;197;206m,[38;2;208;135;112m12[38;2;192;197;206m,[38;2;208;135;112m6[38;2;192;197;206m,[38;2;208;135;112m10[38;2;192;197;206m,[38;2;208;135;112m0[38;2;192;197;206m,[38;2;208;135;112m11[38;2;192;197;206m,[38;2;208;135;112m8[38;2;192;197;206m,[38;2;208;135;112m3[38;2;192;197;206m,[38;2;208;135;112m4[38;2;192;197;206m,[38;2;208;135;112m13[38;2;192;197;206m,[38;2;208;135;112m7[38;2;192;197;206m,[38;2;208;135;112m5[38;2;192;197;206m,[38;2;208;135;112m15[38;2;192;197;206m,[38;2;208;135;112m14[38;2;192;197;206m,[38;2;208;135;112m1[38;2;192;197;206m,[38;2;208;135;112m9[38;2;192;197;206m][38;2;192;197;206m,[K
[0m[48;2;40;67;43m[39m+       17[0m:[39m[48;2;24;38;30m [38;2;192;197;206m    [38;2;192;197;206m[[38;2;208;135;112m12[38;2;192;197;206m,[38;2;208;135;112m5[38;2;192;197;206m,[38;2;208;135;112m1[38;2;192;197;206m,[38;2;208;135;112m15[38;2;192;197;206m,[38;2;208;135;112m14[38;2;192;197;206m,[38;2;208;135;112m13[38;2;192;197;206m,[38;2;208;135;112m4[38;2;192;197;206m,[38;2;208;135;112m10[38;2;192;197;206m,[38;2;208;135;112m0[38;2;192;197;206m,[38;2;208;135;112m7[38;2;192;197;206m,[38;2;208;135;112m6[38;2;192;197;206m,[38;2;208;135;112m3[38;2;192;197;206m,[38;2;208;135;112m9[38;2;192;197;206m,[38;2;208;135;112m2[38;2;192;197;206m,[38;2;208;135;112m8[38;2;192;197;206m,[38;2;208;135;112m11[38;2;192;197;206m][38;2;192;197;206m,[K
[0m[48;2;40;67;43m[39m+       18[0m:[39m[48;2;24;38;30m [38;2;192;197;206m    [38;2;192;197;206m[[38;2;208;135;112m13[38;2;192;197;206m,[38;2;208;135;112m11[38;2;192;197;206m,[38;2;208;135;112m7[38;2;192;197;206m,[38;2;208;135;112m14[38;2;192;197;206m,[38;2;208;135;112m12[38;2;192;197;206m,[38;2;208;135;112m1[38;2;192;197;206m,[38;2;208;135;112m3[38;2;192;197;206m,[38;2;208;135;112m9[38;2;192;197;206m,[38;2;208;135;112m5[38;2;192;197;206m,[38;2;208;135;112m0[38;2;192;197;206m,[38;2;208;135;112m15[38;2;192;197;206m,[38;2;208;135;112m4[38;2;192;197;206m,[38;2;208;135;112m8[38;2;192;197;206m,[38;2;208;135;112m6[38;2;192;197;206m,[38;2;208;135;112m2[38;2;192;197;206m,[38;2;208;135;112m10[38;2;192;197;206m][38;2;192;197;206m,[K
[0m[48;2;40;67;43m[39m+       19[0m:[39m[48;2;24;38;30m [38;2;192;197;206m    [38;2;192;197;206m[[38;2;208;135;112m6[38;2;192;197;206m,[38;2;208;135;112m15[38;2;192;197;206m,[38;2;208;135;112m14[38;2;192;197;206m,[38;2;208;135;112m9[38;2;192;197;206m,[38;2;208;135;112m11[38;2;192;197;206m,[38;2;208;135;112m3[38;2;192;197;206m,[38;2;208;135;112m0[38;2;192;197;206m,[38;2;208;135;112m8[38;2;192;197;206m,[38;2;208;135;112m12[38;2;192;197;206m,[38;2;208;135;112m2[38;2;192;197;206m,[38;2;208;135;112m13[38;2;192;197;206m,[38;2;208;135;112m7[38;2;192;197;206m,[38;2;208;135;112m1[38;2;192;197;206m,[38;2;208;135;112m4[38;2;192;197;206m,[38;2;208;135;112m10[38;2;192;197;206m,[38;2;208;135;112m5[38;2;192;197;206m][38;2;192;197;206m,[K
[0m[48;2;40;67;43m[39m+       20[0m:[39m[48;2;24;38;30m [38;2;192;197;206m    [38;2;192;197;206m[[38;2;208;135;112m10[38;2;192;197;206m,[38;2;208;135;112m2[38;2;192;197;206m,[38;2;208;135;112m8[38;2;192;197;206m,[38;2;208;135;112m4[38;2;192;197;206m,[38;2;208;135;112m7[38;2;192;197;206m,[38;2;208;135;112m6[38;2;192;197;206m,[38;2;208;135;112m1[38;2;192;197;206m,[38;2;208;135;112m5[38;2;192;197;206m,[38;2;208;135;112m15[38;2;192;197;206m,[38;2;208;135;112m11[38;2;192;197;206m,[38;2;208;135;112m9[38;2;192;197;206m,[38;2;208;135;112m14[38;2;192;197;206m,[38;2;208;135;112m3[38;2;192;197;206m,[38;2;208;135;112m12[38;2;192;197;206m,[38;2;208;135;112m13[38;2;192;197;206m,[38;2;208;135;112m0[38;2;192;197;206m][38;2;192;197;206m,[K
[0m[48;2;40;67;43m[39m+       21[0m:[39m[48;2;24;38;30m [38;2;192;197;206m][38;2;192;197;206m;[K
[0m[48;2;43;48;59m[39m   15,  22[0m:[39m[48;2;43;48;59m [K
[0m[48;2;43;48;59m[39m   16,  23[0m:[39m[48;2;43;48;59m [38;2;180;142;173mfn[38;2;192;197;206m [38;2;143;161;179mu8to32[38;2;192;197;206m([38;2;191;97;106mp[38;2;192;197;206m:[38;2;192;197;206m [38;2;192;197;206m&[38;2;192;197;206m[[38;2;180;142;173mu8[38;2;192;197;206m][38;2;192;197;206m)[38;2;192;197;206m [38;2;192;197;206m->[38;2;192;197;206m [38;2;180;142;173mu32[38;2;192;197;206m [38;2;192;197;206m{[K
[0m[48;2;79;40;40m[39m-  17     [0m:[39m[48;2;36;25;28m [38;2;192;197;206m    [38;2;192;197;206m([38;2;192;197;206mp[38;2;192;197;206m[[38;2;208;135;112m0[38;2;192;197;206m][38;2;192;197;206m [38;2;192;197;206mas[38;2;192;197;206m [38;2;180;142;173mu32[38;2;192;197;206m)[38;2;192;197;206m [38;2;192;197;206m<[38;2;192;197;206m<[38;2;192;197;206m [38;2;208;135;112m24[38;2;192;197;206m [38;2;192;197;206m|[38;2;192;197;206m [38;2;192;197;206m([38;2;192;197;206mp[38;2;192;197;206m[[38;2;208;135;112m1[38;2;192;197;206m][38;2;192;197;206m [38;2;192;197;206mas[38;2;192;197;206m [38;2;180;142;173mu32[38;2;192;197;206m)[38;2;192;197;206m [38;2;192;197;206m<[38;2;192;197;206m<[38;2;192;197;206m [38;2;208;135;112m16[38;2;192;197;206m [38;2;192;197;206m|[38;2;192;197;206m [38;2;192;197;206m([38;2;192;197;206mp[38;2;192;197;206m[[38;2;208;135;112m2[38;2;192;197;206m][38;2;192;197;206m [38;2;192;197;206mas[38;2;192;197;206m [38;2;180;142;173mu32[38;2;192;197;206m)[38;2;192;197;206m [38;2;192;197;206m<[38;2;192;197;206m<[38;2;192;197;206m [38;2;208;135;112m8[38;2;192;197;206m [38;2;192;197;206m|[38;2;192;197;206m [38;2;192;197;206m([38;2;192;197;206mp[38;2;192;197;206m[[38;2;208;135;112m3[38;2;192;197;206m][38;2;192;197;206m [38;2;192;197;206mas[38;2;192;197;206m [38;2;180;142;173mu32[38;2;192;197;206m)[K
[0m[48;2;40;67;43m[39m+       24[0m:[39m[48;2;24;38;30m [38;2;192;197;206m    [38;2;192;197;206m([38;2;192;197;206mp[38;2;192;197;206m[[38;2;208;135;112m0[38;2;192;197;206m][38;2;192;197;206m [38;2;192;197;206mas[38;2;192;197;206m [38;2;180;142;173mu32[38;2;192;197;206m)[38;2;192;197;206m [38;2;192;197;206m<[38;2;192;197;206m<[38;2;192;197;206m [38;2;208;135;112m24[38;2;192;197;206m [38;2;192;197;206m|[38;2;192;197;206m [38;2;192;197;206m([38;2;192;197;206mp[38;2;192;197;206m[[38;2;208;135;112m1[38;2;192;197;206m][38;2;192;197;206m [38;2;192;197;206mas[38;2;192;197;206m [38;2;180;142;173mu32[38;2;192;197;206m)[38;2;192;197;206m [38;2;192;197;206m<[38;2;192;197;206m<[38;2;192;197;206m [38;2;208;135;112m16[38;2;192;197;206m [38;2;192;197;206m|[38;2;192;197;206m [38;2;192;197;206m([38;2;192;197;206mp[38;2;192;197;206m[[38;2;208;135;112m2[38;2;192;197;206m][38;2;192;197;206m [38;2;192;197;206mas[38;2;192;197;206m [38;2;180;142;173mu32[38;2;192;197;206m)[38;2;192;197;206m [38;2;192;197;206m<[38;2;192;197;206m<[38;2;192;197;206m [38;2;208;135;112m8[38;2;192;197;206m [38;2;192;197;206m|[38;2;192;197;206m p[38;2;192;197;206m[[38;2;208;135;112m3[38;2;192;197;206m][38;2;192;197;206m [38;2;192;197;206mas[38;2;192;197;206m [38;2;180;142;173mu32[K
[0m[48;2;43;48;59m[39m   18,  25[0m:[39m[48;2;43;48;59m [38;2;192;197;206m}[K
[0m[48;2;43;48;59m[39m   19,  26[0m:[39m[48;2;43;48;59m [K
[0m[48;2;43;48;59m[39m   20,  27[0m:[39m[48;2;43;48;59m [38;2;180;142;173mfn[38;2;192;197;206m [38;2;143;161;179mu32to8[38;2;192;197;206m([38;2;191;97;106mp[38;2;192;197;206m:[38;2;192;197;206m [38;2;192;197;206m&[38;2;180;142;173mmut[38;2;192;197;206m [[38;2;180;142;173mu8[38;2;192;197;206m], [38;2;191;97;106mv[38;2;192;197;206m:[38;2;192;197;206m [38;2;180;142;173mu32[38;2;192;197;206m)[38;2;192;197;206m [38;2;192;197;206m{[K
[0m[48;2;43;48;59m[39m   21,  28[0m:[39m[48;2;43;48;59m [38;2;192;197;206m    p[38;2;192;197;206m[[38;2;208;135;112m0[38;2;192;197;206m][38;2;192;197;206m [38;2;192;197;206m=[38;2;192;197;206m [38;2;192;197;206m([38;2;192;197;206mv [38;2;192;197;206m>[38;2;192;197;206m>[38;2;192;197;206m [38;2;208;135;112m24[38;2;192;197;206m)[38;2;192;197;206m [38;2;192;197;206mas[38;2;192;197;206m [38;2;180;142;173mu8[38;2;192;197;206m;[K
[0m[48;2;43;48;59m[39m   22,  29[0m:[39m[48;2;43;48;59m [38;2;192;197;206m    p[38;2;192;197;206m[[38;2;208;135;112m1[38;2;192;197;206m][38;2;192;197;206m [38;2;192;197;206m=[38;2;192;197;206m [38;2;192;197;206m([38;2;192;197;206mv [38;2;192;197;206m>[38;2;192;197;206m>[38;2;192;197;206m [38;2;208;135;112m16[38;2;192;197;206m)[38;2;192;197;206m [38;2;192;197;206mas[38;2;192;197;206m [38;2;180;142;173mu8[38;2;192;197;206m;[K
[0m[48;2;43;48;59m[39m   23,  30[0m:[39m[48;2;43;48;59m [38;2;192;197;206m    p[38;2;192;197;206m[[38;2;208;135;112m2[38;2;192;197;206m][38;2;192;197;206m [38;2;192;197;206m=[38;2;192;197;206m [38;2;192;197;206m([38;2;192;197;206mv [38;2;192;197;206m>[38;2;192;197;206m>[38;2;192;197;206m [38;2;208;135;112m8[38;2;192;197;206m)[38;2;192;197;206m [38;2;192;197;206mas[38;2;192;197;206m [38;2;180;142;173mu8[38;2;192;197;206m;[K
[0m[48;2;43;48;59m[39m   24,  31[0m:[39m[48;2;43;48;59m [38;2;192;197;206m    p[38;2;192;197;206m[[38;2;208;135;112m3[38;2;192;197;206m][38;2;192;197;206m [38;2;192;197;206m=[38;2;192;197;206m v [38;2;192;197;206mas[38;2;192;197;206m [38;2;180;142;173mu8[38;2;192;197;206m;[K
[0m[48;2;43;48;59m[39m   25,  32[0m:[39m[48;2;43;48;59m [38;2;192;197;206m}[K
[0m[48;2;43;48;59m[39m   26,  33[0m:[39m[48;2;43;48;59m [K
[0m[48;2;43;48;59m[39m   27,  34[0m:[39m[48;2;43;48;59m [38;2;192;197;206m#[38;2;192;197;206m[[38;2;191;97;106mderive[38;2;192;197;206m([38;2;192;197;206mClone[38;2;192;197;206m)[38;2;192;197;206m][K
[0m[48;2;43;48;59m[39m   28,  35[0m:[39m[48;2;43;48;59m [38;2;180;142;173mpub[38;2;192;197;206m [38;2;180;142;173mstruct[38;2;192;197;206m [38;2;192;197;206mBlake256State[38;2;192;197;206m [38;2;192;197;206m{[K
[0m[48;2;79;40;40m[39m-  29     [0m:[39m[48;2;36;25;28m [38;2;192;197;206m    [38;2;191;97;106mh[38;2;192;197;206m:[38;2;192;197;206m [[38;2;180;142;173mu32[38;2;192;197;206m; 8],[K
[0m[48;2;79;40;40m[39m-  30     [0m:[39m[48;2;36;25;28m [38;2;192;197;206m    [38;2;191;97;106ms[38;2;192;197;206m:[38;2;192;197;206m [[38;2;180;142;173mu32[38;2;192;197;206m; 4],[K
[0m[48;2;79;40;40m[39m-  31     [0m:[39m[48;2;36;25;28m [38;2;192;197;206m    [38;2;191;97;106mt[38;2;192;197;206m:[38;2;192;197;206m [[38;2;180;142;173mu32[38;2;192;197;206m; 2],[K
[0m[48;2;79;40;40m[39m-  32     [0m:[39m[48;2;36;25;28m [38;2;192;197;206m    [38;2;191;97;106mbuflen[38;2;192;197;206m:[38;2;192;197;206m [38;2;180;142;173mi32[38;2;192;197;206m,[K
[0m[48;2;79;40;40m[39m-  33     [0m:[39m[48;2;36;25;28m [38;2;192;197;206m    [38;2;191;97;106mnullt[38;2;192;197;206m:[38;2;192;197;206m [38;2;180;142;173mi32[38;2;192;197;206m,[K
[0m[48;2;79;40;40m[39m-  34     [0m:[39m[48;2;36;25;28m [38;2;192;197;206m    [38;2;191;97;106mbuf[38;2;192;197;206m:[38;2;192;197;206m [[38;2;180;142;173mu8[38;2;192;197;206m; 64],[K
[0m[48;2;40;67;43m[39m+       36[0m:[39m[48;2;24;38;30m [38;2;192;197;206m    [38;2;180;142;173mpub[38;2;192;197;206m [38;2;191;97;106mh[38;2;192;197;206m:[38;2;192;197;206m [[38;2;180;142;173mu32[38;2;192;197;206m; 8],[K
[0m[48;2;40;67;43m[39m+       37[0m:[39m[48;2;24;38;30m [38;2;192;197;206m    [38;2;180;142;173mpub[38;2;192;197;206m [38;2;191;97;106ms[38;2;192;197;206m:[38;2;192;197;206m [[38;2;180;142;173mu32[38;2;192;197;206m; 4],[K
[0m[48;2;40;67;43m[39m+       38[0m:[39m[48;2;24;38;30m [38;2;192;197;206m    [38;2;180;142;173mpub[38;2;192;197;206m [38;2;191;97;106mt[38;2;192;197;206m:[38;2;192;197;206m [[38;2;180;142;173mu32[38;2;192;197;206m; 2],[K
[0m[48;2;40;67;43m[39m+       39[0m:[39m[48;2;24;38;30m [38;2;192;197;206m    [38;2;180;142;173mpub[38;2;192;197;206m [38;2;191;97;106mbuflen[38;2;192;197;206m:[38;2;192;197;206m [38;2;180;142;173mi32[38;2;192;197;206m,[K
[0m[48;2;40;67;43m[39m+       40[0m:[39m[48;2;24;38;30m [38;2;192;197;206m    [38;2;180;142;173mpub[38;2;192;197;206m [38;2;191;97;106mnullt[38;2;192;197;206m:[38;2;192;197;206m [38;2;180;142;173mi32[38;2;192;197;206m,[K
[0m[48;2;40;67;43m[39m+       41[0m:[39m[48;2;24;38;30m [38;2;192;197;206m    [38;2;180;142;173mpub[38;2;192;197;206m [38;2;191;97;106mbuf[38;2;192;197;206m:[38;2;192;197;206m [[38;2;180;142;173mu8[38;2;192;197;206m; 64],[K
[0m[48;2;40;67;43m[39m+       42[0m:[39m[48;2;24;38;30m [38;2;192;197;206m}[K
[0m[48;2;40;67;43m[39m+       43[0m:[39m[48;2;24;38;30m [K
[0m[48;2;40;67;43m[39m+       44[0m:[39m[48;2;24;38;30m [38;2;180;142;173mimpl[38;2;192;197;206m [38;2;192;197;206mDefault [38;2;180;142;173mfor[38;2;192;197;206m [38;2;192;197;206mBlake256State[38;2;192;197;206m [38;2;192;197;206m{[K
[0m[48;2;40;67;43m[39m+       45[0m:[39m[48;2;24;38;30m [38;2;192;197;206m    [38;2;180;142;173mfn[38;2;192;197;206m [38;2;143;161;179mdefault[38;2;192;197;206m([38;2;192;197;206m)[38;2;192;197;206m [38;2;192;197;206m->[38;2;192;197;206m [38;2;180;142;173mSelf[38;2;192;197;206m [38;2;192;197;206m{[K
[0m[48;2;40;67;43m[39m+       46[0m:[39m[48;2;24;38;30m [38;2;192;197;206m        [38;2;180;142;173mSelf[38;2;192;197;206m [38;2;192;197;206m{[38;2;192;197;206m h[38;2;192;197;206m:[38;2;192;197;206m [38;2;192;197;206m[[38;2;208;135;112m0[38;2;192;197;206m;[38;2;208;135;112m8[38;2;192;197;206m][38;2;192;197;206m,[38;2;192;197;206m s[38;2;192;197;206m:[38;2;192;197;206m [38;2;192;197;206m[[38;2;208;135;112m0[38;2;192;197;206m;[38;2;208;135;112m4[38;2;192;197;206m][38;2;192;197;206m,[38;2;192;197;206m t[38;2;192;197;206m:[38;2;192;197;206m [38;2;192;197;206m[[38;2;208;135;112m0[38;2;192;197;206m;[38;2;208;135;112m2[38;2;192;197;206m][38;2;192;197;206m,[38;2;192;197;206m buflen[38;2;192;197;206m:[38;2;192;197;206m [38;2;208;135;112m0[38;2;192;197;206m,[38;2;192;197;206m nullt[38;2;192;197;206m:[38;2;192;197;206m [38;2;208;135;112m0[38;2;192;197;206m,[38;2;192;197;206m buf[38;2;192;197;206m:[38;2;192;197;206m [38;2;192;197;206m[[38;2;208;135;112m0[38;2;192;197;206m;[38;2;208;135;112m64[38;2;192;197;206m][38;2;192;197;206m [38;2;192;197;206m}[K
[0m[48;2;40;67;43m[39m+       47[0m:[39m[48;2;24;38;30m [38;2;192;197;206m    [38;2;192;197;206m}[K
[0m[48;2;43;48;59m[39m   35,  48[0m:[39m[48;2;43;48;59m [38;2;192;197;206m}[K
[0m[48;2;43;48;59m[39m   36,  49[0m:[39m[48;2;43;48;59m [K
[0m[48;2;43;48;59m[39m   37,  50[0m:[39m[48;2;43;48;59m [38;2;180;142;173mpub[38;2;192;197;206m [38;2;180;142;173mfn[38;2;192;197;206m [38;2;143;161;179mblake256_init[38;2;192;197;206m([38;2;191;97;106ms[38;2;192;197;206m:[38;2;192;197;206m [38;2;192;197;206m&[38;2;180;142;173mmut[38;2;192;197;206m Blake256State[38;2;192;197;206m)[38;2;192;197;206m [38;2;192;197;206m{[K
[0m[48;2;79;40;40m[39m-  38     [0m:[39m[48;2;36;25;28m [38;2;192;197;206m    s.h[38;2;192;197;206m[[38;2;208;135;112m0[38;2;192;197;206m][38;2;192;197;206m [38;2;192;197;206m=[38;2;192;197;206m [38;2;208;135;112m0x6A09E667[38;2;192;197;206m;[K
[0m[48;2;79;40;40m[39m-  39     [0m:[39m[48;2;36;25;28m [38;2;192;197;206m    s.h[38;2;192;197;206m[[38;2;208;135;112m1[38;2;192;197;206m][38;2;192;197;206m [38;2;192;197;206m=[38;2;192;197;206m [38;2;208;135;112m0xBB67AE85[38;2;192;197;206m;[K
[0m[48;2;79;40;40m[39m-  40     [0m:[39m[48;2;36;25;28m [38;2;192;197;206m    s.h[38;2;192;197;206m[[38;2;208;135;112m2[38;2;192;197;206m][38;2;192;197;206m [38;2;192;197;206m=[38;2;192;197;206m [38;2;208;135;112m0x3C6EF372[38;2;192;197;206m;[K
[0m[48;2;79;40;40m[39m-  41     [0m:[39m[48;2;36;25;28m [38;2;192;197;206m    s.h[38;2;192;197;206m[[38;2;208;135;112m3[38;2;192;197;206m][38;2;192;197;206m [38;2;192;197;206m=[38;2;192;197;206m [38;2;208;135;112m0xA54FF53A[38;2;192;197;206m;[K
[0m[48;2;79;40;40m[39m-  42     [0m:[39m[48;2;36;25;28m [38;2;192;197;206m    s.h[38;2;192;197;206m[[38;2;208;135;112m4[38;2;192;197;206m][38;2;192;197;206m [38;2;192;197;206m=[38;2;192;197;206m [38;2;208;135;112m0x510E527F[38;2;192;197;206m;[K
[0m[48;2;79;40;40m[39m-  43     [0m:[39m[48;2;36;25;28m [38;2;192;197;206m    s.h[38;2;192;197;206m[[38;2;208;135;112m5[38;2;192;197;206m][38;2;192;197;206m [38;2;192;197;206m=[38;2;192;197;206m [38;2;208;135;112m0x9B05688C[38;2;192;197;206m;[K
[0m[48;2;79;40;40m[39m-  44     [0m:[39m[48;2;36;25;28m [38;2;192;197;206m    s.h[38;2;192;197;206m[[38;2;208;135;112m6[38;2;192;197;206m][38;2;192;197;206m [38;2;192;197;206m=[38;2;192;197;206m [38;2;208;135;112m0x1F83D9AB[38;2;192;197;206m;[K
[0m[48;2;79;40;40m[39m-  45     [0m:[39m[48;2;36;25;28m [38;2;192;197;206m    s.h[38;2;192;197;206m[[38;2;208;135;112m7[38;2;192;197;206m][38;2;192;197;206m [38;2;192;197;206m=[38;2;192;197;206m [38;2;208;135;112m0x5BE0CD19[38;2;192;197;206m;[K
[0m[48;2;79;40;40m[39m-  46     [0m:[39m[48;2;36;25;28m [38;2;192;197;206m    s.t [38;2;192;197;206m=[38;2;192;197;206m [38;2;192;197;206m[[38;2;208;135;112m0[38;2;192;197;206m;[38;2;192;197;206m [38;2;208;135;112m2[38;2;192;197;206m][38;2;192;197;206m;[K
[0m[48;2;79;40;40m[39m-  47     [0m:[39m[48;2;36;25;28m [38;2;192;197;206m    s.buflen [38;2;192;197;206m=[38;2;192;197;206m [38;2;208;135;112m0[38;2;192;197;206m;[K
[0m[48;2;79;40;40m[39m-  48     [0m:[39m[48;2;36;25;28m [38;2;192;197;206m    s.nullt [38;2;192;197;206m=[38;2;192;197;206m [38;2;208;135;112m0[38;2;192;197;206m;[K
[0m[48;2;79;40;40m[39m-  49     [0m:[39m[48;2;36;25;28m [38;2;192;197;206m    s.s [38;2;192;197;206m=[38;2;192;197;206m [38;2;192;197;206m[[38;2;208;135;112m0[38;2;192;197;206m;[38;2;192;197;206m [38;2;208;135;112m4[38;2;192;197;206m][38;2;192;197;206m;[K
[0m[48;2;79;40;40m[39m-  50     [0m:[39m[48;2;36;25;28m [38;2;192;197;206m    s.buf [38;2;192;197;206m=[38;2;192;197;206m [38;2;192;197;206m[[38;2;208;135;112m0[38;2;192;197;206m;[38;2;192;197;206m [38;2;208;135;112m64[38;2;192;197;206m][38;2;192;197;206m;[K
[0m[48;2;40;67;43m[39m+       51[0m:[39m[48;2;24;38;30m [38;2;192;197;206m    s.h [38;2;192;197;206m=[38;2;192;197;206m [38;2;192;197;206m[[38;2;208;135;112m0x6A09E667[38;2;192;197;206m,[38;2;208;135;112m0xBB67AE85[38;2;192;197;206m,[38;2;208;135;112m0x3C6EF372[38;2;192;197;206m,[38;2;208;135;112m0xA54FF53A[38;2;192;197;206m,[K
[0m[48;2;40;67;43m[39m+       52[0m:[39m[48;2;24;38;30m [38;2;192;197;206m           [38;2;208;135;112m0x510E527F[38;2;192;197;206m,[38;2;208;135;112m0x9B05688C[38;2;192;197;206m,[38;2;208;135;112m0x1F83D9AB[38;2;192;197;206m,[38;2;208;135;112m0x5BE0CD19[38;2;192;197;206m][38;2;192;197;206m;[K
[0m[48;2;40;67;43m[39m+       53[0m:[39m[48;2;24;38;30m [38;2;192;197;206m    s.t [38;2;192;197;206m=[38;2;192;197;206m [38;2;192;197;206m[[38;2;208;135;112m0[38;2;192;197;206m;[38;2;208;135;112m2[38;2;192;197;206m][38;2;192;197;206m;[38;2;192;197;206m s.buflen [38;2;192;197;206m=[38;2;192;197;206m [38;2;208;135;112m0[38;2;192;197;206m;[38;2;192;197;206m s.nullt [38;2;192;197;206m=[38;2;192;197;206m [38;2;208;135;112m0[38;2;192;197;206m;[38;2;192;197;206m s.s [38;2;192;197;206m=[38;2;192;197;206m [38;2;192;197;206m[[38;2;208;135;112m0[38;2;192;197;206m;[38;2;208;135;112m4[38;2;192;197;206m][38;2;192;197;206m;[38;2;192;197;206m s.buf [38;2;192;197;206m=[38;2;192;197;206m [38;2;192;197;206m[[38;2;208;135;112m0[38;2;192;197;206m;[38;2;208;135;112m64[38;2;192;197;206m][38;2;192;197;206m;[K
[0m[48;2;43;48;59m[39m   51,  54[0m:[39m[48;2;43;48;59m [38;2;192;197;206m}[K
[0m[48;2;43;48;59m[39m   52,  55[0m:[39m[48;2;43;48;59m [K
[0m[48;2;43;48;59m[39m   53,  56[0m:[39m[48;2;43;48;59m [38;2;180;142;173mpub[38;2;192;197;206m [38;2;180;142;173mfn[38;2;192;197;206m [38;2;143;161;179mblake256_compress[38;2;192;197;206m([38;2;191;97;106ms[38;2;192;197;206m:[38;2;192;197;206m [38;2;192;197;206m&[38;2;180;142;173mmut[38;2;192;197;206m Blake256State, [38;2;191;97;106mblock[38;2;192;197;206m:[38;2;192;197;206m [38;2;192;197;206m&[38;2;192;197;206m[[38;2;180;142;173mu8[38;2;192;197;206m][38;2;192;197;206m)[38;2;192;197;206m [38;2;192;197;206m{[K
[0m[48;2;79;40;40m[39m-  54     [0m:[39m[48;2;36;25;28m [38;2;192;197;206m    [38;2;180;142;173mlet[38;2;192;197;206m m[38;2;192;197;206m:[38;2;192;197;206m [38;2;192;197;206m[[38;2;180;142;173mu32[38;2;192;197;206m;[38;2;192;197;206m [38;2;208;135;112m16[38;2;192;197;206m][38;2;192;197;206m [38;2;192;197;206m=[38;2;192;197;206m [38;2;192;197;206m[[K
[0m[48;2;79;40;40m[39m-  55     [0m:[39m[48;2;36;25;28m [38;2;192;197;206m        [38;2;150;181;180mu8to32[38;2;192;197;206m([38;2;192;197;206m&[38;2;192;197;206mblock[38;2;192;197;206m[[38;2;208;135;112m0[38;2;192;197;206m..[38;2;192;197;206m][38;2;192;197;206m)[38;2;192;197;206m,[38;2;192;197;206m [38;2;150;181;180mu8to32[38;2;192;197;206m([38;2;192;197;206m&[38;2;192;197;206mblock[38;2;192;197;206m[[38;2;208;135;112m4[38;2;192;197;206m..[38;2;192;197;206m][38;2;192;197;206m)[38;2;192;197;206m,[38;2;192;197;206m [38;2;150;181;180mu8to32[38;2;192;197;206m([38;2;192;197;206m&[38;2;192;197;206mblock[38;2;192;197;206m[[38;2;208;135;112m8[38;2;192;197;206m..[38;2;192;197;206m][38;2;192;197;206m)[38;2;192;197;206m,[38;2;192;197;206m [38;2;150;181;180mu8to32[38;2;192;197;206m([38;2;192;197;206m&[38;2;192;197;206mblock[38;2;192;197;206m[[38;2;208;135;112m12[38;2;192;197;206m..[38;2;192;197;206m][38;2;192;197;206m)[38;2;192;197;206m,[K
[0m[48;2;79;40;40m[39m-  56     [0m:[39m[48;2;36;25;28m [38;2;192;197;206m        [38;2;150;181;180mu8to32[38;2;192;197;206m([38;2;192;197;206m&[38;2;192;197;206mblock[38;2;192;197;206m[[38;2;208;135;112m16[38;2;192;197;206m..[38;2;192;197;206m][38;2;192;197;206m)[38;2;192;197;206m,[38;2;192;197;206m [38;2;150;181;180mu8to32[38;2;192;197;206m([38;2;192;197;206m&[38;2;192;197;206mblock[38;2;192;197;206m[[38;2;208;135;112m20[38;2;192;197;206m..[38;2;192;197;206m][38;2;192;197;206m)[38;2;192;197;206m,[38;2;192;197;206m [38;2;150;181;180mu8to32[38;2;192;197;206m([38;2;192;197;206m&[38;2;192;197;206mblock[38;2;192;197;206m[[38;2;208;135;112m24[38;2;192;197;206m..[38;2;192;197;206m][38;2;192;197;206m)[38;2;192;197;206m,[38;2;192;197;206m [38;2;150;181;180mu8to32[38;2;192;197;206m([38;2;192;197;206m&[38;2;192;197;206mblock[38;2;192;197;206m[[38;2;208;135;112m28[38;2;192;197;206m..[38;2;192;197;206m][38;2;192;197;206m)[38;2;192;197;206m,[K
[0m[48;2;79;40;40m[39m-  57     [0m:[39m[48;2;36;25;28m [38;2;192;197;206m        [38;2;150;181;180mu8to32[38;2;192;197;206m([38;2;192;197;206m&[38;2;192;197;206mblock[38;2;192;197;206m[[38;2;208;135;112m32[38;2;192;197;206m..[38;2;192;197;206m][38;2;192;197;206m)[38;2;192;197;206m,[38;2;192;197;206m [38;2;150;181;180mu8to32[38;2;192;197;206m([38;2;192;197;206m&[38;2;192;197;206mblock[38;2;192;197;206m[[38;2;208;135;112m36[38;2;192;197;206m..[38;2;192;197;206m][38;2;192;197;206m)[38;2;192;197;206m,[38;2;192;197;206m [38;2;150;181;180mu8to32[38;2;192;197;206m([38;2;192;197;206m&[38;2;192;197;206mblock[38;2;192;197;206m[[38;2;208;135;112m40[38;2;192;197;206m..[38;2;192;197;206m][38;2;192;197;206m)[38;2;192;197;206m,[38;2;192;197;206m [38;2;150;181;180mu8to32[38;2;192;197;206m([38;2;192;197;206m&[38;2;192;197;206mblock[38;2;192;197;206m[[38;2;208;135;112m44[38;2;192;197;206m..[38;2;192;197;206m][38;2;192;197;206m)[38;2;192;197;206m,[K
[0m[48;2;79;40;40m[39m-  58     [0m:[39m[48;2;36;25;28m [38;2;192;197;206m        [38;2;150;181;180mu8to32[38;2;192;197;206m([38;2;192;197;206m&[38;2;192;197;206mblock[38;2;192;197;206m[[38;2;208;135;112m48[38;2;192;197;206m..[38;2;192;197;206m][38;2;192;197;206m)[38;2;192;197;206m,[38;2;192;197;206m [38;2;150;181;180mu8to32[38;2;192;197;206m([38;2;192;197;206m&[38;2;192;197;206mblock[38;2;192;197;206m[[38;2;208;135;112m52[38;2;192;197;206m..[38;2;192;197;206m][38;2;192;197;206m)[38;2;192;197;206m,[38;2;192;197;206m [38;2;150;181;180mu8to32[38;2;192;197;206m([38;2;192;197;206m&[38;2;192;197;206mblock[38;2;192;197;206m[[38;2;208;135;112m56[38;2;192;197;206m..[38;2;192;197;206m][38;2;192;197;206m)[38;2;192;197;206m,[38;2;192;197;206m [38;2;150;181;180mu8to32[38;2;192;197;206m([38;2;192;197;206m&[38;2;192;197;206mblock[38;2;192;197;206m[[38;2;208;135;112m60[38;2;192;197;206m..[38;2;192;197;206m][38;2;192;197;206m)[38;2;192;197;206m,[K
[0m[48;2;79;40;40m[39m-  59     [0m:[39m[48;2;36;25;28m [38;2;192;197;206m    [38;2;192;197;206m][38;2;192;197;206m;[K
[0m[48;2;40;67;43m[39m+       57[0m:[39m[48;2;24;38;30m [38;2;192;197;206m    [38;2;180;142;173mlet[38;2;192;197;206m [38;2;180;142;173mmut[38;2;192;197;206m m [38;2;192;197;206m=[38;2;192;197;206m [38;2;192;197;206m[[38;2;208;135;112m0[38;2;180;142;173mu32[38;2;192;197;206m;[38;2;192;197;206m [38;2;208;135;112m16[38;2;192;197;206m][38;2;192;197;206m;[K
[0m[48;2;40;67;43m[39m+       58[0m:[39m[48;2;24;38;30m [38;2;192;197;206m    [38;2;180;142;173mfor[38;2;192;197;206m i [38;2;192;197;206min[38;2;192;197;206m [38;2;208;135;112m0[38;2;192;197;206m..[38;2;208;135;112m16[38;2;192;197;206m [38;2;192;197;206m{[38;2;192;197;206m m[38;2;192;197;206m[[38;2;192;197;206mi[38;2;192;197;206m][38;2;192;197;206m [38;2;192;197;206m=[38;2;192;197;206m [38;2;150;181;180mu8to32[38;2;192;197;206m([38;2;192;197;206m&[38;2;192;197;206mblock[38;2;192;197;206m[[38;2;208;135;112m4[38;2;192;197;206m*[38;2;192;197;206mi[38;2;192;197;206m..[38;2;192;197;206m][38;2;192;197;206m)[38;2;192;197;206m;[38;2;192;197;206m [38;2;192;197;206m}[K
[0m[48;2;43;48;59m[39m   60,  59[0m:[39m[48;2;43;48;59m [K
[0m[48;2;79;40;40m[39m-  61     [0m:[39m[48;2;36;25;28m [38;2;192;197;206m    [38;2;180;142;173mlet[38;2;192;197;206m [38;2;180;142;173mmut[38;2;192;197;206m v[38;2;192;197;206m:[38;2;192;197;206m [38;2;192;197;206m[[38;2;180;142;173mu32[38;2;192;197;206m;[38;2;192;197;206m [38;2;208;135;112m16[38;2;192;197;206m][38;2;192;197;206m [38;2;192;197;206m=[38;2;192;197;206m [38;2;192;197;206m[[K
[0m[48;2;79;40;40m[39m-  62     [0m:[39m[48;2;36;25;28m [38;2;192;197;206m        s.h[38;2;192;197;206m[[38;2;208;135;112m0[38;2;192;197;206m][38;2;192;197;206m,[38;2;192;197;206m s.h[38;2;192;197;206m[[38;2;208;135;112m1[38;2;192;197;206m][38;2;192;197;206m,[38;2;192;197;206m s.h[38;2;192;197;206m[[38;2;208;135;112m2[38;2;192;197;206m][38;2;192;197;206m,[38;2;192;197;206m s.h[38;2;192;197;206m[[38;2;208;135;112m3[38;2;192;197;206m][38;2;192;197;206m,[K
[0m[48;2;79;40;40m[39m-  63     [0m:[39m[48;2;36;25;28m [38;2;192;197;206m        s.h[38;2;192;197;206m[[38;2;208;135;112m4[38;2;192;197;206m][38;2;192;197;206m,[38;2;192;197;206m s.h[38;2;192;197;206m[[38;2;208;135;112m5[38;2;192;197;206m][38;2;192;197;206m,[38;2;192;197;206m s.h[38;2;192;197;206m[[38;2;208;135;112m6[38;2;192;197;206m][38;2;192;197;206m,[38;2;192;197;206m s.h[38;2;192;197;206m[[38;2;208;135;112m7[38;2;192;197;206m][38;2;192;197;206m,[K
[0m[48;2;79;40;40m[39m-  64     [0m:[39m[48;2;36;25;28m [38;2;192;197;206m        s.s[38;2;192;197;206m[[38;2;208;135;112m0[38;2;192;197;206m][38;2;192;197;206m [38;2;192;197;206m^[38;2;192;197;206m [38;2;208;135;112m0x243F6A88[38;2;192;197;206m,[38;2;192;197;206m s.s[38;2;192;197;206m[[38;2;208;135;112m1[38;2;192;197;206m][38;2;192;197;206m [38;2;192;197;206m^[38;2;192;197;206m [38;2;208;135;112m0x85A308D3[38;2;192;197;206m,[K
[0m[48;2;79;40;40m[39m-  65     [0m:[39m[48;2;36;25;28m [38;2;192;197;206m        s.s[38;2;192;197;206m[[38;2;208;135;112m2[38;2;192;197;206m][38;2;192;197;206m [38;2;192;197;206m^[38;2;192;197;206m [38;2;208;135;112m0x13198A2E[38;2;192;197;206m,[38;2;192;197;206m s.s[38;2;192;197;206m[[38;2;208;135;112m3[38;2;192;197;206m][38;2;192;197;206m [38;2;192;197;206m^[38;2;192;197;206m [38;2;208;135;112m0x03707344[38;2;192;197;206m,[K
[0m[48;2;79;40;40m[39m-  66     [0m:[39m[48;2;36;25;28m [38;2;192;197;206m        [38;2;208;135;112m0xA4093822[38;2;192;197;206m,[38;2;192;197;206m [38;2;208;135;112m0x299F31D0[38;2;192;197;206m,[38;2;192;197;206m [38;2;208;135;112m0x082EFA98[38;2;192;197;206m,[38;2;192;197;206m [38;2;208;135;112m0xEC4E6C89[38;2;192;197;206m,[K
[0m[48;2;79;40;40m[39m-  67     [0m:[39m[48;2;36;25;28m [38;2;192;197;206m    [38;2;192;197;206m][38;2;192;197;206m;[K
[0m[48;2;40;67;43m[39m+       60[0m:[39m[48;2;24;38;30m [38;2;192;197;206m    [38;2;180;142;173mlet[38;2;192;197;206m [38;2;180;142;173mmut[38;2;192;197;206m v [38;2;192;197;206m=[38;2;192;197;206m [38;2;192;197;206m[[38;2;208;135;112m0[38;2;180;142;173mu32[38;2;192;197;206m;[38;2;192;197;206m [38;2;208;135;112m16[38;2;192;197;206m][38;2;192;197;206m;[K
[0m[48;2;40;67;43m[39m+       61[0m:[39m[48;2;24;38;30m [38;2;192;197;206m    v[38;2;192;197;206m[[38;2;192;197;206m..[38;2;208;135;112m8[38;2;192;197;206m][38;2;192;197;206m.[38;2;150;181;180mcopy_from_slice[38;2;192;197;206m([38;2;192;197;206m&[38;2;192;197;206ms.h[38;2;192;197;206m)[38;2;192;197;206m;[K
[0m[48;2;40;67;43m[39m+       62[0m:[39m[48;2;24;38;30m [38;2;192;197;206m    v[38;2;192;197;206m[[38;2;208;135;112m8[38;2;192;197;206m][38;2;192;197;206m [38;2;192;197;206m=[38;2;192;197;206m s.s[38;2;192;197;206m[[38;2;208;135;112m0[38;2;192;197;206m][38;2;192;197;206m [38;2;192;197;206m^[38;2;192;197;206m [38;2;208;135;112mCST256[38;2;192;197;206m[[38;2;208;135;112m0[38;2;192;197;206m][38;2;192;197;206m;[38;2;192;197;206m v[38;2;192;197;206m[[38;2;208;135;112m9[38;2;192;197;206m][38;2;192;197;206m [38;2;192;197;206m=[38;2;192;197;206m s.s[38;2;192;197;206m[[38;2;208;135;112m1[38;2;192;197;206m][38;2;192;197;206m [38;2;192;197;206m^[38;2;192;197;206m [38;2;208;135;112mCST256[38;2;192;197;206m[[38;2;208;135;112m1[38;2;192;197;206m][38;2;192;197;206m;[K
[0m[48;2;40;67;43m[39m+       63[0m:[39m[48;2;24;38;30m [38;2;192;197;206m    v[38;2;192;197;206m[[38;2;208;135;112m10[38;2;192;197;206m][38;2;192;197;206m [38;2;192;197;206m=[38;2;192;197;206m s.s[38;2;192;197;206m[[38;2;208;135;112m2[38;2;192;197;206m][38;2;192;197;206m [38;2;192;197;206m^[38;2;192;197;206m [38;2;208;135;112mCST256[38;2;192;197;206m[[38;2;208;135;112m2[38;2;192;197;206m][38;2;192;197;206m;[38;2;192;197;206m v[38;2;192;197;206m[[38;2;208;135;112m11[38;2;192;197;206m][38;2;192;197;206m [38;2;192;197;206m=[38;2;192;197;206m s.s[38;2;192;197;206m[[38;2;208;135;112m3[38;2;192;197;206m][38;2;192;197;206m [38;2;192;197;206m^[38;2;192;197;206m [38;2;208;135;112mCST256[38;2;192;197;206m[[38;2;208;135;112m3[38;2;192;197;206m][38;2;192;197;206m;[K
[0m[48;2;40;67;43m[39m+       64[0m:[39m[48;2;24;38;30m [38;2;192;197;206m    v[38;2;192;197;206m[[38;2;208;135;112m12[38;2;192;197;206m][38;2;192;197;206m [38;2;192;197;206m=[38;2;192;197;206m [38;2;208;135;112mCST256[38;2;192;197;206m[[38;2;208;135;112m4[38;2;192;197;206m][38;2;192;197;206m;[38;2;192;197;206m v[38;2;192;197;206m[[38;2;208;135;112m13[38;2;192;197;206m][38;2;192;197;206m [38;2;192;197;206m=[38;2;192;197;206m [38;2;208;135;112mCST256[38;2;192;197;206m[[38;2;208;135;112m5[38;2;192;197;206m][38;2;192;197;206m;[38;2;192;197;206m v[38;2;192;197;206m[[38;2;208;135;112m14[38;2;192;197;206m][38;2;192;197;206m [38;2;192;197;206m=[38;2;192;197;206m [38;2;208;135;112mCST256[38;2;192;197;206m[[38;2;208;135;112m6[38;2;192;197;206m][38;2;192;197;206m;[38;2;192;197;206m v[38;2;192;197;206m[[38;2;208;135;112m15[38;2;192;197;206m][38;2;192;197;206m [38;2;192;197;206m=[38;2;192;197;206m [38;2;208;135;112mCST256[38;2;192;197;206m[[38;2;208;135;112m7[38;2;192;197;206m][38;2;192;197;206m;[K
[0m[48;2;43;48;59m[39m   68,  65[0m:[39m[48;2;43;48;59m [K
[0m[48;2;43;48;59m[39m   69,  66[0m:[39m[48;2;43;48;59m [38;2;192;197;206m    [38;2;180;142;173mif[38;2;192;197;206m s.nullt [38;2;192;197;206m=[38;2;192;197;206m=[38;2;192;197;206m [38;2;208;135;112m0[38;2;192;197;206m [38;2;192;197;206m{[K
[0m[48;2;79;40;40m[39m-  70     [0m:[39m[48;2;36;25;28m [38;2;192;197;206m        v[38;2;192;197;206m[[38;2;208;135;112m12[38;2;192;197;206m][38;2;192;197;206m [38;2;192;197;206m^[38;2;192;197;206m=[38;2;192;197;206m s.t[38;2;192;197;206m[[38;2;208;135;112m0[38;2;192;197;206m][38;2;192;197;206m;[K
[0m[48;2;79;40;40m[39m-  71     [0m:[39m[48;2;36;25;28m [38;2;192;197;206m        v[38;2;192;197;206m[[38;2;208;135;112m13[38;2;192;197;206m][38;2;192;197;206m [38;2;192;197;206m^[38;2;192;197;206m=[38;2;192;197;206m s.t[38;2;192;197;206m[[38;2;208;135;112m0[38;2;192;197;206m][38;2;192;197;206m;[K
[0m[48;2;79;40;40m[39m-  72     [0m:[39m[48;2;36;25;28m [38;2;192;197;206m        v[38;2;192;197;206m[[38;2;208;135;112m14[38;2;192;197;206m][38;2;192;197;206m [38;2;192;197;206m^[38;2;192;197;206m=[38;2;192;197;206m s.t[38;2;192;197;206m[[38;2;208;135;112m1[38;2;192;197;206m][38;2;192;197;206m;[K
[0m[48;2;79;40;40m[39m-  73     [0m:[39m[48;2;36;25;28m [38;2;192;197;206m        v[38;2;192;197;206m[[38;2;208;135;112m15[38;2;192;197;206m][38;2;192;197;206m [38;2;192;197;206m^[38;2;192;197;206m=[38;2;192;197;206m s.t[38;2;192;197;206m[[38;2;208;135;112m1[38;2;192;197;206m][38;2;192;197;206m;[K
[0m[48;2;40;67;43m[39m+       67[0m:[39m[48;2;24;38;30m [38;2;192;197;206m        v[38;2;192;197;206m[[38;2;208;135;112m12[38;2;192;197;206m][38;2;192;197;206m [38;2;192;197;206m^[38;2;192;197;206m=[38;2;192;197;206m s.t[38;2;192;197;206m[[38;2;208;135;112m0[38;2;192;197;206m][38;2;192;197;206m;[38;2;192;197;206m v[38;2;192;197;206m[[38;2;208;135;112m13[38;2;192;197;206m][38;2;192;197;206m [38;2;192;197;206m^[38;2;192;197;206m=[38;2;192;197;206m s.t[38;2;192;197;206m[[38;2;208;135;112m0[38;2;192;197;206m][38;2;192;197;206m;[K
[0m[48;2;40;67;43m[39m+       68[0m:[39m[48;2;24;38;30m [38;2;192;197;206m        v[38;2;192;197;206m[[38;2;208;135;112m14[38;2;192;197;206m][38;2;192;197;206m [38;2;192;197;206m^[38;2;192;197;206m=[38;2;192;197;206m s.t[38;2;192;197;206m[[38;2;208;135;112m1[38;2;192;197;206m][38;2;192;197;206m;[38;2;192;197;206m v[38;2;192;197;206m[[38;2;208;135;112m15[38;2;192;197;206m][38;2;192;197;206m [38;2;192;197;206m^[38;2;192;197;206m=[38;2;192;197;206m s.t[38;2;192;197;206m[[38;2;208;135;112m1[38;2;192;197;206m][38;2;192;197;206m;[K
[0m[48;2;43;48;59m[39m   74,  69[0m:[39m[48;2;43;48;59m [38;2;192;197;206m    [38;2;192;197;206m}[K
[0m[48;2;43;48;59m[39m   75,  70[0m:[39m[48;2;43;48;59m [K
[0m[48;2;79;40;40m[39m-  76     [0m:[39m[48;2;36;25;28m [38;2;192;197;206m    [38;2;101;115;126m//[38;2;101;115;126m The BLAKE-256 sigma permutations[K
[0m[48;2;79;40;40m[39m-  77     [0m:[39m[48;2;36;25;28m [38;2;192;197;206m    [38;2;180;142;173mconst[38;2;192;197;206m [38;2;208;135;112mSIGMA[38;2;192;197;206m:[38;2;192;197;206m [38;2;192;197;206m[[38;2;192;197;206m[[38;2;180;142;173musize[38;2;192;197;206m;[38;2;192;197;206m [38;2;208;135;112m16[38;2;192;197;206m][38;2;192;197;206m;[38;2;192;197;206m [38;2;208;135;112m14[38;2;192;197;206m][38;2;192;197;206m [38;2;192;197;206m=[38;2;192;197;206m [38;2;192;197;206m[[K
[0m[48;2;79;40;40m[39m-  78     [0m:[39m[48;2;36;25;28m [38;2;192;197;206m        [38;2;192;197;206m[[38;2;208;135;112m0[38;2;192;197;206m,[38;2;208;135;112m1[38;2;192;197;206m,[38;2;208;135;112m2[38;2;192;197;206m,[38;2;208;135;112m3[38;2;192;197;206m,[38;2;208;135;112m4[38;2;192;197;206m,[38;2;208;135;112m5[38;2;192;197;206m,[38;2;208;135;112m6[38;2;192;197;206m,[38;2;208;135;112m7[38;2;192;197;206m,[38;2;208;135;112m8[38;2;192;197;206m,[38;2;208;135;112m9[38;2;192;197;206m,[38;2;208;135;112m10[38;2;192;197;206m,[38;2;208;135;112m11[38;2;192;197;206m,[38;2;208;135;112m12[38;2;192;197;206m,[38;2;208;135;112m13[38;2;192;197;206m,[38;2;208;135;112m14[38;2;192;197;206m,[38;2;208;135;112m15[38;2;192;197;206m][38;2;192;197;206m,[K
[0m[48;2;79;40;40m[39m-  79     [0m:[39m[48;2;36;25;28m [38;2;192;197;206m        [38;2;192;197;206m[[38;2;208;135;112m14[38;2;192;197;206m,[38;2;208;135;112m10[38;2;192;197;206m,[38;2;208;135;112m4[38;2;192;197;206m,[38;2;208;135;112m8[38;2;192;197;206m,[38;2;208;135;112m9[38;2;192;197;206m,[38;2;208;135;112m15[38;2;192;197;206m,[38;2;208;135;112m13[38;2;192;197;206m,[38;2;208;135;112m6[38;2;192;197;206m,[38;2;208;135;112m1[38;2;192;197;206m,[38;2;208;135;112m12[38;2;192;197;206m,[38;2;208;135;112m0[38;2;192;197;206m,[38;2;208;135;112m2[38;2;192;197;206m,[38;2;208;135;112m11[38;2;192;197;206m,[38;2;208;135;112m7[38;2;192;197;206m,[38;2;208;135;112m5[38;2;192;197;206m,[38;2;208;135;112m3[38;2;192;197;206m][38;2;192;197;206m,[K
[0m[48;2;79;40;40m[39m-  80     [0m:[39m[48;2;36;25;28m [38;2;192;197;206m        [38;2;192;197;206m[[38;2;208;135;112m11[38;2;192;197;206m,[38;2;208;135;112m8[38;2;192;197;206m,[38;2;208;135;112m12[38;2;192;197;206m,[38;2;208;135;112m0[38;2;192;197;206m,[38;2;208;135;112m5[38;2;192;197;206m,[38;2;208;135;112m2[38;2;192;197;206m,[38;2;208;135;112m15[38;2;192;197;206m,[38;2;208;135;112m13[38;2;192;197;206m,[38;2;208;135;112m10[38;2;192;197;206m,[38;2;208;135;112m14[38;2;192;197;206m,[38;2;208;135;112m3[38;2;192;197;206m,[38;2;208;135;112m6[38;2;192;197;206m,[38;2;208;135;112m7[38;2;192;197;206m,[38;2;208;135;112m1[38;2;192;197;206m,[38;2;208;135;112m9[38;2;192;197;206m,[38;2;208;135;112m4[38;2;192;197;206m][38;2;192;197;206m,[K
[0m[48;2;79;40;40m[39m-  81     [0m:[39m[48;2;36;25;28m [38;2;192;197;206m        [38;2;192;197;206m[[38;2;208;135;112m7[38;2;192;197;206m,[38;2;208;135;112m9[38;2;192;197;206m,[38;2;208;135;112m3[38;2;192;197;206m,[38;2;208;135;112m1[38;2;192;197;206m,[38;2;208;135;112m13[38;2;192;197;206m,[38;2;208;135;112m12[38;2;192;197;206m,[38;2;208;135;112m11[38;2;192;197;206m,[38;2;208;135;112m14[38;2;192;197;206m,[38;2;208;135;112m2[38;2;192;197;206m,[38;2;208;135;112m6[38;2;192;197;206m,[38;2;208;135;112m5[38;2;192;197;206m,[38;2;208;135;112m10[38;2;192;197;206m,[38;2;208;135;112m4[38;2;192;197;206m,[38;2;208;135;112m0[38;2;192;197;206m,[38;2;208;135;112m15[38;2;192;197;206m,[38;2;208;135;112m8[38;2;192;197;206m][38;2;192;197;206m,[K
[0m[48;2;79;40;40m[39m-  82     [0m:[39m[48;2;36;25;28m [38;2;192;197;206m        [38;2;192;197;206m[[38;2;208;135;112m9[38;2;192;197;206m,[38;2;208;135;112m0[38;2;192;197;206m,[38;2;208;135;112m5[38;2;192;197;206m,[38;2;208;135;112m7[38;2;192;197;206m,[38;2;208;135;112m2[38;2;192;197;206m,[38;2;208;135;112m4[38;2;192;197;206m,[38;2;208;135;112m10[38;2;192;197;206m,[38;2;208;135;112m15[38;2;192;197;206m,[38;2;208;135;112m14[38;2;192;197;206m,[38;2;208;135;112m1[38;2;192;197;206m,[38;2;208;135;112m11[38;2;192;197;206m,[38;2;208;135;112m12[38;2;192;197;206m,[38;2;208;135;112m6[38;2;192;197;206m,[38;2;208;135;112m8[38;2;192;197;206m,[38;2;208;135;112m3[38;2;192;197;206m,[38;2;208;135;112m13[38;2;192;197;206m][38;2;192;197;206m,[K
[0m[48;2;79;40;40m[39m-  83     [0m:[39m[48;2;36;25;28m [38;2;192;197;206m        [38;2;192;197;206m[[38;2;208;135;112m2[38;2;192;197;206m,[38;2;208;135;112m12[38;2;192;197;206m,[38;2;208;135;112m6[38;2;192;197;206m,[38;2;208;135;112m10[38;2;192;197;206m,[38;2;208;135;112m0[38;2;192;197;206m,[38;2;208;135;112m11[38;2;192;197;206m,[38;2;208;135;112m8[38;2;192;197;206m,[38;2;208;135;112m3[38;2;192;197;206m,[38;2;208;135;112m4[38;2;192;197;206m,[38;2;208;135;112m13[38;2;192;197;206m,[38;2;208;135;112m7[38;2;192;197;206m,[38;2;208;135;112m5[38;2;192;197;206m,[38;2;208;135;112m15[38;2;192;197;206m,[38;2;208;135;112m14[38;2;192;197;206m,[38;2;208;135;112m1[38;2;192;197;206m,[38;2;208;135;112m9[38;2;192;197;206m][38;2;192;197;206m,[K
[0m[48;2;79;40;40m[39m-  84     [0m:[39m[48;2;36;25;28m [38;2;192;197;206m        [38;2;192;197;206m[[38;2;208;135;112m12[38;2;192;197;206m,[38;2;208;135;112m5[38;2;192;197;206m,[38;2;208;135;112m1[38;2;192;197;206m,[38;2;208;135;112m15[38;2;192;197;206m,[38;2;208;135;112m14[38;2;192;197;206m,[38;2;208;135;112m13[38;2;192;197;206m,[38;2;208;135;112m4[38;2;192;197;206m,[38;2;208;135;112m10[38;2;192;197;206m,[38;2;208;135;112m0[38;2;192;197;206m,[38;2;208;135;112m7[38;2;192;197;206m,[38;2;208;135;112m6[38;2;192;197;206m,[38;2;208;135;112m3[38;2;192;197;206m,[38;2;208;135;112m9[38;2;192;197;206m,[38;2;208;135;112m2[38;2;192;197;206m,[38;2;208;135;112m8[38;2;192;197;206m,[38;2;208;135;112m11[38;2;192;197;206m][38;2;192;197;206m,[K
[0m[48;2;79;40;40m[39m-  85     [0m:[39m[48;2;36;25;28m [38;2;192;197;206m        [38;2;192;197;206m[[38;2;208;135;112m13[38;2;192;197;206m,[38;2;208;135;112m11[38;2;192;197;206m,[38;2;208;135;112m7[38;2;192;197;206m,[38;2;208;135;112m14[38;2;192;197;206m,[38;2;208;135;112m12[38;2;192;197;206m,[38;2;208;135;112m1[38;2;192;197;206m,[38;2;208;135;112m3[38;2;192;197;206m,[38;2;208;135;112m9[38;2;192;197;206m,[38;2;208;135;112m5[38;2;192;197;206m,[38;2;208;135;112m0[38;2;192;197;206m,[38;2;208;135;112m15[38;2;192;197;206m,[38;2;208;135;112m4[38;2;192;197;206m,[38;2;208;135;112m8[38;2;192;197;206m,[38;2;208;135;112m6[38;2;192;197;206m,[38;2;208;135;112m2[38;2;192;197;206m,[38;2;208;135;112m10[38;2;192;197;206m][38;2;192;197;206m,[K
[0m[48;2;79;40;40m[39m-  86     [0m:[39m[48;2;36;25;28m [38;2;192;197;206m        [38;2;192;197;206m[[38;2;208;135;112m6[38;2;192;197;206m,[38;2;208;135;112m15[38;2;192;197;206m,[38;2;208;135;112m14[38;2;192;197;206m,[38;2;208;135;112m9[38;2;192;197;206m,[38;2;208;135;112m11[38;2;192;197;206m,[38;2;208;135;112m3[38;2;192;197;206m,[38;2;208;135;112m0[38;2;192;197;206m,[38;2;208;135;112m8[38;2;192;197;206m,[38;2;208;135;112m12[38;2;192;197;206m,[38;2;208;135;112m2[38;2;192;197;206m,[38;2;208;135;112m13[38;2;192;197;206m,[38;2;208;135;112m7[38;2;192;197;206m,[38;2;208;135;112m1[38;2;192;197;206m,[38;2;208;135;112m4[38;2;192;197;206m,[38;2;208;135;112m10[38;2;192;197;206m,[38;2;208;135;112m5[38;2;192;197;206m][38;2;192;197;206m,[K
[0m[48;2;79;40;40m[39m-  87     [0m:[39m[48;2;36;25;28m [38;2;192;197;206m        [38;2;192;197;206m[[38;2;208;135;112m10[38;2;192;197;206m,[38;2;208;135;112m2[38;2;192;197;206m,[38;2;208;135;112m8[38;2;192;197;206m,[38;2;208;135;112m4[38;2;192;197;206m,[38;2;208;135;112m7[38;2;192;197;206m,[38;2;208;135;112m6[38;2;192;197;206m,[38;2;208;135;112m1[38;2;192;197;206m,[38;2;208;135;112m5[38;2;192;197;206m,[38;2;208;135;112m15[38;2;192;197;206m,[38;2;208;135;112m11[38;2;192;197;206m,[38;2;208;135;112m9[38;2;192;197;206m,[38;2;208;135;112m14[38;2;192;197;206m,[38;2;208;135;112m3[38;2;192;197;206m,[38;2;208;135;112m12[38;2;192;197;206m,[38;2;208;135;112m13[38;2;192;197;206m,[38;2;208;135;112m0[38;2;192;197;206m][38;2;192;197;206m,[K
[0m[48;2;79;40;40m[39m-  88     [0m:[39m[48;2;36;25;28m [38;2;192;197;206m        [38;2;101;115;126m//[38;2;101;115;126m Repeat first 4[K
[0m[48;2;79;40;40m[39m-  89     [0m:[39m[48;2;36;25;28m [38;2;192;197;206m        [38;2;192;197;206m[[38;2;208;135;112m0[38;2;192;197;206m,[38;2;208;135;112m1[38;2;192;197;206m,[38;2;208;135;112m2[38;2;192;197;206m,[38;2;208;135;112m3[38;2;192;197;206m,[38;2;208;135;112m4[38;2;192;197;206m,[38;2;208;135;112m5[38;2;192;197;206m,[38;2;208;135;112m6[38;2;192;197;206m,[38;2;208;135;112m7[38;2;192;197;206m,[38;2;208;135;112m8[38;2;192;197;206m,[38;2;208;135;112m9[38;2;192;197;206m,[38;2;208;135;112m10[38;2;192;197;206m,[38;2;208;135;112m11[38;2;192;197;206m,[38;2;208;135;112m12[38;2;192;197;206m,[38;2;208;135;112m13[38;2;192;197;206m,[38;2;208;135;112m14[38;2;192;197;206m,[38;2;208;135;112m15[38;2;192;197;206m][38;2;192;197;206m,[K
[0m[48;2;79;40;40m[39m-  90     [0m:[39m[48;2;36;25;28m [38;2;192;197;206m        [38;2;192;197;206m[[38;2;208;135;112m14[38;2;192;197;206m,[38;2;208;135;112m10[38;2;192;197;206m,[38;2;208;135;112m4[38;2;192;197;206m,[38;2;208;135;112m8[38;2;192;197;206m,[38;2;208;135;112m9[38;2;192;197;206m,[38;2;208;135;112m15[38;2;192;197;206m,[38;2;208;135;112m13[38;2;192;197;206m,[38;2;208;135;112m6[38;2;192;197;206m,[38;2;208;135;112m1[38;2;192;197;206m,[38;2;208;135;112m12[38;2;192;197;206m,[38;2;208;135;112m0[38;2;192;197;206m,[38;2;208;135;112m2[38;2;192;197;206m,[38;2;208;135;112m11[38;2;192;197;206m,[38;2;208;135;112m7[38;2;192;197;206m,[38;2;208;135;112m5[38;2;192;197;206m,[38;2;208;135;112m3[38;2;192;197;206m][38;2;192;197;206m,[K
[0m[48;2;79;40;40m[39m-  91     [0m:[39m[48;2;36;25;28m [38;2;192;197;206m        [38;2;192;197;206m[[38;2;208;135;112m11[38;2;192;197;206m,[38;2;208;135;112m8[38;2;192;197;206m,[38;2;208;135;112m12[38;2;192;197;206m,[38;2;208;135;112m0[38;2;192;197;206m,[38;2;208;135;112m5[38;2;192;197;206m,[38;2;208;135;112m2[38;2;192;197;206m,[38;2;208;135;112m15[38;2;192;197;206m,[38;2;208;135;112m13[38;2;192;197;206m,[38;2;208;135;112m10[38;2;192;197;206m,[38;2;208;135;112m14[38;2;192;197;206m,[38;2;208;135;112m3[38;2;192;197;206m,[38;2;208;135;112m6[38;2;192;197;206m,[38;2;208;135;112m7[38;2;192;197;206m,[38;2;208;135;112m1[38;2;192;197;206m,[38;2;208;135;112m9[38;2;192;197;206m,[38;2;208;135;112m4[38;2;192;197;206m][38;2;192;197;206m,[K
[0m[48;2;79;40;40m[39m-  92     [0m:[39m[48;2;36;25;28m [38;2;192;197;206m        [38;2;192;197;206m[[38;2;208;135;112m7[38;2;192;197;206m,[38;2;208;135;112m9[38;2;192;197;206m,[38;2;208;135;112m3[38;2;192;197;206m,[38;2;208;135;112m1[38;2;192;197;206m,[38;2;208;135;112m13[38;2;192;197;206m,[38;2;208;135;112m12[38;2;192;197;206m,[38;2;208;135;112m11[38;2;192;197;206m,[38;2;208;135;112m14[38;2;192;197;206m,[38;2;208;135;112m2[38;2;192;197;206m,[38;2;208;135;112m6[38;2;192;197;206m,[38;2;208;135;112m5[38;2;192;197;206m,[38;2;208;135;112m10[38;2;192;197;206m,[38;2;208;135;112m4[38;2;192;197;206m,[38;2;208;135;112m0[38;2;192;197;206m,[38;2;208;135;112m15[38;2;192;197;206m,[38;2;208;135;112m8[38;2;192;197;206m][38;2;192;197;206m,[K
[0m[48;2;79;40;40m[39m-  93     [0m:[39m[48;2;36;25;28m [38;2;192;197;206m    [38;2;192;197;206m][38;2;192;197;206m;[K
[0m[48;2;40;67;43m[39m+       71[0m:[39m[48;2;24;38;30m [38;2;192;197;206m    [38;2;101;115;126m//[38;2;101;115;126m The C ROUND macro does column step then diagonal step.[K
[0m[48;2;40;67;43m[39m+       72[0m:[39m[48;2;24;38;30m [38;2;192;197;206m    [38;2;101;115;126m//[38;2;101;115;126m Column: (0,4,8,12),(1,5,9,13),(2,6,10,14),(3,7,11,15)[K
[0m[48;2;40;67;43m[39m+       73[0m:[39m[48;2;24;38;30m [38;2;192;197;206m    [38;2;101;115;126m//[38;2;101;115;126m Diagonal: (0,5,10,15),(1,6,11,12),(2,7,8,13),(3,4,9,14)[K
[0m[48;2;40;67;43m[39m+       74[0m:[39m[48;2;24;38;30m [38;2;192;197;206m    [38;2;101;115;126m//[38;2;101;115;126m Each G function uses two message words from the sigma permutation.[K
[0m[48;2;40;67;43m[39m+       75[0m:[39m[48;2;24;38;30m [38;2;192;197;206m    [38;2;180;142;173mfor[38;2;192;197;206m round [38;2;192;197;206min[38;2;192;197;206m [38;2;208;135;112m0[38;2;192;197;206m..[38;2;208;135;112m14[38;2;192;197;206m [38;2;192;197;206m{[K
[0m[48;2;40;67;43m[39m+       76[0m:[39m[48;2;24;38;30m [38;2;192;197;206m        [38;2;180;142;173mlet[38;2;192;197;206m sg [38;2;192;197;206m=[38;2;192;197;206m [38;2;192;197;206m&[38;2;208;135;112mSIGMA[38;2;192;197;206m[[38;2;192;197;206mround [38;2;192;197;206m%[38;2;192;197;206m [38;2;208;135;112m10[38;2;192;197;206m][38;2;192;197;206m;[K
[0m[48;2;40;67;43m[39m+       77[0m:[39m[48;2;24;38;30m [38;2;192;197;206m        [38;2;101;115;126m//[38;2;101;115;126m Column step[K
[0m[48;2;40;67;43m[39m+       78[0m:[39m[48;2;24;38;30m [38;2;192;197;206m        [38;2;150;181;180mg256[38;2;192;197;206m([38;2;192;197;206m&[38;2;180;142;173mmut[38;2;192;197;206m v[38;2;192;197;206m,[38;2;192;197;206m [38;2;208;135;112m0[38;2;192;197;206m,[38;2;208;135;112m4[38;2;192;197;206m,[38;2;208;135;112m8[38;2;192;197;206m,[38;2;208;135;112m12[38;2;192;197;206m,[38;2;192;197;206m m[38;2;192;197;206m[[38;2;192;197;206msg[38;2;192;197;206m[[38;2;208;135;112m0[38;2;192;197;206m][38;2;192;197;206m][38;2;192;197;206m [38;2;192;197;206m^[38;2;192;197;206m [38;2;208;135;112mCST256[38;2;192;197;206m[[38;2;192;197;206msg[38;2;192;197;206m[[38;2;208;135;112m1[38;2;192;197;206m][38;2;192;197;206m][38;2;192;197;206m,[38;2;192;197;206m m[38;2;192;197;206m[[38;2;192;197;206msg[38;2;192;197;206m[[38;2;208;135;112m1[38;2;192;197;206m][38;2;192;197;206m][38;2;192;197;206m [38;2;192;197;206m^[38;2;192;197;206m [38;2;208;135;112mCST256[38;2;192;197;206m[[38;2;192;197;206msg[38;2;192;197;206m[[38;2;208;135;112m0[38;2;192;197;206m][38;2;192;197;206m][38;2;192;197;206m)[38;2;192;197;206m;[K
[0m[48;2;40;67;43m[39m+       79[0m:[39m[48;2;24;38;30m [38;2;192;197;206m        [38;2;150;181;180mg256[38;2;192;197;206m([38;2;192;197;206m&[38;2;180;142;173mmut[38;2;192;197;206m v[38;2;192;197;206m,[38;2;192;197;206m [38;2;208;135;112m1[38;2;192;197;206m,[38;2;208;135;112m5[38;2;192;197;206m,[38;2;208;135;112m9[38;2;192;197;206m,[38;2;208;135;112m13[38;2;192;197;206m,[38;2;192;197;206m m[38;2;192;197;206m[[38;2;192;197;206msg[38;2;192;197;206m[[38;2;208;135;112m2[38;2;192;197;206m][38;2;192;197;206m][38;2;192;197;206m [38;2;192;197;206m^[38;2;192;197;206m [38;2;208;135;112mCST256[38;2;192;197;206m[[38;2;192;197;206msg[38;2;192;197;206m[[38;2;208;135;112m3[38;2;192;197;206m][38;2;192;197;206m][38;2;192;197;206m,[38;2;192;197;206m m[38;2;192;197;206m[[38;2;192;197;206msg[38;2;192;197;206m[[38;2;208;135;112m3[38;2;192;197;206m][38;2;192;197;206m][38;2;192;197;206m [38;2;192;197;206m^[38;2;192;197;206m [38;2;208;135;112mCST256[38;2;192;197;206m[[38;2;192;197;206msg[38;2;192;197;206m[[38;2;208;135;112m2[38;2;192;197;206m][38;2;192;197;206m][38;2;192;197;206m)[38;2;192;197;206m;[K
[0m[48;2;40;67;43m[39m+       80[0m:[39m[48;2;24;38;30m [38;2;192;197;206m        [38;2;150;181;180mg256[38;2;192;197;206m([38;2;192;197;206m&[38;2;180;142;173mmut[38;2;192;197;206m v[38;2;192;197;206m,[38;2;192;197;206m [38;2;208;135;112m2[38;2;192;197;206m,[38;2;208;135;112m6[38;2;192;197;206m,[38;2;208;135;112m10[38;2;192;197;206m,[38;2;208;135;112m14[38;2;192;197;206m,[38;2;192;197;206m m[38;2;192;197;206m[[38;2;192;197;206msg[38;2;192;197;206m[[38;2;208;135;112m4[38;2;192;197;206m][38;2;192;197;206m][38;2;192;197;206m [38;2;192;197;206m^[38;2;192;197;206m [38;2;208;135;112mCST256[38;2;192;197;206m[[38;2;192;197;206msg[38;2;192;197;206m[[38;2;208;135;112m5[38;2;192;197;206m][38;2;192;197;206m][38;2;192;197;206m,[38;2;192;197;206m m[38;2;192;197;206m[[38;2;192;197;206msg[38;2;192;197;206m[[38;2;208;135;112m5[38;2;192;197;206m][38;2;192;197;206m][38;2;192;197;206m [38;2;192;197;206m^[38;2;192;197;206m [38;2;208;135;112mCST256[38;2;192;197;206m[[38;2;192;197;206msg[38;2;192;197;206m[[38;2;208;135;112m4[38;2;192;197;206m][38;2;192;197;206m][38;2;192;197;206m)[38;2;192;197;206m;[K
[0m[48;2;40;67;43m[39m+       81[0m:[39m[48;2;24;38;30m [38;2;192;197;206m        [38;2;150;181;180mg256[38;2;192;197;206m([38;2;192;197;206m&[38;2;180;142;173mmut[38;2;192;197;206m v[38;2;192;197;206m,[38;2;192;197;206m [38;2;208;135;112m3[38;2;192;197;206m,[38;2;208;135;112m7[38;2;192;197;206m,[38;2;208;135;112m11[38;2;192;197;206m,[38;2;208;135;112m15[38;2;192;197;206m,[38;2;192;197;206m m[38;2;192;197;206m[[38;2;192;197;206msg[38;2;192;197;206m[[38;2;208;135;112m6[38;2;192;197;206m][38;2;192;197;206m][38;2;192;197;206m [38;2;192;197;206m^[38;2;192;197;206m [38;2;208;135;112mCST256[38;2;192;197;206m[[38;2;192;197;206msg[38;2;192;197;206m[[38;2;208;135;112m7[38;2;192;197;206m][38;2;192;197;206m][38;2;192;197;206m,[38;2;192;197;206m m[38;2;192;197;206m[[38;2;192;197;206msg[38;2;192;197;206m[[38;2;208;135;112m7[38;2;192;197;206m][38;2;192;197;206m][38;2;192;197;206m [38;2;192;197;206m^[38;2;192;197;206m [38;2;208;135;112mCST256[38;2;192;197;206m[[38;2;192;197;206msg[38;2;192;197;206m[[38;2;208;135;112m6[38;2;192;197;206m][38;2;192;197;206m][38;2;192;197;206m)[38;2;192;197;206m;[K
[0m[48;2;40;67;43m[39m+       82[0m:[39m[48;2;24;38;30m [38;2;192;197;206m        [38;2;101;115;126m//[38;2;101;115;126m Diagonal step[K
[0m[48;2;40;67;43m[39m+       83[0m:[39m[48;2;24;38;30m [38;2;192;197;206m        [38;2;150;181;180mg256[38;2;192;197;206m([38;2;192;197;206m&[38;2;180;142;173mmut[38;2;192;197;206m v[38;2;192;197;206m,[38;2;192;197;206m [38;2;208;135;112m0[38;2;192;197;206m,[38;2;208;135;112m5[38;2;192;197;206m,[38;2;208;135;112m10[38;2;192;197;206m,[38;2;208;135;112m15[38;2;192;197;206m,[38;2;192;197;206m m[38;2;192;197;206m[[38;2;192;197;206msg[38;2;192;197;206m[[38;2;208;135;112m8[38;2;192;197;206m][38;2;192;197;206m][38;2;192;197;206m [38;2;192;197;206m^[38;2;192;197;206m [38;2;208;135;112mCST256[38;2;192;197;206m[[38;2;192;197;206msg[38;2;192;197;206m[[38;2;208;135;112m9[38;2;192;197;206m][38;2;192;197;206m][38;2;192;197;206m,[38;2;192;197;206m m[38;2;192;197;206m[[38;2;192;197;206msg[38;2;192;197;206m[[38;2;208;135;112m9[38;2;192;197;206m][38;2;192;197;206m][38;2;192;197;206m [38;2;192;197;206m^[38;2;192;197;206m [38;2;208;135;112mCST256[38;2;192;197;206m[[38;2;192;197;206msg[38;2;192;197;206m[[38;2;208;135;112m8[38;2;192;197;206m][38;2;192;197;206m][38;2;192;197;206m)[38;2;192;197;206m;[K
[0m[48;2;40;67;43m[39m+       84[0m:[39m[48;2;24;38;30m [38;2;192;197;206m        [38;2;150;181;180mg256[38;2;192;197;206m([38;2;192;197;206m&[38;2;180;142;173mmut[38;2;192;197;206m v[38;2;192;197;206m,[38;2;192;197;206m [38;2;208;135;112m1[38;2;192;197;206m,[38;2;208;135;112m6[38;2;192;197;206m,[38;2;208;135;112m11[38;2;192;197;206m,[38;2;208;135;112m12[38;2;192;197;206m,[38;2;192;197;206m m[38;2;192;197;206m[[38;2;192;197;206msg[38;2;192;197;206m[[38;2;208;135;112m10[38;2;192;197;206m][38;2;192;197;206m][38;2;192;197;206m [38;2;192;197;206m^[38;2;192;197;206m [38;2;208;135;112mCST256[38;2;192;197;206m[[38;2;192;197;206msg[38;2;192;197;206m[[38;2;208;135;112m11[38;2;192;197;206m][38;2;192;197;206m][38;2;192;197;206m,[38;2;192;197;206m m[38;2;192;197;206m[[38;2;192;197;206msg[38;2;192;197;206m[[38;2;208;135;112m11[38;2;192;197;206m][38;2;192;197;206m][38;2;192;197;206m [38;2;192;197;206m^[38;2;192;197;206m [38;2;208;135;112mCST256[38;2;192;197;206m[[38;2;192;197;206msg[38;2;192;197;206m[[38;2;208;135;112m10[38;2;192;197;206m][38;2;192;197;206m][38;2;192;197;206m)[38;2;192;197;206m;[K
[0m[48;2;40;67;43m[39m+       85[0m:[39m[48;2;24;38;30m [38;2;192;197;206m        [38;2;150;181;180mg256[38;2;192;197;206m([38;2;192;197;206m&[38;2;180;142;173mmut[38;2;192;197;206m v[38;2;192;197;206m,[38;2;192;197;206m [38;2;208;135;112m2[38;2;192;197;206m,[38;2;208;135;112m7[38;2;192;197;206m,[38;2;208;135;112m8[38;2;192;197;206m,[38;2;208;135;112m13[38;2;192;197;206m,[38;2;192;197;206m m[38;2;192;197;206m[[38;2;192;197;206msg[38;2;192;197;206m[[38;2;208;135;112m12[38;2;192;197;206m][38;2;192;197;206m][38;2;192;197;206m [38;2;192;197;206m^[38;2;192;197;206m [38;2;208;135;112mCST256[38;2;192;197;206m[[38;2;192;197;206msg[38;2;192;197;206m[[38;2;208;135;112m13[38;2;192;197;206m][38;2;192;197;206m][38;2;192;197;206m,[38;2;192;197;206m m[38;2;192;197;206m[[38;2;192;197;206msg[38;2;192;197;206m[[38;2;208;135;112m13[38;2;192;197;206m][38;2;192;197;206m][38;2;192;197;206m [38;2;192;197;206m^[38;2;192;197;206m [38;2;208;135;112mCST256[38;2;192;197;206m[[38;2;192;197;206msg[38;2;192;197;206m[[38;2;208;135;112m12[38;2;192;197;206m][38;2;192;197;206m][38;2;192;197;206m)[38;2;192;197;206m;[K
[0m[48;2;40;67;43m[39m+       86[0m:[39m[48;2;24;38;30m [38;2;192;197;206m        [38;2;150;181;180mg256[38;2;192;197;206m([38;2;192;197;206m&[38;2;180;142;173mmut[38;2;192;197;206m v[38;2;192;197;206m,[38;2;192;197;206m [38;2;208;135;112m3[38;2;192;197;206m,[38;2;208;135;112m4[38;2;192;197;206m,[38;2;208;135;112m9[38;2;192;197;206m,[38;2;208;135;112m14[38;2;192;197;206m,[38;2;192;197;206m m[38;2;192;197;206m[[38;2;192;197;206msg[38;2;192;197;206m[[38;2;208;135;112m14[38;2;192;197;206m][38;2;192;197;206m][38;2;192;197;206m [38;2;192;197;206m^[38;2;192;197;206m [38;2;208;135;112mCST256[38;2;192;197;206m[[38;2;192;197;206msg[38;2;192;197;206m[[38;2;208;135;112m15[38;2;192;197;206m][38;2;192;197;206m][38;2;192;197;206m,[38;2;192;197;206m m[38;2;192;197;206m[[38;2;192;197;206msg[38;2;192;197;206m[[38;2;208;135;112m15[38;2;192;197;206m][38;2;192;197;206m][38;2;192;197;206m [38;2;192;197;206m^[38;2;192;197;206m [38;2;208;135;112mCST256[38;2;192;197;206m[[38;2;192;197;206msg[38;2;192;197;206m[[38;2;208;135;112m14[38;2;192;197;206m][38;2;192;197;206m][38;2;192;197;206m)[38;2;192;197;206m;[K
[0m[48;2;40;67;43m[39m+       87[0m:[39m[48;2;24;38;30m [38;2;192;197;206m    [38;2;192;197;206m}[K
[0m[48;2;43;48;59m[39m   94,  88[0m:[39m[48;2;43;48;59m [K
[0m[48;2;79;40;40m[39m-  95     [0m:[39m[48;2;36;25;28m [38;2;192;197;206m    [38;2;150;181;180mmacro_rules![38;2;192;197;206m [38;2;192;197;206mg256[38;2;192;197;206m [38;2;192;197;206m{[K
[0m[48;2;79;40;40m[39m-  96     [0m:[39m[48;2;36;25;28m [38;2;192;197;206m        [38;2;192;197;206m([38;2;191;97;106m$a[38;2;192;197;206m:[38;2;180;142;173mexpr[38;2;192;197;206m, [38;2;191;97;106m$b[38;2;192;197;206m:[38;2;180;142;173mexpr[38;2;192;197;206m, [38;2;191;97;106m$c[38;2;192;197;206m:[38;2;180;142;173mexpr[38;2;192;197;206m, [38;2;191;97;106m$d[38;2;192;197;206m:[38;2;180;142;173mexpr[38;2;192;197;206m, [38;2;191;97;106m$mi[38;2;192;197;206m:[38;2;180;142;173mexpr[38;2;192;197;206m, [38;2;191;97;106m$ci[38;2;192;197;206m:[38;2;180;142;173mexpr[38;2;192;197;206m, [38;2;191;97;106m$mj[38;2;192;197;206m:[38;2;180;142;173mexpr[38;2;192;197;206m, [38;2;191;97;106m$cj[38;2;192;197;206m:[38;2;180;142;173mexpr[38;2;192;197;206m)[38;2;192;197;206m [38;2;192;197;206m=>[38;2;192;197;206m [38;2;192;197;206m{[K
[0m[48;2;79;40;40m[39m-  97     [0m:[39m[48;2;36;25;28m [38;2;192;197;206m            v[38;2;192;197;206m[[38;2;191;97;106m$a[38;2;192;197;206m][38;2;192;197;206m [38;2;192;197;206m=[38;2;192;197;206m v[38;2;192;197;206m[[38;2;191;97;106m$a[38;2;192;197;206m][38;2;192;197;206m.[38;2;150;181;180mwrapping_add[38;2;192;197;206m([38;2;192;197;206mm[38;2;192;197;206m[[38;2;191;97;106m$mi[38;2;192;197;206m][38;2;192;197;206m [38;2;192;197;206m^[38;2;192;197;206m [38;2;208;135;112mCST256[38;2;192;197;206m[[38;2;191;97;106m$ci[38;2;192;197;206m][38;2;192;197;206m)[38;2;192;197;206m;[K
[0m[48;2;79;40;40m[39m-  98     [0m:[39m[48;2;36;25;28m [38;2;192;197;206m            v[38;2;192;197;206m[[38;2;191;97;106m$a[38;2;192;197;206m][38;2;192;197;206m [38;2;192;197;206m=[38;2;192;197;206m v[38;2;192;197;206m[[38;2;191;97;106m$a[38;2;192;197;206m][38;2;192;197;206m.[38;2;150;181;180mwrapping_add[38;2;192;197;206m([38;2;192;197;206mv[38;2;192;197;206m[[38;2;191;97;106m$b[38;2;192;197;206m][38;2;192;197;206m)[38;2;192;197;206m;[K
[0m[48;2;79;40;40m[39m-  99     [0m:[39m[48;2;36;25;28m [38;2;192;197;206m            v[38;2;192;197;206m[[38;2;191;97;106m$d[38;2;192;197;206m][38;2;192;197;206m [38;2;192;197;206m^[38;2;192;197;206m=[38;2;192;197;206m v[38;2;192;197;206m[[38;2;191;97;106m$a[38;2;192;197;206m][38;2;192;197;206m;[K
[0m[48;2;79;40;40m[39m- 100     [0m:[39m[48;2;36;25;28m [38;2;192;197;206m            v[38;2;192;197;206m[[38;2;191;97;106m$d[38;2;192;197;206m][38;2;192;197;206m [38;2;192;197;206m=[38;2;192;197;206m v[38;2;192;197;206m[[38;2;191;97;106m$d[38;2;192;197;206m][38;2;192;197;206m.[38;2;150;181;180mrotate_right[38;2;192;197;206m([38;2;208;135;112m16[38;2;192;197;206m)[38;2;192;197;206m;[K
[0m[48;2;79;40;40m[39m- 101     [0m:[39m[48;2;36;25;28m [38;2;192;197;206m            v[38;2;192;197;206m[[38;2;191;97;106m$c[38;2;192;197;206m][38;2;192;197;206m [38;2;192;197;206m=[38;2;192;197;206m v[38;2;192;197;206m[[38;2;191;97;106m$c[38;2;192;197;206m][38;2;192;197;206m.[38;2;150;181;180mwrapping_add[38;2;192;197;206m([38;2;192;197;206mv[38;2;192;197;206m[[38;2;191;97;106m$d[38;2;192;197;206m][38;2;192;197;206m)[38;2;192;197;206m;[K
[0m[48;2;79;40;40m[39m- 102     [0m:[39m[48;2;36;25;28m [38;2;192;197;206m            v[38;2;192;197;206m[[38;2;191;97;106m$b[38;2;192;197;206m][38;2;192;197;206m [38;2;192;197;206m^[38;2;192;197;206m=[38;2;192;197;206m v[38;2;192;197;206m[[38;2;191;97;106m$c[38;2;192;197;206m][38;2;192;197;206m;[K
[0m[48;2;79;40;40m[39m- 103     [0m:[39m[48;2;36;25;28m [38;2;192;197;206m            v[38;2;192;197;206m[[38;2;191;97;106m$b[38;2;192;197;206m][38;2;192;197;206m [38;2;192;197;206m=[38;2;192;197;206m v[38;2;192;197;206m[[38;2;191;97;106m$b[38;2;192;197;206m][38;2;192;197;206m.[38;2;150;181;180mrotate_right[38;2;192;197;206m([38;2;208;135;112m12[38;2;192;197;206m)[38;2;192;197;206m;[K
[0m[48;2;79;40;40m[39m- 104     [0m:[39m[48;2;36;25;28m [38;2;192;197;206m            v[38;2;192;197;206m[[38;2;191;97;106m$a[38;2;192;197;206m][38;2;192;197;206m [38;2;192;197;206m=[38;2;192;197;206m v[38;2;192;197;206m[[38;2;191;97;106m$a[38;2;192;197;206m][38;2;192;197;206m.[38;2;150;181;180mwrapping_add[38;2;192;197;206m([38;2;192;197;206mm[38;2;192;197;206m[[38;2;191;97;106m$mj[38;2;192;197;206m][38;2;192;197;206m [38;2;192;197;206m^[38;2;192;197;206m [38;2;208;135;112mCST256[38;2;192;197;206m[[38;2;191;97;106m$cj[38;2;192;197;206m][38;2;192;197;206m)[38;2;192;197;206m;[K
[0m[48;2;79;40;40m[39m- 105     [0m:[39m[48;2;36;25;28m [38;2;192;197;206m            v[38;2;192;197;206m[[38;2;191;97;106m$a[38;2;192;197;206m][38;2;192;197;206m [38;2;192;197;206m=[38;2;192;197;206m v[38;2;192;197;206m[[38;2;191;97;106m$a[38;2;192;197;206m][38;2;192;197;206m.[38;2;150;181;180mwrapping_add[38;2;192;197;206m([38;2;192;197;206mv[38;2;192;197;206m[[38;2;191;97;106m$b[38;2;192;197;206m][38;2;192;197;206m)[38;2;192;197;206m;[K
[0m[48;2;79;40;40m[39m- 106     [0m:[39m[48;2;36;25;28m [38;2;192;197;206m            v[38;2;192;197;206m[[38;2;191;97;106m$d[38;2;192;197;206m][38;2;192;197;206m [38;2;192;197;206m^[38;2;192;197;206m=[38;2;192;197;206m v[38;2;192;197;206m[[38;2;191;97;106m$a[38;2;192;197;206m][38;2;192;197;206m;[K
[0m[48;2;79;40;40m[39m- 107     [0m:[39m[48;2;36;25;28m [38;2;192;197;206m            v[38;2;192;197;206m[[38;2;191;97;106m$d[38;2;192;197;206m][38;2;192;197;206m [38;2;192;197;206m=[38;2;192;197;206m v[38;2;192;197;206m[[38;2;191;97;106m$d[38;2;192;197;206m][38;2;192;197;206m.[38;2;150;181;180mrotate_right[38;2;192;197;206m([38;2;208;135;112m8[38;2;192;197;206m)[38;2;192;197;206m;[K
[0m[48;2;79;40;40m[39m- 108     [0m:[39m[48;2;36;25;28m [38;2;192;197;206m            v[38;2;192;197;206m[[38;2;191;97;106m$c[38;2;192;197;206m][38;2;192;197;206m [38;2;192;197;206m=[38;2;192;197;206m v[38;2;192;197;206m[[38;2;191;97;106m$c[38;2;192;197;206m][38;2;192;197;206m.[38;2;150;181;180mwrapping_add[38;2;192;197;206m([38;2;192;197;206mv[38;2;192;197;206m[[38;2;191;97;106m$d[38;2;192;197;206m][38;2;192;197;206m)[38;2;192;197;206m;[K
[0m[48;2;79;40;40m[39m- 109     [0m:[39m[48;2;36;25;28m [38;2;192;197;206m            v[38;2;192;197;206m[[38;2;191;97;106m$b[38;2;192;197;206m][38;2;192;197;206m [38;2;192;197;206m^[38;2;192;197;206m=[38;2;192;197;206m v[38;2;192;197;206m[[38;2;191;97;106m$c[38;2;192;197;206m][38;2;192;197;206m;[K
[0m[48;2;79;40;40m[39m- 110     [0m:[39m[48;2;36;25;28m [38;2;192;197;206m            v[38;2;192;197;206m[[38;2;191;97;106m$b[38;2;192;197;206m][38;2;192;197;206m [38;2;192;197;206m=[38;2;192;197;206m v[38;2;192;197;206m[[38;2;191;97;106m$b[38;2;192;197;206m][38;2;192;197;206m.[38;2;150;181;180mrotate_right[38;2;192;197;206m([38;2;208;135;112m7[38;2;192;197;206m)[38;2;192;197;206m;[K
[0m[48;2;79;40;40m[39m- 111     [0m:[39m[48;2;36;25;28m [38;2;192;197;206m        [38;2;192;197;206m}[38;2;192;197;206m;[K
[0m[48;2;40;67;43m[39m+       89[0m:[39m[48;2;24;38;30m [38;2;192;197;206m    [38;2;180;142;173mfor[38;2;192;197;206m i [38;2;192;197;206min[38;2;192;197;206m [38;2;208;135;112m0[38;2;192;197;206m..[38;2;208;135;112m8[38;2;192;197;206m [38;2;192;197;206m{[38;2;192;197;206m v[38;2;192;197;206m[[38;2;192;197;206mi[38;2;192;197;206m][38;2;192;197;206m [38;2;192;197;206m^[38;2;192;197;206m=[38;2;192;197;206m v[38;2;192;197;206m[[38;2;192;197;206mi[38;2;192;197;206m+[38;2;208;135;112m8[38;2;192;197;206m][38;2;192;197;206m;[38;2;192;197;206m [38;2;192;197;206m}[K
[0m[48;2;40;67;43m[39m+       90[0m:[39m[48;2;24;38;30m [38;2;192;197;206m    [38;2;180;142;173mfor[38;2;192;197;206m i [38;2;192;197;206min[38;2;192;197;206m [38;2;208;135;112m0[38;2;192;197;206m..[38;2;208;135;112m4[38;2;192;197;206m [38;2;192;197;206m{[38;2;192;197;206m v[38;2;192;197;206m[[38;2;192;197;206mi[38;2;192;197;206m][38;2;192;197;206m [38;2;192;197;206m^[38;2;192;197;206m=[38;2;192;197;206m s.s[38;2;192;197;206m[[38;2;192;197;206mi[38;2;192;197;206m][38;2;192;197;206m;[38;2;192;197;206m v[38;2;192;197;206m[[38;2;192;197;206mi[38;2;192;197;206m+[38;2;208;135;112m4[38;2;192;197;206m][38;2;192;197;206m [38;2;192;197;206m^[38;2;192;197;206m=[38;2;192;197;206m s.s[38;2;192;197;206m[[38;2;192;197;206mi[38;2;192;197;206m][38;2;192;197;206m;[38;2;192;197;206m [38;2;192;197;206m}[K
[0m[48;2;40;67;43m[39m+       91[0m:[39m[48;2;24;38;30m [38;2;192;197;206m    [38;2;180;142;173mfor[38;2;192;197;206m i [38;2;192;197;206min[38;2;192;197;206m [38;2;208;135;112m0[38;2;192;197;206m..[38;2;208;135;112m8[38;2;192;197;206m [38;2;192;197;206m{[38;2;192;197;206m s.h[38;2;192;197;206m[[38;2;192;197;206mi[38;2;192;197;206m][38;2;192;197;206m [38;2;192;197;206m^[38;2;192;197;206m=[38;2;192;197;206m v[38;2;192;197;206m[[38;2;192;197;206mi[38;2;192;197;206m][38;2;192;197;206m;[38;2;192;197;206m [38;2;192;197;206m}[K
[0m[48;2;40;67;43m[39m+       92[0m:[39m[48;2;24;38;30m [38;2;192;197;206m}[K
[0m[48;2;40;67;43m[39m+       93[0m:[39m[48;2;24;38;30m [K
[0m[48;2;40;67;43m[39m+       94[0m:[39m[48;2;24;38;30m [38;2;192;197;206m#[38;2;192;197;206m[[38;2;191;97;106minline[38;2;192;197;206m([38;2;192;197;206malways[38;2;192;197;206m)[38;2;192;197;206m][K
[0m[48;2;40;67;43m[39m+       95[0m:[39m[48;2;24;38;30m [38;2;180;142;173mfn[38;2;192;197;206m [38;2;143;161;179mg256[38;2;192;197;206m([38;2;191;97;106mv[38;2;192;197;206m:[38;2;192;197;206m [38;2;192;197;206m&[38;2;180;142;173mmut[38;2;192;197;206m [[38;2;180;142;173mu32[38;2;192;197;206m; 16], [38;2;191;97;106ma[38;2;192;197;206m:[38;2;192;197;206m [38;2;180;142;173musize[38;2;192;197;206m, [38;2;191;97;106mb[38;2;192;197;206m:[38;2;192;197;206m [38;2;180;142;173musize[38;2;192;197;206m, [38;2;191;97;106mc[38;2;192;197;206m:[38;2;192;197;206m [38;2;180;142;173musize[38;2;192;197;206m, [38;2;191;97;106md[38;2;192;197;206m:[38;2;192;197;206m [38;2;180;142;173musize[38;2;192;197;206m, [38;2;191;97;106mmx0[38;2;192;197;206m:[38;2;192;197;206m [38;2;180;142;173mu32[38;2;192;197;206m, [38;2;191;97;106mmx1[38;2;192;197;206m:[38;2;192;197;206m [38;2;180;142;173mu32[38;2;192;197;206m)[38;2;192;197;206m [38;2;192;197;206m{[K
[0m[48;2;40;67;43m[39m+       96[0m:[39m[48;2;24;38;30m [38;2;192;197;206m    v[38;2;192;197;206m[[38;2;192;197;206ma[38;2;192;197;206m][38;2;192;197;206m [38;2;192;197;206m=[38;2;192;197;206m v[38;2;192;197;206m[[38;2;192;197;206ma[38;2;192;197;206m][38;2;192;197;206m.[38;2;150;181;180mwrapping_add[38;2;192;197;206m([38;2;192;197;206mmx0[38;2;192;197;206m)[38;2;192;197;206m.[38;2;150;181;180mwrapping_add[38;2;192;197;206m([38;2;192;197;206mv[38;2;192;197;206m[[38;2;192;197;206mb[38;2;192;197;206m][38;2;192;197;206m)[38;2;192;197;206m;[K
[0m[48;2;40;67;43m[39m+       97[0m:[39m[48;2;24;38;30m [38;2;192;197;206m    v[38;2;192;197;206m[[38;2;192;197;206md[38;2;192;197;206m][38;2;192;197;206m [38;2;192;197;206m=[38;2;192;197;206m [38;2;192;197;206m([38;2;192;197;206mv[38;2;192;197;206m[[38;2;192;197;206md[38;2;192;197;206m][38;2;192;197;206m [38;2;192;197;206m^[38;2;192;197;206m v[38;2;192;197;206m[[38;2;192;197;206ma[38;2;192;197;206m][38;2;192;197;206m)[38;2;192;197;206m.[38;2;150;181;180mrotate_right[38;2;192;197;206m([38;2;208;135;112m16[38;2;192;197;206m)[38;2;192;197;206m;[K
[0m[48;2;40;67;43m[39m+       98[0m:[39m[48;2;24;38;30m [38;2;192;197;206m    v[38;2;192;197;206m[[38;2;192;197;206mc[38;2;192;197;206m][38;2;192;197;206m [38;2;192;197;206m=[38;2;192;197;206m v[38;2;192;197;206m[[38;2;192;197;206mc[38;2;192;197;206m][38;2;192;197;206m.[38;2;150;181;180mwrapping_add[38;2;192;197;206m([38;2;192;197;206mv[38;2;192;197;206m[[38;2;192;197;206md[38;2;192;197;206m][38;2;192;197;206m)[38;2;192;197;206m;[K
[0m[48;2;40;67;43m[39m+       99[0m:[39m[48;2;24;38;30m [38;2;192;197;206m    v[38;2;192;197;206m[[38;2;192;197;206mb[38;2;192;197;206m][38;2;192;197;206m [38;2;192;197;206m=[38;2;192;197;206m [38;2;192;197;206m([38;2;192;197;206mv[38;2;192;197;206m[[38;2;192;197;206mb[38;2;192;197;206m][38;2;192;197;206m [38;2;192;197;206m^[38;2;192;197;206m v[38;2;192;197;206m[[38;2;192;197;206mc[38;2;192;197;206m][38;2;192;197;206m)[38;2;192;197;206m.[38;2;150;181;180mrotate_right[38;2;192;197;206m([38;2;208;135;112m12[38;2;192;197;206m)[38;2;192;197;206m;[K
[0m[48;2;40;67;43m[39m+      100[0m:[39m[48;2;24;38;30m [38;2;192;197;206m    v[38;2;192;197;206m[[38;2;192;197;206ma[38;2;192;197;206m][38;2;192;197;206m [38;2;192;197;206m=[38;2;192;197;206m v[38;2;192;197;206m[[38;2;192;197;206ma[38;2;192;197;206m][38;2;192;197;206m.[38;2;150;181;180mwrapping_add[38;2;192;197;206m([38;2;192;197;206mmx1[38;2;192;197;206m)[38;2;192;197;206m.[38;2;150;181;180mwrapping_add[38;2;192;197;206m([38;2;192;197;206mv[38;2;192;197;206m[[38;2;192;197;206mb[38;2;192;197;206m][38;2;192;197;206m)[38;2;192;197;206m;[K
[0m[48;2;40;67;43m[39m+      101[0m:[39m[48;2;24;38;30m [38;2;192;197;206m    v[38;2;192;197;206m[[38;2;192;197;206md[38;2;192;197;206m][38;2;192;197;206m [38;2;192;197;206m=[38;2;192;197;206m [38;2;192;197;206m([38;2;192;197;206mv[38;2;192;197;206m[[38;2;192;197;206md[38;2;192;197;206m][38;2;192;197;206m [38;2;192;197;206m^[38;2;192;197;206m v[38;2;192;197;206m[[38;2;192;197;206ma[38;2;192;197;206m][38;2;192;197;206m)[38;2;192;197;206m.[38;2;150;181;180mrotate_right[38;2;192;197;206m([38;2;208;135;112m8[38;2;192;197;206m)[38;2;192;197;206m;[K
[0m[48;2;40;67;43m[39m+      102[0m:[39m[48;2;24;38;30m [38;2;192;197;206m    v[38;2;192;197;206m[[38;2;192;197;206mc[38;2;192;197;206m][38;2;192;197;206m [38;2;192;197;206m=[38;2;192;197;206m v[38;2;192;197;206m[[38;2;192;197;206mc[38;2;192;197;206m][38;2;192;197;206m.[38;2;150;181;180mwrapping_add[38;2;192;197;206m([38;2;192;197;206mv[38;2;192;197;206m[[38;2;192;197;206md[38;2;192;197;206m][38;2;192;197;206m)[38;2;192;197;206m;[K
[0m[48;2;40;67;43m[39m+      103[0m:[39m[48;2;24;38;30m [38;2;192;197;206m    v[38;2;192;197;206m[[38;2;192;197;206mb[38;2;192;197;206m][38;2;192;197;206m [38;2;192;197;206m=[38;2;192;197;206m [38;2;192;197;206m([38;2;192;197;206mv[38;2;192;197;206m[[38;2;192;197;206mb[38;2;192;197;206m][38;2;192;197;206m [38;2;192;197;206m^[38;2;192;197;206m v[38;2;192;197;206m[[38;2;192;197;206mc[38;2;192;197;206m][38;2;192;197;206m)[38;2;192;197;206m.[38;2;150;181;180mrotate_right[38;2;192;197;206m([38;2;208;135;112m7[38;2;192;197;206m)[38;2;192;197;206m;[K
[0m[48;2;40;67;43m[39m+      104[0m:[39m[48;2;24;38;30m [38;2;192;197;206m}[K
[0m[48;2;40;67;43m[39m+      105[0m:[39m[48;2;24;38;30m [K
[0m[48;2;40;67;43m[39m+      106[0m:[39m[48;2;24;38;30m [38;2;180;142;173mpub[38;2;192;197;206m [38;2;180;142;173mfn[38;2;192;197;206m [38;2;143;161;179mblake256_update[38;2;192;197;206m([38;2;191;97;106ms[38;2;192;197;206m:[38;2;192;197;206m [38;2;192;197;206m&[38;2;180;142;173mmut[38;2;192;197;206m Blake256State, [38;2;191;97;106mdata[38;2;192;197;206m:[38;2;192;197;206m [38;2;192;197;206m&[38;2;192;197;206m[[38;2;180;142;173mu8[38;2;192;197;206m], [38;2;191;97;106mdatalen_bits[38;2;192;197;206m:[38;2;192;197;206m [38;2;180;142;173mu64[38;2;192;197;206m)[38;2;192;197;206m [38;2;192;197;206m{[K
[0m[48;2;40;67;43m[39m+      107[0m:[39m[48;2;24;38;30m [38;2;192;197;206m    [38;2;180;142;173mlet[38;2;192;197;206m [38;2;180;142;173mmut[38;2;192;197;206m data [38;2;192;197;206m=[38;2;192;197;206m data[38;2;192;197;206m;[K
[0m[48;2;40;67;43m[39m+      108[0m:[39m[48;2;24;38;30m [38;2;192;197;206m    [38;2;180;142;173mlet[38;2;192;197;206m [38;2;180;142;173mmut[38;2;192;197;206m datalen [38;2;192;197;206m=[38;2;192;197;206m datalen_bits[38;2;192;197;206m;[K
[0m[48;2;40;67;43m[39m+      109[0m:[39m[48;2;24;38;30m [38;2;192;197;206m    [38;2;180;142;173mlet[38;2;192;197;206m left [38;2;192;197;206m=[38;2;192;197;206m [38;2;192;197;206m([38;2;192;197;206ms.buflen [38;2;192;197;206m>[38;2;192;197;206m>[38;2;192;197;206m [38;2;208;135;112m3[38;2;192;197;206m)[38;2;192;197;206m [38;2;192;197;206mas[38;2;192;197;206m [38;2;180;142;173musize[38;2;192;197;206m;[K
[0m[48;2;40;67;43m[39m+      110[0m:[39m[48;2;24;38;30m [38;2;192;197;206m    [38;2;180;142;173mlet[38;2;192;197;206m fill [38;2;192;197;206m=[38;2;192;197;206m [38;2;208;135;112m64[38;2;192;197;206m [38;2;192;197;206m-[38;2;192;197;206m left[38;2;192;197;206m;[K
[0m[48;2;40;67;43m[39m+      111[0m:[39m[48;2;24;38;30m [K
[0m[48;2;40;67;43m[39m+      112[0m:[39m[48;2;24;38;30m [38;2;192;197;206m    [38;2;180;142;173mif[38;2;192;197;206m left [38;2;192;197;206m![38;2;192;197;206m=[38;2;192;197;206m [38;2;208;135;112m0[38;2;192;197;206m [38;2;192;197;206m&[38;2;192;197;206m&[38;2;192;197;206m [38;2;192;197;206m([38;2;192;197;206m([38;2;192;197;206mdatalen [38;2;192;197;206m>[38;2;192;197;206m>[38;2;192;197;206m [38;2;208;135;112m3[38;2;192;197;206m)[38;2;192;197;206m [38;2;192;197;206m&[38;2;192;197;206m [38;2;208;135;112m0x3F[38;2;192;197;206m)[38;2;192;197;206m [38;2;192;197;206m>[38;2;192;197;206m=[38;2;192;197;206m fill [38;2;192;197;206mas[38;2;192;197;206m [38;2;180;142;173mu64[38;2;192;197;206m [38;2;192;197;206m{[K
[0m[48;2;40;67;43m[39m+      113[0m:[39m[48;2;24;38;30m [38;2;192;197;206m        s.buf[38;2;192;197;206m[[38;2;192;197;206mleft[38;2;192;197;206m..[38;2;192;197;206mleft[38;2;192;197;206m+[38;2;192;197;206mfill[38;2;192;197;206m][38;2;192;197;206m.[38;2;150;181;180mcopy_from_slice[38;2;192;197;206m([38;2;192;197;206m&[38;2;192;197;206mdata[38;2;192;197;206m[[38;2;192;197;206m..[38;2;192;197;206mfill[38;2;192;197;206m][38;2;192;197;206m)[38;2;192;197;206m;[K
[0m[48;2;40;67;43m[39m+      114[0m:[39m[48;2;24;38;30m [38;2;192;197;206m        s.t[38;2;192;197;206m[[38;2;208;135;112m0[38;2;192;197;206m][38;2;192;197;206m [38;2;192;197;206m=[38;2;192;197;206m s.t[38;2;192;197;206m[[38;2;208;135;112m0[38;2;192;197;206m][38;2;192;197;206m.[38;2;150;181;180mwrapping_add[38;2;192;197;206m([38;2;208;135;112m512[38;2;192;197;206m)[38;2;192;197;206m;[K
[0m[48;2;40;67;43m[39m+      115[0m:[39m[48;2;24;38;30m [38;2;192;197;206m        [38;2;180;142;173mif[38;2;192;197;206m s.t[38;2;192;197;206m[[38;2;208;135;112m0[38;2;192;197;206m][38;2;192;197;206m [38;2;192;197;206m=[38;2;192;197;206m=[38;2;192;197;206m [38;2;208;135;112m0[38;2;192;197;206m [38;2;192;197;206m{[38;2;192;197;206m s.t[38;2;192;197;206m[[38;2;208;135;112m1[38;2;192;197;206m][38;2;192;197;206m [38;2;192;197;206m=[38;2;192;197;206m s.t[38;2;192;197;206m[[38;2;208;135;112m1[38;2;192;197;206m][38;2;192;197;206m.[38;2;150;181;180mwrapping_add[38;2;192;197;206m([38;2;208;135;112m1[38;2;192;197;206m)[38;2;192;197;206m;[38;2;192;197;206m [38;2;192;197;206m}[K
[0m[48;2;40;67;43m[39m+      116[0m:[39m[48;2;24;38;30m [38;2;192;197;206m        [38;2;150;181;180mblake256_compress[38;2;192;197;206m([38;2;192;197;206ms[38;2;192;197;206m,[38;2;192;197;206m [38;2;192;197;206m&[38;2;192;197;206ms.buf.[38;2;150;181;180mclone[38;2;192;197;206m([38;2;192;197;206m)[38;2;192;197;206m)[38;2;192;197;206m;[K
[0m[48;2;40;67;43m[39m+      117[0m:[39m[48;2;24;38;30m [38;2;192;197;206m        data [38;2;192;197;206m=[38;2;192;197;206m [38;2;192;197;206m&[38;2;192;197;206mdata[38;2;192;197;206m[[38;2;192;197;206mfill[38;2;192;197;206m..[38;2;192;197;206m][38;2;192;197;206m;[K
[0m[48;2;40;67;43m[39m+      118[0m:[39m[48;2;24;38;30m [38;2;192;197;206m        datalen [38;2;192;197;206m-[38;2;192;197;206m=[38;2;192;197;206m [38;2;192;197;206m([38;2;192;197;206mfill [38;2;192;197;206mas[38;2;192;197;206m [38;2;180;142;173mu64[38;2;192;197;206m)[38;2;192;197;206m [38;2;192;197;206m<[38;2;192;197;206m<[38;2;192;197;206m [38;2;208;135;112m3[38;2;192;197;206m;[K
[0m[48;2;43;48;59m[39m  112, 119[0m:[39m[48;2;43;48;59m [38;2;192;197;206m    [38;2;192;197;206m}[K
[0m[48;2;43;48;59m[39m  113, 120[0m:[39m[48;2;43;48;59m [K
[0m[48;2;79;40;40m[39m- 114     [0m:[39m[48;2;36;25;28m [38;2;192;197;206m    [38;2;180;142;173mfor[38;2;192;197;206m round [38;2;192;197;206min[38;2;192;197;206m [38;2;208;135;112m0[38;2;192;197;206m..[38;2;208;135;112m14[38;2;192;197;206m [38;2;192;197;206m{[K
[0m[48;2;79;40;40m[39m- 115     [0m:[39m[48;2;36;25;28m [38;2;192;197;206m        [38;2;180;142;173mlet[38;2;192;197;206m sg [38;2;192;197;206m=[38;2;192;197;206m [38;2;192;197;206m&[38;2;208;135;112mSIGMA[38;2;192;197;206m[[38;2;192;197;206mround[38;2;192;197;206m][38;2;192;197;206m;[K
[0m[48;2;79;40;40m[39m- 116     [0m:[39m[48;2;36;25;28m [38;2;192;197;206m        [38;2;192;197;206mg256![38;2;192;197;206m([38;2;208;135;112m0[38;2;192;197;206m,[38;2;192;197;206m [38;2;208;135;112m4[38;2;192;197;206m,[38;2;192;197;206m [38;2;208;135;112m8[38;2;192;197;206m,[38;2;192;197;206m [38;2;208;135;112m12[38;2;192;197;206m,[38;2;192;197;206m sg[38;2;192;197;206m[[38;2;208;135;112m0[38;2;192;197;206m][38;2;192;197;206m,[38;2;192;197;206m sg[38;2;192;197;206m[[38;2;208;135;112m1[38;2;192;197;206m][38;2;192;197;206m,[38;2;192;197;206m sg[38;2;192;197;206m[[38;2;208;135;112m1[38;2;192;197;206m][38;2;192;197;206m,[38;2;192;197;206m sg[38;2;192;197;206m[[38;2;208;135;112m0[38;2;192;197;206m][38;2;192;197;206m)[38;2;192;197;206m;[K
[0m[48;2;79;40;40m[39m- 117     [0m:[39m[48;2;36;25;28m [38;2;192;197;206m        [38;2;192;197;206mg256![38;2;192;197;206m([38;2;208;135;112m1[38;2;192;197;206m,[38;2;192;197;206m [38;2;208;135;112m5[38;2;192;197;206m,[38;2;192;197;206m [38;2;208;135;112m9[38;2;192;197;206m,[38;2;192;197;206m [38;2;208;135;112m13[38;2;192;197;206m,[38;2;192;197;206m sg[38;2;192;197;206m[[38;2;208;135;112m2[38;2;192;197;206m][38;2;192;197;206m,[38;2;192;197;206m sg[38;2;192;197;206m[[38;2;208;135;112m3[38;2;192;197;206m][38;2;192;197;206m,[38;2;192;197;206m sg[38;2;192;197;206m[[38;2;208;135;112m3[38;2;192;197;206m][38;2;192;197;206m,[38;2;192;197;206m sg[38;2;192;197;206m[[38;2;208;135;112m2[38;2;192;197;206m][38;2;192;197;206m)[38;2;192;197;206m;[K
[0m[48;2;79;40;40m[39m- 118     [0m:[39m[48;2;36;25;28m [38;2;192;197;206m        [38;2;192;197;206mg256![38;2;192;197;206m([38;2;208;135;112m2[38;2;192;197;206m,[38;2;192;197;206m [38;2;208;135;112m6[38;2;192;197;206m,[38;2;192;197;206m [38;2;208;135;112m10[38;2;192;197;206m,[38;2;192;197;206m [38;2;208;135;112m14[38;2;192;197;206m,[38;2;192;197;206m sg[38;2;192;197;206m[[38;2;208;135;112m4[38;2;192;197;206m][38;2;192;197;206m,[38;2;192;197;206m sg[38;2;192;197;206m[[38;2;208;135;112m5[38;2;192;197;206m][38;2;192;197;206m,[38;2;192;197;206m sg[38;2;192;197;206m[[38;2;208;135;112m5[38;2;192;197;206m][38;2;192;197;206m,[38;2;192;197;206m sg[38;2;192;197;206m[[38;2;208;135;112m4[38;2;192;197;206m][38;2;192;197;206m)[38;2;192;197;206m;[K
[0m[48;2;79;40;40m[39m- 119     [0m:[39m[48;2;36;25;28m [38;2;192;197;206m        [38;2;192;197;206mg256![38;2;192;197;206m([38;2;208;135;112m3[38;2;192;197;206m,[38;2;192;197;206m [38;2;208;135;112m7[38;2;192;197;206m,[38;2;192;197;206m [38;2;208;135;112m11[38;2;192;197;206m,[38;2;192;197;206m [38;2;208;135;112m15[38;2;192;197;206m,[38;2;192;197;206m sg[38;2;192;197;206m[[38;2;208;135;112m6[38;2;192;197;206m][38;2;192;197;206m,[38;2;192;197;206m sg[38;2;192;197;206m[[38;2;208;135;112m7[38;2;192;197;206m][38;2;192;197;206m,[38;2;192;197;206m sg[38;2;192;197;206m[[38;2;208;135;112m7[38;2;192;197;206m][38;2;192;197;206m,[38;2;192;197;206m sg[38;2;192;197;206m[[38;2;208;135;112m6[38;2;192;197;206m][38;2;192;197;206m)[38;2;192;197;206m;[K
[0m[48;2;79;40;40m[39m- 120     [0m:[39m[48;2;36;25;28m [38;2;192;197;206m        [38;2;192;197;206mg256![38;2;192;197;206m([38;2;208;135;112m0[38;2;192;197;206m,[38;2;192;197;206m [38;2;208;135;112m5[38;2;192;197;206m,[38;2;192;197;206m [38;2;208;135;112m10[38;2;192;197;206m,[38;2;192;197;206m [38;2;208;135;112m15[38;2;192;197;206m,[38;2;192;197;206m sg[38;2;192;197;206m[[38;2;208;135;112m8[38;2;192;197;206m][38;2;192;197;206m,[38;2;192;197;206m sg[38;2;192;197;206m[[38;2;208;135;112m9[38;2;192;197;206m][38;2;192;197;206m,[38;2;192;197;206m sg[38;2;192;197;206m[[38;2;208;135;112m9[38;2;192;197;206m][38;2;192;197;206m,[38;2;192;197;206m sg[38;2;192;197;206m[[38;2;208;135;112m8[38;2;192;197;206m][38;2;192;197;206m)[38;2;192;197;206m;[K
[0m[48;2;79;40;40m[39m- 121     [0m:[39m[48;2;36;25;28m [38;2;192;197;206m        [38;2;192;197;206mg256![38;2;192;197;206m([38;2;208;135;112m1[38;2;192;197;206m,[38;2;192;197;206m [38;2;208;135;112m6[38;2;192;197;206m,[38;2;192;197;206m [38;2;208;135;112m11[38;2;192;197;206m,[38;2;192;197;206m [38;2;208;135;112m12[38;2;192;197;206m,[38;2;192;197;206m sg[38;2;192;197;206m[[38;2;208;135;112m10[38;2;192;197;206m][38;2;192;197;206m,[38;2;192;197;206m sg[38;2;192;197;206m[[38;2;208;135;112m11[38;2;192;197;206m][38;2;192;197;206m,[38;2;192;197;206m sg[38;2;192;197;206m[[38;2;208;135;112m11[38;2;192;197;206m][38;2;192;197;206m,[38;2;192;197;206m sg[38;2;192;197;206m[[38;2;208;135;112m10[38;2;192;197;206m][38;2;192;197;206m)[38;2;192;197;206m;[K
[0m[48;2;79;40;40m[39m- 122     [0m:[39m[48;2;36;25;28m [38;2;192;197;206m        [38;2;192;197;206mg256![38;2;192;197;206m([38;2;208;135;112m2[38;2;192;197;206m,[38;2;192;197;206m [38;2;208;135;112m7[38;2;192;197;206m,[38;2;192;197;206m [38;2;208;135;112m8[38;2;192;197;206m,[38;2;192;197;206m [38;2;208;135;112m13[38;2;192;197;206m,[38;2;192;197;206m sg[38;2;192;197;206m[[38;2;208;135;112m12[38;2;192;197;206m][38;2;192;197;206m,[38;2;192;197;206m sg[38;2;192;197;206m[[38;2;208;135;112m13[38;2;192;197;206m][38;2;192;197;206m,[38;2;192;197;206m sg[38;2;192;197;206m[[38;2;208;135;112m13[38;2;192;197;206m][38;2;192;197;206m,[38;2;192;197;206m sg[38;2;192;197;206m[[38;2;208;135;112m12[38;2;192;197;206m][38;2;192;197;206m)[38;2;192;197;206m;[K
[0m[48;2;79;40;40m[39m- 123     [0m:[39m[48;2;36;25;28m [38;2;192;197;206m        [38;2;192;197;206mg256![38;2;192;197;206m([38;2;208;135;112m3[38;2;192;197;206m,[38;2;192;197;206m [38;2;208;135;112m4[38;2;192;197;206m,[38;2;192;197;206m [38;2;208;135;112m9[38;2;192;197;206m,[38;2;192;197;206m [38;2;208;135;112m14[38;2;192;197;206m,[38;2;192;197;206m sg[38;2;192;197;206m[[38;2;208;135;112m14[38;2;192;197;206m][38;2;192;197;206m,[38;2;192;197;206m sg[38;2;192;197;206m[[38;2;208;135;112m15[38;2;192;197;206m][38;2;192;197;206m,[38;2;192;197;206m sg[38;2;192;197;206m[[38;2;208;135;112m15[38;2;192;197;206m][38;2;192;197;206m,[38;2;192;197;206m sg[38;2;192;197;206m[[38;2;208;135;112m14[38;2;192;197;206m][38;2;192;197;206m)[38;2;192;197;206m;[K
[0m[48;2;40;67;43m[39m+      121[0m:[39m[48;2;24;38;30m [38;2;192;197;206m    [38;2;180;142;173mwhile[38;2;192;197;206m datalen [38;2;192;197;206m>[38;2;192;197;206m=[38;2;192;197;206m [38;2;208;135;112m512[38;2;192;197;206m [38;2;192;197;206m{[K
[0m[48;2;40;67;43m[39m+      122[0m:[39m[48;2;24;38;30m [38;2;192;197;206m        s.t[38;2;192;197;206m[[38;2;208;135;112m0[38;2;192;197;206m][38;2;192;197;206m [38;2;192;197;206m=[38;2;192;197;206m s.t[38;2;192;197;206m[[38;2;208;135;112m0[38;2;192;197;206m][38;2;192;197;206m.[38;2;150;181;180mwrapping_add[38;2;192;197;206m([38;2;208;135;112m512[38;2;192;197;206m)[38;2;192;197;206m;[K
[0m[48;2;40;67;43m[39m+      123[0m:[39m[48;2;24;38;30m [38;2;192;197;206m        [38;2;180;142;173mif[38;2;192;197;206m s.t[38;2;192;197;206m[[38;2;208;135;112m0[38;2;192;197;206m][38;2;192;197;206m [38;2;192;197;206m=[38;2;192;197;206m=[38;2;192;197;206m [38;2;208;135;112m0[38;2;192;197;206m [38;2;192;197;206m{[38;2;192;197;206m s.t[38;2;192;197;206m[[38;2;208;135;112m1[38;2;192;197;206m][38;2;192;197;206m [38;2;192;197;206m=[38;2;192;197;206m s.t[38;2;192;197;206m[[38;2;208;135;112m1[38;2;192;197;206m][38;2;192;197;206m.[38;2;150;181;180mwrapping_add[38;2;192;197;206m([38;2;208;135;112m1[38;2;192;197;206m)[38;2;192;197;206m;[38;2;192;197;206m [38;2;192;197;206m}[K
[0m[48;2;40;67;43m[39m+      124[0m:[39m[48;2;24;38;30m [38;2;192;197;206m        [38;2;150;181;180mblake256_compress[38;2;192;197;206m([38;2;192;197;206ms[38;2;192;197;206m,[38;2;192;197;206m data[38;2;192;197;206m)[38;2;192;197;206m;[K
[0m[48;2;40;67;43m[39m+      125[0m:[39m[48;2;24;38;30m [38;2;192;197;206m        data [38;2;192;197;206m=[38;2;192;197;206m [38;2;192;197;206m&[38;2;192;197;206mdata[38;2;192;197;206m[[38;2;208;135;112m64[38;2;192;197;206m..[38;2;192;197;206m][38;2;192;197;206m;[K
[0m[48;2;40;67;43m[39m+      126[0m:[39m[48;2;24;38;30m [38;2;192;197;206m        datalen [38;2;192;197;206m-[38;2;192;197;206m=[38;2;192;197;206m [38;2;208;135;112m512[38;2;192;197;206m;[K
[0m[48;2;43;48;59m[39m  124, 127[0m:[39m[48;2;43;48;59m [38;2;192;197;206m    [38;2;192;197;206m}[K
[0m[48;2;43;48;59m[39m  125, 128[0m:[39m[48;2;43;48;59m [K
[0m[48;2;79;40;40m[39m- 126     [0m:[39m[48;2;36;25;28m [38;2;192;197;206m    [38;2;180;142;173mfor[38;2;192;197;206m i [38;2;192;197;206min[38;2;192;197;206m [38;2;208;135;112m0[38;2;192;197;206m..[38;2;208;135;112m8[38;2;192;197;206m [38;2;192;197;206m{[K
[0m[48;2;79;40;40m[39m- 127     [0m:[39m[48;2;36;25;28m [38;2;192;197;206m        v[38;2;192;197;206m[[38;2;192;197;206mi[38;2;192;197;206m][38;2;192;197;206m [38;2;192;197;206m^[38;2;192;197;206m=[38;2;192;197;206m s.s[38;2;192;197;206m[[38;2;192;197;206mi [38;2;192;197;206m%[38;2;192;197;206m [38;2;208;135;112m4[38;2;192;197;206m][38;2;192;197;206m;[K
[0m[48;2;79;40;40m[39m- 128     [0m:[39m[48;2;36;25;28m [38;2;192;197;206m        v[38;2;192;197;206m[[38;2;192;197;206mi [38;2;192;197;206m+[38;2;192;197;206m [38;2;208;135;112m8[38;2;192;197;206m][38;2;192;197;206m [38;2;192;197;206m^[38;2;192;197;206m=[38;2;192;197;206m s.s[38;2;192;197;206m[[38;2;192;197;206mi [38;2;192;197;206m%[38;2;192;197;206m [38;2;208;135;112m4[38;2;192;197;206m][38;2;192;197;206m;[38;2;192;197;206m [38;2;101;115;126m//[38;2;101;115;126m v8..v15 xor s[0..3] cyclically[K
[0m[48;2;40;67;43m[39m+      129[0m:[39m[48;2;24;38;30m [38;2;192;197;206m    [38;2;180;142;173mif[38;2;192;197;206m datalen [38;2;192;197;206m>[38;2;192;197;206m [38;2;208;135;112m0[38;2;192;197;206m [38;2;192;197;206m{[K
[0m[48;2;40;67;43m[39m+      130[0m:[39m[48;2;24;38;30m [38;2;192;197;206m        [38;2;180;142;173mlet[38;2;192;197;206m new_left [38;2;192;197;206m=[38;2;192;197;206m [38;2;180;142;173mif[38;2;192;197;206m left [38;2;192;197;206m![38;2;192;197;206m=[38;2;192;197;206m [38;2;208;135;112m0[38;2;192;197;206m [38;2;192;197;206m&[38;2;192;197;206m&[38;2;192;197;206m [38;2;192;197;206m([38;2;192;197;206m([38;2;192;197;206mdatalen_bits [38;2;192;197;206m>[38;2;192;197;206m>[38;2;192;197;206m [38;2;208;135;112m3[38;2;192;197;206m)[38;2;192;197;206m [38;2;192;197;206m&[38;2;192;197;206m [38;2;208;135;112m0x3F[38;2;192;197;206m)[38;2;192;197;206m [38;2;192;197;206m>[38;2;192;197;206m=[38;2;192;197;206m fill [38;2;192;197;206mas[38;2;192;197;206m [38;2;180;142;173mu64[38;2;192;197;206m [38;2;192;197;206m{[38;2;192;197;206m [38;2;208;135;112m0[38;2;192;197;206m [38;2;192;197;206m}[38;2;192;197;206m [38;2;180;142;173melse[38;2;192;197;206m [38;2;192;197;206m{[38;2;192;197;206m left [38;2;192;197;206m}[38;2;192;197;206m;[K
[0m[48;2;40;67;43m[39m+      131[0m:[39m[48;2;24;38;30m [38;2;192;197;206m        [38;2;180;142;173mlet[38;2;192;197;206m bytes [38;2;192;197;206m=[38;2;192;197;206m [38;2;192;197;206m([38;2;192;197;206mdatalen [38;2;192;197;206m>[38;2;192;197;206m>[38;2;192;197;206m [38;2;208;135;112m3[38;2;192;197;206m)[38;2;192;197;206m [38;2;192;197;206mas[38;2;192;197;206m [38;2;180;142;173musize[38;2;192;197;206m;[K
[0m[48;2;40;67;43m[39m+      132[0m:[39m[48;2;24;38;30m [38;2;192;197;206m        s.buf[38;2;192;197;206m[[38;2;192;197;206mnew_left[38;2;192;197;206m..[38;2;192;197;206mnew_left[38;2;192;197;206m+[38;2;192;197;206mbytes[38;2;192;197;206m][38;2;192;197;206m.[38;2;150;181;180mcopy_from_slice[38;2;192;197;206m([38;2;192;197;206m&[38;2;192;197;206mdata[38;2;192;197;206m[[38;2;192;197;206m..[38;2;192;197;206mbytes[38;2;192;197;206m][38;2;192;197;206m)[38;2;192;197;206m;[K
[0m[48;2;40;67;43m[39m+      133[0m:[39m[48;2;24;38;30m [38;2;192;197;206m        s.buflen [38;2;192;197;206m=[38;2;192;197;206m [38;2;192;197;206m([38;2;192;197;206m([38;2;192;197;206mnew_left [38;2;192;197;206mas[38;2;192;197;206m [38;2;180;142;173mi32[38;2;192;197;206m)[38;2;192;197;206m [38;2;192;197;206m<[38;2;192;197;206m<[38;2;192;197;206m [38;2;208;135;112m3[38;2;192;197;206m)[38;2;192;197;206m [38;2;192;197;206m+[38;2;192;197;206m datalen [38;2;192;197;206mas[38;2;192;197;206m [38;2;180;142;173mi32[38;2;192;197;206m;[K
[0m[48;2;40;67;43m[39m+      134[0m:[39m[48;2;24;38;30m [38;2;192;197;206m    [38;2;192;197;206m}[38;2;192;197;206m [38;2;180;142;173melse[38;2;192;197;206m [38;2;192;197;206m{[K
[0m[48;2;40;67;43m[39m+      135[0m:[39m[48;2;24;38;30m [38;2;192;197;206m        s.buflen [38;2;192;197;206m=[38;2;192;197;206m [38;2;208;135;112m0[38;2;192;197;206m;[K
[0m[48;2;43;48;59m[39m  129, 136[0m:[39m[48;2;43;48;59m [38;2;192;197;206m    [38;2;192;197;206m}[K
[0m[48;2;79;40;40m[39m- 130     [0m:[39m[48;2;36;25;28m [38;2;192;197;206m    [38;2;101;115;126m//[38;2;101;115;126m Wait - the C code does: v0..v7 ^= v8..v15, then v0..v3 ^= s[0..3], v4..v7 ^= s[0..3][K
[0m[48;2;79;40;40m[39m- 131     [0m:[39m[48;2;36;25;28m [38;2;192;197;206m    [38;2;101;115;126m//[38;2;101;115;126m Let me re-read the C code carefully.[K
[0m[48;2;79;40;40m[39m- 132     [0m:[39m[48;2;36;25;28m [38;2;192;197;206m    [38;2;101;115;126m//[38;2;101;115;126m C: v0 ^= v8; ... v7 ^= v15; then v0 ^= s[0]; v1 ^= s[1]; ... v7 ^= s[3];[K
[0m[48;2;79;40;40m[39m- 133     [0m:[39m[48;2;36;25;28m [38;2;192;197;206m    [38;2;101;115;126m//[38;2;101;115;126m then S->h[i] ^= v[i][K
[0m[48;2;79;40;40m[39m- 134     [0m:[39m[48;2;36;25;28m [38;2;192;197;206m    [38;2;101;115;126m//[38;2;101;115;126m So let me redo this properly:[K
[0m[48;2;40;67;43m[39m+      137[0m:[39m[48;2;24;38;30m [38;2;192;197;206m}[K
[0m[48;2;40;67;43m[39m+      138[0m:[39m[48;2;24;38;30m [K
[0m[48;2;40;67;43m[39m+      139[0m:[39m[48;2;24;38;30m [38;2;180;142;173mpub[38;2;192;197;206m [38;2;180;142;173mfn[38;2;192;197;206m [38;2;143;161;179mblake256_final[38;2;192;197;206m([38;2;191;97;106ms[38;2;192;197;206m:[38;2;192;197;206m [38;2;192;197;206m&[38;2;180;142;173mmut[38;2;192;197;206m Blake256State, [38;2;191;97;106mdigest[38;2;192;197;206m:[38;2;192;197;206m [38;2;192;197;206m&[38;2;180;142;173mmut[38;2;192;197;206m [[38;2;180;142;173mu8[38;2;192;197;206m][38;2;192;197;206m)[38;2;192;197;206m [38;2;192;197;206m{[K
[0m[48;2;40;67;43m[39m+      140[0m:[39m[48;2;24;38;30m [38;2;192;197;206m    [38;2;180;142;173mlet[38;2;192;197;206m padding[38;2;192;197;206m:[38;2;192;197;206m [38;2;192;197;206m[[38;2;180;142;173mu8[38;2;192;197;206m;[38;2;192;197;206m [38;2;208;135;112m64[38;2;192;197;206m][38;2;192;197;206m [38;2;192;197;206m=[38;2;192;197;206m [38;2;192;197;206m{[K
[0m[48;2;40;67;43m[39m+      141[0m:[39m[48;2;24;38;30m [38;2;192;197;206m        [38;2;180;142;173mlet[38;2;192;197;206m [38;2;180;142;173mmut[38;2;192;197;206m p [38;2;192;197;206m=[38;2;192;197;206m [38;2;192;197;206m[[38;2;208;135;112m0[38;2;180;142;173mu8[38;2;192;197;206m;[38;2;192;197;206m [38;2;208;135;112m64[38;2;192;197;206m][38;2;192;197;206m;[K
[0m[48;2;40;67;43m[39m+      142[0m:[39m[48;2;24;38;30m [38;2;192;197;206m        p[38;2;192;197;206m[[38;2;208;135;112m0[38;2;192;197;206m][38;2;192;197;206m [38;2;192;197;206m=[38;2;192;197;206m [38;2;208;135;112m0x80[38;2;192;197;206m;[K
[0m[48;2;40;67;43m[39m+      143[0m:[39m[48;2;24;38;30m [38;2;192;197;206m        p[K
[0m[48;2;40;67;43m[39m+      144[0m:[39m[48;2;24;38;30m [38;2;192;197;206m    [38;2;192;197;206m}[38;2;192;197;206m;[K
[0m[48;2;40;67;43m[39m+      145[0m:[39m[48;2;24;38;30m [K
[0m[48;2;40;67;43m[39m+      146[0m:[39m[48;2;24;38;30m [38;2;192;197;206m    [38;2;180;142;173mlet[38;2;192;197;206m [38;2;180;142;173mmut[38;2;192;197;206m msglen [38;2;192;197;206m=[38;2;192;197;206m [38;2;192;197;206m[[38;2;208;135;112m0[38;2;180;142;173mu8[38;2;192;197;206m;[38;2;192;197;206m [38;2;208;135;112m8[38;2;192;197;206m][38;2;192;197;206m;[K
[0m[48;2;40;67;43m[39m+      147[0m:[39m[48;2;24;38;30m [38;2;192;197;206m    [38;2;180;142;173mlet[38;2;192;197;206m zo[38;2;192;197;206m:[38;2;192;197;206m [38;2;180;142;173mu8[38;2;192;197;206m [38;2;192;197;206m=[38;2;192;197;206m [38;2;208;135;112m0x01[38;2;192;197;206m;[K
[0m[48;2;40;67;43m[39m+      148[0m:[39m[48;2;24;38;30m [38;2;192;197;206m    [38;2;180;142;173mlet[38;2;192;197;206m oo[38;2;192;197;206m:[38;2;192;197;206m [38;2;180;142;173mu8[38;2;192;197;206m [38;2;192;197;206m=[38;2;192;197;206m [38;2;208;135;112m0x81[38;2;192;197;206m;[K
[0m[48;2;40;67;43m[39m+      149[0m:[39m[48;2;24;38;30m [38;2;192;197;206m    [38;2;180;142;173mlet[38;2;192;197;206m lo [38;2;192;197;206m=[38;2;192;197;206m s.t[38;2;192;197;206m[[38;2;208;135;112m0[38;2;192;197;206m][38;2;192;197;206m.[38;2;150;181;180mwrapping_add[38;2;192;197;206m([38;2;192;197;206ms.buflen [38;2;192;197;206mas[38;2;192;197;206m [38;2;180;142;173mu32[38;2;192;197;206m)[38;2;192;197;206m;[K
[0m[48;2;40;67;43m[39m+      150[0m:[39m[48;2;24;38;30m [38;2;192;197;206m    [38;2;180;142;173mlet[38;2;192;197;206m [38;2;180;142;173mmut[38;2;192;197;206m hi [38;2;192;197;206m=[38;2;192;197;206m s.t[38;2;192;197;206m[[38;2;208;135;112m1[38;2;192;197;206m][38;2;192;197;206m;[K
[0m[48;2;40;67;43m[39m+      151[0m:[39m[48;2;24;38;30m [38;2;192;197;206m    [38;2;180;142;173mif[38;2;192;197;206m lo [38;2;192;197;206m<[38;2;192;197;206m s.buflen [38;2;192;197;206mas[38;2;192;197;206m [38;2;180;142;173mu32[38;2;192;197;206m [38;2;192;197;206m{[38;2;192;197;206m hi [38;2;192;197;206m=[38;2;192;197;206m hi.[38;2;150;181;180mwrapping_add[38;2;192;197;206m([38;2;208;135;112m1[38;2;192;197;206m)[38;2;192;197;206m;[38;2;192;197;206m [38;2;192;197;206m}[K
[0m[48;2;40;67;43m[39m+      152[0m:[39m[48;2;24;38;30m [38;2;192;197;206m    [38;2;150;181;180mu32to8[38;2;192;197;206m([38;2;192;197;206m&[38;2;180;142;173mmut[38;2;192;197;206m msglen[38;2;192;197;206m[[38;2;208;135;112m0[38;2;192;197;206m..[38;2;208;135;112m4[38;2;192;197;206m][38;2;192;197;206m,[38;2;192;197;206m hi[38;2;192;197;206m)[38;2;192;197;206m;[K
[0m[48;2;40;67;43m[39m+      153[0m:[39m[48;2;24;38;30m [38;2;192;197;206m    [38;2;150;181;180mu32to8[38;2;192;197;206m([38;2;192;197;206m&[38;2;180;142;173mmut[38;2;192;197;206m msglen[38;2;192;197;206m[[38;2;208;135;112m4[38;2;192;197;206m..[38;2;208;135;112m8[38;2;192;197;206m][38;2;192;197;206m,[38;2;192;197;206m lo[38;2;192;197;206m)[38;2;192;197;206m;[K
[0m[48;2;43;48;59m[39m  135, 154[0m:[39m[48;2;43;48;59m [K
[0m[48;2;79;40;40m[39m- 136     [0m:[39m[48;2;36;25;28m [38;2;192;197;206m    [38;2;101;115;126m//[38;2;101;115;126m Undo the wrong code above - actually I used a macro approach, let me just[K
[0m[48;2;79;40;40m[39m- 137     [0m:[39m[48;2;36;25;28m [38;2;192;197;206m    [38;2;101;115;126m//[38;2;101;115;126m rewrite the finalization properly. The loop above was wrong.[K
[0m[48;2;79;40;40m[39m- 138     [0m:[39m[48;2;36;25;28m [38;2;192;197;206m    [38;2;101;115;126m//[38;2;101;115;126m Actually I haven't modified v yet in the finalization, the loop above was[K
[0m[48;2;79;40;40m[39m- 139     [0m:[39m[48;2;36;25;28m [38;2;192;197;206m    [38;2;101;115;126m//[38;2;101;115;126m the first attempt. Let me restructure.[K
[0m[48;2;40;67;43m[39m+      155[0m:[39m[48;2;24;38;30m [38;2;192;197;206m    [38;2;180;142;173mif[38;2;192;197;206m s.buflen [38;2;192;197;206m=[38;2;192;197;206m=[38;2;192;197;206m [38;2;208;135;112m440[38;2;192;197;206m [38;2;192;197;206m{[K
[0m[48;2;40;67;43m[39m+      156[0m:[39m[48;2;24;38;30m [38;2;192;197;206m        s.t[38;2;192;197;206m[[38;2;208;135;112m0[38;2;192;197;206m][38;2;192;197;206m [38;2;192;197;206m=[38;2;192;197;206m s.t[38;2;192;197;206m[[38;2;208;135;112m0[38;2;192;197;206m][38;2;192;197;206m.[38;2;150;181;180mwrapping_sub[38;2;192;197;206m([38;2;208;135;112m8[38;2;192;197;206m)[38;2;192;197;206m;[K
[0m[48;2;40;67;43m[39m+      157[0m:[39m[48;2;24;38;30m [38;2;192;197;206m        [38;2;150;181;180mblake256_update[38;2;192;197;206m([38;2;192;197;206ms[38;2;192;197;206m,[38;2;192;197;206m [38;2;192;197;206m&[38;2;192;197;206m[[38;2;192;197;206moo[38;2;192;197;206m][38;2;192;197;206m,[38;2;192;197;206m [38;2;208;135;112m8[38;2;192;197;206m)[38;2;192;197;206m;[K
[0m[48;2;40;67;43m[39m+      158[0m:[39m[48;2;24;38;30m [38;2;192;197;206m    [38;2;192;197;206m}[38;2;192;197;206m [38;2;180;142;173melse[38;2;192;197;206m [38;2;192;197;206m{[K
[0m[48;2;40;67;43m[39m+      159[0m:[39m[48;2;24;38;30m [38;2;192;197;206m        [38;2;180;142;173mif[38;2;192;197;206m s.buflen [38;2;192;197;206m<[38;2;192;197;206m [38;2;208;135;112m440[38;2;192;197;206m [38;2;192;197;206m{[K
[0m[48;2;40;67;43m[39m+      160[0m:[39m[48;2;24;38;30m [38;2;192;197;206m            [38;2;180;142;173mif[38;2;192;197;206m s.buflen [38;2;192;197;206m=[38;2;192;197;206m=[38;2;192;197;206m [38;2;208;135;112m0[38;2;192;197;206m [38;2;192;197;206m{[38;2;192;197;206m s.nullt [38;2;192;197;206m=[38;2;192;197;206m [38;2;208;135;112m1[38;2;192;197;206m;[38;2;192;197;206m [38;2;192;197;206m}[K
[0m[48;2;40;67;43m[39m+      161[0m:[39m[48;2;24;38;30m [38;2;192;197;206m            s.t[38;2;192;197;206m[[38;2;208;135;112m0[38;2;192;197;206m][38;2;192;197;206m [38;2;192;197;206m=[38;2;192;197;206m s.t[38;2;192;197;206m[[38;2;208;135;112m0[38;2;192;197;206m][38;2;192;197;206m.[38;2;150;181;180mwrapping_sub[38;2;192;197;206m([38;2;192;197;206m([38;2;208;135;112m440[38;2;192;197;206m [38;2;192;197;206m-[38;2;192;197;206m s.buflen[38;2;192;197;206m)[38;2;192;197;206m [38;2;192;197;206mas[38;2;192;197;206m [38;2;180;142;173mu32[38;2;192;197;206m)[38;2;192;197;206m;[K
[0m[48;2;40;67;43m[39m+      162[0m:[39m[48;2;24;38;30m [38;2;192;197;206m            [38;2;150;181;180mblake256_update[38;2;192;197;206m([38;2;192;197;206ms[38;2;192;197;206m,[38;2;192;197;206m [38;2;192;197;206m&[38;2;192;197;206mpadding[38;2;192;197;206m[[38;2;192;197;206m..[38;2;192;197;206m([38;2;208;135;112m440[38;2;192;197;206m [38;2;192;197;206m-[38;2;192;197;206m s.buflen[38;2;192;197;206m)[38;2;192;197;206m [38;2;192;197;206mas[38;2;192;197;206m [38;2;180;142;173musize[38;2;192;197;206m [38;2;192;197;206m/[38;2;192;197;206m [38;2;208;135;112m8[38;2;192;197;206m][38;2;192;197;206m,[38;2;192;197;206m [38;2;192;197;206m([38;2;208;135;112m440[38;2;192;197;206m [38;2;192;197;206m-[38;2;192;197;206m s.buflen[38;2;192;197;206m)[38;2;192;197;206m [38;2;192;197;206mas[38;2;192;197;206m [38;2;180;142;173mu64[38;2;192;197;206m)[38;2;192;197;206m;[K
[0m[48;2;40;67;43m[39m+      163[0m:[39m[48;2;24;38;30m [38;2;192;197;206m        [38;2;192;197;206m}[38;2;192;197;206m [38;2;180;142;173melse[38;2;192;197;206m [38;2;192;197;206m{[K
[0m[48;2;40;67;43m[39m+      164[0m:[39m[48;2;24;38;30m [38;2;192;197;206m            s.t[38;2;192;197;206m[[38;2;208;135;112m0[38;2;192;197;206m][38;2;192;197;206m [38;2;192;197;206m=[38;2;192;197;206m s.t[38;2;192;197;206m[[38;2;208;135;112m0[38;2;192;197;206m][38;2;192;197;206m.[38;2;150;181;180mwrapping_sub[38;2;192;197;206m([38;2;192;197;206m([38;2;208;135;112m512[38;2;192;197;206m [38;2;192;197;206m-[38;2;192;197;206m s.buflen[38;2;192;197;206m)[38;2;192;197;206m [38;2;192;197;206mas[38;2;192;197;206m [38;2;180;142;173mu32[38;2;192;197;206m)[38;2;192;197;206m;[K
[0m[48;2;40;67;43m[39m+      165[0m:[39m[48;2;24;38;30m [38;2;192;197;206m            [38;2;150;181;180mblake256_update[38;2;192;197;206m([38;2;192;197;206ms[38;2;192;197;206m,[38;2;192;197;206m [38;2;192;197;206m&[38;2;192;197;206mpadding[38;2;192;197;206m[[38;2;192;197;206m..[38;2;192;197;206m([38;2;208;135;112m512[38;2;192;197;206m [38;2;192;197;206m-[38;2;192;197;206m s.buflen[38;2;192;197;206m)[38;2;192;197;206m [38;2;192;197;206mas[38;2;192;197;206m [38;2;180;142;173musize[38;2;192;197;206m [38;2;192;197;206m/[38;2;192;197;206m [38;2;208;135;112m8[38;2;192;197;206m][38;2;192;197;206m,[38;2;192;197;206m [38;2;192;197;206m([38;2;208;135;112m512[38;2;192;197;206m [38;2;192;197;206m-[38;2;192;197;206m s.buflen[38;2;192;197;206m)[38;2;192;197;206m [38;2;192;197;206mas[38;2;192;197;206m [38;2;180;142;173mu64[38;2;192;197;206m)[38;2;192;197;206m;[K
[0m[48;2;40;67;43m[39m+      166[0m:[39m[48;2;24;38;30m [38;2;192;197;206m            s.t[38;2;192;197;206m[[38;2;208;135;112m0[38;2;192;197;206m][38;2;192;197;206m [38;2;192;197;206m=[38;2;192;197;206m s.t[38;2;192;197;206m[[38;2;208;135;112m0[38;2;192;197;206m][38;2;192;197;206m.[38;2;150;181;180mwrapping_sub[38;2;192;197;206m([38;2;208;135;112m440[38;2;192;197;206m)[38;2;192;197;206m;[K
[0m[48;2;40;67;43m[39m+      167[0m:[39m[48;2;24;38;30m [38;2;192;197;206m            [38;2;150;181;180mblake256_update[38;2;192;197;206m([38;2;192;197;206ms[38;2;192;197;206m,[38;2;192;197;206m [38;2;192;197;206m&[38;2;192;197;206mpadding[38;2;192;197;206m[[38;2;208;135;112m1[38;2;192;197;206m..[38;2;208;135;112m1[38;2;192;197;206m [38;2;192;197;206m+[38;2;192;197;206m [38;2;208;135;112m440[38;2;192;197;206m/[38;2;208;135;112m8[38;2;192;197;206m][38;2;192;197;206m,[38;2;192;197;206m [38;2;208;135;112m440[38;2;192;197;206m)[38;2;192;197;206m;[K
[0m[48;2;40;67;43m[39m+      168[0m:[39m[48;2;24;38;30m [38;2;192;197;206m            s.nullt [38;2;192;197;206m=[38;2;192;197;206m [38;2;208;135;112m1[38;2;192;197;206m;[K
[0m[48;2;40;67;43m[39m+      169[0m:[39m[48;2;24;38;30m [38;2;192;197;206m        [38;2;192;197;206m}[K
[0m[48;2;40;67;43m[39m+      170[0m:[39m[48;2;24;38;30m [38;2;192;197;206m        [38;2;150;181;180mblake256_update[38;2;192;197;206m([38;2;192;197;206ms[38;2;192;197;206m,[38;2;192;197;206m [38;2;192;197;206m&[38;2;192;197;206m[[38;2;192;197;206mzo[38;2;192;197;206m][38;2;192;197;206m,[38;2;192;197;206m [38;2;208;135;112m8[38;2;192;197;206m)[38;2;192;197;206m;[K
[0m[48;2;40;67;43m[39m+      171[0m:[39m[48;2;24;38;30m [38;2;192;197;206m        s.t[38;2;192;197;206m[[38;2;208;135;112m0[38;2;192;197;206m][38;2;192;197;206m [38;2;192;197;206m=[38;2;192;197;206m s.t[38;2;192;197;206m[[38;2;208;135;112m0[38;2;192;197;206m][38;2;192;197;206m.[38;2;150;181;180mwrapping_sub[38;2;192;197;206m([38;2;208;135;112m8[38;2;192;197;206m)[38;2;192;197;206m;[K
[0m[48;2;40;67;43m[39m+      172[0m:[39m[48;2;24;38;30m [38;2;192;197;206m    [38;2;192;197;206m}[K
[0m[48;2;40;67;43m[39m+      173[0m:[39m[48;2;24;38;30m [38;2;192;197;206m    s.t[38;2;192;197;206m[[38;2;208;135;112m0[38;2;192;197;206m][38;2;192;197;206m [38;2;192;197;206m=[38;2;192;197;206m s.t[38;2;192;197;206m[[38;2;208;135;112m0[38;2;192;197;206m][38;2;192;197;206m.[38;2;150;181;180mwrapping_sub[38;2;192;197;206m([38;2;208;135;112m64[38;2;192;197;206m)[38;2;192;197;206m;[K
[0m[48;2;40;67;43m[39m+      174[0m:[39m[48;2;24;38;30m [38;2;192;197;206m    [38;2;150;181;180mblake256_update[38;2;192;197;206m([38;2;192;197;206ms[38;2;192;197;206m,[38;2;192;197;206m [38;2;192;197;206m&[38;2;192;197;206mmsglen[38;2;192;197;206m,[38;2;192;197;206m [38;2;208;135;112m64[38;2;192;197;206m)[38;2;192;197;206m;[K
[0m[48;2;43;48;59m[39m  140, 175[0m:[39m[48;2;43;48;59m [K
[0m[48;2;79;40;40m[39m- 141     [0m:[39m[48;2;36;25;28m [38;2;192;197;206m    [38;2;101;115;126m//[38;2;101;115;126m Actually the code above already ran in the macro expansion. Let me just[K
[0m[48;2;79;40;40m[39m- 142     [0m:[39m[48;2;36;25;28m [38;2;192;197;206m    [38;2;101;115;126m//[38;2;101;115;126m not use the loop and do it directly after the rounds.[K
[0m[48;2;79;40;40m[39m- 143     [0m:[39m[48;2;36;25;28m [38;2;192;197;206m    [38;2;101;115;126m//[38;2;101;115;126m The problem is I already wrote the loop. Let me just make this function[K
[0m[48;2;79;40;40m[39m- 144     [0m:[39m[48;2;36;25;28m [38;2;192;197;206m    [38;2;101;115;126m//[38;2;101;115;126m correct by not using the loop approach.[K
[0m[48;2;40;67;43m[39m+      176[0m:[39m[48;2;24;38;30m [38;2;192;197;206m    [38;2;180;142;173mfor[38;2;192;197;206m i [38;2;192;197;206min[38;2;192;197;206m [38;2;208;135;112m0[38;2;192;197;206m..[38;2;208;135;112m8[38;2;192;197;206m [38;2;192;197;206m{[K
[0m[48;2;40;67;43m[39m+      177[0m:[39m[48;2;24;38;30m [38;2;192;197;206m        [38;2;150;181;180mu32to8[38;2;192;197;206m([38;2;192;197;206m&[38;2;180;142;173mmut[38;2;192;197;206m digest[38;2;192;197;206m[[38;2;208;135;112m4[38;2;192;197;206m*[38;2;192;197;206mi[38;2;192;197;206m..[38;2;192;197;206m][38;2;192;197;206m,[38;2;192;197;206m s.h[38;2;192;197;206m[[38;2;192;197;206mi[38;2;192;197;206m][38;2;192;197;206m)[38;2;192;197;206m;[K
[0m[48;2;40;67;43m[39m+      178[0m:[39m[48;2;24;38;30m [38;2;192;197;206m    [38;2;192;197;206m}[K
[0m[48;2;40;67;43m[39m+      179[0m:[39m[48;2;24;38;30m [38;2;192;197;206m}[K
[0m[48;2;43;48;59m[39m  145, 180[0m:[39m[48;2;43;48;59m [K
[0m[48;2;79;40;40m[39m- 146     [0m:[39m[48;2;36;25;28m [38;2;192;197;206m    [38;2;101;115;126m//[38;2;101;115;126m I need to restructure. Let me just rewrite this function properly.[K
[0m[48;2;79;40;40m[39m- 147     [0m:[39m[48;2;36;25;28m [38;2;192;197;206m    [38;2;192;197;206munreachable![38;2;192;197;206m([38;2;192;197;206m)[38;2;192;197;206m [38;2;101;115;126m//[38;2;101;115;126m placeholder - will be replaced[K
[0m[48;2;40;67;43m[39m+      181[0m:[39m[48;2;24;38;30m [38;2;180;142;173mpub[38;2;192;197;206m [38;2;180;142;173mfn[38;2;192;197;206m [38;2;143;161;179mblake256[38;2;192;197;206m([38;2;191;97;106mout[38;2;192;197;206m:[38;2;192;197;206m [38;2;192;197;206m&[38;2;180;142;173mmut[38;2;192;197;206m [[38;2;180;142;173mu8[38;2;192;197;206m], [38;2;191;97;106minp[38;2;192;197;206m:[38;2;192;197;206m [38;2;192;197;206m&[38;2;192;197;206m[[38;2;180;142;173mu8[38;2;192;197;206m], [38;2;191;97;106minlen[38;2;192;197;206m:[38;2;192;197;206m [38;2;180;142;173mu64[38;2;192;197;206m)[38;2;192;197;206m [38;2;192;197;206m{[K
[0m[48;2;40;67;43m[39m+      182[0m:[39m[48;2;24;38;30m [38;2;192;197;206m    [38;2;180;142;173mlet[38;2;192;197;206m [38;2;180;142;173mmut[38;2;192;197;206m s [38;2;192;197;206m=[38;2;192;197;206m [38;2;192;197;206mBlake256State[38;2;192;197;206m::[38;2;192;197;206mdefault[38;2;192;197;206m([38;2;192;197;206m)[38;2;192;197;206m;[K
[0m[48;2;40;67;43m[39m+      183[0m:[39m[48;2;24;38;30m [38;2;192;197;206m    [38;2;150;181;180mblake256_init[38;2;192;197;206m([38;2;192;197;206m&[38;2;180;142;173mmut[38;2;192;197;206m s[38;2;192;197;206m)[38;2;192;197;206m;[K
[0m[48;2;40;67;43m[39m+      184[0m:[39m[48;2;24;38;30m [38;2;192;197;206m    [38;2;150;181;180mblake256_update[38;2;192;197;206m([38;2;192;197;206m&[38;2;180;142;173mmut[38;2;192;197;206m s[38;2;192;197;206m,[38;2;192;197;206m inp[38;2;192;197;206m,[38;2;192;197;206m inlen [38;2;192;197;206m*[38;2;192;197;206m [38;2;208;135;112m8[38;2;192;197;206m)[38;2;192;197;206m;[K
[0m[48;2;40;67;43m[39m+      185[0m:[39m[48;2;24;38;30m [38;2;192;197;206m    [38;2;150;181;180mblake256_final[38;2;192;197;206m([38;2;192;197;206m&[38;2;180;142;173mmut[38;2;192;197;206m s[38;2;192;197;206m,[38;2;192;197;206m out[38;2;192;197;206m)[38;2;192;197;206m;[K
[0m[48;2;43;48;59m[39m  148, 186[0m:[39m[48;2;43;48;59m [38;2;192;197;206m}[K
[0m[48;2;43;48;59m[39m  149, 187[0m:[39m[48;2;43;48;59m [K
[0m[48;2;79;40;40m[39m- 150     [0m:[39m[48;2;36;25;28m [38;2;101;115;126m//[38;2;101;115;126m This file will be replaced with a correct implementation[K
[0m[48;2;40;67;43m[39m+      188[0m:[39m[48;2;24;38;30m [38;2;180;142;173mpub[38;2;192;197;206m [38;2;180;142;173mfn[38;2;192;197;206m [38;2;143;161;179mblake256_mgf1[38;2;192;197;206m([38;2;191;97;106mout[38;2;192;197;206m:[38;2;192;197;206m [38;2;192;197;206m&[38;2;180;142;173mmut[38;2;192;197;206m [[38;2;180;142;173mu8[38;2;192;197;206m], [38;2;191;97;106moutlen[38;2;192;197;206m:[38;2;192;197;206m [38;2;180;142;173musize[38;2;192;197;206m, [38;2;191;97;106minp[38;2;192;197;206m:[38;2;192;197;206m [38;2;192;197;206m&[38;2;192;197;206m[[38;2;180;142;173mu8[38;2;192;197;206m], [38;2;191;97;106minlen[38;2;192;197;206m:[38;2;192;197;206m [38;2;180;142;173musize[38;2;192;197;206m)[38;2;192;197;206m [38;2;192;197;206m{[K
[0m[48;2;40;67;43m[39m+      189[0m:[39m[48;2;24;38;30m [38;2;192;197;206m    [38;2;180;142;173mlet[38;2;192;197;206m [38;2;180;142;173mmut[38;2;192;197;206m inbuf [38;2;192;197;206m=[38;2;192;197;206m [38;2;192;197;206mvec![38;2;192;197;206m[[38;2;208;135;112m0[38;2;180;142;173mu8[38;2;192;197;206m;[38;2;192;197;206m inlen [38;2;192;197;206m+[38;2;192;197;206m [38;2;208;135;112m4[38;2;192;197;206m][38;2;192;197;206m;[K
[0m[48;2;40;67;43m[39m+      190[0m:[39m[48;2;24;38;30m [38;2;192;197;206m    inbuf[38;2;192;197;206m[[38;2;192;197;206m..[38;2;192;197;206minlen[38;2;192;197;206m][38;2;192;197;206m.[38;2;150;181;180mcopy_from_slice[38;2;192;197;206m([38;2;192;197;206m&[38;2;192;197;206minp[38;2;192;197;206m[[38;2;192;197;206m..[38;2;192;197;206minlen[38;2;192;197;206m][38;2;192;197;206m)[38;2;192;197;206m;[K
[0m[48;2;40;67;43m[39m+      191[0m:[39m[48;2;24;38;30m [38;2;192;197;206m    [38;2;180;142;173mlet[38;2;192;197;206m [38;2;180;142;173mmut[38;2;192;197;206m outbuf [38;2;192;197;206m=[38;2;192;197;206m [38;2;192;197;206m[[38;2;208;135;112m0[38;2;180;142;173mu8[38;2;192;197;206m;[38;2;192;197;206m [38;2;208;135;112mSPX_BLAKE256_OUTPUT_BYTES[38;2;192;197;206m][38;2;192;197;206m;[K
[0m[48;2;40;67;43m[39m+      192[0m:[39m[48;2;24;38;30m [38;2;192;197;206m    [38;2;180;142;173mlet[38;2;192;197;206m [38;2;180;142;173mmut[38;2;192;197;206m i[38;2;192;197;206m:[38;2;192;197;206m [38;2;180;142;173mu32[38;2;192;197;206m [38;2;192;197;206m=[38;2;192;197;206m [38;2;208;135;112m0[38;2;192;197;206m;[K
[0m[48;2;40;67;43m[39m+      193[0m:[39m[48;2;24;38;30m [38;2;192;197;206m    [38;2;180;142;173mlet[38;2;192;197;206m [38;2;180;142;173mmut[38;2;192;197;206m off [38;2;192;197;206m=[38;2;192;197;206m [38;2;208;135;112m0[38;2;192;197;206m;[K
[0m[48;2;40;67;43m[39m+      194[0m:[39m[48;2;24;38;30m [38;2;192;197;206m    [38;2;180;142;173mwhile[38;2;192;197;206m off [38;2;192;197;206m+[38;2;192;197;206m [38;2;208;135;112mSPX_BLAKE256_OUTPUT_BYTES[38;2;192;197;206m [38;2;192;197;206m<[38;2;192;197;206m=[38;2;192;197;206m outlen [38;2;192;197;206m{[K
[0m[48;2;40;67;43m[39m+      195[0m:[39m[48;2;24;38;30m [38;2;192;197;206m        [38;2;180;142;173mcrate[38;2;192;197;206m::[38;2;192;197;206mutils[38;2;192;197;206m::[38;2;192;197;206mu32_to_bytes[38;2;192;197;206m([38;2;192;197;206m&[38;2;180;142;173mmut[38;2;192;197;206m inbuf[38;2;192;197;206m[[38;2;192;197;206minlen[38;2;192;197;206m..[38;2;192;197;206m][38;2;192;197;206m,[38;2;192;197;206m i[38;2;192;197;206m)[38;2;192;197;206m;[K
[0m[48;2;40;67;43m[39m+      196[0m:[39m[48;2;24;38;30m [38;2;192;197;206m        [38;2;150;181;180mblake256[38;2;192;197;206m([38;2;192;197;206m&[38;2;180;142;173mmut[38;2;192;197;206m out[38;2;192;197;206m[[38;2;192;197;206moff[38;2;192;197;206m..[38;2;192;197;206m][38;2;192;197;206m,[38;2;192;197;206m [38;2;192;197;206m&[38;2;192;197;206minbuf[38;2;192;197;206m,[38;2;192;197;206m [38;2;192;197;206m([38;2;192;197;206minlen [38;2;192;197;206m+[38;2;192;197;206m [38;2;208;135;112m4[38;2;192;197;206m)[38;2;192;197;206m [38;2;192;197;206mas[38;2;192;197;206m [38;2;180;142;173mu64[38;2;192;197;206m)[38;2;192;197;206m;[K
[0m[48;2;40;67;43m[39m+      197[0m:[39m[48;2;24;38;30m [38;2;192;197;206m        off [38;2;192;197;206m+[38;2;192;197;206m=[38;2;192;197;206m [38;2;208;135;112mSPX_BLAKE256_OUTPUT_BYTES[38;2;192;197;206m;[K
[0m[48;2;40;67;43m[39m+      198[0m:[39m[48;2;24;38;30m [38;2;192;197;206m        i [38;2;192;197;206m+[38;2;192;197;206m=[38;2;192;197;206m [38;2;208;135;112m1[38;2;192;197;206m;[K
[0m[48;2;40;67;43m[39m+      199[0m:[39m[48;2;24;38;30m [38;2;192;197;206m    [38;2;192;197;206m}[K
[0m[48;2;40;67;43m[39m+      200[0m:[39m[48;2;24;38;30m [38;2;192;197;206m    [38;2;180;142;173mif[38;2;192;197;206m outlen [38;2;192;197;206m>[38;2;192;197;206m off [38;2;192;197;206m{[K
[0m[48;2;40;67;43m[39m+      201[0m:[39m[48;2;24;38;30m [38;2;192;197;206m        [38;2;180;142;173mcrate[38;2;192;197;206m::[38;2;192;197;206mutils[38;2;192;197;206m::[38;2;192;197;206mu32_to_bytes[38;2;192;197;206m([38;2;192;197;206m&[38;2;180;142;173mmut[38;2;192;197;206m inbuf[38;2;192;197;206m[[38;2;192;197;206minlen[38;2;192;197;206m..[38;2;192;197;206m][38;2;192;197;206m,[38;2;192;197;206m i[38;2;192;197;206m)[38;2;192;197;206m;[K
[0m[48;2;40;67;43m[39m+      202[0m:[39m[48;2;24;38;30m [38;2;192;197;206m        [38;2;150;181;180mblake256[38;2;192;197;206m([38;2;192;197;206m&[38;2;180;142;173mmut[38;2;192;197;206m outbuf[38;2;192;197;206m,[38;2;192;197;206m [38;2;192;197;206m&[38;2;192;197;206minbuf[38;2;192;197;206m,[38;2;192;197;206m [38;2;192;197;206m([38;2;192;197;206minlen [38;2;192;197;206m+[38;2;192;197;206m [38;2;208;135;112m4[38;2;192;197;206m)[38;2;192;197;206m [38;2;192;197;206mas[38;2;192;197;206m [38;2;180;142;173mu64[38;2;192;197;206m)[38;2;192;197;206m;[K
[0m[48;2;40;67;43m[39m+      203[0m:[39m[48;2;24;38;30m [38;2;192;197;206m        out[38;2;192;197;206m[[38;2;192;197;206moff[38;2;192;197;206m..[38;2;192;197;206moutlen[38;2;192;197;206m][38;2;192;197;206m.[38;2;150;181;180mcopy_from_slice[38;2;192;197;206m([38;2;192;197;206m&[38;2;192;197;206moutbuf[38;2;192;197;206m[[38;2;192;197;206m..[38;2;192;197;206moutlen [38;2;192;197;206m-[38;2;192;197;206m off[38;2;192;197;206m][38;2;192;197;206m)[38;2;192;197;206m;[K
[0m[48;2;40;67;43m[39m+      204[0m:[39m[48;2;24;38;30m [38;2;192;197;206m    [38;2;192;197;206m}[K
[0m[48;2;40;67;43m[39m+      205[0m:[39m[48;2;24;38;30m [38;2;192;197;206m}[K
[0m[K
Replacing: [38;5;141msrc/blake256.rs[0m
[38;5;244m - Completed in 0.40s[0m
[38;5;12m[1m [1.4][0m[0m
[?25l[0m[?25l[0m[0mI'll create the following file: [38;5;141m/local/home/scheschb/reserach/TRACTOR/harvest-agentic/results/P01_sphincs_plus/010_sphincs_PQCgenKAT_sign_blake_192f_robust/translated_rust/src/blake512.rs[0m[38;5;244m (using tool: write)[0m

[48;2;40;67;43m[39m+      1[0m:[39m[48;2;24;38;30m [38;2;180;142;173muse[38;2;192;197;206m [38;2;180;142;173mcrate[38;2;192;197;206m::[38;2;192;197;206mparams[38;2;192;197;206m::[38;2;192;197;206m*[38;2;192;197;206m;[K
[0m[48;2;40;67;43m[39m+      2[0m:[39m[48;2;24;38;30m [K
[0m[48;2;40;67;43m[39m+      3[0m:[39m[48;2;24;38;30m [38;2;180;142;173mconst[38;2;192;197;206m [38;2;208;135;112mCST512[38;2;192;197;206m:[38;2;192;197;206m [38;2;192;197;206m[[38;2;180;142;173mu64[38;2;192;197;206m;[38;2;192;197;206m [38;2;208;135;112m16[38;2;192;197;206m][38;2;192;197;206m [38;2;192;197;206m=[38;2;192;197;206m [38;2;192;197;206m[[K
[0m[48;2;40;67;43m[39m+      4[0m:[39m[48;2;24;38;30m [38;2;192;197;206m    [38;2;208;135;112m0x243F6A8885A308D3[38;2;192;197;206m,[38;2;208;135;112m0x13198A2E03707344[38;2;192;197;206m,[38;2;208;135;112m0xA4093822299F31D0[38;2;192;197;206m,[38;2;208;135;112m0x082EFA98EC4E6C89[38;2;192;197;206m,[K
[0m[48;2;40;67;43m[39m+      5[0m:[39m[48;2;24;38;30m [38;2;192;197;206m    [38;2;208;135;112m0x452821E638D01377[38;2;192;197;206m,[38;2;208;135;112m0xBE5466CF34E90C6C[38;2;192;197;206m,[38;2;208;135;112m0xC0AC29B7C97C50DD[38;2;192;197;206m,[38;2;208;135;112m0x3F84D5B5B5470917[38;2;192;197;206m,[K
[0m[48;2;40;67;43m[39m+      6[0m:[39m[48;2;24;38;30m [38;2;192;197;206m    [38;2;208;135;112m0x9216D5D98979FB1B[38;2;192;197;206m,[38;2;208;135;112m0xD1310BA698DFB5AC[38;2;192;197;206m,[38;2;208;135;112m0x2FFD72DBD01ADFB7[38;2;192;197;206m,[38;2;208;135;112m0xB8E1AFED6A267E96[38;2;192;197;206m,[K
[0m[48;2;40;67;43m[39m+      7[0m:[39m[48;2;24;38;30m [38;2;192;197;206m    [38;2;208;135;112m0xBA7C9045F12C7F99[38;2;192;197;206m,[38;2;208;135;112m0x24A19947B3916CF7[38;2;192;197;206m,[38;2;208;135;112m0x0801F2E2858EFC16[38;2;192;197;206m,[38;2;208;135;112m0x636920D871574E69[38;2;192;197;206m,[K
[0m[48;2;40;67;43m[39m+      8[0m:[39m[48;2;24;38;30m [38;2;192;197;206m][38;2;192;197;206m;[K
[0m[48;2;40;67;43m[39m+      9[0m:[39m[48;2;24;38;30m [K
[0m[48;2;40;67;43m[39m+     10[0m:[39m[48;2;24;38;30m [38;2;180;142;173mconst[38;2;192;197;206m [38;2;208;135;112mSIGMA[38;2;192;197;206m:[38;2;192;197;206m [38;2;192;197;206m[[38;2;192;197;206m[[38;2;180;142;173musize[38;2;192;197;206m;[38;2;192;197;206m [38;2;208;135;112m16[38;2;192;197;206m][38;2;192;197;206m;[38;2;192;197;206m [38;2;208;135;112m10[38;2;192;197;206m][38;2;192;197;206m [38;2;192;197;206m=[38;2;192;197;206m [38;2;192;197;206m[[K
[0m[48;2;40;67;43m[39m+     11[0m:[39m[48;2;24;38;30m [38;2;192;197;206m    [38;2;192;197;206m[[38;2;208;135;112m0[38;2;192;197;206m,[38;2;208;135;112m1[38;2;192;197;206m,[38;2;208;135;112m2[38;2;192;197;206m,[38;2;208;135;112m3[38;2;192;197;206m,[38;2;208;135;112m4[38;2;192;197;206m,[38;2;208;135;112m5[38;2;192;197;206m,[38;2;208;135;112m6[38;2;192;197;206m,[38;2;208;135;112m7[38;2;192;197;206m,[38;2;208;135;112m8[38;2;192;197;206m,[38;2;208;135;112m9[38;2;192;197;206m,[38;2;208;135;112m10[38;2;192;197;206m,[38;2;208;135;112m11[38;2;192;197;206m,[38;2;208;135;112m12[38;2;192;197;206m,[38;2;208;135;112m13[38;2;192;197;206m,[38;2;208;135;112m14[38;2;192;197;206m,[38;2;208;135;112m15[38;2;192;197;206m][38;2;192;197;206m,[K
[0m[48;2;40;67;43m[39m+     12[0m:[39m[48;2;24;38;30m [38;2;192;197;206m    [38;2;192;197;206m[[38;2;208;135;112m14[38;2;192;197;206m,[38;2;208;135;112m10[38;2;192;197;206m,[38;2;208;135;112m4[38;2;192;197;206m,[38;2;208;135;112m8[38;2;192;197;206m,[38;2;208;135;112m9[38;2;192;197;206m,[38;2;208;135;112m15[38;2;192;197;206m,[38;2;208;135;112m13[38;2;192;197;206m,[38;2;208;135;112m6[38;2;192;197;206m,[38;2;208;135;112m1[38;2;192;197;206m,[38;2;208;135;112m12[38;2;192;197;206m,[38;2;208;135;112m0[38;2;192;197;206m,[38;2;208;135;112m2[38;2;192;197;206m,[38;2;208;135;112m11[38;2;192;197;206m,[38;2;208;135;112m7[38;2;192;197;206m,[38;2;208;135;112m5[38;2;192;197;206m,[38;2;208;135;112m3[38;2;192;197;206m][38;2;192;197;206m,[K
[0m[48;2;40;67;43m[39m+     13[0m:[39m[48;2;24;38;30m [38;2;192;197;206m    [38;2;192;197;206m[[38;2;208;135;112m11[38;2;192;197;206m,[38;2;208;135;112m8[38;2;192;197;206m,[38;2;208;135;112m12[38;2;192;197;206m,[38;2;208;135;112m0[38;2;192;197;206m,[38;2;208;135;112m5[38;2;192;197;206m,[38;2;208;135;112m2[38;2;192;197;206m,[38;2;208;135;112m15[38;2;192;197;206m,[38;2;208;135;112m13[38;2;192;197;206m,[38;2;208;135;112m10[38;2;192;197;206m,[38;2;208;135;112m14[38;2;192;197;206m,[38;2;208;135;112m3[38;2;192;197;206m,[38;2;208;135;112m6[38;2;192;197;206m,[38;2;208;135;112m7[38;2;192;197;206m,[38;2;208;135;112m1[38;2;192;197;206m,[38;2;208;135;112m9[38;2;192;197;206m,[38;2;208;135;112m4[38;2;192;197;206m][38;2;192;197;206m,[K
[0m[48;2;40;67;43m[39m+     14[0m:[39m[48;2;24;38;30m [38;2;192;197;206m    [38;2;192;197;206m[[38;2;208;135;112m7[38;2;192;197;206m,[38;2;208;135;112m9[38;2;192;197;206m,[38;2;208;135;112m3[38;2;192;197;206m,[38;2;208;135;112m1[38;2;192;197;206m,[38;2;208;135;112m13[38;2;192;197;206m,[38;2;208;135;112m12[38;2;192;197;206m,[38;2;208;135;112m11[38;2;192;197;206m,[38;2;208;135;112m14[38;2;192;197;206m,[38;2;208;135;112m2[38;2;192;197;206m,[38;2;208;135;112m6[38;2;192;197;206m,[38;2;208;135;112m5[38;2;192;197;206m,[38;2;208;135;112m10[38;2;192;197;206m,[38;2;208;135;112m4[38;2;192;197;206m,[38;2;208;135;112m0[38;2;192;197;206m,[38;2;208;135;112m15[38;2;192;197;206m,[38;2;208;135;112m8[38;2;192;197;206m][38;2;192;197;206m,[K
[0m[48;2;40;67;43m[39m+     15[0m:[39m[48;2;24;38;30m [38;2;192;197;206m    [38;2;192;197;206m[[38;2;208;135;112m9[38;2;192;197;206m,[38;2;208;135;112m0[38;2;192;197;206m,[38;2;208;135;112m5[38;2;192;197;206m,[38;2;208;135;112m7[38;2;192;197;206m,[38;2;208;135;112m2[38;2;192;197;206m,[38;2;208;135;112m4[38;2;192;197;206m,[38;2;208;135;112m10[38;2;192;197;206m,[38;2;208;135;112m15[38;2;192;197;206m,[38;2;208;135;112m14[38;2;192;197;206m,[38;2;208;135;112m1[38;2;192;197;206m,[38;2;208;135;112m11[38;2;192;197;206m,[38;2;208;135;112m12[38;2;192;197;206m,[38;2;208;135;112m6[38;2;192;197;206m,[38;2;208;135;112m8[38;2;192;197;206m,[38;2;208;135;112m3[38;2;192;197;206m,[38;2;208;135;112m13[38;2;192;197;206m][38;2;192;197;206m,[K
[0m[48;2;40;67;43m[39m+     16[0m:[39m[48;2;24;38;30m [38;2;192;197;206m    [38;2;192;197;206m[[38;2;208;135;112m2[38;2;192;197;206m,[38;2;208;135;112m12[38;2;192;197;206m,[38;2;208;135;112m6[38;2;192;197;206m,[38;2;208;135;112m10[38;2;192;197;206m,[38;2;208;135;112m0[38;2;192;197;206m,[38;2;208;135;112m11[38;2;192;197;206m,[38;2;208;135;112m8[38;2;192;197;206m,[38;2;208;135;112m3[38;2;192;197;206m,[38;2;208;135;112m4[38;2;192;197;206m,[38;2;208;135;112m13[38;2;192;197;206m,[38;2;208;135;112m7[38;2;192;197;206m,[38;2;208;135;112m5[38;2;192;197;206m,[38;2;208;135;112m15[38;2;192;197;206m,[38;2;208;135;112m14[38;2;192;197;206m,[38;2;208;135;112m1[38;2;192;197;206m,[38;2;208;135;112m9[38;2;192;197;206m][38;2;192;197;206m,[K
[0m[48;2;40;67;43m[39m+     17[0m:[39m[48;2;24;38;30m [38;2;192;197;206m    [38;2;192;197;206m[[38;2;208;135;112m12[38;2;192;197;206m,[38;2;208;135;112m5[38;2;192;197;206m,[38;2;208;135;112m1[38;2;192;197;206m,[38;2;208;135;112m15[38;2;192;197;206m,[38;2;208;135;112m14[38;2;192;197;206m,[38;2;208;135;112m13[38;2;192;197;206m,[38;2;208;135;112m4[38;2;192;197;206m,[38;2;208;135;112m10[38;2;192;197;206m,[38;2;208;135;112m0[38;2;192;197;206m,[38;2;208;135;112m7[38;2;192;197;206m,[38;2;208;135;112m6[38;2;192;197;206m,[38;2;208;135;112m3[38;2;192;197;206m,[38;2;208;135;112m9[38;2;192;197;206m,[38;2;208;135;112m2[38;2;192;197;206m,[38;2;208;135;112m8[38;2;192;197;206m,[38;2;208;135;112m11[38;2;192;197;206m][38;2;192;197;206m,[K
[0m[48;2;40;67;43m[39m+     18[0m:[39m[48;2;24;38;30m [38;2;192;197;206m    [38;2;192;197;206m[[38;2;208;135;112m13[38;2;192;197;206m,[38;2;208;135;112m11[38;2;192;197;206m,[38;2;208;135;112m7[38;2;192;197;206m,[38;2;208;135;112m14[38;2;192;197;206m,[38;2;208;135;112m12[38;2;192;197;206m,[38;2;208;135;112m1[38;2;192;197;206m,[38;2;208;135;112m3[38;2;192;197;206m,[38;2;208;135;112m9[38;2;192;197;206m,[38;2;208;135;112m5[38;2;192;197;206m,[38;2;208;135;112m0[38;2;192;197;206m,[38;2;208;135;112m15[38;2;192;197;206m,[38;2;208;135;112m4[38;2;192;197;206m,[38;2;208;135;112m8[38;2;192;197;206m,[38;2;208;135;112m6[38;2;192;197;206m,[38;2;208;135;112m2[38;2;192;197;206m,[38;2;208;135;112m10[38;2;192;197;206m][38;2;192;197;206m,[K
[0m[48;2;40;67;43m[39m+     19[0m:[39m[48;2;24;38;30m [38;2;192;197;206m    [38;2;192;197;206m[[38;2;208;135;112m6[38;2;192;197;206m,[38;2;208;135;112m15[38;2;192;197;206m,[38;2;208;135;112m14[38;2;192;197;206m,[38;2;208;135;112m9[38;2;192;197;206m,[38;2;208;135;112m11[38;2;192;197;206m,[38;2;208;135;112m3[38;2;192;197;206m,[38;2;208;135;112m0[38;2;192;197;206m,[38;2;208;135;112m8[38;2;192;197;206m,[38;2;208;135;112m12[38;2;192;197;206m,[38;2;208;135;112m2[38;2;192;197;206m,[38;2;208;135;112m13[38;2;192;197;206m,[38;2;208;135;112m7[38;2;192;197;206m,[38;2;208;135;112m1[38;2;192;197;206m,[38;2;208;135;112m4[38;2;192;197;206m,[38;2;208;135;112m10[38;2;192;197;206m,[38;2;208;135;112m5[38;2;192;197;206m][38;2;192;197;206m,[K
[0m[48;2;40;67;43m[39m+     20[0m:[39m[48;2;24;38;30m [38;2;192;197;206m    [38;2;192;197;206m[[38;2;208;135;112m10[38;2;192;197;206m,[38;2;208;135;112m2[38;2;192;197;206m,[38;2;208;135;112m8[38;2;192;197;206m,[38;2;208;135;112m4[38;2;192;197;206m,[38;2;208;135;112m7[38;2;192;197;206m,[38;2;208;135;112m6[38;2;192;197;206m,[38;2;208;135;112m1[38;2;192;197;206m,[38;2;208;135;112m5[38;2;192;197;206m,[38;2;208;135;112m15[38;2;192;197;206m,[38;2;208;135;112m11[38;2;192;197;206m,[38;2;208;135;112m9[38;2;192;197;206m,[38;2;208;135;112m14[38;2;192;197;206m,[38;2;208;135;112m3[38;2;192;197;206m,[38;2;208;135;112m12[38;2;192;197;206m,[38;2;208;135;112m13[38;2;192;197;206m,[38;2;208;135;112m0[38;2;192;197;206m][38;2;192;197;206m,[K
[0m[48;2;40;67;43m[39m+     21[0m:[39m[48;2;24;38;30m [38;2;192;197;206m][38;2;192;197;206m;[K
[0m[48;2;40;67;43m[39m+     22[0m:[39m[48;2;24;38;30m [K
[0m[48;2;40;67;43m[39m+     23[0m:[39m[48;2;24;38;30m [38;2;180;142;173mfn[38;2;192;197;206m [38;2;143;161;179mu8to32[38;2;192;197;206m([38;2;191;97;106mp[38;2;192;197;206m:[38;2;192;197;206m [38;2;192;197;206m&[38;2;192;197;206m[[38;2;180;142;173mu8[38;2;192;197;206m][38;2;192;197;206m)[38;2;192;197;206m [38;2;192;197;206m->[38;2;192;197;206m [38;2;180;142;173mu32[38;2;192;197;206m [38;2;192;197;206m{[K
[0m[48;2;40;67;43m[39m+     24[0m:[39m[48;2;24;38;30m [38;2;192;197;206m    [38;2;192;197;206m([38;2;192;197;206mp[38;2;192;197;206m[[38;2;208;135;112m0[38;2;192;197;206m][38;2;192;197;206m [38;2;192;197;206mas[38;2;192;197;206m [38;2;180;142;173mu32[38;2;192;197;206m)[38;2;192;197;206m [38;2;192;197;206m<[38;2;192;197;206m<[38;2;192;197;206m [38;2;208;135;112m24[38;2;192;197;206m [38;2;192;197;206m|[38;2;192;197;206m [38;2;192;197;206m([38;2;192;197;206mp[38;2;192;197;206m[[38;2;208;135;112m1[38;2;192;197;206m][38;2;192;197;206m [38;2;192;197;206mas[38;2;192;197;206m [38;2;180;142;173mu32[38;2;192;197;206m)[38;2;192;197;206m [38;2;192;197;206m<[38;2;192;197;206m<[38;2;192;197;206m [38;2;208;135;112m16[38;2;192;197;206m [38;2;192;197;206m|[38;2;192;197;206m [38;2;192;197;206m([38;2;192;197;206mp[38;2;192;197;206m[[38;2;208;135;112m2[38;2;192;197;206m][38;2;192;197;206m [38;2;192;197;206mas[38;2;192;197;206m [38;2;180;142;173mu32[38;2;192;197;206m)[38;2;192;197;206m [38;2;192;197;206m<[38;2;192;197;206m<[38;2;192;197;206m [38;2;208;135;112m8[38;2;192;197;206m [38;2;192;197;206m|[38;2;192;197;206m p[38;2;192;197;206m[[38;2;208;135;112m3[38;2;192;197;206m][38;2;192;197;206m [38;2;192;197;206mas[38;2;192;197;206m [38;2;180;142;173mu32[K
[0m[48;2;40;67;43m[39m+     25[0m:[39m[48;2;24;38;30m [38;2;192;197;206m}[K
[0m[48;2;40;67;43m[39m+     26[0m:[39m[48;2;24;38;30m [K
[0m[48;2;40;67;43m[39m+     27[0m:[39m[48;2;24;38;30m [38;2;180;142;173mfn[38;2;192;197;206m [38;2;143;161;179mu8to64[38;2;192;197;206m([38;2;191;97;106mp[38;2;192;197;206m:[38;2;192;197;206m [38;2;192;197;206m&[38;2;192;197;206m[[38;2;180;142;173mu8[38;2;192;197;206m][38;2;192;197;206m)[38;2;192;197;206m [38;2;192;197;206m->[38;2;192;197;206m [38;2;180;142;173mu64[38;2;192;197;206m [38;2;192;197;206m{[K
[0m[48;2;40;67;43m[39m+     28[0m:[39m[48;2;24;38;30m [38;2;192;197;206m    [38;2;192;197;206m([38;2;192;197;206m([38;2;150;181;180mu8to32[38;2;192;197;206m([38;2;192;197;206mp[38;2;192;197;206m)[38;2;192;197;206m [38;2;192;197;206mas[38;2;192;197;206m [38;2;180;142;173mu64[38;2;192;197;206m)[38;2;192;197;206m [38;2;192;197;206m<[38;2;192;197;206m<[38;2;192;197;206m [38;2;208;135;112m32[38;2;192;197;206m)[38;2;192;197;206m [38;2;192;197;206m|[38;2;192;197;206m [38;2;150;181;180mu8to32[38;2;192;197;206m([38;2;192;197;206m&[38;2;192;197;206mp[38;2;192;197;206m[[38;2;208;135;112m4[38;2;192;197;206m..[38;2;192;197;206m][38;2;192;197;206m)[38;2;192;197;206m [38;2;192;197;206mas[38;2;192;197;206m [38;2;180;142;173mu64[K
[0m[48;2;40;67;43m[39m+     29[0m:[39m[48;2;24;38;30m [38;2;192;197;206m}[K
[0m[48;2;40;67;43m[39m+     30[0m:[39m[48;2;24;38;30m [K
[0m[48;2;40;67;43m[39m+     31[0m:[39m[48;2;24;38;30m [38;2;180;142;173mfn[38;2;192;197;206m [38;2;143;161;179mu32to8[38;2;192;197;206m([38;2;191;97;106mp[38;2;192;197;206m:[38;2;192;197;206m [38;2;192;197;206m&[38;2;180;142;173mmut[38;2;192;197;206m [[38;2;180;142;173mu8[38;2;192;197;206m], [38;2;191;97;106mv[38;2;192;197;206m:[38;2;192;197;206m [38;2;180;142;173mu32[38;2;192;197;206m)[38;2;192;197;206m [38;2;192;197;206m{[K
[0m[48;2;40;67;43m[39m+     32[0m:[39m[48;2;24;38;30m [38;2;192;197;206m    p[38;2;192;197;206m[[38;2;208;135;112m0[38;2;192;197;206m][38;2;192;197;206m [38;2;192;197;206m=[38;2;192;197;206m [38;2;192;197;206m([38;2;192;197;206mv [38;2;192;197;206m>[38;2;192;197;206m>[38;2;192;197;206m [38;2;208;135;112m24[38;2;192;197;206m)[38;2;192;197;206m [38;2;192;197;206mas[38;2;192;197;206m [38;2;180;142;173mu8[38;2;192;197;206m;[38;2;192;197;206m p[38;2;192;197;206m[[38;2;208;135;112m1[38;2;192;197;206m][38;2;192;197;206m [38;2;192;197;206m=[38;2;192;197;206m [38;2;192;197;206m([38;2;192;197;206mv [38;2;192;197;206m>[38;2;192;197;206m>[38;2;192;197;206m [38;2;208;135;112m16[38;2;192;197;206m)[38;2;192;197;206m [38;2;192;197;206mas[38;2;192;197;206m [38;2;180;142;173mu8[38;2;192;197;206m;[K
[0m[48;2;40;67;43m[39m+     33[0m:[39m[48;2;24;38;30m [38;2;192;197;206m    p[38;2;192;197;206m[[38;2;208;135;112m2[38;2;192;197;206m][38;2;192;197;206m [38;2;192;197;206m=[38;2;192;197;206m [38;2;192;197;206m([38;2;192;197;206mv [38;2;192;197;206m>[38;2;192;197;206m>[38;2;192;197;206m [38;2;208;135;112m8[38;2;192;197;206m)[38;2;192;197;206m [38;2;192;197;206mas[38;2;192;197;206m [38;2;180;142;173mu8[38;2;192;197;206m;[38;2;192;197;206m p[38;2;192;197;206m[[38;2;208;135;112m3[38;2;192;197;206m][38;2;192;197;206m [38;2;192;197;206m=[38;2;192;197;206m v [38;2;192;197;206mas[38;2;192;197;206m [38;2;180;142;173mu8[38;2;192;197;206m;[K
[0m[48;2;40;67;43m[39m+     34[0m:[39m[48;2;24;38;30m [38;2;192;197;206m}[K
[0m[48;2;40;67;43m[39m+     35[0m:[39m[48;2;24;38;30m [K
[0m[48;2;40;67;43m[39m+     36[0m:[39m[48;2;24;38;30m [38;2;180;142;173mfn[38;2;192;197;206m [38;2;143;161;179mu64to8[38;2;192;197;206m([38;2;191;97;106mp[38;2;192;197;206m:[38;2;192;197;206m [38;2;192;197;206m&[38;2;180;142;173mmut[38;2;192;197;206m [[38;2;180;142;173mu8[38;2;192;197;206m], [38;2;191;97;106mv[38;2;192;197;206m:[38;2;192;197;206m [38;2;180;142;173mu64[38;2;192;197;206m)[38;2;192;197;206m [38;2;192;197;206m{[K
[0m[48;2;40;67;43m[39m+     37[0m:[39m[48;2;24;38;30m [38;2;192;197;206m    [38;2;150;181;180mu32to8[38;2;192;197;206m([38;2;192;197;206m&[38;2;180;142;173mmut[38;2;192;197;206m p[38;2;192;197;206m[[38;2;208;135;112m0[38;2;192;197;206m..[38;2;208;135;112m4[38;2;192;197;206m][38;2;192;197;206m,[38;2;192;197;206m [38;2;192;197;206m([38;2;192;197;206mv [38;2;192;197;206m>[38;2;192;197;206m>[38;2;192;197;206m [38;2;208;135;112m32[38;2;192;197;206m)[38;2;192;197;206m [38;2;192;197;206mas[38;2;192;197;206m [38;2;180;142;173mu32[38;2;192;197;206m)[38;2;192;197;206m;[K
[0m[48;2;40;67;43m[39m+     38[0m:[39m[48;2;24;38;30m [38;2;192;197;206m    [38;2;150;181;180mu32to8[38;2;192;197;206m([38;2;192;197;206m&[38;2;180;142;173mmut[38;2;192;197;206m p[38;2;192;197;206m[[38;2;208;135;112m4[38;2;192;197;206m..[38;2;208;135;112m8[38;2;192;197;206m][38;2;192;197;206m,[38;2;192;197;206m v [38;2;192;197;206mas[38;2;192;197;206m [38;2;180;142;173mu32[38;2;192;197;206m)[38;2;192;197;206m;[K
[0m[48;2;40;67;43m[39m+     39[0m:[39m[48;2;24;38;30m [38;2;192;197;206m}[K
[0m[48;2;40;67;43m[39m+     40[0m:[39m[48;2;24;38;30m [K
[0m[48;2;40;67;43m[39m+     41[0m:[39m[48;2;24;38;30m [38;2;192;197;206m#[38;2;192;197;206m[[38;2;191;97;106mderive[38;2;192;197;206m([38;2;192;197;206mClone[38;2;192;197;206m)[38;2;192;197;206m][K
[0m[48;2;40;67;43m[39m+     42[0m:[39m[48;2;24;38;30m [38;2;180;142;173mpub[38;2;192;197;206m [38;2;180;142;173mstruct[38;2;192;197;206m [38;2;192;197;206mBlake512State[38;2;192;197;206m [38;2;192;197;206m{[K
[0m[48;2;40;67;43m[39m+     43[0m:[39m[48;2;24;38;30m [38;2;192;197;206m    [38;2;180;142;173mpub[38;2;192;197;206m [38;2;191;97;106mh[38;2;192;197;206m:[38;2;192;197;206m [[38;2;180;142;173mu64[38;2;192;197;206m; 8],[K
[0m[48;2;40;67;43m[39m+     44[0m:[39m[48;2;24;38;30m [38;2;192;197;206m    [38;2;180;142;173mpub[38;2;192;197;206m [38;2;191;97;106ms[38;2;192;197;206m:[38;2;192;197;206m [[38;2;180;142;173mu64[38;2;192;197;206m; 4],[K
[0m[48;2;40;67;43m[39m+     45[0m:[39m[48;2;24;38;30m [38;2;192;197;206m    [38;2;180;142;173mpub[38;2;192;197;206m [38;2;191;97;106mt[38;2;192;197;206m:[38;2;192;197;206m [[38;2;180;142;173mu64[38;2;192;197;206m; 2],[K
[0m[48;2;40;67;43m[39m+     46[0m:[39m[48;2;24;38;30m [38;2;192;197;206m    [38;2;180;142;173mpub[38;2;192;197;206m [38;2;191;97;106mbuflen[38;2;192;197;206m:[38;2;192;197;206m [38;2;180;142;173mi32[38;2;192;197;206m,[K
[0m[48;2;40;67;43m[39m+     47[0m:[39m[48;2;24;38;30m [38;2;192;197;206m    [38;2;180;142;173mpub[38;2;192;197;206m [38;2;191;97;106mnullt[38;2;192;197;206m:[38;2;192;197;206m [38;2;180;142;173mi32[38;2;192;197;206m,[K
[0m[48;2;40;67;43m[39m+     48[0m:[39m[48;2;24;38;30m [38;2;192;197;206m    [38;2;180;142;173mpub[38;2;192;197;206m [38;2;191;97;106mbuf[38;2;192;197;206m:[38;2;192;197;206m [[38;2;180;142;173mu8[38;2;192;197;206m; 128],[K
[0m[48;2;40;67;43m[39m+     49[0m:[39m[48;2;24;38;30m [38;2;192;197;206m}[K
[0m[48;2;40;67;43m[39m+     50[0m:[39m[48;2;24;38;30m [K
[0m[48;2;40;67;43m[39m+     51[0m:[39m[48;2;24;38;30m [38;2;180;142;173mimpl[38;2;192;197;206m [38;2;192;197;206mDefault [38;2;180;142;173mfor[38;2;192;197;206m [38;2;192;197;206mBlake512State[38;2;192;197;206m [38;2;192;197;206m{[K
[0m[48;2;40;67;43m[39m+     52[0m:[39m[48;2;24;38;30m [38;2;192;197;206m    [38;2;180;142;173mfn[38;2;192;197;206m [38;2;143;161;179mdefault[38;2;192;197;206m([38;2;192;197;206m)[38;2;192;197;206m [38;2;192;197;206m->[38;2;192;197;206m [38;2;180;142;173mSelf[38;2;192;197;206m [38;2;192;197;206m{[K
[0m[48;2;40;67;43m[39m+     53[0m:[39m[48;2;24;38;30m [38;2;192;197;206m        [38;2;180;142;173mSelf[38;2;192;197;206m [38;2;192;197;206m{[38;2;192;197;206m h[38;2;192;197;206m:[38;2;192;197;206m [38;2;192;197;206m[[38;2;208;135;112m0[38;2;192;197;206m;[38;2;208;135;112m8[38;2;192;197;206m][38;2;192;197;206m,[38;2;192;197;206m s[38;2;192;197;206m:[38;2;192;197;206m [38;2;192;197;206m[[38;2;208;135;112m0[38;2;192;197;206m;[38;2;208;135;112m4[38;2;192;197;206m][38;2;192;197;206m,[38;2;192;197;206m t[38;2;192;197;206m:[38;2;192;197;206m [38;2;192;197;206m[[38;2;208;135;112m0[38;2;192;197;206m;[38;2;208;135;112m2[38;2;192;197;206m][38;2;192;197;206m,[38;2;192;197;206m buflen[38;2;192;197;206m:[38;2;192;197;206m [38;2;208;135;112m0[38;2;192;197;206m,[38;2;192;197;206m nullt[38;2;192;197;206m:[38;2;192;197;206m [38;2;208;135;112m0[38;2;192;197;206m,[38;2;192;197;206m buf[38;2;192;197;206m:[38;2;192;197;206m [38;2;192;197;206m[[38;2;208;135;112m0[38;2;192;197;206m;[38;2;208;135;112m128[38;2;192;197;206m][38;2;192;197;206m [38;2;192;197;206m}[K
[0m[48;2;40;67;43m[39m+     54[0m:[39m[48;2;24;38;30m [38;2;192;197;206m    [38;2;192;197;206m}[K
[0m[48;2;40;67;43m[39m+     55[0m:[39m[48;2;24;38;30m [38;2;192;197;206m}[K
[0m[48;2;40;67;43m[39m+     56[0m:[39m[48;2;24;38;30m [K
[0m[48;2;40;67;43m[39m+     57[0m:[39m[48;2;24;38;30m [38;2;180;142;173mpub[38;2;192;197;206m [38;2;180;142;173mfn[38;2;192;197;206m [38;2;143;161;179mblake512_init[38;2;192;197;206m([38;2;191;97;106ms[38;2;192;197;206m:[38;2;192;197;206m [38;2;192;197;206m&[38;2;180;142;173mmut[38;2;192;197;206m Blake512State[38;2;192;197;206m)[38;2;192;197;206m [38;2;192;197;206m{[K
[0m[48;2;40;67;43m[39m+     58[0m:[39m[48;2;24;38;30m [38;2;192;197;206m    s.h [38;2;192;197;206m=[38;2;192;197;206m [38;2;192;197;206m[[38;2;208;135;112m0x6A09E667F3BCC908[38;2;192;197;206m,[38;2;208;135;112m0xBB67AE8584CAA73B[38;2;192;197;206m,[38;2;208;135;112m0x3C6EF372FE94F82B[38;2;192;197;206m,[38;2;208;135;112m0xA54FF53A5F1D36F1[38;2;192;197;206m,[K
[0m[48;2;40;67;43m[39m+     59[0m:[39m[48;2;24;38;30m [38;2;192;197;206m           [38;2;208;135;112m0x510E527FADE682D1[38;2;192;197;206m,[38;2;208;135;112m0x9B05688C2B3E6C1F[38;2;192;197;206m,[38;2;208;135;112m0x1F83D9ABFB41BD6B[38;2;192;197;206m,[38;2;208;135;112m0x5BE0CD19137E2179[38;2;192;197;206m][38;2;192;197;206m;[K
[0m[48;2;40;67;43m[39m+     60[0m:[39m[48;2;24;38;30m [38;2;192;197;206m    s.t [38;2;192;197;206m=[38;2;192;197;206m [38;2;192;197;206m[[38;2;208;135;112m0[38;2;192;197;206m;[38;2;208;135;112m2[38;2;192;197;206m][38;2;192;197;206m;[38;2;192;197;206m s.buflen [38;2;192;197;206m=[38;2;192;197;206m [38;2;208;135;112m0[38;2;192;197;206m;[38;2;192;197;206m s.nullt [38;2;192;197;206m=[38;2;192;197;206m [38;2;208;135;112m0[38;2;192;197;206m;[38;2;192;197;206m s.s [38;2;192;197;206m=[38;2;192;197;206m [38;2;192;197;206m[[38;2;208;135;112m0[38;2;192;197;206m;[38;2;208;135;112m4[38;2;192;197;206m][38;2;192;197;206m;[38;2;192;197;206m s.buf [38;2;192;197;206m=[38;2;192;197;206m [38;2;192;197;206m[[38;2;208;135;112m0[38;2;192;197;206m;[38;2;208;135;112m128[38;2;192;197;206m][38;2;192;197;206m;[K
[0m[48;2;40;67;43m[39m+     61[0m:[39m[48;2;24;38;30m [38;2;192;197;206m}[K
[0m[48;2;40;67;43m[39m+     62[0m:[39m[48;2;24;38;30m [K
[0m[48;2;40;67;43m[39m+     63[0m:[39m[48;2;24;38;30m [38;2;180;142;173mpub[38;2;192;197;206m [38;2;180;142;173mfn[38;2;192;197;206m [38;2;143;161;179mblake512_compress[38;2;192;197;206m([38;2;191;97;106ms[38;2;192;197;206m:[38;2;192;197;206m [38;2;192;197;206m&[38;2;180;142;173mmut[38;2;192;197;206m Blake512State, [38;2;191;97;106mblock[38;2;192;197;206m:[38;2;192;197;206m [38;2;192;197;206m&[38;2;192;197;206m[[38;2;180;142;173mu8[38;2;192;197;206m][38;2;192;197;206m)[38;2;192;197;206m [38;2;192;197;206m{[K
[0m[48;2;40;67;43m[39m+     64[0m:[39m[48;2;24;38;30m [38;2;192;197;206m    [38;2;180;142;173mlet[38;2;192;197;206m [38;2;180;142;173mmut[38;2;192;197;206m m [38;2;192;197;206m=[38;2;192;197;206m [38;2;192;197;206m[[38;2;208;135;112m0[38;2;180;142;173mu64[38;2;192;197;206m;[38;2;192;197;206m [38;2;208;135;112m16[38;2;192;197;206m][38;2;192;197;206m;[K
[0m[48;2;40;67;43m[39m+     65[0m:[39m[48;2;24;38;30m [38;2;192;197;206m    [38;2;180;142;173mfor[38;2;192;197;206m i [38;2;192;197;206min[38;2;192;197;206m [38;2;208;135;112m0[38;2;192;197;206m..[38;2;208;135;112m16[38;2;192;197;206m [38;2;192;197;206m{[38;2;192;197;206m m[38;2;192;197;206m[[38;2;192;197;206mi[38;2;192;197;206m][38;2;192;197;206m [38;2;192;197;206m=[38;2;192;197;206m [38;2;150;181;180mu8to64[38;2;192;197;206m([38;2;192;197;206m&[38;2;192;197;206mblock[38;2;192;197;206m[[38;2;208;135;112m8[38;2;192;197;206m*[38;2;192;197;206mi[38;2;192;197;206m..[38;2;192;197;206m][38;2;192;197;206m)[38;2;192;197;206m;[38;2;192;197;206m [38;2;192;197;206m}[K
[0m[48;2;40;67;43m[39m+     66[0m:[39m[48;2;24;38;30m [K
[0m[48;2;40;67;43m[39m+     67[0m:[39m[48;2;24;38;30m [38;2;192;197;206m    [38;2;180;142;173mlet[38;2;192;197;206m [38;2;180;142;173mmut[38;2;192;197;206m v [38;2;192;197;206m=[38;2;192;197;206m [38;2;192;197;206m[[38;2;208;135;112m0[38;2;180;142;173mu64[38;2;192;197;206m;[38;2;192;197;206m [38;2;208;135;112m16[38;2;192;197;206m][38;2;192;197;206m;[K
[0m[48;2;40;67;43m[39m+     68[0m:[39m[48;2;24;38;30m [38;2;192;197;206m    v[38;2;192;197;206m[[38;2;192;197;206m..[38;2;208;135;112m8[38;2;192;197;206m][38;2;192;197;206m.[38;2;150;181;180mcopy_from_slice[38;2;192;197;206m([38;2;192;197;206m&[38;2;192;197;206ms.h[38;2;192;197;206m)[38;2;192;197;206m;[K
[0m[48;2;40;67;43m[39m+     69[0m:[39m[48;2;24;38;30m [38;2;192;197;206m    v[38;2;192;197;206m[[38;2;208;135;112m8[38;2;192;197;206m][38;2;192;197;206m [38;2;192;197;206m=[38;2;192;197;206m s.s[38;2;192;197;206m[[38;2;208;135;112m0[38;2;192;197;206m][38;2;192;197;206m [38;2;192;197;206m^[38;2;192;197;206m [38;2;208;135;112mCST512[38;2;192;197;206m[[38;2;208;135;112m0[38;2;192;197;206m][38;2;192;197;206m;[38;2;192;197;206m v[38;2;192;197;206m[[38;2;208;135;112m9[38;2;192;197;206m][38;2;192;197;206m [38;2;192;197;206m=[38;2;192;197;206m s.s[38;2;192;197;206m[[38;2;208;135;112m1[38;2;192;197;206m][38;2;192;197;206m [38;2;192;197;206m^[38;2;192;197;206m [38;2;208;135;112mCST512[38;2;192;197;206m[[38;2;208;135;112m1[38;2;192;197;206m][38;2;192;197;206m;[K
[0m[48;2;40;67;43m[39m+     70[0m:[39m[48;2;24;38;30m [38;2;192;197;206m    v[38;2;192;197;206m[[38;2;208;135;112m10[38;2;192;197;206m][38;2;192;197;206m [38;2;192;197;206m=[38;2;192;197;206m s.s[38;2;192;197;206m[[38;2;208;135;112m2[38;2;192;197;206m][38;2;192;197;206m [38;2;192;197;206m^[38;2;192;197;206m [38;2;208;135;112mCST512[38;2;192;197;206m[[38;2;208;135;112m2[38;2;192;197;206m][38;2;192;197;206m;[38;2;192;197;206m v[38;2;192;197;206m[[38;2;208;135;112m11[38;2;192;197;206m][38;2;192;197;206m [38;2;192;197;206m=[38;2;192;197;206m s.s[38;2;192;197;206m[[38;2;208;135;112m3[38;2;192;197;206m][38;2;192;197;206m [38;2;192;197;206m^[38;2;192;197;206m [38;2;208;135;112mCST512[38;2;192;197;206m[[38;2;208;135;112m3[38;2;192;197;206m][38;2;192;197;206m;[K
[0m[48;2;40;67;43m[39m+     71[0m:[39m[48;2;24;38;30m [38;2;192;197;206m    v[38;2;192;197;206m[[38;2;208;135;112m12[38;2;192;197;206m][38;2;192;197;206m [38;2;192;197;206m=[38;2;192;197;206m [38;2;208;135;112mCST512[38;2;192;197;206m[[38;2;208;135;112m4[38;2;192;197;206m][38;2;192;197;206m;[38;2;192;197;206m v[38;2;192;197;206m[[38;2;208;135;112m13[38;2;192;197;206m][38;2;192;197;206m [38;2;192;197;206m=[38;2;192;197;206m [38;2;208;135;112mCST512[38;2;192;197;206m[[38;2;208;135;112m5[38;2;192;197;206m][38;2;192;197;206m;[38;2;192;197;206m v[38;2;192;197;206m[[38;2;208;135;112m14[38;2;192;197;206m][38;2;192;197;206m [38;2;192;197;206m=[38;2;192;197;206m [38;2;208;135;112mCST512[38;2;192;197;206m[[38;2;208;135;112m6[38;2;192;197;206m][38;2;192;197;206m;[38;2;192;197;206m v[38;2;192;197;206m[[38;2;208;135;112m15[38;2;192;197;206m][38;2;192;197;206m [38;2;192;197;206m=[38;2;192;197;206m [38;2;208;135;112mCST512[38;2;192;197;206m[[38;2;208;135;112m7[38;2;192;197;206m][38;2;192;197;206m;[K
[0m[48;2;40;67;43m[39m+     72[0m:[39m[48;2;24;38;30m [K
[0m[48;2;40;67;43m[39m+     73[0m:[39m[48;2;24;38;30m [38;2;192;197;206m    [38;2;180;142;173mif[38;2;192;197;206m s.nullt [38;2;192;197;206m=[38;2;192;197;206m=[38;2;192;197;206m [38;2;208;135;112m0[38;2;192;197;206m [38;2;192;197;206m{[K
[0m[48;2;40;67;43m[39m+     74[0m:[39m[48;2;24;38;30m [38;2;192;197;206m        v[38;2;192;197;206m[[38;2;208;135;112m12[38;2;192;197;206m][38;2;192;197;206m [38;2;192;197;206m^[38;2;192;197;206m=[38;2;192;197;206m s.t[38;2;192;197;206m[[38;2;208;135;112m0[38;2;192;197;206m][38;2;192;197;206m;[38;2;192;197;206m v[38;2;192;197;206m[[38;2;208;135;112m13[38;2;192;197;206m][38;2;192;197;206m [38;2;192;197;206m^[38;2;192;197;206m=[38;2;192;197;206m s.t[38;2;192;197;206m[[38;2;208;135;112m0[38;2;192;197;206m][38;2;192;197;206m;[K
[0m[48;2;40;67;43m[39m+     75[0m:[39m[48;2;24;38;30m [38;2;192;197;206m        v[38;2;192;197;206m[[38;2;208;135;112m14[38;2;192;197;206m][38;2;192;197;206m [38;2;192;197;206m^[38;2;192;197;206m=[38;2;192;197;206m s.t[38;2;192;197;206m[[38;2;208;135;112m1[38;2;192;197;206m][38;2;192;197;206m;[38;2;192;197;206m v[38;2;192;197;206m[[38;2;208;135;112m15[38;2;192;197;206m][38;2;192;197;206m [38;2;192;197;206m^[38;2;192;197;206m=[38;2;192;197;206m s.t[38;2;192;197;206m[[38;2;208;135;112m1[38;2;192;197;206m][38;2;192;197;206m;[K
[0m[48;2;40;67;43m[39m+     76[0m:[39m[48;2;24;38;30m [38;2;192;197;206m    [38;2;192;197;206m}[K
[0m[48;2;40;67;43m[39m+     77[0m:[39m[48;2;24;38;30m [K
[0m[48;2;40;67;43m[39m+     78[0m:[39m[48;2;24;38;30m [38;2;192;197;206m    [38;2;180;142;173mfor[38;2;192;197;206m round [38;2;192;197;206min[38;2;192;197;206m [38;2;208;135;112m0[38;2;192;197;206m..[38;2;208;135;112m16[38;2;192;197;206m [38;2;192;197;206m{[K
[0m[48;2;40;67;43m[39m+     79[0m:[39m[48;2;24;38;30m [38;2;192;197;206m        [38;2;180;142;173mlet[38;2;192;197;206m sg [38;2;192;197;206m=[38;2;192;197;206m [38;2;192;197;206m&[38;2;208;135;112mSIGMA[38;2;192;197;206m[[38;2;192;197;206mround [38;2;192;197;206m%[38;2;192;197;206m [38;2;208;135;112m10[38;2;192;197;206m][38;2;192;197;206m;[K
[0m[48;2;40;67;43m[39m+     80[0m:[39m[48;2;24;38;30m [38;2;192;197;206m        [38;2;150;181;180mg512[38;2;192;197;206m([38;2;192;197;206m&[38;2;180;142;173mmut[38;2;192;197;206m v[38;2;192;197;206m,[38;2;192;197;206m [38;2;208;135;112m0[38;2;192;197;206m,[38;2;208;135;112m4[38;2;192;197;206m,[38;2;208;135;112m8[38;2;192;197;206m,[38;2;208;135;112m12[38;2;192;197;206m,[38;2;192;197;206m m[38;2;192;197;206m[[38;2;192;197;206msg[38;2;192;197;206m[[38;2;208;135;112m0[38;2;192;197;206m][38;2;192;197;206m][38;2;192;197;206m [38;2;192;197;206m^[38;2;192;197;206m [38;2;208;135;112mCST512[38;2;192;197;206m[[38;2;192;197;206msg[38;2;192;197;206m[[38;2;208;135;112m1[38;2;192;197;206m][38;2;192;197;206m][38;2;192;197;206m,[38;2;192;197;206m m[38;2;192;197;206m[[38;2;192;197;206msg[38;2;192;197;206m[[38;2;208;135;112m1[38;2;192;197;206m][38;2;192;197;206m][38;2;192;197;206m [38;2;192;197;206m^[38;2;192;197;206m [38;2;208;135;112mCST512[38;2;192;197;206m[[38;2;192;197;206msg[38;2;192;197;206m[[38;2;208;135;112m0[38;2;192;197;206m][38;2;192;197;206m][38;2;192;197;206m)[38;2;192;197;206m;[K
[0m[48;2;40;67;43m[39m+     81[0m:[39m[48;2;24;38;30m [38;2;192;197;206m        [38;2;150;181;180mg512[38;2;192;197;206m([38;2;192;197;206m&[38;2;180;142;173mmut[38;2;192;197;206m v[38;2;192;197;206m,[38;2;192;197;206m [38;2;208;135;112m1[38;2;192;197;206m,[38;2;208;135;112m5[38;2;192;197;206m,[38;2;208;135;112m9[38;2;192;197;206m,[38;2;208;135;112m13[38;2;192;197;206m,[38;2;192;197;206m m[38;2;192;197;206m[[38;2;192;197;206msg[38;2;192;197;206m[[38;2;208;135;112m2[38;2;192;197;206m][38;2;192;197;206m][38;2;192;197;206m [38;2;192;197;206m^[38;2;192;197;206m [38;2;208;135;112mCST512[38;2;192;197;206m[[38;2;192;197;206msg[38;2;192;197;206m[[38;2;208;135;112m3[38;2;192;197;206m][38;2;192;197;206m][38;2;192;197;206m,[38;2;192;197;206m m[38;2;192;197;206m[[38;2;192;197;206msg[38;2;192;197;206m[[38;2;208;135;112m3[38;2;192;197;206m][38;2;192;197;206m][38;2;192;197;206m [38;2;192;197;206m^[38;2;192;197;206m [38;2;208;135;112mCST512[38;2;192;197;206m[[38;2;192;197;206msg[38;2;192;197;206m[[38;2;208;135;112m2[38;2;192;197;206m][38;2;192;197;206m][38;2;192;197;206m)[38;2;192;197;206m;[K
[0m[48;2;40;67;43m[39m+     82[0m:[39m[48;2;24;38;30m [38;2;192;197;206m        [38;2;150;181;180mg512[38;2;192;197;206m([38;2;192;197;206m&[38;2;180;142;173mmut[38;2;192;197;206m v[38;2;192;197;206m,[38;2;192;197;206m [38;2;208;135;112m2[38;2;192;197;206m,[38;2;208;135;112m6[38;2;192;197;206m,[38;2;208;135;112m10[38;2;192;197;206m,[38;2;208;135;112m14[38;2;192;197;206m,[38;2;192;197;206m m[38;2;192;197;206m[[38;2;192;197;206msg[38;2;192;197;206m[[38;2;208;135;112m4[38;2;192;197;206m][38;2;192;197;206m][38;2;192;197;206m [38;2;192;197;206m^[38;2;192;197;206m [38;2;208;135;112mCST512[38;2;192;197;206m[[38;2;192;197;206msg[38;2;192;197;206m[[38;2;208;135;112m5[38;2;192;197;206m][38;2;192;197;206m][38;2;192;197;206m,[38;2;192;197;206m m[38;2;192;197;206m[[38;2;192;197;206msg[38;2;192;197;206m[[38;2;208;135;112m5[38;2;192;197;206m][38;2;192;197;206m][38;2;192;197;206m [38;2;192;197;206m^[38;2;192;197;206m [38;2;208;135;112mCST512[38;2;192;197;206m[[38;2;192;197;206msg[38;2;192;197;206m[[38;2;208;135;112m4[38;2;192;197;206m][38;2;192;197;206m][38;2;192;197;206m)[38;2;192;197;206m;[K
[0m[48;2;40;67;43m[39m+     83[0m:[39m[48;2;24;38;30m [38;2;192;197;206m        [38;2;150;181;180mg512[38;2;192;197;206m([38;2;192;197;206m&[38;2;180;142;173mmut[38;2;192;197;206m v[38;2;192;197;206m,[38;2;192;197;206m [38;2;208;135;112m3[38;2;192;197;206m,[38;2;208;135;112m7[38;2;192;197;206m,[38;2;208;135;112m11[38;2;192;197;206m,[38;2;208;135;112m15[38;2;192;197;206m,[38;2;192;197;206m m[38;2;192;197;206m[[38;2;192;197;206msg[38;2;192;197;206m[[38;2;208;135;112m6[38;2;192;197;206m][38;2;192;197;206m][38;2;192;197;206m [38;2;192;197;206m^[38;2;192;197;206m [38;2;208;135;112mCST512[38;2;192;197;206m[[38;2;192;197;206msg[38;2;192;197;206m[[38;2;208;135;112m7[38;2;192;197;206m][38;2;192;197;206m][38;2;192;197;206m,[38;2;192;197;206m m[38;2;192;197;206m[[38;2;192;197;206msg[38;2;192;197;206m[[38;2;208;135;112m7[38;2;192;197;206m][38;2;192;197;206m][38;2;192;197;206m [38;2;192;197;206m^[38;2;192;197;206m [38;2;208;135;112mCST512[38;2;192;197;206m[[38;2;192;197;206msg[38;2;192;197;206m[[38;2;208;135;112m6[38;2;192;197;206m][38;2;192;197;206m][38;2;192;197;206m)[38;2;192;197;206m;[K
[0m[48;2;40;67;43m[39m+     84[0m:[39m[48;2;24;38;30m [38;2;192;197;206m        [38;2;150;181;180mg512[38;2;192;197;206m([38;2;192;197;206m&[38;2;180;142;173mmut[38;2;192;197;206m v[38;2;192;197;206m,[38;2;192;197;206m [38;2;208;135;112m0[38;2;192;197;206m,[38;2;208;135;112m5[38;2;192;197;206m,[38;2;208;135;112m10[38;2;192;197;206m,[38;2;208;135;112m15[38;2;192;197;206m,[38;2;192;197;206m m[38;2;192;197;206m[[38;2;192;197;206msg[38;2;192;197;206m[[38;2;208;135;112m8[38;2;192;197;206m][38;2;192;197;206m][38;2;192;197;206m [38;2;192;197;206m^[38;2;192;197;206m [38;2;208;135;112mCST512[38;2;192;197;206m[[38;2;192;197;206msg[38;2;192;197;206m[[38;2;208;135;112m9[38;2;192;197;206m][38;2;192;197;206m][38;2;192;197;206m,[38;2;192;197;206m m[38;2;192;197;206m[[38;2;192;197;206msg[38;2;192;197;206m[[38;2;208;135;112m9[38;2;192;197;206m][38;2;192;197;206m][38;2;192;197;206m [38;2;192;197;206m^[38;2;192;197;206m [38;2;208;135;112mCST512[38;2;192;197;206m[[38;2;192;197;206msg[38;2;192;197;206m[[38;2;208;135;112m8[38;2;192;197;206m][38;2;192;197;206m][38;2;192;197;206m)[38;2;192;197;206m;[K
[0m[48;2;40;67;43m[39m+     85[0m:[39m[48;2;24;38;30m [38;2;192;197;206m        [38;2;150;181;180mg512[38;2;192;197;206m([38;2;192;197;206m&[38;2;180;142;173mmut[38;2;192;197;206m v[38;2;192;197;206m,[38;2;192;197;206m [38;2;208;135;112m1[38;2;192;197;206m,[38;2;208;135;112m6[38;2;192;197;206m,[38;2;208;135;112m11[38;2;192;197;206m,[38;2;208;135;112m12[38;2;192;197;206m,[38;2;192;197;206m m[38;2;192;197;206m[[38;2;192;197;206msg[38;2;192;197;206m[[38;2;208;135;112m10[38;2;192;197;206m][38;2;192;197;206m][38;2;192;197;206m [38;2;192;197;206m^[38;2;192;197;206m [38;2;208;135;112mCST512[38;2;192;197;206m[[38;2;192;197;206msg[38;2;192;197;206m[[38;2;208;135;112m11[38;2;192;197;206m][38;2;192;197;206m][38;2;192;197;206m,[38;2;192;197;206m m[38;2;192;197;206m[[38;2;192;197;206msg[38;2;192;197;206m[[38;2;208;135;112m11[38;2;192;197;206m][38;2;192;197;206m][38;2;192;197;206m [38;2;192;197;206m^[38;2;192;197;206m [38;2;208;135;112mCST512[38;2;192;197;206m[[38;2;192;197;206msg[38;2;192;197;206m[[38;2;208;135;112m10[38;2;192;197;206m][38;2;192;197;206m][38;2;192;197;206m)[38;2;192;197;206m;[K
[0m[48;2;40;67;43m[39m+     86[0m:[39m[48;2;24;38;30m [38;2;192;197;206m        [38;2;150;181;180mg512[38;2;192;197;206m([38;2;192;197;206m&[38;2;180;142;173mmut[38;2;192;197;206m v[38;2;192;197;206m,[38;2;192;197;206m [38;2;208;135;112m2[38;2;192;197;206m,[38;2;208;135;112m7[38;2;192;197;206m,[38;2;208;135;112m8[38;2;192;197;206m,[38;2;208;135;112m13[38;2;192;197;206m,[38;2;192;197;206m m[38;2;192;197;206m[[38;2;192;197;206msg[38;2;192;197;206m[[38;2;208;135;112m12[38;2;192;197;206m][38;2;192;197;206m][38;2;192;197;206m [38;2;192;197;206m^[38;2;192;197;206m [38;2;208;135;112mCST512[38;2;192;197;206m[[38;2;192;197;206msg[38;2;192;197;206m[[38;2;208;135;112m13[38;2;192;197;206m][38;2;192;197;206m][38;2;192;197;206m,[38;2;192;197;206m m[38;2;192;197;206m[[38;2;192;197;206msg[38;2;192;197;206m[[38;2;208;135;112m13[38;2;192;197;206m][38;2;192;197;206m][38;2;192;197;206m [38;2;192;197;206m^[38;2;192;197;206m [38;2;208;135;112mCST512[38;2;192;197;206m[[38;2;192;197;206msg[38;2;192;197;206m[[38;2;208;135;112m12[38;2;192;197;206m][38;2;192;197;206m][38;2;192;197;206m)[38;2;192;197;206m;[K
[0m[48;2;40;67;43m[39m+     87[0m:[39m[48;2;24;38;30m [38;2;192;197;206m        [38;2;150;181;180mg512[38;2;192;197;206m([38;2;192;197;206m&[38;2;180;142;173mmut[38;2;192;197;206m v[38;2;192;197;206m,[38;2;192;197;206m [38;2;208;135;112m3[38;2;192;197;206m,[38;2;208;135;112m4[38;2;192;197;206m,[38;2;208;135;112m9[38;2;192;197;206m,[38;2;208;135;112m14[38;2;192;197;206m,[38;2;192;197;206m m[38;2;192;197;206m[[38;2;192;197;206msg[38;2;192;197;206m[[38;2;208;135;112m14[38;2;192;197;206m][38;2;192;197;206m][38;2;192;197;206m [38;2;192;197;206m^[38;2;192;197;206m [38;2;208;135;112mCST512[38;2;192;197;206m[[38;2;192;197;206msg[38;2;192;197;206m[[38;2;208;135;112m15[38;2;192;197;206m][38;2;192;197;206m][38;2;192;197;206m,[38;2;192;197;206m m[38;2;192;197;206m[[38;2;192;197;206msg[38;2;192;197;206m[[38;2;208;135;112m15[38;2;192;197;206m][38;2;192;197;206m][38;2;192;197;206m [38;2;192;197;206m^[38;2;192;197;206m [38;2;208;135;112mCST512[38;2;192;197;206m[[38;2;192;197;206msg[38;2;192;197;206m[[38;2;208;135;112m14[38;2;192;197;206m][38;2;192;197;206m][38;2;192;197;206m)[38;2;192;197;206m;[K
[0m[48;2;40;67;43m[39m+     88[0m:[39m[48;2;24;38;30m [38;2;192;197;206m    [38;2;192;197;206m}[K
[0m[48;2;40;67;43m[39m+     89[0m:[39m[48;2;24;38;30m [K
[0m[48;2;40;67;43m[39m+     90[0m:[39m[48;2;24;38;30m [38;2;192;197;206m    [38;2;180;142;173mfor[38;2;192;197;206m i [38;2;192;197;206min[38;2;192;197;206m [38;2;208;135;112m0[38;2;192;197;206m..[38;2;208;135;112m8[38;2;192;197;206m [38;2;192;197;206m{[38;2;192;197;206m v[38;2;192;197;206m[[38;2;192;197;206mi[38;2;192;197;206m][38;2;192;197;206m [38;2;192;197;206m^[38;2;192;197;206m=[38;2;192;197;206m v[38;2;192;197;206m[[38;2;192;197;206mi[38;2;192;197;206m+[38;2;208;135;112m8[38;2;192;197;206m][38;2;192;197;206m;[38;2;192;197;206m [38;2;192;197;206m}[K
[0m[48;2;40;67;43m[39m+     91[0m:[39m[48;2;24;38;30m [38;2;192;197;206m    [38;2;180;142;173mfor[38;2;192;197;206m i [38;2;192;197;206min[38;2;192;197;206m [38;2;208;135;112m0[38;2;192;197;206m..[38;2;208;135;112m4[38;2;192;197;206m [38;2;192;197;206m{[38;2;192;197;206m v[38;2;192;197;206m[[38;2;192;197;206mi[38;2;192;197;206m][38;2;192;197;206m [38;2;192;197;206m^[38;2;192;197;206m=[38;2;192;197;206m s.s[38;2;192;197;206m[[38;2;192;197;206mi[38;2;192;197;206m][38;2;192;197;206m;[38;2;192;197;206m v[38;2;192;197;206m[[38;2;192;197;206mi[38;2;192;197;206m+[38;2;208;135;112m4[38;2;192;197;206m][38;2;192;197;206m [38;2;192;197;206m^[38;2;192;197;206m=[38;2;192;197;206m s.s[38;2;192;197;206m[[38;2;192;197;206mi[38;2;192;197;206m][38;2;192;197;206m;[38;2;192;197;206m [38;2;192;197;206m}[K
[0m[48;2;40;67;43m[39m+     92[0m:[39m[48;2;24;38;30m [38;2;192;197;206m    [38;2;180;142;173mfor[38;2;192;197;206m i [38;2;192;197;206min[38;2;192;197;206m [38;2;208;135;112m0[38;2;192;197;206m..[38;2;208;135;112m8[38;2;192;197;206m [38;2;192;197;206m{[38;2;192;197;206m s.h[38;2;192;197;206m[[38;2;192;197;206mi[38;2;192;197;206m][38;2;192;197;206m [38;2;192;197;206m^[38;2;192;197;206m=[38;2;192;197;206m v[38;2;192;197;206m[[38;2;192;197;206mi[38;2;192;197;206m][38;2;192;197;206m;[38;2;192;197;206m [38;2;192;197;206m}[K
[0m[48;2;40;67;43m[39m+     93[0m:[39m[48;2;24;38;30m [38;2;192;197;206m}[K
[0m[48;2;40;67;43m[39m+     94[0m:[39m[48;2;24;38;30m [K
[0m[48;2;40;67;43m[39m+     95[0m:[39m[48;2;24;38;30m [38;2;192;197;206m#[38;2;192;197;206m[[38;2;191;97;106minline[38;2;192;197;206m([38;2;192;197;206malways[38;2;192;197;206m)[38;2;192;197;206m][K
[0m[48;2;40;67;43m[39m+     96[0m:[39m[48;2;24;38;30m [38;2;180;142;173mfn[38;2;192;197;206m [38;2;143;161;179mg512[38;2;192;197;206m([38;2;191;97;106mv[38;2;192;197;206m:[38;2;192;197;206m [38;2;192;197;206m&[38;2;180;142;173mmut[38;2;192;197;206m [[38;2;180;142;173mu64[38;2;192;197;206m; 16], [38;2;191;97;106ma[38;2;192;197;206m:[38;2;192;197;206m [38;2;180;142;173musize[38;2;192;197;206m, [38;2;191;97;106mb[38;2;192;197;206m:[38;2;192;197;206m [38;2;180;142;173musize[38;2;192;197;206m, [38;2;191;97;106mc[38;2;192;197;206m:[38;2;192;197;206m [38;2;180;142;173musize[38;2;192;197;206m, [38;2;191;97;106md[38;2;192;197;206m:[38;2;192;197;206m [38;2;180;142;173musize[38;2;192;197;206m, [38;2;191;97;106mmx0[38;2;192;197;206m:[38;2;192;197;206m [38;2;180;142;173mu64[38;2;192;197;206m, [38;2;191;97;106mmx1[38;2;192;197;206m:[38;2;192;197;206m [38;2;180;142;173mu64[38;2;192;197;206m)[38;2;192;197;206m [38;2;192;197;206m{[K
[0m[48;2;40;67;43m[39m+     97[0m:[39m[48;2;24;38;30m [38;2;192;197;206m    v[38;2;192;197;206m[[38;2;192;197;206ma[38;2;192;197;206m][38;2;192;197;206m [38;2;192;197;206m=[38;2;192;197;206m v[38;2;192;197;206m[[38;2;192;197;206ma[38;2;192;197;206m][38;2;192;197;206m.[38;2;150;181;180mwrapping_add[38;2;192;197;206m([38;2;192;197;206mmx0[38;2;192;197;206m)[38;2;192;197;206m.[38;2;150;181;180mwrapping_add[38;2;192;197;206m([38;2;192;197;206mv[38;2;192;197;206m[[38;2;192;197;206mb[38;2;192;197;206m][38;2;192;197;206m)[38;2;192;197;206m;[K
[0m[48;2;40;67;43m[39m+     98[0m:[39m[48;2;24;38;30m [38;2;192;197;206m    v[38;2;192;197;206m[[38;2;192;197;206md[38;2;192;197;206m][38;2;192;197;206m [38;2;192;197;206m=[38;2;192;197;206m [38;2;192;197;206m([38;2;192;197;206mv[38;2;192;197;206m[[38;2;192;197;206md[38;2;192;197;206m][38;2;192;197;206m [38;2;192;197;206m^[38;2;192;197;206m v[38;2;192;197;206m[[38;2;192;197;206ma[38;2;192;197;206m][38;2;192;197;206m)[38;2;192;197;206m.[38;2;150;181;180mrotate_right[38;2;192;197;206m([38;2;208;135;112m32[38;2;192;197;206m)[38;2;192;197;206m;[K
[0m[48;2;40;67;43m[39m+     99[0m:[39m[48;2;24;38;30m [38;2;192;197;206m    v[38;2;192;197;206m[[38;2;192;197;206mc[38;2;192;197;206m][38;2;192;197;206m [38;2;192;197;206m=[38;2;192;197;206m v[38;2;192;197;206m[[38;2;192;197;206mc[38;2;192;197;206m][38;2;192;197;206m.[38;2;150;181;180mwrapping_add[38;2;192;197;206m([38;2;192;197;206mv[38;2;192;197;206m[[38;2;192;197;206md[38;2;192;197;206m][38;2;192;197;206m)[38;2;192;197;206m;[K
[0m[48;2;40;67;43m[39m+    100[0m:[39m[48;2;24;38;30m [38;2;192;197;206m    v[38;2;192;197;206m[[38;2;192;197;206mb[38;2;192;197;206m][38;2;192;197;206m [38;2;192;197;206m=[38;2;192;197;206m [38;2;192;197;206m([38;2;192;197;206mv[38;2;192;197;206m[[38;2;192;197;206mb[38;2;192;197;206m][38;2;192;197;206m [38;2;192;197;206m^[38;2;192;197;206m v[38;2;192;197;206m[[38;2;192;197;206mc[38;2;192;197;206m][38;2;192;197;206m)[38;2;192;197;206m.[38;2;150;181;180mrotate_right[38;2;192;197;206m([38;2;208;135;112m25[38;2;192;197;206m)[38;2;192;197;206m;[K
[0m[48;2;40;67;43m[39m+    101[0m:[39m[48;2;24;38;30m [38;2;192;197;206m    v[38;2;192;197;206m[[38;2;192;197;206ma[38;2;192;197;206m][38;2;192;197;206m [38;2;192;197;206m=[38;2;192;197;206m v[38;2;192;197;206m[[38;2;192;197;206ma[38;2;192;197;206m][38;2;192;197;206m.[38;2;150;181;180mwrapping_add[38;2;192;197;206m([38;2;192;197;206mmx1[38;2;192;197;206m)[38;2;192;197;206m.[38;2;150;181;180mwrapping_add[38;2;192;197;206m([38;2;192;197;206mv[38;2;192;197;206m[[38;2;192;197;206mb[38;2;192;197;206m][38;2;192;197;206m)[38;2;192;197;206m;[K
[0m[48;2;40;67;43m[39m+    102[0m:[39m[48;2;24;38;30m [38;2;192;197;206m    v[38;2;192;197;206m[[38;2;192;197;206md[38;2;192;197;206m][38;2;192;197;206m [38;2;192;197;206m=[38;2;192;197;206m [38;2;192;197;206m([38;2;192;197;206mv[38;2;192;197;206m[[38;2;192;197;206md[38;2;192;197;206m][38;2;192;197;206m [38;2;192;197;206m^[38;2;192;197;206m v[38;2;192;197;206m[[38;2;192;197;206ma[38;2;192;197;206m][38;2;192;197;206m)[38;2;192;197;206m.[38;2;150;181;180mrotate_right[38;2;192;197;206m([38;2;208;135;112m16[38;2;192;197;206m)[38;2;192;197;206m;[K
[0m[48;2;40;67;43m[39m+    103[0m:[39m[48;2;24;38;30m [38;2;192;197;206m    v[38;2;192;197;206m[[38;2;192;197;206mc[38;2;192;197;206m][38;2;192;197;206m [38;2;192;197;206m=[38;2;192;197;206m v[38;2;192;197;206m[[38;2;192;197;206mc[38;2;192;197;206m][38;2;192;197;206m.[38;2;150;181;180mwrapping_add[38;2;192;197;206m([38;2;192;197;206mv[38;2;192;197;206m[[38;2;192;197;206md[38;2;192;197;206m][38;2;192;197;206m)[38;2;192;197;206m;[K
[0m[48;2;40;67;43m[39m+    104[0m:[39m[48;2;24;38;30m [38;2;192;197;206m    v[38;2;192;197;206m[[38;2;192;197;206mb[38;2;192;197;206m][38;2;192;197;206m [38;2;192;197;206m=[38;2;192;197;206m [38;2;192;197;206m([38;2;192;197;206mv[38;2;192;197;206m[[38;2;192;197;206mb[38;2;192;197;206m][38;2;192;197;206m [38;2;192;197;206m^[38;2;192;197;206m v[38;2;192;197;206m[[38;2;192;197;206mc[38;2;192;197;206m][38;2;192;197;206m)[38;2;192;197;206m.[38;2;150;181;180mrotate_right[38;2;192;197;206m([38;2;208;135;112m11[38;2;192;197;206m)[38;2;192;197;206m;[K
[0m[48;2;40;67;43m[39m+    105[0m:[39m[48;2;24;38;30m [38;2;192;197;206m}[K
[0m[48;2;40;67;43m[39m+    106[0m:[39m[48;2;24;38;30m [K
[0m[48;2;40;67;43m[39m+    107[0m:[39m[48;2;24;38;30m [38;2;180;142;173mpub[38;2;192;197;206m [38;2;180;142;173mfn[38;2;192;197;206m [38;2;143;161;179mblake512_update[38;2;192;197;206m([38;2;191;97;106ms[38;2;192;197;206m:[38;2;192;197;206m [38;2;192;197;206m&[38;2;180;142;173mmut[38;2;192;197;206m Blake512State, [38;2;191;97;106mdata[38;2;192;197;206m:[38;2;192;197;206m [38;2;192;197;206m&[38;2;192;197;206m[[38;2;180;142;173mu8[38;2;192;197;206m], [38;2;191;97;106mdatalen_bits[38;2;192;197;206m:[38;2;192;197;206m [38;2;180;142;173mu64[38;2;192;197;206m)[38;2;192;197;206m [38;2;192;197;206m{[K
[0m[48;2;40;67;43m[39m+    108[0m:[39m[48;2;24;38;30m [38;2;192;197;206m    [38;2;180;142;173mlet[38;2;192;197;206m [38;2;180;142;173mmut[38;2;192;197;206m data [38;2;192;197;206m=[38;2;192;197;206m data[38;2;192;197;206m;[K
[0m[48;2;40;67;43m[39m+    109[0m:[39m[48;2;24;38;30m [38;2;192;197;206m    [38;2;180;142;173mlet[38;2;192;197;206m [38;2;180;142;173mmut[38;2;192;197;206m datalen [38;2;192;197;206m=[38;2;192;197;206m datalen_bits[38;2;192;197;206m;[K
[0m[48;2;40;67;43m[39m+    110[0m:[39m[48;2;24;38;30m [38;2;192;197;206m    [38;2;180;142;173mlet[38;2;192;197;206m left [38;2;192;197;206m=[38;2;192;197;206m [38;2;192;197;206m([38;2;192;197;206ms.buflen [38;2;192;197;206m>[38;2;192;197;206m>[38;2;192;197;206m [38;2;208;135;112m3[38;2;192;197;206m)[38;2;192;197;206m [38;2;192;197;206mas[38;2;192;197;206m [38;2;180;142;173musize[38;2;192;197;206m;[K
[0m[48;2;40;67;43m[39m+    111[0m:[39m[48;2;24;38;30m [38;2;192;197;206m    [38;2;180;142;173mlet[38;2;192;197;206m fill [38;2;192;197;206m=[38;2;192;197;206m [38;2;208;135;112m128[38;2;192;197;206m [38;2;192;197;206m-[38;2;192;197;206m left[38;2;192;197;206m;[K
[0m[48;2;40;67;43m[39m+    112[0m:[39m[48;2;24;38;30m [K
[0m[48;2;40;67;43m[39m+    113[0m:[39m[48;2;24;38;30m [38;2;192;197;206m    [38;2;180;142;173mif[38;2;192;197;206m left [38;2;192;197;206m![38;2;192;197;206m=[38;2;192;197;206m [38;2;208;135;112m0[38;2;192;197;206m [38;2;192;197;206m&[38;2;192;197;206m&[38;2;192;197;206m [38;2;192;197;206m([38;2;192;197;206m([38;2;192;197;206mdatalen [38;2;192;197;206m>[38;2;192;197;206m>[38;2;192;197;206m [38;2;208;135;112m3[38;2;192;197;206m)[38;2;192;197;206m [38;2;192;197;206m&[38;2;192;197;206m [38;2;208;135;112m0x7F[38;2;192;197;206m)[38;2;192;197;206m [38;2;192;197;206m>[38;2;192;197;206m=[38;2;192;197;206m fill [38;2;192;197;206mas[38;2;192;197;206m [38;2;180;142;173mu64[38;2;192;197;206m [38;2;192;197;206m{[K
[0m[48;2;40;67;43m[39m+    114[0m:[39m[48;2;24;38;30m [38;2;192;197;206m        s.buf[38;2;192;197;206m[[38;2;192;197;206mleft[38;2;192;197;206m..[38;2;192;197;206mleft[38;2;192;197;206m+[38;2;192;197;206mfill[38;2;192;197;206m][38;2;192;197;206m.[38;2;150;181;180mcopy_from_slice[38;2;192;197;206m([38;2;192;197;206m&[38;2;192;197;206mdata[38;2;192;197;206m[[38;2;192;197;206m..[38;2;192;197;206mfill[38;2;192;197;206m][38;2;192;197;206m)[38;2;192;197;206m;[K
[0m[48;2;40;67;43m[39m+    115[0m:[39m[48;2;24;38;30m [38;2;192;197;206m        s.t[38;2;192;197;206m[[38;2;208;135;112m0[38;2;192;197;206m][38;2;192;197;206m [38;2;192;197;206m=[38;2;192;197;206m s.t[38;2;192;197;206m[[38;2;208;135;112m0[38;2;192;197;206m][38;2;192;197;206m.[38;2;150;181;180mwrapping_add[38;2;192;197;206m([38;2;208;135;112m1024[38;2;192;197;206m)[38;2;192;197;206m;[K
[0m[48;2;40;67;43m[39m+    116[0m:[39m[48;2;24;38;30m [38;2;192;197;206m        [38;2;150;181;180mblake512_compress[38;2;192;197;206m([38;2;192;197;206ms[38;2;192;197;206m,[38;2;192;197;206m [38;2;192;197;206m&[38;2;192;197;206ms.buf.[38;2;150;181;180mclone[38;2;192;197;206m([38;2;192;197;206m)[38;2;192;197;206m)[38;2;192;197;206m;[K
[0m[48;2;40;67;43m[39m+    117[0m:[39m[48;2;24;38;30m [38;2;192;197;206m        data [38;2;192;197;206m=[38;2;192;197;206m [38;2;192;197;206m&[38;2;192;197;206mdata[38;2;192;197;206m[[38;2;192;197;206mfill[38;2;192;197;206m..[38;2;192;197;206m][38;2;192;197;206m;[K
[0m[48;2;40;67;43m[39m+    118[0m:[39m[48;2;24;38;30m [38;2;192;197;206m        datalen [38;2;192;197;206m-[38;2;192;197;206m=[38;2;192;197;206m [38;2;192;197;206m([38;2;192;197;206mfill [38;2;192;197;206mas[38;2;192;197;206m [38;2;180;142;173mu64[38;2;192;197;206m)[38;2;192;197;206m [38;2;192;197;206m<[38;2;192;197;206m<[38;2;192;197;206m [38;2;208;135;112m3[38;2;192;197;206m;[K
[0m[48;2;40;67;43m[39m+    119[0m:[39m[48;2;24;38;30m [38;2;192;197;206m    [38;2;192;197;206m}[K
[0m[48;2;40;67;43m[39m+    120[0m:[39m[48;2;24;38;30m [K
[0m[48;2;40;67;43m[39m+    121[0m:[39m[48;2;24;38;30m [38;2;192;197;206m    [38;2;180;142;173mwhile[38;2;192;197;206m datalen [38;2;192;197;206m>[38;2;192;197;206m=[38;2;192;197;206m [38;2;208;135;112m1024[38;2;192;197;206m [38;2;192;197;206m{[K
[0m[48;2;40;67;43m[39m+    122[0m:[39m[48;2;24;38;30m [38;2;192;197;206m        s.t[38;2;192;197;206m[[38;2;208;135;112m0[38;2;192;197;206m][38;2;192;197;206m [38;2;192;197;206m=[38;2;192;197;206m s.t[38;2;192;197;206m[[38;2;208;135;112m0[38;2;192;197;206m][38;2;192;197;206m.[38;2;150;181;180mwrapping_add[38;2;192;197;206m([38;2;208;135;112m1024[38;2;192;197;206m)[38;2;192;197;206m;[K
[0m[48;2;40;67;43m[39m+    123[0m:[39m[48;2;24;38;30m [38;2;192;197;206m        [38;2;150;181;180mblake512_compress[38;2;192;197;206m([38;2;192;197;206ms[38;2;192;197;206m,[38;2;192;197;206m data[38;2;192;197;206m)[38;2;192;197;206m;[K
[0m[48;2;40;67;43m[39m+    124[0m:[39m[48;2;24;38;30m [38;2;192;197;206m        data [38;2;192;197;206m=[38;2;192;197;206m [38;2;192;197;206m&[38;2;192;197;206mdata[38;2;192;197;206m[[38;2;208;135;112m128[38;2;192;197;206m..[38;2;192;197;206m][38;2;192;197;206m;[K
[0m[48;2;40;67;43m[39m+    125[0m:[39m[48;2;24;38;30m [38;2;192;197;206m        datalen [38;2;192;197;206m-[38;2;192;197;206m=[38;2;192;197;206m [38;2;208;135;112m1024[38;2;192;197;206m;[K
[0m[48;2;40;67;43m[39m+    126[0m:[39m[48;2;24;38;30m [38;2;192;197;206m    [38;2;192;197;206m}[K
[0m[48;2;40;67;43m[39m+    127[0m:[39m[48;2;24;38;30m [K
[0m[48;2;40;67;43m[39m+    128[0m:[39m[48;2;24;38;30m [38;2;192;197;206m    [38;2;180;142;173mif[38;2;192;197;206m datalen [38;2;192;197;206m>[38;2;192;197;206m [38;2;208;135;112m0[38;2;192;197;206m [38;2;192;197;206m{[K
[0m[48;2;40;67;43m[39m+    129[0m:[39m[48;2;24;38;30m [38;2;192;197;206m        [38;2;180;142;173mlet[38;2;192;197;206m new_left [38;2;192;197;206m=[38;2;192;197;206m [38;2;180;142;173mif[38;2;192;197;206m left [38;2;192;197;206m![38;2;192;197;206m=[38;2;192;197;206m [38;2;208;135;112m0[38;2;192;197;206m [38;2;192;197;206m&[38;2;192;197;206m&[38;2;192;197;206m [38;2;192;197;206m([38;2;192;197;206m([38;2;192;197;206mdatalen_bits [38;2;192;197;206m>[38;2;192;197;206m>[38;2;192;197;206m [38;2;208;135;112m3[38;2;192;197;206m)[38;2;192;197;206m [38;2;192;197;206m&[38;2;192;197;206m [38;2;208;135;112m0x7F[38;2;192;197;206m)[38;2;192;197;206m [38;2;192;197;206m>[38;2;192;197;206m=[38;2;192;197;206m fill [38;2;192;197;206mas[38;2;192;197;206m [38;2;180;142;173mu64[38;2;192;197;206m [38;2;192;197;206m{[38;2;192;197;206m [38;2;208;135;112m0[38;2;192;197;206m [38;2;192;197;206m}[38;2;192;197;206m [38;2;180;142;173melse[38;2;192;197;206m [38;2;192;197;206m{[38;2;192;197;206m left [38;2;192;197;206m}[38;2;192;197;206m;[K
[0m[48;2;40;67;43m[39m+    130[0m:[39m[48;2;24;38;30m [38;2;192;197;206m        [38;2;180;142;173mlet[38;2;192;197;206m bytes [38;2;192;197;206m=[38;2;192;197;206m [38;2;192;197;206m([38;2;192;197;206m([38;2;192;197;206mdatalen [38;2;192;197;206m>[38;2;192;197;206m>[38;2;192;197;206m [38;2;208;135;112m3[38;2;192;197;206m)[38;2;192;197;206m [38;2;192;197;206m&[38;2;192;197;206m [38;2;208;135;112m0x7F[38;2;192;197;206m)[38;2;192;197;206m [38;2;192;197;206mas[38;2;192;197;206m [38;2;180;142;173musize[38;2;192;197;206m;[K
[0m[48;2;40;67;43m[39m+    131[0m:[39m[48;2;24;38;30m [38;2;192;197;206m        s.buf[38;2;192;197;206m[[38;2;192;197;206mnew_left[38;2;192;197;206m..[38;2;192;197;206mnew_left[38;2;192;197;206m+[38;2;192;197;206mbytes[38;2;192;197;206m][38;2;192;197;206m.[38;2;150;181;180mcopy_from_slice[38;2;192;197;206m([38;2;192;197;206m&[38;2;192;197;206mdata[38;2;192;197;206m[[38;2;192;197;206m..[38;2;192;197;206mbytes[38;2;192;197;206m][38;2;192;197;206m)[38;2;192;197;206m;[K
[0m[48;2;40;67;43m[39m+    132[0m:[39m[48;2;24;38;30m [38;2;192;197;206m        s.buflen [38;2;192;197;206m=[38;2;192;197;206m [38;2;192;197;206m([38;2;192;197;206m([38;2;192;197;206mnew_left [38;2;192;197;206mas[38;2;192;197;206m [38;2;180;142;173mi32[38;2;192;197;206m)[38;2;192;197;206m [38;2;192;197;206m<[38;2;192;197;206m<[38;2;192;197;206m [38;2;208;135;112m3[38;2;192;197;206m)[38;2;192;197;206m [38;2;192;197;206m+[38;2;192;197;206m datalen [38;2;192;197;206mas[38;2;192;197;206m [38;2;180;142;173mi32[38;2;192;197;206m;[K
[0m[48;2;40;67;43m[39m+    133[0m:[39m[48;2;24;38;30m [38;2;192;197;206m    [38;2;192;197;206m}[38;2;192;197;206m [38;2;180;142;173melse[38;2;192;197;206m [38;2;192;197;206m{[K
[0m[48;2;40;67;43m[39m+    134[0m:[39m[48;2;24;38;30m [38;2;192;197;206m        s.buflen [38;2;192;197;206m=[38;2;192;197;206m [38;2;208;135;112m0[38;2;192;197;206m;[K
[0m[48;2;40;67;43m[39m+    135[0m:[39m[48;2;24;38;30m [38;2;192;197;206m    [38;2;192;197;206m}[K
[0m[48;2;40;67;43m[39m+    136[0m:[39m[48;2;24;38;30m [38;2;192;197;206m}[K
[0m[48;2;40;67;43m[39m+    137[0m:[39m[48;2;24;38;30m [K
[0m[48;2;40;67;43m[39m+    138[0m:[39m[48;2;24;38;30m [38;2;180;142;173mpub[38;2;192;197;206m [38;2;180;142;173mfn[38;2;192;197;206m [38;2;143;161;179mblake512_final[38;2;192;197;206m([38;2;191;97;106ms[38;2;192;197;206m:[38;2;192;197;206m [38;2;192;197;206m&[38;2;180;142;173mmut[38;2;192;197;206m Blake512State, [38;2;191;97;106mdigest[38;2;192;197;206m:[38;2;192;197;206m [38;2;192;197;206m&[38;2;180;142;173mmut[38;2;192;197;206m [[38;2;180;142;173mu8[38;2;192;197;206m][38;2;192;197;206m)[38;2;192;197;206m [38;2;192;197;206m{[K
[0m[48;2;40;67;43m[39m+    139[0m:[39m[48;2;24;38;30m [38;2;192;197;206m    [38;2;180;142;173mlet[38;2;192;197;206m padding[38;2;192;197;206m:[38;2;192;197;206m [38;2;192;197;206m[[38;2;180;142;173mu8[38;2;192;197;206m;[38;2;192;197;206m [38;2;208;135;112m129[38;2;192;197;206m][38;2;192;197;206m [38;2;192;197;206m=[38;2;192;197;206m [38;2;192;197;206m{[K
[0m[48;2;40;67;43m[39m+    140[0m:[39m[48;2;24;38;30m [38;2;192;197;206m        [38;2;180;142;173mlet[38;2;192;197;206m [38;2;180;142;173mmut[38;2;192;197;206m p [38;2;192;197;206m=[38;2;192;197;206m [38;2;192;197;206m[[38;2;208;135;112m0[38;2;180;142;173mu8[38;2;192;197;206m;[38;2;192;197;206m [38;2;208;135;112m129[38;2;192;197;206m][38;2;192;197;206m;[K
[0m[48;2;40;67;43m[39m+    141[0m:[39m[48;2;24;38;30m [38;2;192;197;206m        p[38;2;192;197;206m[[38;2;208;135;112m0[38;2;192;197;206m][38;2;192;197;206m [38;2;192;197;206m=[38;2;192;197;206m [38;2;208;135;112m0x80[38;2;192;197;206m;[K
[0m[48;2;40;67;43m[39m+    142[0m:[39m[48;2;24;38;30m [38;2;192;197;206m        p[K
[0m[48;2;40;67;43m[39m+    143[0m:[39m[48;2;24;38;30m [38;2;192;197;206m    [38;2;192;197;206m}[38;2;192;197;206m;[K
[0m[48;2;40;67;43m[39m+    144[0m:[39m[48;2;24;38;30m [K
[0m[48;2;40;67;43m[39m+    145[0m:[39m[48;2;24;38;30m [38;2;192;197;206m    [38;2;180;142;173mlet[38;2;192;197;206m [38;2;180;142;173mmut[38;2;192;197;206m msglen [38;2;192;197;206m=[38;2;192;197;206m [38;2;192;197;206m[[38;2;208;135;112m0[38;2;180;142;173mu8[38;2;192;197;206m;[38;2;192;197;206m [38;2;208;135;112m16[38;2;192;197;206m][38;2;192;197;206m;[K
[0m[48;2;40;67;43m[39m+    146[0m:[39m[48;2;24;38;30m [38;2;192;197;206m    [38;2;180;142;173mlet[38;2;192;197;206m zo[38;2;192;197;206m:[38;2;192;197;206m [38;2;180;142;173mu8[38;2;192;197;206m [38;2;192;197;206m=[38;2;192;197;206m [38;2;208;135;112m0x01[38;2;192;197;206m;[K
[0m[48;2;40;67;43m[39m+    147[0m:[39m[48;2;24;38;30m [38;2;192;197;206m    [38;2;180;142;173mlet[38;2;192;197;206m oo[38;2;192;197;206m:[38;2;192;197;206m [38;2;180;142;173mu8[38;2;192;197;206m [38;2;192;197;206m=[38;2;192;197;206m [38;2;208;135;112m0x81[38;2;192;197;206m;[K
[0m[48;2;40;67;43m[39m+    148[0m:[39m[48;2;24;38;30m [38;2;192;197;206m    [38;2;180;142;173mlet[38;2;192;197;206m lo [38;2;192;197;206m=[38;2;192;197;206m s.t[38;2;192;197;206m[[38;2;208;135;112m0[38;2;192;197;206m][38;2;192;197;206m.[38;2;150;181;180mwrapping_add[38;2;192;197;206m([38;2;192;197;206ms.buflen [38;2;192;197;206mas[38;2;192;197;206m [38;2;180;142;173mu64[38;2;192;197;206m)[38;2;192;197;206m;[K
[0m[48;2;40;67;43m[39m+    149[0m:[39m[48;2;24;38;30m [38;2;192;197;206m    [38;2;180;142;173mlet[38;2;192;197;206m [38;2;180;142;173mmut[38;2;192;197;206m hi [38;2;192;197;206m=[38;2;192;197;206m s.t[38;2;192;197;206m[[38;2;208;135;112m1[38;2;192;197;206m][38;2;192;197;206m;[K
[0m[48;2;40;67;43m[39m+    150[0m:[39m[48;2;24;38;30m [38;2;192;197;206m    [38;2;180;142;173mif[38;2;192;197;206m lo [38;2;192;197;206m<[38;2;192;197;206m s.buflen [38;2;192;197;206mas[38;2;192;197;206m [38;2;180;142;173mu64[38;2;192;197;206m [38;2;192;197;206m{[38;2;192;197;206m hi [38;2;192;197;206m=[38;2;192;197;206m hi.[38;2;150;181;180mwrapping_add[38;2;192;197;206m([38;2;208;135;112m1[38;2;192;197;206m)[38;2;192;197;206m;[38;2;192;197;206m [38;2;192;197;206m}[K
[0m[48;2;40;67;43m[39m+    151[0m:[39m[48;2;24;38;30m [38;2;192;197;206m    [38;2;150;181;180mu64to8[38;2;192;197;206m([38;2;192;197;206m&[38;2;180;142;173mmut[38;2;192;197;206m msglen[38;2;192;197;206m[[38;2;208;135;112m0[38;2;192;197;206m..[38;2;208;135;112m8[38;2;192;197;206m][38;2;192;197;206m,[38;2;192;197;206m hi[38;2;192;197;206m)[38;2;192;197;206m;[K
[0m[48;2;40;67;43m[39m+    152[0m:[39m[48;2;24;38;30m [38;2;192;197;206m    [38;2;150;181;180mu64to8[38;2;192;197;206m([38;2;192;197;206m&[38;2;180;142;173mmut[38;2;192;197;206m msglen[38;2;192;197;206m[[38;2;208;135;112m8[38;2;192;197;206m..[38;2;208;135;112m16[38;2;192;197;206m][38;2;192;197;206m,[38;2;192;197;206m lo[38;2;192;197;206m)[38;2;192;197;206m;[K
[0m[48;2;40;67;43m[39m+    153[0m:[39m[48;2;24;38;30m [K
[0m[48;2;40;67;43m[39m+    154[0m:[39m[48;2;24;38;30m [38;2;192;197;206m    [38;2;180;142;173mif[38;2;192;197;206m s.buflen [38;2;192;197;206m=[38;2;192;197;206m=[38;2;192;197;206m [38;2;208;135;112m888[38;2;192;197;206m [38;2;192;197;206m{[K
[0m[48;2;40;67;43m[39m+    155[0m:[39m[48;2;24;38;30m [38;2;192;197;206m        s.t[38;2;192;197;206m[[38;2;208;135;112m0[38;2;192;197;206m][38;2;192;197;206m [38;2;192;197;206m=[38;2;192;197;206m s.t[38;2;192;197;206m[[38;2;208;135;112m0[38;2;192;197;206m][38;2;192;197;206m.[38;2;150;181;180mwrapping_sub[38;2;192;197;206m([38;2;208;135;112m8[38;2;192;197;206m)[38;2;192;197;206m;[K
[0m[48;2;40;67;43m[39m+    156[0m:[39m[48;2;24;38;30m [38;2;192;197;206m        [38;2;150;181;180mblake512_update[38;2;192;197;206m([38;2;192;197;206ms[38;2;192;197;206m,[38;2;192;197;206m [38;2;192;197;206m&[38;2;192;197;206m[[38;2;192;197;206moo[38;2;192;197;206m][38;2;192;197;206m,[38;2;192;197;206m [38;2;208;135;112m8[38;2;192;197;206m)[38;2;192;197;206m;[K
[0m[48;2;40;67;43m[39m+    157[0m:[39m[48;2;24;38;30m [38;2;192;197;206m    [38;2;192;197;206m}[38;2;192;197;206m [38;2;180;142;173melse[38;2;192;197;206m [38;2;192;197;206m{[K
[0m[48;2;40;67;43m[39m+    158[0m:[39m[48;2;24;38;30m [38;2;192;197;206m        [38;2;180;142;173mif[38;2;192;197;206m s.buflen [38;2;192;197;206m<[38;2;192;197;206m [38;2;208;135;112m888[38;2;192;197;206m [38;2;192;197;206m{[K
[0m[48;2;40;67;43m[39m+    159[0m:[39m[48;2;24;38;30m [38;2;192;197;206m            [38;2;180;142;173mif[38;2;192;197;206m s.buflen [38;2;192;197;206m=[38;2;192;197;206m=[38;2;192;197;206m [38;2;208;135;112m0[38;2;192;197;206m [38;2;192;197;206m{[38;2;192;197;206m s.nullt [38;2;192;197;206m=[38;2;192;197;206m [38;2;208;135;112m1[38;2;192;197;206m;[38;2;192;197;206m [38;2;192;197;206m}[K
[0m[48;2;40;67;43m[39m+    160[0m:[39m[48;2;24;38;30m [38;2;192;197;206m            s.t[38;2;192;197;206m[[38;2;208;135;112m0[38;2;192;197;206m][38;2;192;197;206m [38;2;192;197;206m=[38;2;192;197;206m s.t[38;2;192;197;206m[[38;2;208;135;112m0[38;2;192;197;206m][38;2;192;197;206m.[38;2;150;181;180mwrapping_sub[38;2;192;197;206m([38;2;192;197;206m([38;2;208;135;112m888[38;2;192;197;206m [38;2;192;197;206m-[38;2;192;197;206m s.buflen[38;2;192;197;206m)[38;2;192;197;206m [38;2;192;197;206mas[38;2;192;197;206m [38;2;180;142;173mu64[38;2;192;197;206m)[38;2;192;197;206m;[K
[0m[48;2;40;67;43m[39m+    161[0m:[39m[48;2;24;38;30m [38;2;192;197;206m            [38;2;150;181;180mblake512_update[38;2;192;197;206m([38;2;192;197;206ms[38;2;192;197;206m,[38;2;192;197;206m [38;2;192;197;206m&[38;2;192;197;206mpadding[38;2;192;197;206m[[38;2;192;197;206m..[38;2;192;197;206m([38;2;208;135;112m888[38;2;192;197;206m [38;2;192;197;206m-[38;2;192;197;206m s.buflen[38;2;192;197;206m)[38;2;192;197;206m [38;2;192;197;206mas[38;2;192;197;206m [38;2;180;142;173musize[38;2;192;197;206m [38;2;192;197;206m/[38;2;192;197;206m [38;2;208;135;112m8[38;2;192;197;206m][38;2;192;197;206m,[38;2;192;197;206m [38;2;192;197;206m([38;2;208;135;112m888[38;2;192;197;206m [38;2;192;197;206m-[38;2;192;197;206m s.buflen[38;2;192;197;206m)[38;2;192;197;206m [38;2;192;197;206mas[38;2;192;197;206m [38;2;180;142;173mu64[38;2;192;197;206m)[38;2;192;197;206m;[K
[0m[48;2;40;67;43m[39m+    162[0m:[39m[48;2;24;38;30m [38;2;192;197;206m        [38;2;192;197;206m}[38;2;192;197;206m [38;2;180;142;173melse[38;2;192;197;206m [38;2;192;197;206m{[K
[0m[48;2;40;67;43m[39m+    163[0m:[39m[48;2;24;38;30m [38;2;192;197;206m            s.t[38;2;192;197;206m[[38;2;208;135;112m0[38;2;192;197;206m][38;2;192;197;206m [38;2;192;197;206m=[38;2;192;197;206m s.t[38;2;192;197;206m[[38;2;208;135;112m0[38;2;192;197;206m][38;2;192;197;206m.[38;2;150;181;180mwrapping_sub[38;2;192;197;206m([38;2;192;197;206m([38;2;208;135;112m1024[38;2;192;197;206m [38;2;192;197;206m-[38;2;192;197;206m s.buflen[38;2;192;197;206m)[38;2;192;197;206m [38;2;192;197;206mas[38;2;192;197;206m [38;2;180;142;173mu64[38;2;192;197;206m)[38;2;192;197;206m;[K
[0m[48;2;40;67;43m[39m+    164[0m:[39m[48;2;24;38;30m [38;2;192;197;206m            [38;2;150;181;180mblake512_update[38;2;192;197;206m([38;2;192;197;206ms[38;2;192;197;206m,[38;2;192;197;206m [38;2;192;197;206m&[38;2;192;197;206mpadding[38;2;192;197;206m[[38;2;192;197;206m..[38;2;192;197;206m([38;2;208;135;112m1024[38;2;192;197;206m [38;2;192;197;206m-[38;2;192;197;206m s.buflen[38;2;192;197;206m)[38;2;192;197;206m [38;2;192;197;206mas[38;2;192;197;206m [38;2;180;142;173musize[38;2;192;197;206m [38;2;192;197;206m/[38;2;192;197;206m [38;2;208;135;112m8[38;2;192;197;206m][38;2;192;197;206m,[38;2;192;197;206m [38;2;192;197;206m([38;2;208;135;112m1024[38;2;192;197;206m [38;2;192;197;206m-[38;2;192;197;206m s.buflen[38;2;192;197;206m)[38;2;192;197;206m [38;2;192;197;206mas[38;2;192;197;206m [38;2;180;142;173mu64[38;2;192;197;206m)[38;2;192;197;206m;[K
[0m[48;2;40;67;43m[39m+    165[0m:[39m[48;2;24;38;30m [38;2;192;197;206m            s.t[38;2;192;197;206m[[38;2;208;135;112m0[38;2;192;197;206m][38;2;192;197;206m [38;2;192;197;206m=[38;2;192;197;206m s.t[38;2;192;197;206m[[38;2;208;135;112m0[38;2;192;197;206m][38;2;192;197;206m.[38;2;150;181;180mwrapping_sub[38;2;192;197;206m([38;2;208;135;112m888[38;2;192;197;206m)[38;2;192;197;206m;[K
[0m[48;2;40;67;43m[39m+    166[0m:[39m[48;2;24;38;30m [38;2;192;197;206m            [38;2;150;181;180mblake512_update[38;2;192;197;206m([38;2;192;197;206ms[38;2;192;197;206m,[38;2;192;197;206m [38;2;192;197;206m&[38;2;192;197;206mpadding[38;2;192;197;206m[[38;2;208;135;112m1[38;2;192;197;206m..[38;2;208;135;112m1[38;2;192;197;206m [38;2;192;197;206m+[38;2;192;197;206m [38;2;208;135;112m888[38;2;192;197;206m/[38;2;208;135;112m8[38;2;192;197;206m][38;2;192;197;206m,[38;2;192;197;206m [38;2;208;135;112m888[38;2;192;197;206m)[38;2;192;197;206m;[K
[0m[48;2;40;67;43m[39m+    167[0m:[39m[48;2;24;38;30m [38;2;192;197;206m            s.nullt [38;2;192;197;206m=[38;2;192;197;206m [38;2;208;135;112m1[38;2;192;197;206m;[K
[0m[48;2;40;67;43m[39m+    168[0m:[39m[48;2;24;38;30m [38;2;192;197;206m        [38;2;192;197;206m}[K
[0m[48;2;40;67;43m[39m+    169[0m:[39m[48;2;24;38;30m [38;2;192;197;206m        [38;2;150;181;180mblake512_update[38;2;192;197;206m([38;2;192;197;206ms[38;2;192;197;206m,[38;2;192;197;206m [38;2;192;197;206m&[38;2;192;197;206m[[38;2;192;197;206mzo[38;2;192;197;206m][38;2;192;197;206m,[38;2;192;197;206m [38;2;208;135;112m8[38;2;192;197;206m)[38;2;192;197;206m;[K
[0m[48;2;40;67;43m[39m+    170[0m:[39m[48;2;24;38;30m [38;2;192;197;206m        s.t[38;2;192;197;206m[[38;2;208;135;112m0[38;2;192;197;206m][38;2;192;197;206m [38;2;192;197;206m=[38;2;192;197;206m s.t[38;2;192;197;206m[[38;2;208;135;112m0[38;2;192;197;206m][38;2;192;197;206m.[38;2;150;181;180mwrapping_sub[38;2;192;197;206m([38;2;208;135;112m8[38;2;192;197;206m)[38;2;192;197;206m;[K
[0m[48;2;40;67;43m[39m+    171[0m:[39m[48;2;24;38;30m [38;2;192;197;206m    [38;2;192;197;206m}[K
[0m[48;2;40;67;43m[39m+    172[0m:[39m[48;2;24;38;30m [38;2;192;197;206m    s.t[38;2;192;197;206m[[38;2;208;135;112m0[38;2;192;197;206m][38;2;192;197;206m [38;2;192;197;206m=[38;2;192;197;206m s.t[38;2;192;197;206m[[38;2;208;135;112m0[38;2;192;197;206m][38;2;192;197;206m.[38;2;150;181;180mwrapping_sub[38;2;192;197;206m([38;2;208;135;112m128[38;2;192;197;206m)[38;2;192;197;206m;[K
[0m[48;2;40;67;43m[39m+    173[0m:[39m[48;2;24;38;30m [38;2;192;197;206m    [38;2;150;181;180mblake512_update[38;2;192;197;206m([38;2;192;197;206ms[38;2;192;197;206m,[38;2;192;197;206m [38;2;192;197;206m&[38;2;192;197;206mmsglen[38;2;192;197;206m,[38;2;192;197;206m [38;2;208;135;112m128[38;2;192;197;206m)[38;2;192;197;206m;[K
[0m[48;2;40;67;43m[39m+    174[0m:[39m[48;2;24;38;30m [K
[0m[48;2;40;67;43m[39m+    175[0m:[39m[48;2;24;38;30m [38;2;192;197;206m    [38;2;180;142;173mfor[38;2;192;197;206m i [38;2;192;197;206min[38;2;192;197;206m [38;2;208;135;112m0[38;2;192;197;206m..[38;2;208;135;112m8[38;2;192;197;206m [38;2;192;197;206m{[K
[0m[48;2;40;67;43m[39m+    176[0m:[39m[48;2;24;38;30m [38;2;192;197;206m        [38;2;150;181;180mu64to8[38;2;192;197;206m([38;2;192;197;206m&[38;2;180;142;173mmut[38;2;192;197;206m digest[38;2;192;197;206m[[38;2;208;135;112m8[38;2;192;197;206m*[38;2;192;197;206mi[38;2;192;197;206m..[38;2;192;197;206m][38;2;192;197;206m,[38;2;192;197;206m s.h[38;2;192;197;206m[[38;2;192;197;206mi[38;2;192;197;206m][38;2;192;197;206m)[38;2;192;197;206m;[K
[0m[48;2;40;67;43m[39m+    177[0m:[39m[48;2;24;38;30m [38;2;192;197;206m    [38;2;192;197;206m}[K
[0m[48;2;40;67;43m[39m+    178[0m:[39m[48;2;24;38;30m [38;2;192;197;206m}[K
[0m[48;2;40;67;43m[39m+    179[0m:[39m[48;2;24;38;30m [K
[0m[48;2;40;67;43m[39m+    180[0m:[39m[48;2;24;38;30m [38;2;180;142;173mpub[38;2;192;197;206m [38;2;180;142;173mfn[38;2;192;197;206m [38;2;143;161;179mblake512[38;2;192;197;206m([38;2;191;97;106mout[38;2;192;197;206m:[38;2;192;197;206m [38;2;192;197;206m&[38;2;180;142;173mmut[38;2;192;197;206m [[38;2;180;142;173mu8[38;2;192;197;206m], [38;2;191;97;106minp[38;2;192;197;206m:[38;2;192;197;206m [38;2;192;197;206m&[38;2;192;197;206m[[38;2;180;142;173mu8[38;2;192;197;206m], [38;2;191;97;106minlen[38;2;192;197;206m:[38;2;192;197;206m [38;2;180;142;173mu64[38;2;192;197;206m)[38;2;192;197;206m [38;2;192;197;206m{[K
[0m[48;2;40;67;43m[39m+    181[0m:[39m[48;2;24;38;30m [38;2;192;197;206m    [38;2;180;142;173mlet[38;2;192;197;206m [38;2;180;142;173mmut[38;2;192;197;206m s [38;2;192;197;206m=[38;2;192;197;206m [38;2;192;197;206mBlake512State[38;2;192;197;206m::[38;2;192;197;206mdefault[38;2;192;197;206m([38;2;192;197;206m)[38;2;192;197;206m;[K
[0m[48;2;40;67;43m[39m+    182[0m:[39m[48;2;24;38;30m [38;2;192;197;206m    [38;2;150;181;180mblake512_init[38;2;192;197;206m([38;2;192;197;206m&[38;2;180;142;173mmut[38;2;192;197;206m s[38;2;192;197;206m)[38;2;192;197;206m;[K
[0m[48;2;40;67;43m[39m+    183[0m:[39m[48;2;24;38;30m [38;2;192;197;206m    [38;2;150;181;180mblake512_update[38;2;192;197;206m([38;2;192;197;206m&[38;2;180;142;173mmut[38;2;192;197;206m s[38;2;192;197;206m,[38;2;192;197;206m inp[38;2;192;197;206m,[38;2;192;197;206m inlen [38;2;192;197;206m*[38;2;192;197;206m [38;2;208;135;112m8[38;2;192;197;206m)[38;2;192;197;206m;[K
[0m[48;2;40;67;43m[39m+    184[0m:[39m[48;2;24;38;30m [38;2;192;197;206m    [38;2;150;181;180mblake512_final[38;2;192;197;206m([38;2;192;197;206m&[38;2;180;142;173mmut[38;2;192;197;206m s[38;2;192;197;206m,[38;2;192;197;206m out[38;2;192;197;206m)[38;2;192;197;206m;[K
[0m[48;2;40;67;43m[39m+    185[0m:[39m[48;2;24;38;30m [38;2;192;197;206m}[K
[0m[48;2;40;67;43m[39m+    186[0m:[39m[48;2;24;38;30m [K
[0m[48;2;40;67;43m[39m+    187[0m:[39m[48;2;24;38;30m [38;2;180;142;173mpub[38;2;192;197;206m [38;2;180;142;173mfn[38;2;192;197;206m [38;2;143;161;179mblake512_mgf1[38;2;192;197;206m([38;2;191;97;106mout[38;2;192;197;206m:[38;2;192;197;206m [38;2;192;197;206m&[38;2;180;142;173mmut[38;2;192;197;206m [[38;2;180;142;173mu8[38;2;192;197;206m], [38;2;191;97;106moutlen[38;2;192;197;206m:[38;2;192;197;206m [38;2;180;142;173musize[38;2;192;197;206m, [38;2;191;97;106minp[38;2;192;197;206m:[38;2;192;197;206m [38;2;192;197;206m&[38;2;192;197;206m[[38;2;180;142;173mu8[38;2;192;197;206m], [38;2;191;97;106minlen[38;2;192;197;206m:[38;2;192;197;206m [38;2;180;142;173musize[38;2;192;197;206m)[38;2;192;197;206m [38;2;192;197;206m{[K
[0m[48;2;40;67;43m[39m+    188[0m:[39m[48;2;24;38;30m [38;2;192;197;206m    [38;2;180;142;173mlet[38;2;192;197;206m [38;2;180;142;173mmut[38;2;192;197;206m inbuf [38;2;192;197;206m=[38;2;192;197;206m [38;2;192;197;206mvec![38;2;192;197;206m[[38;2;208;135;112m0[38;2;180;142;173mu8[38;2;192;197;206m;[38;2;192;197;206m inlen [38;2;192;197;206m+[38;2;192;197;206m [38;2;208;135;112m4[38;2;192;197;206m][38;2;192;197;206m;[K
[0m[48;2;40;67;43m[39m+    189[0m:[39m[48;2;24;38;30m [38;2;192;197;206m    inbuf[38;2;192;197;206m[[38;2;192;197;206m..[38;2;192;197;206minlen[38;2;192;197;206m][38;2;192;197;206m.[38;2;150;181;180mcopy_from_slice[38;2;192;197;206m([38;2;192;197;206m&[38;2;192;197;206minp[38;2;192;197;206m[[38;2;192;197;206m..[38;2;192;197;206minlen[38;2;192;197;206m][38;2;192;197;206m)[38;2;192;197;206m;[K
[0m[48;2;40;67;43m[39m+    190[0m:[39m[48;2;24;38;30m [38;2;192;197;206m    [38;2;180;142;173mlet[38;2;192;197;206m [38;2;180;142;173mmut[38;2;192;197;206m outbuf [38;2;192;197;206m=[38;2;192;197;206m [38;2;192;197;206m[[38;2;208;135;112m0[38;2;180;142;173mu8[38;2;192;197;206m;[38;2;192;197;206m [38;2;208;135;112mSPX_BLAKE512_OUTPUT_BYTES[38;2;192;197;206m][38;2;192;197;206m;[K
[0m[48;2;40;67;43m[39m+    191[0m:[39m[48;2;24;38;30m [38;2;192;197;206m    [38;2;180;142;173mlet[38;2;192;197;206m [38;2;180;142;173mmut[38;2;192;197;206m i[38;2;192;197;206m:[38;2;192;197;206m [38;2;180;142;173mu32[38;2;192;197;206m [38;2;192;197;206m=[38;2;192;197;206m [38;2;208;135;112m0[38;2;192;197;206m;[K
[0m[48;2;40;67;43m[39m+    192[0m:[39m[48;2;24;38;30m [38;2;192;197;206m    [38;2;180;142;173mlet[38;2;192;197;206m [38;2;180;142;173mmut[38;2;192;197;206m off [38;2;192;197;206m=[38;2;192;197;206m [38;2;208;135;112m0[38;2;192;197;206m;[K
[0m[48;2;40;67;43m[39m+    193[0m:[39m[48;2;24;38;30m [38;2;192;197;206m    [38;2;180;142;173mwhile[38;2;192;197;206m off [38;2;192;197;206m+[38;2;192;197;206m [38;2;208;135;112mSPX_BLAKE512_OUTPUT_BYTES[38;2;192;197;206m [38;2;192;197;206m<[38;2;192;197;206m=[38;2;192;197;206m outlen [38;2;192;197;206m{[K
[0m[48;2;40;67;43m[39m+    194[0m:[39m[48;2;24;38;30m [38;2;192;197;206m        [38;2;180;142;173mcrate[38;2;192;197;206m::[38;2;192;197;206mutils[38;2;192;197;206m::[38;2;192;197;206mu32_to_bytes[38;2;192;197;206m([38;2;192;197;206m&[38;2;180;142;173mmut[38;2;192;197;206m inbuf[38;2;192;197;206m[[38;2;192;197;206minlen[38;2;192;197;206m..[38;2;192;197;206m][38;2;192;197;206m,[38;2;192;197;206m i[38;2;192;197;206m)[38;2;192;197;206m;[K
[0m[48;2;40;67;43m[39m+    195[0m:[39m[48;2;24;38;30m [38;2;192;197;206m        [38;2;150;181;180mblake512[38;2;192;197;206m([38;2;192;197;206m&[38;2;180;142;173mmut[38;2;192;197;206m out[38;2;192;197;206m[[38;2;192;197;206moff[38;2;192;197;206m..[38;2;192;197;206m][38;2;192;197;206m,[38;2;192;197;206m [38;2;192;197;206m&[38;2;192;197;206minbuf[38;2;192;197;206m,[38;2;192;197;206m [38;2;192;197;206m([38;2;192;197;206minlen [38;2;192;197;206m+[38;2;192;197;206m [38;2;208;135;112m4[38;2;192;197;206m)[38;2;192;197;206m [38;2;192;197;206mas[38;2;192;197;206m [38;2;180;142;173mu64[38;2;192;197;206m)[38;2;192;197;206m;[K
[0m[48;2;40;67;43m[39m+    196[0m:[39m[48;2;24;38;30m [38;2;192;197;206m        off [38;2;192;197;206m+[38;2;192;197;206m=[38;2;192;197;206m [38;2;208;135;112mSPX_BLAKE512_OUTPUT_BYTES[38;2;192;197;206m;[K
[0m[48;2;40;67;43m[39m+    197[0m:[39m[48;2;24;38;30m [38;2;192;197;206m        i [38;2;192;197;206m+[38;2;192;197;206m=[38;2;192;197;206m [38;2;208;135;112m1[38;2;192;197;206m;[K
[0m[48;2;40;67;43m[39m+    198[0m:[39m[48;2;24;38;30m [38;2;192;197;206m    [38;2;192;197;206m}[K
[0m[48;2;40;67;43m[39m+    199[0m:[39m[48;2;24;38;30m [38;2;192;197;206m    [38;2;180;142;173mif[38;2;192;197;206m outlen [38;2;192;197;206m>[38;2;192;197;206m off [38;2;192;197;206m{[K
[0m[48;2;40;67;43m[39m+    200[0m:[39m[48;2;24;38;30m [38;2;192;197;206m        [38;2;180;142;173mcrate[38;2;192;197;206m::[38;2;192;197;206mutils[38;2;192;197;206m::[38;2;192;197;206mu32_to_bytes[38;2;192;197;206m([38;2;192;197;206m&[38;2;180;142;173mmut[38;2;192;197;206m inbuf[38;2;192;197;206m[[38;2;192;197;206minlen[38;2;192;197;206m..[38;2;192;197;206m][38;2;192;197;206m,[38;2;192;197;206m i[38;2;192;197;206m)[38;2;192;197;206m;[K
[0m[48;2;40;67;43m[39m+    201[0m:[39m[48;2;24;38;30m [38;2;192;197;206m        [38;2;150;181;180mblake512[38;2;192;197;206m([38;2;192;197;206m&[38;2;180;142;173mmut[38;2;192;197;206m outbuf[38;2;192;197;206m,[38;2;192;197;206m [38;2;192;197;206m&[38;2;192;197;206minbuf[38;2;192;197;206m,[38;2;192;197;206m [38;2;192;197;206m([38;2;192;197;206minlen [38;2;192;197;206m+[38;2;192;197;206m [38;2;208;135;112m4[38;2;192;197;206m)[38;2;192;197;206m [38;2;192;197;206mas[38;2;192;197;206m [38;2;180;142;173mu64[38;2;192;197;206m)[38;2;192;197;206m;[K
[0m[48;2;40;67;43m[39m+    202[0m:[39m[48;2;24;38;30m [38;2;192;197;206m        out[38;2;192;197;206m[[38;2;192;197;206moff[38;2;192;197;206m..[38;2;192;197;206moutlen[38;2;192;197;206m][38;2;192;197;206m.[38;2;150;181;180mcopy_from_slice[38;2;192;197;206m([38;2;192;197;206m&[38;2;192;197;206moutbuf[38;2;192;197;206m[[38;2;192;197;206m..[38;2;192;197;206moutlen [38;2;192;197;206m-[38;2;192;197;206m off[38;2;192;197;206m][38;2;192;197;206m)[38;2;192;197;206m;[K
[0m[48;2;40;67;43m[39m+    203[0m:[39m[48;2;24;38;30m [38;2;192;197;206m    [38;2;192;197;206m}[K
[0m[48;2;40;67;43m[39m+    204[0m:[39m[48;2;24;38;30m [38;2;192;197;206m}[K
[0m[K
Creating: [38;5;141m/local/home/scheschb/reserach/TRACTOR/harvest-agentic/results/P01_sphincs_plus/010_sphincs_PQCgenKAT_sign_blake_192f_robust/translated_rust/src/blake512.rs[0m
[38;5;244m - Completed in 0.40s[0m
[38;5;12m[1m [1.5][0m[0m
[?25l[0m[?25l[0m[0mI'll create the following file: [38;5;141m/local/home/scheschb/reserach/TRACTOR/harvest-agentic/results/P01_sphincs_plus/010_sphincs_PQCgenKAT_sign_blake_192f_robust/translated_rust/src/utils.rs[0m[38;5;244m (using tool: write)[0m

[48;2;40;67;43m[39m+     1[0m:[39m[48;2;24;38;30m [38;2;180;142;173muse[38;2;192;197;206m [38;2;180;142;173mcrate[38;2;192;197;206m::[38;2;192;197;206mparams[38;2;192;197;206m::[38;2;192;197;206m*[38;2;192;197;206m;[K
[0m[48;2;40;67;43m[39m+     2[0m:[39m[48;2;24;38;30m [K
[0m[48;2;40;67;43m[39m+     3[0m:[39m[48;2;24;38;30m [38;2;180;142;173mpub[38;2;192;197;206m [38;2;180;142;173mfn[38;2;192;197;206m [38;2;143;161;179mull_to_bytes[38;2;192;197;206m([38;2;191;97;106mout[38;2;192;197;206m:[38;2;192;197;206m [38;2;192;197;206m&[38;2;180;142;173mmut[38;2;192;197;206m [[38;2;180;142;173mu8[38;2;192;197;206m], [38;2;191;97;106moutlen[38;2;192;197;206m:[38;2;192;197;206m [38;2;180;142;173musize[38;2;192;197;206m, [38;2;180;142;173mmut[38;2;192;197;206m [38;2;191;97;106mval[38;2;192;197;206m:[38;2;192;197;206m [38;2;180;142;173mu64[38;2;192;197;206m)[38;2;192;197;206m [38;2;192;197;206m{[K
[0m[48;2;40;67;43m[39m+     4[0m:[39m[48;2;24;38;30m [38;2;192;197;206m    [38;2;180;142;173mfor[38;2;192;197;206m i [38;2;192;197;206min[38;2;192;197;206m [38;2;192;197;206m([38;2;208;135;112m0[38;2;192;197;206m..[38;2;192;197;206moutlen[38;2;192;197;206m)[38;2;192;197;206m.[38;2;150;181;180mrev[38;2;192;197;206m([38;2;192;197;206m)[38;2;192;197;206m [38;2;192;197;206m{[K
[0m[48;2;40;67;43m[39m+     5[0m:[39m[48;2;24;38;30m [38;2;192;197;206m        out[38;2;192;197;206m[[38;2;192;197;206mi[38;2;192;197;206m][38;2;192;197;206m [38;2;192;197;206m=[38;2;192;197;206m [38;2;192;197;206m([38;2;192;197;206mval [38;2;192;197;206m&[38;2;192;197;206m [38;2;208;135;112m0xff[38;2;192;197;206m)[38;2;192;197;206m [38;2;192;197;206mas[38;2;192;197;206m [38;2;180;142;173mu8[38;2;192;197;206m;[K
[0m[48;2;40;67;43m[39m+     6[0m:[39m[48;2;24;38;30m [38;2;192;197;206m        val [38;2;192;197;206m>[38;2;192;197;206m>[38;2;192;197;206m=[38;2;192;197;206m [38;2;208;135;112m8[38;2;192;197;206m;[K
[0m[48;2;40;67;43m[39m+     7[0m:[39m[48;2;24;38;30m [38;2;192;197;206m    [38;2;192;197;206m}[K
[0m[48;2;40;67;43m[39m+     8[0m:[39m[48;2;24;38;30m [38;2;192;197;206m}[K
[0m[48;2;40;67;43m[39m+     9[0m:[39m[48;2;24;38;30m [K
[0m[48;2;40;67;43m[39m+    10[0m:[39m[48;2;24;38;30m [38;2;180;142;173mpub[38;2;192;197;206m [38;2;180;142;173mfn[38;2;192;197;206m [38;2;143;161;179mu32_to_bytes[38;2;192;197;206m([38;2;191;97;106mout[38;2;192;197;206m:[38;2;192;197;206m [38;2;192;197;206m&[38;2;180;142;173mmut[38;2;192;197;206m [[38;2;180;142;173mu8[38;2;192;197;206m], [38;2;191;97;106mval[38;2;192;197;206m:[38;2;192;197;206m [38;2;180;142;173mu32[38;2;192;197;206m)[38;2;192;197;206m [38;2;192;197;206m{[K
[0m[48;2;40;67;43m[39m+    11[0m:[39m[48;2;24;38;30m [38;2;192;197;206m    out[38;2;192;197;206m[[38;2;208;135;112m0[38;2;192;197;206m][38;2;192;197;206m [38;2;192;197;206m=[38;2;192;197;206m [38;2;192;197;206m([38;2;192;197;206mval [38;2;192;197;206m>[38;2;192;197;206m>[38;2;192;197;206m [38;2;208;135;112m24[38;2;192;197;206m)[38;2;192;197;206m [38;2;192;197;206mas[38;2;192;197;206m [38;2;180;142;173mu8[38;2;192;197;206m;[K
[0m[48;2;40;67;43m[39m+    12[0m:[39m[48;2;24;38;30m [38;2;192;197;206m    out[38;2;192;197;206m[[38;2;208;135;112m1[38;2;192;197;206m][38;2;192;197;206m [38;2;192;197;206m=[38;2;192;197;206m [38;2;192;197;206m([38;2;192;197;206mval [38;2;192;197;206m>[38;2;192;197;206m>[38;2;192;197;206m [38;2;208;135;112m16[38;2;192;197;206m)[38;2;192;197;206m [38;2;192;197;206mas[38;2;192;197;206m [38;2;180;142;173mu8[38;2;192;197;206m;[K
[0m[48;2;40;67;43m[39m+    13[0m:[39m[48;2;24;38;30m [38;2;192;197;206m    out[38;2;192;197;206m[[38;2;208;135;112m2[38;2;192;197;206m][38;2;192;197;206m [38;2;192;197;206m=[38;2;192;197;206m [38;2;192;197;206m([38;2;192;197;206mval [38;2;192;197;206m>[38;2;192;197;206m>[38;2;192;197;206m [38;2;208;135;112m8[38;2;192;197;206m)[38;2;192;197;206m [38;2;192;197;206mas[38;2;192;197;206m [38;2;180;142;173mu8[38;2;192;197;206m;[K
[0m[48;2;40;67;43m[39m+    14[0m:[39m[48;2;24;38;30m [38;2;192;197;206m    out[38;2;192;197;206m[[38;2;208;135;112m3[38;2;192;197;206m][38;2;192;197;206m [38;2;192;197;206m=[38;2;192;197;206m val [38;2;192;197;206mas[38;2;192;197;206m [38;2;180;142;173mu8[38;2;192;197;206m;[K
[0m[48;2;40;67;43m[39m+    15[0m:[39m[48;2;24;38;30m [38;2;192;197;206m}[K
[0m[48;2;40;67;43m[39m+    16[0m:[39m[48;2;24;38;30m [K
[0m[48;2;40;67;43m[39m+    17[0m:[39m[48;2;24;38;30m [38;2;180;142;173mpub[38;2;192;197;206m [38;2;180;142;173mfn[38;2;192;197;206m [38;2;143;161;179mbytes_to_ull[38;2;192;197;206m([38;2;191;97;106minp[38;2;192;197;206m:[38;2;192;197;206m [38;2;192;197;206m&[38;2;192;197;206m[[38;2;180;142;173mu8[38;2;192;197;206m], [38;2;191;97;106minlen[38;2;192;197;206m:[38;2;192;197;206m [38;2;180;142;173musize[38;2;192;197;206m)[38;2;192;197;206m [38;2;192;197;206m->[38;2;192;197;206m [38;2;180;142;173mu64[38;2;192;197;206m [38;2;192;197;206m{[K
[0m[48;2;40;67;43m[39m+    18[0m:[39m[48;2;24;38;30m [38;2;192;197;206m    [38;2;180;142;173mlet[38;2;192;197;206m [38;2;180;142;173mmut[38;2;192;197;206m retval[38;2;192;197;206m:[38;2;192;197;206m [38;2;180;142;173mu64[38;2;192;197;206m [38;2;192;197;206m=[38;2;192;197;206m [38;2;208;135;112m0[38;2;192;197;206m;[K
[0m[48;2;40;67;43m[39m+    19[0m:[39m[48;2;24;38;30m [38;2;192;197;206m    [38;2;180;142;173mfor[38;2;192;197;206m i [38;2;192;197;206min[38;2;192;197;206m [38;2;208;135;112m0[38;2;192;197;206m..[38;2;192;197;206minlen [38;2;192;197;206m{[K
[0m[48;2;40;67;43m[39m+    20[0m:[39m[48;2;24;38;30m [38;2;192;197;206m        retval [38;2;192;197;206m|[38;2;192;197;206m=[38;2;192;197;206m [38;2;192;197;206m([38;2;192;197;206minp[38;2;192;197;206m[[38;2;192;197;206mi[38;2;192;197;206m][38;2;192;197;206m [38;2;192;197;206mas[38;2;192;197;206m [38;2;180;142;173mu64[38;2;192;197;206m)[38;2;192;197;206m [38;2;192;197;206m<[38;2;192;197;206m<[38;2;192;197;206m [38;2;192;197;206m([38;2;208;135;112m8[38;2;192;197;206m [38;2;192;197;206m*[38;2;192;197;206m [38;2;192;197;206m([38;2;192;197;206minlen [38;2;192;197;206m-[38;2;192;197;206m [38;2;208;135;112m1[38;2;192;197;206m [38;2;192;197;206m-[38;2;192;197;206m i[38;2;192;197;206m)[38;2;192;197;206m)[38;2;192;197;206m;[K
[0m[48;2;40;67;43m[39m+    21[0m:[39m[48;2;24;38;30m [38;2;192;197;206m    [38;2;192;197;206m}[K
[0m[48;2;40;67;43m[39m+    22[0m:[39m[48;2;24;38;30m [38;2;192;197;206m    retval[K
[0m[48;2;40;67;43m[39m+    23[0m:[39m[48;2;24;38;30m [38;2;192;197;206m}[K
[0m[K
Creating: [38;5;141m/local/home/scheschb/reserach/TRACTOR/harvest-agentic/results/P01_sphincs_plus/010_sphincs_PQCgenKAT_sign_blake_192f_robust/translated_rust/src/utils.rs[0m
[38;5;244m - Completed in 0.39s[0m
[38;5;12m[1m [1.6][0m[0m
[?25l[0m[?25l[0m[0mI'll create the following file: [38;5;141m/local/home/scheschb/reserach/TRACTOR/harvest-agentic/results/P01_sphincs_plus/010_sphincs_PQCgenKAT_sign_blake_192f_robust/translated_rust/src/address.rs[0m[38;5;244m (using tool: write)[0m

[48;2;40;67;43m[39m+     1[0m:[39m[48;2;24;38;30m [38;2;180;142;173muse[38;2;192;197;206m [38;2;180;142;173mcrate[38;2;192;197;206m::[38;2;192;197;206mparams[38;2;192;197;206m::[38;2;192;197;206m*[38;2;192;197;206m;[K
[0m[48;2;40;67;43m[39m+     2[0m:[39m[48;2;24;38;30m [38;2;180;142;173muse[38;2;192;197;206m [38;2;180;142;173mcrate[38;2;192;197;206m::[38;2;192;197;206mutils[38;2;192;197;206m::[38;2;192;197;206m*[38;2;192;197;206m;[K
[0m[48;2;40;67;43m[39m+     3[0m:[39m[48;2;24;38;30m [K
[0m[48;2;40;67;43m[39m+     4[0m:[39m[48;2;24;38;30m [38;2;180;142;173mpub[38;2;192;197;206m [38;2;180;142;173mtype[38;2;192;197;206m [38;2;192;197;206mAddr[38;2;192;197;206m [38;2;192;197;206m=[38;2;192;197;206m [38;2;192;197;206m[[38;2;180;142;173mu32[38;2;192;197;206m;[38;2;192;197;206m [38;2;208;135;112m8[38;2;192;197;206m][38;2;192;197;206m;[K
[0m[48;2;40;67;43m[39m+     5[0m:[39m[48;2;24;38;30m [K
[0m[48;2;40;67;43m[39m+     6[0m:[39m[48;2;24;38;30m [38;2;180;142;173mfn[38;2;192;197;206m [38;2;143;161;179maddr_bytes[38;2;192;197;206m([38;2;191;97;106maddr[38;2;192;197;206m:[38;2;192;197;206m [38;2;192;197;206m&[38;2;192;197;206mAddr[38;2;192;197;206m)[38;2;192;197;206m [38;2;192;197;206m->[38;2;192;197;206m [38;2;192;197;206m&[38;2;192;197;206m[[38;2;180;142;173mu8[38;2;192;197;206m][38;2;192;197;206m [38;2;192;197;206m{[K
[0m[48;2;40;67;43m[39m+     7[0m:[39m[48;2;24;38;30m [38;2;192;197;206m    [38;2;180;142;173munsafe[38;2;192;197;206m [38;2;192;197;206m{[38;2;192;197;206m [38;2;192;197;206mstd[38;2;192;197;206m::[38;2;192;197;206mslice[38;2;192;197;206m::[38;2;192;197;206mfrom_raw_parts[38;2;192;197;206m([38;2;192;197;206maddr.[38;2;150;181;180mas_ptr[38;2;192;197;206m([38;2;192;197;206m)[38;2;192;197;206m [38;2;192;197;206mas[38;2;192;197;206m [38;2;192;197;206m*[38;2;180;142;173mconst[38;2;192;197;206m [38;2;180;142;173mu8[38;2;192;197;206m,[38;2;192;197;206m [38;2;208;135;112m32[38;2;192;197;206m)[38;2;192;197;206m [38;2;192;197;206m}[K
[0m[48;2;40;67;43m[39m+     8[0m:[39m[48;2;24;38;30m [38;2;192;197;206m}[K
[0m[48;2;40;67;43m[39m+     9[0m:[39m[48;2;24;38;30m [K
[0m[48;2;40;67;43m[39m+    10[0m:[39m[48;2;24;38;30m [38;2;180;142;173mfn[38;2;192;197;206m [38;2;143;161;179maddr_bytes_mut[38;2;192;197;206m([38;2;191;97;106maddr[38;2;192;197;206m:[38;2;192;197;206m [38;2;192;197;206m&[38;2;180;142;173mmut[38;2;192;197;206m Addr[38;2;192;197;206m)[38;2;192;197;206m [38;2;192;197;206m->[38;2;192;197;206m [38;2;192;197;206m&[38;2;180;142;173mmut[38;2;192;197;206m [38;2;192;197;206m[[38;2;180;142;173mu8[38;2;192;197;206m][38;2;192;197;206m [38;2;192;197;206m{[K
[0m[48;2;40;67;43m[39m+    11[0m:[39m[48;2;24;38;30m [38;2;192;197;206m    [38;2;180;142;173munsafe[38;2;192;197;206m [38;2;192;197;206m{[38;2;192;197;206m [38;2;192;197;206mstd[38;2;192;197;206m::[38;2;192;197;206mslice[38;2;192;197;206m::[38;2;192;197;206mfrom_raw_parts_mut[38;2;192;197;206m([38;2;192;197;206maddr.[38;2;150;181;180mas_mut_ptr[38;2;192;197;206m([38;2;192;197;206m)[38;2;192;197;206m [38;2;192;197;206mas[38;2;192;197;206m [38;2;192;197;206m*[38;2;180;142;173mmut[38;2;192;197;206m [38;2;180;142;173mu8[38;2;192;197;206m,[38;2;192;197;206m [38;2;208;135;112m32[38;2;192;197;206m)[38;2;192;197;206m [38;2;192;197;206m}[K
[0m[48;2;40;67;43m[39m+    12[0m:[39m[48;2;24;38;30m [38;2;192;197;206m}[K
[0m[48;2;40;67;43m[39m+    13[0m:[39m[48;2;24;38;30m [K
[0m[48;2;40;67;43m[39m+    14[0m:[39m[48;2;24;38;30m [38;2;180;142;173mpub[38;2;192;197;206m [38;2;180;142;173mfn[38;2;192;197;206m [38;2;143;161;179mset_layer_addr[38;2;192;197;206m([38;2;191;97;106maddr[38;2;192;197;206m:[38;2;192;197;206m [38;2;192;197;206m&[38;2;180;142;173mmut[38;2;192;197;206m Addr, [38;2;191;97;106mlayer[38;2;192;197;206m:[38;2;192;197;206m [38;2;180;142;173mu32[38;2;192;197;206m)[38;2;192;197;206m [38;2;192;197;206m{[K
[0m[48;2;40;67;43m[39m+    15[0m:[39m[48;2;24;38;30m [38;2;192;197;206m    [38;2;150;181;180maddr_bytes_mut[38;2;192;197;206m([38;2;192;197;206maddr[38;2;192;197;206m)[38;2;192;197;206m[[38;2;208;135;112mSPX_OFFSET_LAYER[38;2;192;197;206m][38;2;192;197;206m [38;2;192;197;206m=[38;2;192;197;206m layer [38;2;192;197;206mas[38;2;192;197;206m [38;2;180;142;173mu8[38;2;192;197;206m;[K
[0m[48;2;40;67;43m[39m+    16[0m:[39m[48;2;24;38;30m [38;2;192;197;206m}[K
[0m[48;2;40;67;43m[39m+    17[0m:[39m[48;2;24;38;30m [K
[0m[48;2;40;67;43m[39m+    18[0m:[39m[48;2;24;38;30m [38;2;180;142;173mpub[38;2;192;197;206m [38;2;180;142;173mfn[38;2;192;197;206m [38;2;143;161;179mset_tree_addr[38;2;192;197;206m([38;2;191;97;106maddr[38;2;192;197;206m:[38;2;192;197;206m [38;2;192;197;206m&[38;2;180;142;173mmut[38;2;192;197;206m Addr, [38;2;191;97;106mtree[38;2;192;197;206m:[38;2;192;197;206m [38;2;180;142;173mu64[38;2;192;197;206m)[38;2;192;197;206m [38;2;192;197;206m{[K
[0m[48;2;40;67;43m[39m+    19[0m:[39m[48;2;24;38;30m [38;2;192;197;206m    [38;2;150;181;180mull_to_bytes[38;2;192;197;206m([38;2;192;197;206m&[38;2;180;142;173mmut[38;2;192;197;206m [38;2;150;181;180maddr_bytes_mut[38;2;192;197;206m([38;2;192;197;206maddr[38;2;192;197;206m)[38;2;192;197;206m[[38;2;208;135;112mSPX_OFFSET_TREE[38;2;192;197;206m..[38;2;192;197;206m][38;2;192;197;206m,[38;2;192;197;206m [38;2;208;135;112m8[38;2;192;197;206m,[38;2;192;197;206m tree[38;2;192;197;206m)[38;2;192;197;206m;[K
[0m[48;2;40;67;43m[39m+    20[0m:[39m[48;2;24;38;30m [38;2;192;197;206m}[K
[0m[48;2;40;67;43m[39m+    21[0m:[39m[48;2;24;38;30m [K
[0m[48;2;40;67;43m[39m+    22[0m:[39m[48;2;24;38;30m [38;2;180;142;173mpub[38;2;192;197;206m [38;2;180;142;173mfn[38;2;192;197;206m [38;2;143;161;179mset_type[38;2;192;197;206m([38;2;191;97;106maddr[38;2;192;197;206m:[38;2;192;197;206m [38;2;192;197;206m&[38;2;180;142;173mmut[38;2;192;197;206m Addr, [38;2;191;97;106mtype_val[38;2;192;197;206m:[38;2;192;197;206m [38;2;180;142;173mu32[38;2;192;197;206m)[38;2;192;197;206m [38;2;192;197;206m{[K
[0m[48;2;40;67;43m[39m+    23[0m:[39m[48;2;24;38;30m [38;2;192;197;206m    [38;2;150;181;180maddr_bytes_mut[38;2;192;197;206m([38;2;192;197;206maddr[38;2;192;197;206m)[38;2;192;197;206m[[38;2;208;135;112mSPX_OFFSET_TYPE[38;2;192;197;206m][38;2;192;197;206m [38;2;192;197;206m=[38;2;192;197;206m type_val [38;2;192;197;206mas[38;2;192;197;206m [38;2;180;142;173mu8[38;2;192;197;206m;[K
[0m[48;2;40;67;43m[39m+    24[0m:[39m[48;2;24;38;30m [38;2;192;197;206m}[K
[0m[48;2;40;67;43m[39m+    25[0m:[39m[48;2;24;38;30m [K
[0m[48;2;40;67;43m[39m+    26[0m:[39m[48;2;24;38;30m [38;2;180;142;173mpub[38;2;192;197;206m [38;2;180;142;173mfn[38;2;192;197;206m [38;2;143;161;179mcopy_subtree_addr[38;2;192;197;206m([38;2;191;97;106mout[38;2;192;197;206m:[38;2;192;197;206m [38;2;192;197;206m&[38;2;180;142;173mmut[38;2;192;197;206m Addr, [38;2;191;97;106minp[38;2;192;197;206m:[38;2;192;197;206m [38;2;192;197;206m&[38;2;192;197;206mAddr[38;2;192;197;206m)[38;2;192;197;206m [38;2;192;197;206m{[K
[0m[48;2;40;67;43m[39m+    27[0m:[39m[48;2;24;38;30m [38;2;192;197;206m    [38;2;180;142;173mlet[38;2;192;197;206m src [38;2;192;197;206m=[38;2;192;197;206m [38;2;150;181;180maddr_bytes[38;2;192;197;206m([38;2;192;197;206minp[38;2;192;197;206m)[38;2;192;197;206m;[K
[0m[48;2;40;67;43m[39m+    28[0m:[39m[48;2;24;38;30m [38;2;192;197;206m    [38;2;180;142;173mlet[38;2;192;197;206m dst [38;2;192;197;206m=[38;2;192;197;206m [38;2;150;181;180maddr_bytes_mut[38;2;192;197;206m([38;2;192;197;206mout[38;2;192;197;206m)[38;2;192;197;206m;[K
[0m[48;2;40;67;43m[39m+    29[0m:[39m[48;2;24;38;30m [38;2;192;197;206m    dst[38;2;192;197;206m[[38;2;192;197;206m..[38;2;208;135;112mSPX_OFFSET_TREE[38;2;192;197;206m [38;2;192;197;206m+[38;2;192;197;206m [38;2;208;135;112m8[38;2;192;197;206m][38;2;192;197;206m.[38;2;150;181;180mcopy_from_slice[38;2;192;197;206m([38;2;192;197;206m&[38;2;192;197;206msrc[38;2;192;197;206m[[38;2;192;197;206m..[38;2;208;135;112mSPX_OFFSET_TREE[38;2;192;197;206m [38;2;192;197;206m+[38;2;192;197;206m [38;2;208;135;112m8[38;2;192;197;206m][38;2;192;197;206m)[38;2;192;197;206m;[K
[0m[48;2;40;67;43m[39m+    30[0m:[39m[48;2;24;38;30m [38;2;192;197;206m}[K
[0m[48;2;40;67;43m[39m+    31[0m:[39m[48;2;24;38;30m [K
[0m[48;2;40;67;43m[39m+    32[0m:[39m[48;2;24;38;30m [38;2;180;142;173mpub[38;2;192;197;206m [38;2;180;142;173mfn[38;2;192;197;206m [38;2;143;161;179mset_keypair_addr[38;2;192;197;206m([38;2;191;97;106maddr[38;2;192;197;206m:[38;2;192;197;206m [38;2;192;197;206m&[38;2;180;142;173mmut[38;2;192;197;206m Addr, [38;2;191;97;106mkeypair[38;2;192;197;206m:[38;2;192;197;206m [38;2;180;142;173mu32[38;2;192;197;206m)[38;2;192;197;206m [38;2;192;197;206m{[K
[0m[48;2;40;67;43m[39m+    33[0m:[39m[48;2;24;38;30m [38;2;192;197;206m    [38;2;150;181;180mu32_to_bytes[38;2;192;197;206m([38;2;192;197;206m&[38;2;180;142;173mmut[38;2;192;197;206m [38;2;150;181;180maddr_bytes_mut[38;2;192;197;206m([38;2;192;197;206maddr[38;2;192;197;206m)[38;2;192;197;206m[[38;2;208;135;112mSPX_OFFSET_KP_ADDR[38;2;192;197;206m..[38;2;192;197;206m][38;2;192;197;206m,[38;2;192;197;206m keypair[38;2;192;197;206m)[38;2;192;197;206m;[K
[0m[48;2;40;67;43m[39m+    34[0m:[39m[48;2;24;38;30m [38;2;192;197;206m}[K
[0m[48;2;40;67;43m[39m+    35[0m:[39m[48;2;24;38;30m [K
[0m[48;2;40;67;43m[39m+    36[0m:[39m[48;2;24;38;30m [38;2;180;142;173mpub[38;2;192;197;206m [38;2;180;142;173mfn[38;2;192;197;206m [38;2;143;161;179mcopy_keypair_addr[38;2;192;197;206m([38;2;191;97;106mout[38;2;192;197;206m:[38;2;192;197;206m [38;2;192;197;206m&[38;2;180;142;173mmut[38;2;192;197;206m Addr, [38;2;191;97;106minp[38;2;192;197;206m:[38;2;192;197;206m [38;2;192;197;206m&[38;2;192;197;206mAddr[38;2;192;197;206m)[38;2;192;197;206m [38;2;192;197;206m{[K
[0m[48;2;40;67;43m[39m+    37[0m:[39m[48;2;24;38;30m [38;2;192;197;206m    [38;2;180;142;173mlet[38;2;192;197;206m src [38;2;192;197;206m=[38;2;192;197;206m [38;2;150;181;180maddr_bytes[38;2;192;197;206m([38;2;192;197;206minp[38;2;192;197;206m)[38;2;192;197;206m;[K
[0m[48;2;40;67;43m[39m+    38[0m:[39m[48;2;24;38;30m [38;2;192;197;206m    [38;2;180;142;173mlet[38;2;192;197;206m dst [38;2;192;197;206m=[38;2;192;197;206m [38;2;150;181;180maddr_bytes_mut[38;2;192;197;206m([38;2;192;197;206mout[38;2;192;197;206m)[38;2;192;197;206m;[K
[0m[48;2;40;67;43m[39m+    39[0m:[39m[48;2;24;38;30m [38;2;192;197;206m    dst[38;2;192;197;206m[[38;2;192;197;206m..[38;2;208;135;112mSPX_OFFSET_TREE[38;2;192;197;206m [38;2;192;197;206m+[38;2;192;197;206m [38;2;208;135;112m8[38;2;192;197;206m][38;2;192;197;206m.[38;2;150;181;180mcopy_from_slice[38;2;192;197;206m([38;2;192;197;206m&[38;2;192;197;206msrc[38;2;192;197;206m[[38;2;192;197;206m..[38;2;208;135;112mSPX_OFFSET_TREE[38;2;192;197;206m [38;2;192;197;206m+[38;2;192;197;206m [38;2;208;135;112m8[38;2;192;197;206m][38;2;192;197;206m)[38;2;192;197;206m;[K
[0m[48;2;40;67;43m[39m+    40[0m:[39m[48;2;24;38;30m [38;2;192;197;206m    dst[38;2;192;197;206m[[38;2;208;135;112mSPX_OFFSET_KP_ADDR[38;2;192;197;206m..[38;2;208;135;112mSPX_OFFSET_KP_ADDR[38;2;192;197;206m [38;2;192;197;206m+[38;2;192;197;206m [38;2;208;135;112m4[38;2;192;197;206m][K
[0m[48;2;40;67;43m[39m+    41[0m:[39m[48;2;24;38;30m [38;2;192;197;206m        .[38;2;150;181;180mcopy_from_slice[38;2;192;197;206m([38;2;192;197;206m&[38;2;192;197;206msrc[38;2;192;197;206m[[38;2;208;135;112mSPX_OFFSET_KP_ADDR[38;2;192;197;206m..[38;2;208;135;112mSPX_OFFSET_KP_ADDR[38;2;192;197;206m [38;2;192;197;206m+[38;2;192;197;206m [38;2;208;135;112m4[38;2;192;197;206m][38;2;192;197;206m)[38;2;192;197;206m;[K
[0m[48;2;40;67;43m[39m+    42[0m:[39m[48;2;24;38;30m [38;2;192;197;206m}[K
[0m[48;2;40;67;43m[39m+    43[0m:[39m[48;2;24;38;30m [K
[0m[48;2;40;67;43m[39m+    44[0m:[39m[48;2;24;38;30m [38;2;180;142;173mpub[38;2;192;197;206m [38;2;180;142;173mfn[38;2;192;197;206m [38;2;143;161;179mset_chain_addr[38;2;192;197;206m([38;2;191;97;106maddr[38;2;192;197;206m:[38;2;192;197;206m [38;2;192;197;206m&[38;2;180;142;173mmut[38;2;192;197;206m Addr, [38;2;191;97;106mchain[38;2;192;197;206m:[38;2;192;197;206m [38;2;180;142;173mu32[38;2;192;197;206m)[38;2;192;197;206m [38;2;192;197;206m{[K
[0m[48;2;40;67;43m[39m+    45[0m:[39m[48;2;24;38;30m [38;2;192;197;206m    [38;2;150;181;180maddr_bytes_mut[38;2;192;197;206m([38;2;192;197;206maddr[38;2;192;197;206m)[38;2;192;197;206m[[38;2;208;135;112mSPX_OFFSET_CHAIN_ADDR[38;2;192;197;206m][38;2;192;197;206m [38;2;192;197;206m=[38;2;192;197;206m chain [38;2;192;197;206mas[38;2;192;197;206m [38;2;180;142;173mu8[38;2;192;197;206m;[K
[0m[48;2;40;67;43m[39m+    46[0m:[39m[48;2;24;38;30m [38;2;192;197;206m}[K
[0m[48;2;40;67;43m[39m+    47[0m:[39m[48;2;24;38;30m [K
[0m[48;2;40;67;43m[39m+    48[0m:[39m[48;2;24;38;30m [38;2;180;142;173mpub[38;2;192;197;206m [38;2;180;142;173mfn[38;2;192;197;206m [38;2;143;161;179mset_hash_addr[38;2;192;197;206m([38;2;191;97;106maddr[38;2;192;197;206m:[38;2;192;197;206m [38;2;192;197;206m&[38;2;180;142;173mmut[38;2;192;197;206m Addr, [38;2;191;97;106mhash[38;2;192;197;206m:[38;2;192;197;206m [38;2;180;142;173mu32[38;2;192;197;206m)[38;2;192;197;206m [38;2;192;197;206m{[K
[0m[48;2;40;67;43m[39m+    49[0m:[39m[48;2;24;38;30m [38;2;192;197;206m    [38;2;150;181;180maddr_bytes_mut[38;2;192;197;206m([38;2;192;197;206maddr[38;2;192;197;206m)[38;2;192;197;206m[[38;2;208;135;112mSPX_OFFSET_HASH_ADDR[38;2;192;197;206m][38;2;192;197;206m [38;2;192;197;206m=[38;2;192;197;206m hash [38;2;192;197;206mas[38;2;192;197;206m [38;2;180;142;173mu8[38;2;192;197;206m;[K
[0m[48;2;40;67;43m[39m+    50[0m:[39m[48;2;24;38;30m [38;2;192;197;206m}[K
[0m[48;2;40;67;43m[39m+    51[0m:[39m[48;2;24;38;30m [K
[0m[48;2;40;67;43m[39m+    52[0m:[39m[48;2;24;38;30m [38;2;180;142;173mpub[38;2;192;197;206m [38;2;180;142;173mfn[38;2;192;197;206m [38;2;143;161;179mset_tree_height[38;2;192;197;206m([38;2;191;97;106maddr[38;2;192;197;206m:[38;2;192;197;206m [38;2;192;197;206m&[38;2;180;142;173mmut[38;2;192;197;206m Addr, [38;2;191;97;106mtree_height[38;2;192;197;206m:[38;2;192;197;206m [38;2;180;142;173mu32[38;2;192;197;206m)[38;2;192;197;206m [38;2;192;197;206m{[K
[0m[48;2;40;67;43m[39m+    53[0m:[39m[48;2;24;38;30m [38;2;192;197;206m    [38;2;150;181;180maddr_bytes_mut[38;2;192;197;206m([38;2;192;197;206maddr[38;2;192;197;206m)[38;2;192;197;206m[[38;2;208;135;112mSPX_OFFSET_TREE_HGT[38;2;192;197;206m][38;2;192;197;206m [38;2;192;197;206m=[38;2;192;197;206m tree_height [38;2;192;197;206mas[38;2;192;197;206m [38;2;180;142;173mu8[38;2;192;197;206m;[K
[0m[48;2;40;67;43m[39m+    54[0m:[39m[48;2;24;38;30m [38;2;192;197;206m}[K
[0m[48;2;40;67;43m[39m+    55[0m:[39m[48;2;24;38;30m [K
[0m[48;2;40;67;43m[39m+    56[0m:[39m[48;2;24;38;30m [38;2;180;142;173mpub[38;2;192;197;206m [38;2;180;142;173mfn[38;2;192;197;206m [38;2;143;161;179mset_tree_index[38;2;192;197;206m([38;2;191;97;106maddr[38;2;192;197;206m:[38;2;192;197;206m [38;2;192;197;206m&[38;2;180;142;173mmut[38;2;192;197;206m Addr, [38;2;191;97;106mtree_index[38;2;192;197;206m:[38;2;192;197;206m [38;2;180;142;173mu32[38;2;192;197;206m)[38;2;192;197;206m [38;2;192;197;206m{[K
[0m[48;2;40;67;43m[39m+    57[0m:[39m[48;2;24;38;30m [38;2;192;197;206m    [38;2;150;181;180mu32_to_bytes[38;2;192;197;206m([38;2;192;197;206m&[38;2;180;142;173mmut[38;2;192;197;206m [38;2;150;181;180maddr_bytes_mut[38;2;192;197;206m([38;2;192;197;206maddr[38;2;192;197;206m)[38;2;192;197;206m[[38;2;208;135;112mSPX_OFFSET_TREE_INDEX[38;2;192;197;206m..[38;2;192;197;206m][38;2;192;197;206m,[38;2;192;197;206m tree_index[38;2;192;197;206m)[38;2;192;197;206m;[K
[0m[48;2;40;67;43m[39m+    58[0m:[39m[48;2;24;38;30m [38;2;192;197;206m}[K
[0m[K
Creating: [38;5;141m/local/home/scheschb/reserach/TRACTOR/harvest-agentic/results/P01_sphincs_plus/010_sphincs_PQCgenKAT_sign_blake_192f_robust/translated_rust/src/address.rs[0m
[38;5;244m - Completed in 0.40s[0m
[38;5;12m[1m [1.7][0m[0m
[?25l[0m[?25l[0m[0mI'll create the following file: [38;5;141m/local/home/scheschb/reserach/TRACTOR/harvest-agentic/results/P01_sphincs_plus/010_sphincs_PQCgenKAT_sign_blake_192f_robust/translated_rust/src/context.rs[0m[38;5;244m (using tool: write)[0m

[48;2;40;67;43m[39m+     1[0m:[39m[48;2;24;38;30m [38;2;180;142;173muse[38;2;192;197;206m [38;2;180;142;173mcrate[38;2;192;197;206m::[38;2;192;197;206mparams[38;2;192;197;206m::[38;2;192;197;206m*[38;2;192;197;206m;[K
[0m[48;2;40;67;43m[39m+     2[0m:[39m[48;2;24;38;30m [K
[0m[48;2;40;67;43m[39m+     3[0m:[39m[48;2;24;38;30m [38;2;180;142;173mpub[38;2;192;197;206m [38;2;180;142;173mstruct[38;2;192;197;206m [38;2;192;197;206mSpxCtx[38;2;192;197;206m [38;2;192;197;206m{[K
[0m[48;2;40;67;43m[39m+     4[0m:[39m[48;2;24;38;30m [38;2;192;197;206m    [38;2;180;142;173mpub[38;2;192;197;206m [38;2;191;97;106mpub_seed[38;2;192;197;206m:[38;2;192;197;206m [[38;2;180;142;173mu8[38;2;192;197;206m; SPX_N],[K
[0m[48;2;40;67;43m[39m+     5[0m:[39m[48;2;24;38;30m [38;2;192;197;206m    [38;2;180;142;173mpub[38;2;192;197;206m [38;2;191;97;106msk_seed[38;2;192;197;206m:[38;2;192;197;206m [[38;2;180;142;173mu8[38;2;192;197;206m; SPX_N],[K
[0m[48;2;40;67;43m[39m+     6[0m:[39m[48;2;24;38;30m [38;2;192;197;206m}[K
[0m[48;2;40;67;43m[39m+     7[0m:[39m[48;2;24;38;30m [K
[0m[48;2;40;67;43m[39m+     8[0m:[39m[48;2;24;38;30m [38;2;180;142;173mimpl[38;2;192;197;206m [38;2;192;197;206mDefault [38;2;180;142;173mfor[38;2;192;197;206m [38;2;192;197;206mSpxCtx[38;2;192;197;206m [38;2;192;197;206m{[K
[0m[48;2;40;67;43m[39m+     9[0m:[39m[48;2;24;38;30m [38;2;192;197;206m    [38;2;180;142;173mfn[38;2;192;197;206m [38;2;143;161;179mdefault[38;2;192;197;206m([38;2;192;197;206m)[38;2;192;197;206m [38;2;192;197;206m->[38;2;192;197;206m [38;2;180;142;173mSelf[38;2;192;197;206m [38;2;192;197;206m{[K
[0m[48;2;40;67;43m[39m+    10[0m:[39m[48;2;24;38;30m [38;2;192;197;206m        [38;2;180;142;173mSelf[38;2;192;197;206m [38;2;192;197;206m{[38;2;192;197;206m pub_seed[38;2;192;197;206m:[38;2;192;197;206m [38;2;192;197;206m[[38;2;208;135;112m0[38;2;192;197;206m;[38;2;192;197;206m [38;2;208;135;112mSPX_N[38;2;192;197;206m][38;2;192;197;206m,[38;2;192;197;206m sk_seed[38;2;192;197;206m:[38;2;192;197;206m [38;2;192;197;206m[[38;2;208;135;112m0[38;2;192;197;206m;[38;2;192;197;206m [38;2;208;135;112mSPX_N[38;2;192;197;206m][38;2;192;197;206m [38;2;192;197;206m}[K
[0m[48;2;40;67;43m[39m+    11[0m:[39m[48;2;24;38;30m [38;2;192;197;206m    [38;2;192;197;206m}[K
[0m[48;2;40;67;43m[39m+    12[0m:[39m[48;2;24;38;30m [38;2;192;197;206m}[K
[0m[K
Creating: [38;5;141m/local/home/scheschb/reserach/TRACTOR/harvest-agentic/results/P01_sphincs_plus/010_sphincs_PQCgenKAT_sign_blake_192f_robust/translated_rust/src/context.rs[0m
[38;5;244m - Completed in 0.39s[0m
[38;5;12m[1m [1.8][0m[0m
[?25l[0m[?25l[38;5;141m> [0mLet me create the remaining modules in smaller pieces:[0m[0m
[?25l[38;5;141m> [0mLet me try creating the hash module:[0m[0m
[?25l[0m[0mI'll create the following file: [38;5;141m/local/home/scheschb/reserach/TRACTOR/harvest-agentic/results/P01_sphincs_plus/010_sphincs_PQCgenKAT_sign_blake_192f_robust/translated_rust/src/hash.rs[0m[38;5;244m (using tool: write)[0m

[48;2;40;67;43m[39m+     1[0m:[39m[48;2;24;38;30m [38;2;180;142;173muse[38;2;192;197;206m [38;2;180;142;173mcrate[38;2;192;197;206m::[38;2;192;197;206mparams[38;2;192;197;206m::[38;2;192;197;206m*[38;2;192;197;206m;[K
[0m[48;2;40;67;43m[39m+     2[0m:[39m[48;2;24;38;30m [38;2;180;142;173muse[38;2;192;197;206m [38;2;180;142;173mcrate[38;2;192;197;206m::[38;2;192;197;206mcontext[38;2;192;197;206m::[38;2;192;197;206mSpxCtx[38;2;192;197;206m;[K
[0m[48;2;40;67;43m[39m+     3[0m:[39m[48;2;24;38;30m [38;2;180;142;173muse[38;2;192;197;206m [38;2;180;142;173mcrate[38;2;192;197;206m::[38;2;192;197;206maddress[38;2;192;197;206m::[38;2;192;197;206mAddr[38;2;192;197;206m;[K
[0m[48;2;40;67;43m[39m+     4[0m:[39m[48;2;24;38;30m [38;2;180;142;173muse[38;2;192;197;206m [38;2;180;142;173mcrate[38;2;192;197;206m::[38;2;192;197;206mblake256[38;2;192;197;206m;[K
[0m[48;2;40;67;43m[39m+     5[0m:[39m[48;2;24;38;30m [38;2;180;142;173muse[38;2;192;197;206m [38;2;180;142;173mcrate[38;2;192;197;206m::[38;2;192;197;206mblake512[38;2;192;197;206m;[K
[0m[48;2;40;67;43m[39m+     6[0m:[39m[48;2;24;38;30m [38;2;180;142;173muse[38;2;192;197;206m [38;2;180;142;173mcrate[38;2;192;197;206m::[38;2;192;197;206mutils[38;2;192;197;206m::[38;2;192;197;206m*[38;2;192;197;206m;[K
[0m[48;2;40;67;43m[39m+     7[0m:[39m[48;2;24;38;30m [K
[0m[48;2;40;67;43m[39m+     8[0m:[39m[48;2;24;38;30m [38;2;180;142;173mpub[38;2;192;197;206m [38;2;180;142;173mfn[38;2;192;197;206m [38;2;143;161;179minitialize_hash_function[38;2;192;197;206m([38;2;191;97;106m_ctx[38;2;192;197;206m:[38;2;192;197;206m [38;2;192;197;206m&[38;2;180;142;173mmut[38;2;192;197;206m SpxCtx[38;2;192;197;206m)[38;2;192;197;206m [38;2;192;197;206m{[38;2;192;197;206m}[K
[0m[48;2;40;67;43m[39m+     9[0m:[39m[48;2;24;38;30m [K
[0m[48;2;40;67;43m[39m+    10[0m:[39m[48;2;24;38;30m [38;2;180;142;173mpub[38;2;192;197;206m [38;2;180;142;173mfn[38;2;192;197;206m [38;2;143;161;179mprf_addr[38;2;192;197;206m([38;2;191;97;106mout[38;2;192;197;206m:[38;2;192;197;206m [38;2;192;197;206m&[38;2;180;142;173mmut[38;2;192;197;206m [[38;2;180;142;173mu8[38;2;192;197;206m], [38;2;191;97;106mctx[38;2;192;197;206m:[38;2;192;197;206m [38;2;192;197;206m&[38;2;192;197;206mSpxCtx, [38;2;191;97;106maddr[38;2;192;197;206m:[38;2;192;197;206m [38;2;192;197;206m&[38;2;192;197;206mAddr[38;2;192;197;206m)[38;2;192;197;206m [38;2;192;197;206m{[K
[0m[48;2;40;67;43m[39m+    11[0m:[39m[48;2;24;38;30m [38;2;192;197;206m    [38;2;180;142;173mlet[38;2;192;197;206m [38;2;180;142;173mmut[38;2;192;197;206m buf [38;2;192;197;206m=[38;2;192;197;206m [38;2;192;197;206m[[38;2;208;135;112m0[38;2;180;142;173mu8[38;2;192;197;206m;[38;2;192;197;206m [38;2;208;135;112m2[38;2;192;197;206m [38;2;192;197;206m*[38;2;192;197;206m [38;2;208;135;112mSPX_N[38;2;192;197;206m [38;2;192;197;206m+[38;2;192;197;206m [38;2;208;135;112mSPX_ADDR_BYTES[38;2;192;197;206m][38;2;192;197;206m;[K
[0m[48;2;40;67;43m[39m+    12[0m:[39m[48;2;24;38;30m [38;2;192;197;206m    [38;2;180;142;173mlet[38;2;192;197;206m [38;2;180;142;173mmut[38;2;192;197;206m outbuf [38;2;192;197;206m=[38;2;192;197;206m [38;2;192;197;206m[[38;2;208;135;112m0[38;2;180;142;173mu8[38;2;192;197;206m;[38;2;192;197;206m [38;2;208;135;112mSPX_BLAKE256_OUTPUT_BYTES[38;2;192;197;206m][38;2;192;197;206m;[K
[0m[48;2;40;67;43m[39m+    13[0m:[39m[48;2;24;38;30m [38;2;192;197;206m    buf[38;2;192;197;206m[[38;2;192;197;206m..[38;2;208;135;112mSPX_N[38;2;192;197;206m][38;2;192;197;206m.[38;2;150;181;180mcopy_from_slice[38;2;192;197;206m([38;2;192;197;206m&[38;2;192;197;206mctx.pub_seed[38;2;192;197;206m)[38;2;192;197;206m;[K
[0m[48;2;40;67;43m[39m+    14[0m:[39m[48;2;24;38;30m [38;2;192;197;206m    [38;2;180;142;173mlet[38;2;192;197;206m addr_bytes [38;2;192;197;206m=[38;2;192;197;206m [38;2;180;142;173munsafe[38;2;192;197;206m [38;2;192;197;206m{[38;2;192;197;206m [38;2;192;197;206mstd[38;2;192;197;206m::[38;2;192;197;206mslice[38;2;192;197;206m::[38;2;192;197;206mfrom_raw_parts[38;2;192;197;206m([38;2;192;197;206maddr.[38;2;150;181;180mas_ptr[38;2;192;197;206m([38;2;192;197;206m)[38;2;192;197;206m [38;2;192;197;206mas[38;2;192;197;206m [38;2;192;197;206m*[38;2;180;142;173mconst[38;2;192;197;206m [38;2;180;142;173mu8[38;2;192;197;206m,[38;2;192;197;206m [38;2;208;135;112m32[38;2;192;197;206m)[38;2;192;197;206m [38;2;192;197;206m}[38;2;192;197;206m;[K
[0m[48;2;40;67;43m[39m+    15[0m:[39m[48;2;24;38;30m [38;2;192;197;206m    buf[38;2;192;197;206m[[38;2;208;135;112mSPX_N[38;2;192;197;206m..[38;2;208;135;112mSPX_N[38;2;192;197;206m [38;2;192;197;206m+[38;2;192;197;206m [38;2;208;135;112mSPX_ADDR_BYTES[38;2;192;197;206m][38;2;192;197;206m.[38;2;150;181;180mcopy_from_slice[38;2;192;197;206m([38;2;192;197;206maddr_bytes[38;2;192;197;206m)[38;2;192;197;206m;[K
[0m[48;2;40;67;43m[39m+    16[0m:[39m[48;2;24;38;30m [38;2;192;197;206m    buf[38;2;192;197;206m[[38;2;208;135;112mSPX_N[38;2;192;197;206m [38;2;192;197;206m+[38;2;192;197;206m [38;2;208;135;112mSPX_ADDR_BYTES[38;2;192;197;206m..[38;2;208;135;112mSPX_N[38;2;192;197;206m [38;2;192;197;206m+[38;2;192;197;206m [38;2;208;135;112mSPX_ADDR_BYTES[38;2;192;197;206m [38;2;192;197;206m+[38;2;192;197;206m [38;2;208;135;112mSPX_N[38;2;192;197;206m][38;2;192;197;206m.[38;2;150;181;180mcopy_from_slice[38;2;192;197;206m([38;2;192;197;206m&[38;2;192;197;206mctx.sk_seed[38;2;192;197;206m)[38;2;192;197;206m;[K
[0m[48;2;40;67;43m[39m+    17[0m:[39m[48;2;24;38;30m [38;2;192;197;206m    [38;2;192;197;206mblake256[38;2;192;197;206m::[38;2;192;197;206mblake256[38;2;192;197;206m([38;2;192;197;206m&[38;2;180;142;173mmut[38;2;192;197;206m outbuf[38;2;192;197;206m,[38;2;192;197;206m [38;2;192;197;206m&[38;2;192;197;206mbuf[38;2;192;197;206m,[38;2;192;197;206m [38;2;192;197;206m([38;2;208;135;112mSPX_N[38;2;192;197;206m [38;2;192;197;206m+[38;2;192;197;206m [38;2;208;135;112mSPX_ADDR_BYTES[38;2;192;197;206m)[38;2;192;197;206m [38;2;192;197;206mas[38;2;192;197;206m [38;2;180;142;173mu64[38;2;192;197;206m)[38;2;192;197;206m;[K
[0m[48;2;40;67;43m[39m+    18[0m:[39m[48;2;24;38;30m [38;2;192;197;206m    out[38;2;192;197;206m[[38;2;192;197;206m..[38;2;208;135;112mSPX_N[38;2;192;197;206m][38;2;192;197;206m.[38;2;150;181;180mcopy_from_slice[38;2;192;197;206m([38;2;192;197;206m&[38;2;192;197;206moutbuf[38;2;192;197;206m[[38;2;192;197;206m..[38;2;208;135;112mSPX_N[38;2;192;197;206m][38;2;192;197;206m)[38;2;192;197;206m;[K
[0m[48;2;40;67;43m[39m+    19[0m:[39m[48;2;24;38;30m [38;2;192;197;206m}[K
[0m[48;2;40;67;43m[39m+    20[0m:[39m[48;2;24;38;30m [K
[0m[48;2;40;67;43m[39m+    21[0m:[39m[48;2;24;38;30m [38;2;180;142;173mpub[38;2;192;197;206m [38;2;180;142;173mfn[38;2;192;197;206m [38;2;143;161;179mgen_message_random[38;2;192;197;206m([38;2;191;97;106mr[38;2;192;197;206m:[38;2;192;197;206m [38;2;192;197;206m&[38;2;180;142;173mmut[38;2;192;197;206m [[38;2;180;142;173mu8[38;2;192;197;206m], [38;2;191;97;106msk_prf[38;2;192;197;206m:[38;2;192;197;206m [38;2;192;197;206m&[38;2;192;197;206m[[38;2;180;142;173mu8[38;2;192;197;206m], [38;2;191;97;106moptrand[38;2;192;197;206m:[38;2;192;197;206m [38;2;192;197;206m&[38;2;192;197;206m[[38;2;180;142;173mu8[38;2;192;197;206m],[K
[0m[48;2;40;67;43m[39m+    22[0m:[39m[48;2;24;38;30m [38;2;192;197;206m                          [38;2;191;97;106mm[38;2;192;197;206m:[38;2;192;197;206m [38;2;192;197;206m&[38;2;192;197;206m[[38;2;180;142;173mu8[38;2;192;197;206m], [38;2;191;97;106mmlen[38;2;192;197;206m:[38;2;192;197;206m [38;2;180;142;173mu64[38;2;192;197;206m, [38;2;191;97;106m_ctx[38;2;192;197;206m:[38;2;192;197;206m [38;2;192;197;206m&[38;2;192;197;206mSpxCtx[38;2;192;197;206m)[38;2;192;197;206m [38;2;192;197;206m{[K
[0m[48;2;40;67;43m[39m+    23[0m:[39m[48;2;24;38;30m [38;2;192;197;206m    [38;2;180;142;173mlet[38;2;192;197;206m [38;2;180;142;173mmut[38;2;192;197;206m s [38;2;192;197;206m=[38;2;192;197;206m [38;2;192;197;206mblake512[38;2;192;197;206m::[38;2;192;197;206mBlake512State[38;2;192;197;206m::[38;2;192;197;206mdefault[38;2;192;197;206m([38;2;192;197;206m)[38;2;192;197;206m;[K
[0m[48;2;40;67;43m[39m+    24[0m:[39m[48;2;24;38;30m [38;2;192;197;206m    [38;2;192;197;206mblake512[38;2;192;197;206m::[38;2;192;197;206mblake512_init[38;2;192;197;206m([38;2;192;197;206m&[38;2;180;142;173mmut[38;2;192;197;206m s[38;2;192;197;206m)[38;2;192;197;206m;[K
[0m[48;2;40;67;43m[39m+    25[0m:[39m[48;2;24;38;30m [38;2;192;197;206m    [38;2;192;197;206mblake512[38;2;192;197;206m::[38;2;192;197;206mblake512_update[38;2;192;197;206m([38;2;192;197;206m&[38;2;180;142;173mmut[38;2;192;197;206m s[38;2;192;197;206m,[38;2;192;197;206m [38;2;192;197;206m&[38;2;192;197;206msk_prf[38;2;192;197;206m[[38;2;192;197;206m..[38;2;208;135;112mSPX_N[38;2;192;197;206m][38;2;192;197;206m,[38;2;192;197;206m [38;2;192;197;206m([38;2;208;135;112mSPX_N[38;2;192;197;206m [38;2;192;197;206mas[38;2;192;197;206m [38;2;180;142;173mu64[38;2;192;197;206m)[38;2;192;197;206m [38;2;192;197;206m*[38;2;192;197;206m [38;2;208;135;112m8[38;2;192;197;206m)[38;2;192;197;206m;[K
[0m[48;2;40;67;43m[39m+    26[0m:[39m[48;2;24;38;30m [38;2;192;197;206m    [38;2;192;197;206mblake512[38;2;192;197;206m::[38;2;192;197;206mblake512_update[38;2;192;197;206m([38;2;192;197;206m&[38;2;180;142;173mmut[38;2;192;197;206m s[38;2;192;197;206m,[38;2;192;197;206m [38;2;192;197;206m&[38;2;192;197;206moptrand[38;2;192;197;206m[[38;2;192;197;206m..[38;2;208;135;112mSPX_N[38;2;192;197;206m][38;2;192;197;206m,[38;2;192;197;206m [38;2;192;197;206m([38;2;208;135;112mSPX_N[38;2;192;197;206m [38;2;192;197;206mas[38;2;192;197;206m [38;2;180;142;173mu64[38;2;192;197;206m)[38;2;192;197;206m [38;2;192;197;206m*[38;2;192;197;206m [38;2;208;135;112m8[38;2;192;197;206m)[38;2;192;197;206m;[K
[0m[48;2;40;67;43m[39m+    27[0m:[39m[48;2;24;38;30m [38;2;192;197;206m    [38;2;192;197;206mblake512[38;2;192;197;206m::[38;2;192;197;206mblake512_update[38;2;192;197;206m([38;2;192;197;206m&[38;2;180;142;173mmut[38;2;192;197;206m s[38;2;192;197;206m,[38;2;192;197;206m [38;2;192;197;206m&[38;2;192;197;206mm[38;2;192;197;206m[[38;2;192;197;206m..[38;2;192;197;206mmlen [38;2;192;197;206mas[38;2;192;197;206m [38;2;180;142;173musize[38;2;192;197;206m][38;2;192;197;206m,[38;2;192;197;206m mlen [38;2;192;197;206m*[38;2;192;197;206m [38;2;208;135;112m8[38;2;192;197;206m)[38;2;192;197;206m;[K
[0m[48;2;40;67;43m[39m+    28[0m:[39m[48;2;24;38;30m [38;2;192;197;206m    [38;2;192;197;206mblake512[38;2;192;197;206m::[38;2;192;197;206mblake512_final[38;2;192;197;206m([38;2;192;197;206m&[38;2;180;142;173mmut[38;2;192;197;206m s[38;2;192;197;206m,[38;2;192;197;206m r[38;2;192;197;206m)[38;2;192;197;206m;[K
[0m[48;2;40;67;43m[39m+    29[0m:[39m[48;2;24;38;30m [38;2;192;197;206m}[K
[0m[48;2;40;67;43m[39m+    30[0m:[39m[48;2;24;38;30m [K
[0m[48;2;40;67;43m[39m+    31[0m:[39m[48;2;24;38;30m [38;2;180;142;173mpub[38;2;192;197;206m [38;2;180;142;173mfn[38;2;192;197;206m [38;2;143;161;179mhash_message[38;2;192;197;206m([38;2;191;97;106mdigest[38;2;192;197;206m:[38;2;192;197;206m [38;2;192;197;206m&[38;2;180;142;173mmut[38;2;192;197;206m [[38;2;180;142;173mu8[38;2;192;197;206m], [38;2;191;97;106mtree[38;2;192;197;206m:[38;2;192;197;206m [38;2;192;197;206m&[38;2;180;142;173mmut[38;2;192;197;206m [38;2;180;142;173mu64[38;2;192;197;206m, [38;2;191;97;106mleaf_idx[38;2;192;197;206m:[38;2;192;197;206m [38;2;192;197;206m&[38;2;180;142;173mmut[38;2;192;197;206m [38;2;180;142;173mu32[38;2;192;197;206m,[K
[0m[48;2;40;67;43m[39m+    32[0m:[39m[48;2;24;38;30m [38;2;192;197;206m                    [38;2;191;97;106mr[38;2;192;197;206m:[38;2;192;197;206m [38;2;192;197;206m&[38;2;192;197;206m[[38;2;180;142;173mu8[38;2;192;197;206m], [38;2;191;97;106mpk[38;2;192;197;206m:[38;2;192;197;206m [38;2;192;197;206m&[38;2;192;197;206m[[38;2;180;142;173mu8[38;2;192;197;206m], [38;2;191;97;106mm[38;2;192;197;206m:[38;2;192;197;206m [38;2;192;197;206m&[38;2;192;197;206m[[38;2;180;142;173mu8[38;2;192;197;206m], [38;2;191;97;106mmlen[38;2;192;197;206m:[38;2;192;197;206m [38;2;180;142;173mu64[38;2;192;197;206m, [38;2;191;97;106m_ctx[38;2;192;197;206m:[38;2;192;197;206m [38;2;192;197;206m&[38;2;192;197;206mSpxCtx[38;2;192;197;206m)[38;2;192;197;206m [38;2;192;197;206m{[K
[0m[48;2;40;67;43m[39m+    33[0m:[39m[48;2;24;38;30m [38;2;192;197;206m    [38;2;180;142;173mconst[38;2;192;197;206m [38;2;208;135;112mSPX_TREE_BITS[38;2;192;197;206m:[38;2;192;197;206m [38;2;180;142;173musize[38;2;192;197;206m [38;2;192;197;206m=[38;2;192;197;206m [38;2;208;135;112mSPX_TREE_HEIGHT[38;2;192;197;206m [38;2;192;197;206m*[38;2;192;197;206m [38;2;192;197;206m([38;2;208;135;112mSPX_D[38;2;192;197;206m [38;2;192;197;206m-[38;2;192;197;206m [38;2;208;135;112m1[38;2;192;197;206m)[38;2;192;197;206m;[K
[0m[48;2;40;67;43m[39m+    34[0m:[39m[48;2;24;38;30m [38;2;192;197;206m    [38;2;180;142;173mconst[38;2;192;197;206m [38;2;208;135;112mSPX_TREE_BYTES[38;2;192;197;206m:[38;2;192;197;206m [38;2;180;142;173musize[38;2;192;197;206m [38;2;192;197;206m=[38;2;192;197;206m [38;2;192;197;206m([38;2;208;135;112mSPX_TREE_BITS[38;2;192;197;206m [38;2;192;197;206m+[38;2;192;197;206m [38;2;208;135;112m7[38;2;192;197;206m)[38;2;192;197;206m [38;2;192;197;206m/[38;2;192;197;206m [38;2;208;135;112m8[38;2;192;197;206m;[K
[0m[48;2;40;67;43m[39m+    35[0m:[39m[48;2;24;38;30m [38;2;192;197;206m    [38;2;180;142;173mconst[38;2;192;197;206m [38;2;208;135;112mSPX_LEAF_BITS[38;2;192;197;206m:[38;2;192;197;206m [38;2;180;142;173musize[38;2;192;197;206m [38;2;192;197;206m=[38;2;192;197;206m [38;2;208;135;112mSPX_TREE_HEIGHT[38;2;192;197;206m;[K
[0m[48;2;40;67;43m[39m+    36[0m:[39m[48;2;24;38;30m [38;2;192;197;206m    [38;2;180;142;173mconst[38;2;192;197;206m [38;2;208;135;112mSPX_LEAF_BYTES[38;2;192;197;206m:[38;2;192;197;206m [38;2;180;142;173musize[38;2;192;197;206m [38;2;192;197;206m=[38;2;192;197;206m [38;2;192;197;206m([38;2;208;135;112mSPX_LEAF_BITS[38;2;192;197;206m [38;2;192;197;206m+[38;2;192;197;206m [38;2;208;135;112m7[38;2;192;197;206m)[38;2;192;197;206m [38;2;192;197;206m/[38;2;192;197;206m [38;2;208;135;112m8[38;2;192;197;206m;[K
[0m[48;2;40;67;43m[39m+    37[0m:[39m[48;2;24;38;30m [38;2;192;197;206m    [38;2;180;142;173mconst[38;2;192;197;206m [38;2;208;135;112mSPX_DGST_BYTES[38;2;192;197;206m:[38;2;192;197;206m [38;2;180;142;173musize[38;2;192;197;206m [38;2;192;197;206m=[38;2;192;197;206m [38;2;208;135;112mSPX_FORS_MSG_BYTES[38;2;192;197;206m [38;2;192;197;206m+[38;2;192;197;206m [38;2;208;135;112mSPX_TREE_BYTES[38;2;192;197;206m [38;2;192;197;206m+[38;2;192;197;206m [38;2;208;135;112mSPX_LEAF_BYTES[38;2;192;197;206m;[K
[0m[48;2;40;67;43m[39m+    38[0m:[39m[48;2;24;38;30m [K
[0m[48;2;40;67;43m[39m+    39[0m:[39m[48;2;24;38;30m [38;2;192;197;206m    [38;2;180;142;173mlet[38;2;192;197;206m [38;2;180;142;173mmut[38;2;192;197;206m buf [38;2;192;197;206m=[38;2;192;197;206m [38;2;192;197;206m[[38;2;208;135;112m0[38;2;180;142;173mu8[38;2;192;197;206m;[38;2;192;197;206m [38;2;208;135;112mSPX_DGST_BYTES[38;2;192;197;206m][38;2;192;197;206m;[K
[0m[48;2;40;67;43m[39m+    40[0m:[39m[48;2;24;38;30m [38;2;192;197;206m    [38;2;180;142;173mlet[38;2;192;197;206m [38;2;180;142;173mmut[38;2;192;197;206m seed [38;2;192;197;206m=[38;2;192;197;206m [38;2;192;197;206m[[38;2;208;135;112m0[38;2;180;142;173mu8[38;2;192;197;206m;[38;2;192;197;206m [38;2;208;135;112m2[38;2;192;197;206m [38;2;192;197;206m*[38;2;192;197;206m [38;2;208;135;112mSPX_N[38;2;192;197;206m [38;2;192;197;206m+[38;2;192;197;206m [38;2;208;135;112mSPX_BLAKE512_OUTPUT_BYTES[38;2;192;197;206m][38;2;192;197;206m;[K
[0m[48;2;40;67;43m[39m+    41[0m:[39m[48;2;24;38;30m [K
[0m[48;2;40;67;43m[39m+    42[0m:[39m[48;2;24;38;30m [38;2;192;197;206m    [38;2;180;142;173mlet[38;2;192;197;206m [38;2;180;142;173mmut[38;2;192;197;206m s [38;2;192;197;206m=[38;2;192;197;206m [38;2;192;197;206mblake512[38;2;192;197;206m::[38;2;192;197;206mBlake512State[38;2;192;197;206m::[38;2;192;197;206mdefault[38;2;192;197;206m([38;2;192;197;206m)[38;2;192;197;206m;[K
[0m[48;2;40;67;43m[39m+    43[0m:[39m[48;2;24;38;30m [38;2;192;197;206m    [38;2;192;197;206mblake512[38;2;192;197;206m::[38;2;192;197;206mblake512_init[38;2;192;197;206m([38;2;192;197;206m&[38;2;180;142;173mmut[38;2;192;197;206m s[38;2;192;197;206m)[38;2;192;197;206m;[K
[0m[48;2;40;67;43m[39m+    44[0m:[39m[48;2;24;38;30m [38;2;192;197;206m    [38;2;192;197;206mblake512[38;2;192;197;206m::[38;2;192;197;206mblake512_update[38;2;192;197;206m([38;2;192;197;206m&[38;2;180;142;173mmut[38;2;192;197;206m s[38;2;192;197;206m,[38;2;192;197;206m [38;2;192;197;206m&[38;2;192;197;206mr[38;2;192;197;206m[[38;2;192;197;206m..[38;2;208;135;112mSPX_N[38;2;192;197;206m][38;2;192;197;206m,[38;2;192;197;206m [38;2;192;197;206m([38;2;208;135;112mSPX_N[38;2;192;197;206m [38;2;192;197;206mas[38;2;192;197;206m [38;2;180;142;173mu64[38;2;192;197;206m)[38;2;192;197;206m [38;2;192;197;206m*[38;2;192;197;206m [38;2;208;135;112m8[38;2;192;197;206m)[38;2;192;197;206m;[K
[0m[48;2;40;67;43m[39m+    45[0m:[39m[48;2;24;38;30m [38;2;192;197;206m    [38;2;192;197;206mblake512[38;2;192;197;206m::[38;2;192;197;206mblake512_update[38;2;192;197;206m([38;2;192;197;206m&[38;2;180;142;173mmut[38;2;192;197;206m s[38;2;192;197;206m,[38;2;192;197;206m [38;2;192;197;206m&[38;2;192;197;206mpk[38;2;192;197;206m[[38;2;192;197;206m..[38;2;208;135;112mSPX_PK_BYTES[38;2;192;197;206m][38;2;192;197;206m,[38;2;192;197;206m [38;2;192;197;206m([38;2;208;135;112mSPX_PK_BYTES[38;2;192;197;206m [38;2;192;197;206mas[38;2;192;197;206m [38;2;180;142;173mu64[38;2;192;197;206m)[38;2;192;197;206m [38;2;192;197;206m*[38;2;192;197;206m [38;2;208;135;112m8[38;2;192;197;206m)[38;2;192;197;206m;[K
[0m[48;2;40;67;43m[39m+    46[0m:[39m[48;2;24;38;30m [38;2;192;197;206m    [38;2;192;197;206mblake512[38;2;192;197;206m::[38;2;192;197;206mblake512_update[38;2;192;197;206m([38;2;192;197;206m&[38;2;180;142;173mmut[38;2;192;197;206m s[38;2;192;197;206m,[38;2;192;197;206m [38;2;192;197;206m&[38;2;192;197;206mm[38;2;192;197;206m[[38;2;192;197;206m..[38;2;192;197;206mmlen [38;2;192;197;206mas[38;2;192;197;206m [38;2;180;142;173musize[38;2;192;197;206m][38;2;192;197;206m,[38;2;192;197;206m mlen [38;2;192;197;206m*[38;2;192;197;206m [38;2;208;135;112m8[38;2;192;197;206m)[38;2;192;197;206m;[K
[0m[48;2;40;67;43m[39m+    47[0m:[39m[48;2;24;38;30m [38;2;192;197;206m    [38;2;192;197;206mblake512[38;2;192;197;206m::[38;2;192;197;206mblake512_final[38;2;192;197;206m([38;2;192;197;206m&[38;2;180;142;173mmut[38;2;192;197;206m s[38;2;192;197;206m,[38;2;192;197;206m [38;2;192;197;206m&[38;2;180;142;173mmut[38;2;192;197;206m seed[38;2;192;197;206m[[38;2;208;135;112m2[38;2;192;197;206m [38;2;192;197;206m*[38;2;192;197;206m [38;2;208;135;112mSPX_N[38;2;192;197;206m..[38;2;192;197;206m][38;2;192;197;206m)[38;2;192;197;206m;[K
[0m[48;2;40;67;43m[39m+    48[0m:[39m[48;2;24;38;30m [K
[0m[48;2;40;67;43m[39m+    49[0m:[39m[48;2;24;38;30m [38;2;192;197;206m    seed[38;2;192;197;206m[[38;2;192;197;206m..[38;2;208;135;112mSPX_N[38;2;192;197;206m][38;2;192;197;206m.[38;2;150;181;180mcopy_from_slice[38;2;192;197;206m([38;2;192;197;206m&[38;2;192;197;206mr[38;2;192;197;206m[[38;2;192;197;206m..[38;2;208;135;112mSPX_N[38;2;192;197;206m][38;2;192;197;206m)[38;2;192;197;206m;[K
[0m[48;2;40;67;43m[39m+    50[0m:[39m[48;2;24;38;30m [38;2;192;197;206m    seed[38;2;192;197;206m[[38;2;208;135;112mSPX_N[38;2;192;197;206m..[38;2;208;135;112m2[38;2;192;197;206m [38;2;192;197;206m*[38;2;192;197;206m [38;2;208;135;112mSPX_N[38;2;192;197;206m][38;2;192;197;206m.[38;2;150;181;180mcopy_from_slice[38;2;192;197;206m([38;2;192;197;206m&[38;2;192;197;206mpk[38;2;192;197;206m[[38;2;192;197;206m..[38;2;208;135;112mSPX_N[38;2;192;197;206m][38;2;192;197;206m)[38;2;192;197;206m;[K
[0m[48;2;40;67;43m[39m+    51[0m:[39m[48;2;24;38;30m [K
[0m[48;2;40;67;43m[39m+    52[0m:[39m[48;2;24;38;30m [38;2;192;197;206m    [38;2;192;197;206mblake512[38;2;192;197;206m::[38;2;192;197;206mblake512_mgf1[38;2;192;197;206m([38;2;192;197;206m&[38;2;180;142;173mmut[38;2;192;197;206m buf[38;2;192;197;206m,[38;2;192;197;206m [38;2;208;135;112mSPX_DGST_BYTES[38;2;192;197;206m,[38;2;192;197;206m [38;2;192;197;206m&[38;2;192;197;206mseed[38;2;192;197;206m,[38;2;192;197;206m [38;2;208;135;112m2[38;2;192;197;206m [38;2;192;197;206m*[38;2;192;197;206m [38;2;208;135;112mSPX_N[38;2;192;197;206m [38;2;192;197;206m+[38;2;192;197;206m [38;2;208;135;112mSPX_BLAKE512_OUTPUT_BYTES[38;2;192;197;206m)[38;2;192;197;206m;[K
[0m[48;2;40;67;43m[39m+    53[0m:[39m[48;2;24;38;30m [K
[0m[48;2;40;67;43m[39m+    54[0m:[39m[48;2;24;38;30m [38;2;192;197;206m    digest[38;2;192;197;206m[[38;2;192;197;206m..[38;2;208;135;112mSPX_FORS_MSG_BYTES[38;2;192;197;206m][38;2;192;197;206m.[38;2;150;181;180mcopy_from_slice[38;2;192;197;206m([38;2;192;197;206m&[38;2;192;197;206mbuf[38;2;192;197;206m[[38;2;192;197;206m..[38;2;208;135;112mSPX_FORS_MSG_BYTES[38;2;192;197;206m][38;2;192;197;206m)[38;2;192;197;206m;[K
[0m[48;2;40;67;43m[39m+    55[0m:[39m[48;2;24;38;30m [38;2;192;197;206m    [38;2;180;142;173mlet[38;2;192;197;206m [38;2;180;142;173mmut[38;2;192;197;206m off [38;2;192;197;206m=[38;2;192;197;206m [38;2;208;135;112mSPX_FORS_MSG_BYTES[38;2;192;197;206m;[K
[0m[48;2;40;67;43m[39m+    56[0m:[39m[48;2;24;38;30m [K
[0m[48;2;40;67;43m[39m+    57[0m:[39m[48;2;24;38;30m [38;2;192;197;206m    [38;2;180;142;173mif[38;2;192;197;206m [38;2;208;135;112mSPX_D[38;2;192;197;206m [38;2;192;197;206m=[38;2;192;197;206m=[38;2;192;197;206m [38;2;208;135;112m1[38;2;192;197;206m [38;2;192;197;206m{[K
[0m[48;2;40;67;43m[39m+    58[0m:[39m[48;2;24;38;30m [38;2;192;197;206m        [38;2;192;197;206m*[38;2;192;197;206mtree [38;2;192;197;206m=[38;2;192;197;206m [38;2;208;135;112m0[38;2;192;197;206m;[K
[0m[48;2;40;67;43m[39m+    59[0m:[39m[48;2;24;38;30m [38;2;192;197;206m    [38;2;192;197;206m}[38;2;192;197;206m [38;2;180;142;173melse[38;2;192;197;206m [38;2;192;197;206m{[K
[0m[48;2;40;67;43m[39m+    60[0m:[39m[48;2;24;38;30m [38;2;192;197;206m        [38;2;192;197;206m*[38;2;192;197;206mtree [38;2;192;197;206m=[38;2;192;197;206m [38;2;150;181;180mbytes_to_ull[38;2;192;197;206m([38;2;192;197;206m&[38;2;192;197;206mbuf[38;2;192;197;206m[[38;2;192;197;206moff[38;2;192;197;206m..[38;2;192;197;206m][38;2;192;197;206m,[38;2;192;197;206m [38;2;208;135;112mSPX_TREE_BYTES[38;2;192;197;206m)[38;2;192;197;206m;[K
[0m[48;2;40;67;43m[39m+    61[0m:[39m[48;2;24;38;30m [38;2;192;197;206m        [38;2;192;197;206m*[38;2;192;197;206mtree [38;2;192;197;206m&[38;2;192;197;206m=[38;2;192;197;206m [38;2;192;197;206m([38;2;192;197;206m![38;2;208;135;112m0[38;2;180;142;173mu64[38;2;192;197;206m)[38;2;192;197;206m [38;2;192;197;206m>[38;2;192;197;206m>[38;2;192;197;206m [38;2;192;197;206m([38;2;208;135;112m64[38;2;192;197;206m [38;2;192;197;206m-[38;2;192;197;206m [38;2;208;135;112mSPX_TREE_BITS[38;2;192;197;206m)[38;2;192;197;206m;[K
[0m[48;2;40;67;43m[39m+    62[0m:[39m[48;2;24;38;30m [38;2;192;197;206m    [38;2;192;197;206m}[K
[0m[48;2;40;67;43m[39m+    63[0m:[39m[48;2;24;38;30m [38;2;192;197;206m    off [38;2;192;197;206m+[38;2;192;197;206m=[38;2;192;197;206m [38;2;208;135;112mSPX_TREE_BYTES[38;2;192;197;206m;[K
[0m[48;2;40;67;43m[39m+    64[0m:[39m[48;2;24;38;30m [K
[0m[48;2;40;67;43m[39m+    65[0m:[39m[48;2;24;38;30m [38;2;192;197;206m    [38;2;192;197;206m*[38;2;192;197;206mleaf_idx [38;2;192;197;206m=[38;2;192;197;206m [38;2;150;181;180mbytes_to_ull[38;2;192;197;206m([38;2;192;197;206m&[38;2;192;197;206mbuf[38;2;192;197;206m[[38;2;192;197;206moff[38;2;192;197;206m..[38;2;192;197;206m][38;2;192;197;206m,[38;2;192;197;206m [38;2;208;135;112mSPX_LEAF_BYTES[38;2;192;197;206m)[38;2;192;197;206m [38;2;192;197;206mas[38;2;192;197;206m [38;2;180;142;173mu32[38;2;192;197;206m;[K
[0m[48;2;40;67;43m[39m+    66[0m:[39m[48;2;24;38;30m [38;2;192;197;206m    [38;2;192;197;206m*[38;2;192;197;206mleaf_idx [38;2;192;197;206m&[38;2;192;197;206m=[38;2;192;197;206m [38;2;192;197;206m([38;2;192;197;206m![38;2;208;135;112m0[38;2;180;142;173mu32[38;2;192;197;206m)[38;2;192;197;206m [38;2;192;197;206m>[38;2;192;197;206m>[38;2;192;197;206m [38;2;192;197;206m([38;2;208;135;112m32[38;2;192;197;206m [38;2;192;197;206m-[38;2;192;197;206m [38;2;208;135;112mSPX_LEAF_BITS[38;2;192;197;206m)[38;2;192;197;206m;[K
[0m[48;2;40;67;43m[39m+    67[0m:[39m[48;2;24;38;30m [38;2;192;197;206m}[K
[0m[K
Creating: [38;5;141m/local/home/scheschb/reserach/TRACTOR/harvest-agentic/results/P01_sphincs_plus/010_sphincs_PQCgenKAT_sign_blake_192f_robust/translated_rust/src/hash.rs[0m
[38;5;244m - Completed in 0.40s[0m
[38;5;12m[1m [1.9][0m[0m
[?25l[0m[?25l[?25l[0m[0mI'll create the following file: [38;5;141m/local/home/scheschb/reserach/TRACTOR/harvest-agentic/results/P01_sphincs_plus/010_sphincs_PQCgenKAT_sign_blake_192f_robust/translated_rust/src/thash.rs[0m[38;5;244m (using tool: write)[0m

[48;2;40;67;43m[39m+     1[0m:[39m[48;2;24;38;30m [38;2;180;142;173muse[38;2;192;197;206m [38;2;180;142;173mcrate[38;2;192;197;206m::[38;2;192;197;206mparams[38;2;192;197;206m::[38;2;192;197;206m*[38;2;192;197;206m;[K
[0m[48;2;40;67;43m[39m+     2[0m:[39m[48;2;24;38;30m [38;2;180;142;173muse[38;2;192;197;206m [38;2;180;142;173mcrate[38;2;192;197;206m::[38;2;192;197;206mcontext[38;2;192;197;206m::[38;2;192;197;206mSpxCtx[38;2;192;197;206m;[K
[0m[48;2;40;67;43m[39m+     3[0m:[39m[48;2;24;38;30m [38;2;180;142;173muse[38;2;192;197;206m [38;2;180;142;173mcrate[38;2;192;197;206m::[38;2;192;197;206maddress[38;2;192;197;206m::[38;2;192;197;206mAddr[38;2;192;197;206m;[K
[0m[48;2;40;67;43m[39m+     4[0m:[39m[48;2;24;38;30m [38;2;180;142;173muse[38;2;192;197;206m [38;2;180;142;173mcrate[38;2;192;197;206m::[38;2;192;197;206mblake256[38;2;192;197;206m;[K
[0m[48;2;40;67;43m[39m+     5[0m:[39m[48;2;24;38;30m [38;2;180;142;173muse[38;2;192;197;206m [38;2;180;142;173mcrate[38;2;192;197;206m::[38;2;192;197;206mblake512[38;2;192;197;206m;[K
[0m[48;2;40;67;43m[39m+     6[0m:[39m[48;2;24;38;30m [K
[0m[48;2;40;67;43m[39m+     7[0m:[39m[48;2;24;38;30m [38;2;180;142;173mpub[38;2;192;197;206m [38;2;180;142;173mfn[38;2;192;197;206m [38;2;143;161;179mthash[38;2;192;197;206m([38;2;191;97;106mout[38;2;192;197;206m:[38;2;192;197;206m [38;2;192;197;206m&[38;2;180;142;173mmut[38;2;192;197;206m [[38;2;180;142;173mu8[38;2;192;197;206m], [38;2;191;97;106minp[38;2;192;197;206m:[38;2;192;197;206m [38;2;192;197;206m&[38;2;192;197;206m[[38;2;180;142;173mu8[38;2;192;197;206m], [38;2;191;97;106minblocks[38;2;192;197;206m:[38;2;192;197;206m [38;2;180;142;173musize[38;2;192;197;206m, [38;2;191;97;106mctx[38;2;192;197;206m:[38;2;192;197;206m [38;2;192;197;206m&[38;2;192;197;206mSpxCtx, [38;2;191;97;106maddr[38;2;192;197;206m:[38;2;192;197;206m [38;2;192;197;206m&[38;2;180;142;173mmut[38;2;192;197;206m Addr[38;2;192;197;206m)[38;2;192;197;206m [38;2;192;197;206m{[K
[0m[48;2;40;67;43m[39m+     8[0m:[39m[48;2;24;38;30m [38;2;192;197;206m    [38;2;180;142;173mif[38;2;192;197;206m inblocks [38;2;192;197;206m>[38;2;192;197;206m [38;2;208;135;112m1[38;2;192;197;206m [38;2;192;197;206m{[K
[0m[48;2;40;67;43m[39m+     9[0m:[39m[48;2;24;38;30m [38;2;192;197;206m        [38;2;150;181;180mthash_512[38;2;192;197;206m([38;2;192;197;206mout[38;2;192;197;206m,[38;2;192;197;206m inp[38;2;192;197;206m,[38;2;192;197;206m inblocks[38;2;192;197;206m,[38;2;192;197;206m ctx[38;2;192;197;206m,[38;2;192;197;206m addr[38;2;192;197;206m)[38;2;192;197;206m;[K
[0m[48;2;40;67;43m[39m+    10[0m:[39m[48;2;24;38;30m [38;2;192;197;206m        [38;2;180;142;173mreturn[38;2;192;197;206m;[K
[0m[48;2;40;67;43m[39m+    11[0m:[39m[48;2;24;38;30m [38;2;192;197;206m    [38;2;192;197;206m}[K
[0m[48;2;40;67;43m[39m+    12[0m:[39m[48;2;24;38;30m [38;2;192;197;206m    [38;2;180;142;173mlet[38;2;192;197;206m [38;2;180;142;173mmut[38;2;192;197;206m outbuf [38;2;192;197;206m=[38;2;192;197;206m [38;2;192;197;206m[[38;2;208;135;112m0[38;2;180;142;173mu8[38;2;192;197;206m;[38;2;192;197;206m [38;2;208;135;112mSPX_BLAKE256_OUTPUT_BYTES[38;2;192;197;206m][38;2;192;197;206m;[K
[0m[48;2;40;67;43m[39m+    13[0m:[39m[48;2;24;38;30m [38;2;192;197;206m    [38;2;180;142;173mlet[38;2;192;197;206m [38;2;180;142;173mmut[38;2;192;197;206m bitmask [38;2;192;197;206m=[38;2;192;197;206m [38;2;192;197;206mvec![38;2;192;197;206m[[38;2;208;135;112m0[38;2;180;142;173mu8[38;2;192;197;206m;[38;2;192;197;206m inblocks [38;2;192;197;206m*[38;2;192;197;206m [38;2;208;135;112mSPX_N[38;2;192;197;206m][38;2;192;197;206m;[K
[0m[48;2;40;67;43m[39m+    14[0m:[39m[48;2;24;38;30m [38;2;192;197;206m    [38;2;180;142;173mlet[38;2;192;197;206m [38;2;180;142;173mmut[38;2;192;197;206m buf [38;2;192;197;206m=[38;2;192;197;206m [38;2;192;197;206mvec![38;2;192;197;206m[[38;2;208;135;112m0[38;2;180;142;173mu8[38;2;192;197;206m;[38;2;192;197;206m [38;2;208;135;112mSPX_N[38;2;192;197;206m [38;2;192;197;206m+[38;2;192;197;206m [38;2;208;135;112mSPX_ADDR_BYTES[38;2;192;197;206m [38;2;192;197;206m+[38;2;192;197;206m inblocks [38;2;192;197;206m*[38;2;192;197;206m [38;2;208;135;112mSPX_N[38;2;192;197;206m][38;2;192;197;206m;[K
[0m[48;2;40;67;43m[39m+    15[0m:[39m[48;2;24;38;30m [38;2;192;197;206m    buf[38;2;192;197;206m[[38;2;192;197;206m..[38;2;208;135;112mSPX_N[38;2;192;197;206m][38;2;192;197;206m.[38;2;150;181;180mcopy_from_slice[38;2;192;197;206m([38;2;192;197;206m&[38;2;192;197;206mctx.pub_seed[38;2;192;197;206m)[38;2;192;197;206m;[K
[0m[48;2;40;67;43m[39m+    16[0m:[39m[48;2;24;38;30m [38;2;192;197;206m    [38;2;180;142;173mlet[38;2;192;197;206m addr_bytes [38;2;192;197;206m=[38;2;192;197;206m [38;2;180;142;173munsafe[38;2;192;197;206m [38;2;192;197;206m{[38;2;192;197;206m [38;2;192;197;206mstd[38;2;192;197;206m::[38;2;192;197;206mslice[38;2;192;197;206m::[38;2;192;197;206mfrom_raw_parts[38;2;192;197;206m([38;2;192;197;206maddr.[38;2;150;181;180mas_ptr[38;2;192;197;206m([38;2;192;197;206m)[38;2;192;197;206m [38;2;192;197;206mas[38;2;192;197;206m [38;2;192;197;206m*[38;2;180;142;173mconst[38;2;192;197;206m [38;2;180;142;173mu8[38;2;192;197;206m,[38;2;192;197;206m [38;2;208;135;112m32[38;2;192;197;206m)[38;2;192;197;206m [38;2;192;197;206m}[38;2;192;197;206m;[K
[0m[48;2;40;67;43m[39m+    17[0m:[39m[48;2;24;38;30m [38;2;192;197;206m    buf[38;2;192;197;206m[[38;2;208;135;112mSPX_N[38;2;192;197;206m..[38;2;208;135;112mSPX_N[38;2;192;197;206m [38;2;192;197;206m+[38;2;192;197;206m [38;2;208;135;112mSPX_ADDR_BYTES[38;2;192;197;206m][38;2;192;197;206m.[38;2;150;181;180mcopy_from_slice[38;2;192;197;206m([38;2;192;197;206maddr_bytes[38;2;192;197;206m)[38;2;192;197;206m;[K
[0m[48;2;40;67;43m[39m+    18[0m:[39m[48;2;24;38;30m [38;2;192;197;206m    [38;2;192;197;206mblake256[38;2;192;197;206m::[38;2;192;197;206mblake256_mgf1[38;2;192;197;206m([38;2;192;197;206m&[38;2;180;142;173mmut[38;2;192;197;206m bitmask[38;2;192;197;206m,[38;2;192;197;206m inblocks [38;2;192;197;206m*[38;2;192;197;206m [38;2;208;135;112mSPX_N[38;2;192;197;206m,[38;2;192;197;206m [38;2;192;197;206m&[38;2;192;197;206mbuf[38;2;192;197;206m,[38;2;192;197;206m [38;2;208;135;112mSPX_N[38;2;192;197;206m [38;2;192;197;206m+[38;2;192;197;206m [38;2;208;135;112mSPX_ADDR_BYTES[38;2;192;197;206m)[38;2;192;197;206m;[K
[0m[48;2;40;67;43m[39m+    19[0m:[39m[48;2;24;38;30m [38;2;192;197;206m    [38;2;180;142;173mfor[38;2;192;197;206m i [38;2;192;197;206min[38;2;192;197;206m [38;2;208;135;112m0[38;2;192;197;206m..[38;2;192;197;206minblocks [38;2;192;197;206m*[38;2;192;197;206m [38;2;208;135;112mSPX_N[38;2;192;197;206m [38;2;192;197;206m{[K
[0m[48;2;40;67;43m[39m+    20[0m:[39m[48;2;24;38;30m [38;2;192;197;206m        buf[38;2;192;197;206m[[38;2;208;135;112mSPX_N[38;2;192;197;206m [38;2;192;197;206m+[38;2;192;197;206m [38;2;208;135;112mSPX_ADDR_BYTES[38;2;192;197;206m [38;2;192;197;206m+[38;2;192;197;206m i[38;2;192;197;206m][38;2;192;197;206m [38;2;192;197;206m=[38;2;192;197;206m inp[38;2;192;197;206m[[38;2;192;197;206mi[38;2;192;197;206m][38;2;192;197;206m [38;2;192;197;206m^[38;2;192;197;206m bitmask[38;2;192;197;206m[[38;2;192;197;206mi[38;2;192;197;206m][38;2;192;197;206m;[K
[0m[48;2;40;67;43m[39m+    21[0m:[39m[48;2;24;38;30m [38;2;192;197;206m    [38;2;192;197;206m}[K
[0m[48;2;40;67;43m[39m+    22[0m:[39m[48;2;24;38;30m [38;2;192;197;206m    [38;2;192;197;206mblake256[38;2;192;197;206m::[38;2;192;197;206mblake256[38;2;192;197;206m([38;2;192;197;206m&[38;2;180;142;173mmut[38;2;192;197;206m outbuf[38;2;192;197;206m,[38;2;192;197;206m [38;2;192;197;206m&[38;2;192;197;206mbuf[38;2;192;197;206m[[38;2;208;135;112mSPX_N[38;2;192;197;206m..[38;2;192;197;206m][38;2;192;197;206m,[38;2;192;197;206m [38;2;192;197;206m([38;2;208;135;112mSPX_ADDR_BYTES[38;2;192;197;206m [38;2;192;197;206m+[38;2;192;197;206m inblocks [38;2;192;197;206m*[38;2;192;197;206m [38;2;208;135;112mSPX_N[38;2;192;197;206m)[38;2;192;197;206m [38;2;192;197;206mas[38;2;192;197;206m [38;2;180;142;173mu64[38;2;192;197;206m)[38;2;192;197;206m;[K
[0m[48;2;40;67;43m[39m+    23[0m:[39m[48;2;24;38;30m [38;2;192;197;206m    out[38;2;192;197;206m[[38;2;192;197;206m..[38;2;208;135;112mSPX_N[38;2;192;197;206m][38;2;192;197;206m.[38;2;150;181;180mcopy_from_slice[38;2;192;197;206m([38;2;192;197;206m&[38;2;192;197;206moutbuf[38;2;192;197;206m[[38;2;192;197;206m..[38;2;208;135;112mSPX_N[38;2;192;197;206m][38;2;192;197;206m)[38;2;192;197;206m;[K
[0m[48;2;40;67;43m[39m+    24[0m:[39m[48;2;24;38;30m [38;2;192;197;206m}[K
[0m[48;2;40;67;43m[39m+    25[0m:[39m[48;2;24;38;30m [K
[0m[48;2;40;67;43m[39m+    26[0m:[39m[48;2;24;38;30m [38;2;180;142;173mfn[38;2;192;197;206m [38;2;143;161;179mthash_512[38;2;192;197;206m([38;2;191;97;106mout[38;2;192;197;206m:[38;2;192;197;206m [38;2;192;197;206m&[38;2;180;142;173mmut[38;2;192;197;206m [[38;2;180;142;173mu8[38;2;192;197;206m], [38;2;191;97;106minp[38;2;192;197;206m:[38;2;192;197;206m [38;2;192;197;206m&[38;2;192;197;206m[[38;2;180;142;173mu8[38;2;192;197;206m], [38;2;191;97;106minblocks[38;2;192;197;206m:[38;2;192;197;206m [38;2;180;142;173musize[38;2;192;197;206m, [38;2;191;97;106mctx[38;2;192;197;206m:[38;2;192;197;206m [38;2;192;197;206m&[38;2;192;197;206mSpxCtx, [38;2;191;97;106maddr[38;2;192;197;206m:[38;2;192;197;206m [38;2;192;197;206m&[38;2;180;142;173mmut[38;2;192;197;206m Addr[38;2;192;197;206m)[38;2;192;197;206m [38;2;192;197;206m{[K
[0m[48;2;40;67;43m[39m+    27[0m:[39m[48;2;24;38;30m [38;2;192;197;206m    [38;2;180;142;173mlet[38;2;192;197;206m [38;2;180;142;173mmut[38;2;192;197;206m outbuf [38;2;192;197;206m=[38;2;192;197;206m [38;2;192;197;206m[[38;2;208;135;112m0[38;2;180;142;173mu8[38;2;192;197;206m;[38;2;192;197;206m [38;2;208;135;112mSPX_BLAKE512_OUTPUT_BYTES[38;2;192;197;206m][38;2;192;197;206m;[K
[0m[48;2;40;67;43m[39m+    28[0m:[39m[48;2;24;38;30m [38;2;192;197;206m    [38;2;180;142;173mlet[38;2;192;197;206m [38;2;180;142;173mmut[38;2;192;197;206m bitmask [38;2;192;197;206m=[38;2;192;197;206m [38;2;192;197;206mvec![38;2;192;197;206m[[38;2;208;135;112m0[38;2;180;142;173mu8[38;2;192;197;206m;[38;2;192;197;206m inblocks [38;2;192;197;206m*[38;2;192;197;206m [38;2;208;135;112mSPX_N[38;2;192;197;206m][38;2;192;197;206m;[K
[0m[48;2;40;67;43m[39m+    29[0m:[39m[48;2;24;38;30m [38;2;192;197;206m    [38;2;180;142;173mlet[38;2;192;197;206m [38;2;180;142;173mmut[38;2;192;197;206m buf [38;2;192;197;206m=[38;2;192;197;206m [38;2;192;197;206mvec![38;2;192;197;206m[[38;2;208;135;112m0[38;2;180;142;173mu8[38;2;192;197;206m;[38;2;192;197;206m [38;2;208;135;112mSPX_N[38;2;192;197;206m [38;2;192;197;206m+[38;2;192;197;206m [38;2;208;135;112mSPX_ADDR_BYTES[38;2;192;197;206m [38;2;192;197;206m+[38;2;192;197;206m inblocks [38;2;192;197;206m*[38;2;192;197;206m [38;2;208;135;112mSPX_N[38;2;192;197;206m][38;2;192;197;206m;[K
[0m[48;2;40;67;43m[39m+    30[0m:[39m[48;2;24;38;30m [38;2;192;197;206m    buf[38;2;192;197;206m[[38;2;192;197;206m..[38;2;208;135;112mSPX_N[38;2;192;197;206m][38;2;192;197;206m.[38;2;150;181;180mcopy_from_slice[38;2;192;197;206m([38;2;192;197;206m&[38;2;192;197;206mctx.pub_seed[38;2;192;197;206m)[38;2;192;197;206m;[K
[0m[48;2;40;67;43m[39m+    31[0m:[39m[48;2;24;38;30m [38;2;192;197;206m    [38;2;180;142;173mlet[38;2;192;197;206m addr_bytes [38;2;192;197;206m=[38;2;192;197;206m [38;2;180;142;173munsafe[38;2;192;197;206m [38;2;192;197;206m{[38;2;192;197;206m [38;2;192;197;206mstd[38;2;192;197;206m::[38;2;192;197;206mslice[38;2;192;197;206m::[38;2;192;197;206mfrom_raw_parts[38;2;192;197;206m([38;2;192;197;206maddr.[38;2;150;181;180mas_ptr[38;2;192;197;206m([38;2;192;197;206m)[38;2;192;197;206m [38;2;192;197;206mas[38;2;192;197;206m [38;2;192;197;206m*[38;2;180;142;173mconst[38;2;192;197;206m [38;2;180;142;173mu8[38;2;192;197;206m,[38;2;192;197;206m [38;2;208;135;112m32[38;2;192;197;206m)[38;2;192;197;206m [38;2;192;197;206m}[38;2;192;197;206m;[K
[0m[48;2;40;67;43m[39m+    32[0m:[39m[48;2;24;38;30m [38;2;192;197;206m    buf[38;2;192;197;206m[[38;2;208;135;112mSPX_N[38;2;192;197;206m..[38;2;208;135;112mSPX_N[38;2;192;197;206m [38;2;192;197;206m+[38;2;192;197;206m [38;2;208;135;112mSPX_ADDR_BYTES[38;2;192;197;206m][38;2;192;197;206m.[38;2;150;181;180mcopy_from_slice[38;2;192;197;206m([38;2;192;197;206maddr_bytes[38;2;192;197;206m)[38;2;192;197;206m;[K
[0m[48;2;40;67;43m[39m+    33[0m:[39m[48;2;24;38;30m [38;2;192;197;206m    [38;2;192;197;206mblake512[38;2;192;197;206m::[38;2;192;197;206mblake512_mgf1[38;2;192;197;206m([38;2;192;197;206m&[38;2;180;142;173mmut[38;2;192;197;206m bitmask[38;2;192;197;206m,[38;2;192;197;206m inblocks [38;2;192;197;206m*[38;2;192;197;206m [38;2;208;135;112mSPX_N[38;2;192;197;206m,[38;2;192;197;206m [38;2;192;197;206m&[38;2;192;197;206mbuf[38;2;192;197;206m,[38;2;192;197;206m [38;2;208;135;112mSPX_N[38;2;192;197;206m [38;2;192;197;206m+[38;2;192;197;206m [38;2;208;135;112mSPX_ADDR_BYTES[38;2;192;197;206m)[38;2;192;197;206m;[K
[0m[48;2;40;67;43m[39m+    34[0m:[39m[48;2;24;38;30m [38;2;192;197;206m    [38;2;180;142;173mfor[38;2;192;197;206m i [38;2;192;197;206min[38;2;192;197;206m [38;2;208;135;112m0[38;2;192;197;206m..[38;2;192;197;206minblocks [38;2;192;197;206m*[38;2;192;197;206m [38;2;208;135;112mSPX_N[38;2;192;197;206m [38;2;192;197;206m{[K
[0m[48;2;40;67;43m[39m+    35[0m:[39m[48;2;24;38;30m [38;2;192;197;206m        buf[38;2;192;197;206m[[38;2;208;135;112mSPX_N[38;2;192;197;206m [38;2;192;197;206m+[38;2;192;197;206m [38;2;208;135;112mSPX_ADDR_BYTES[38;2;192;197;206m [38;2;192;197;206m+[38;2;192;197;206m i[38;2;192;197;206m][38;2;192;197;206m [38;2;192;197;206m=[38;2;192;197;206m inp[38;2;192;197;206m[[38;2;192;197;206mi[38;2;192;197;206m][38;2;192;197;206m [38;2;192;197;206m^[38;2;192;197;206m bitmask[38;2;192;197;206m[[38;2;192;197;206mi[38;2;192;197;206m][38;2;192;197;206m;[K
[0m[48;2;40;67;43m[39m+    36[0m:[39m[48;2;24;38;30m [38;2;192;197;206m    [38;2;192;197;206m}[K
[0m[48;2;40;67;43m[39m+    37[0m:[39m[48;2;24;38;30m [38;2;192;197;206m    [38;2;192;197;206mblake512[38;2;192;197;206m::[38;2;192;197;206mblake512[38;2;192;197;206m([38;2;192;197;206m&[38;2;180;142;173mmut[38;2;192;197;206m outbuf[38;2;192;197;206m,[38;2;192;197;206m [38;2;192;197;206m&[38;2;192;197;206mbuf[38;2;192;197;206m[[38;2;208;135;112mSPX_N[38;2;192;197;206m..[38;2;192;197;206m][38;2;192;197;206m,[38;2;192;197;206m [38;2;192;197;206m([38;2;208;135;112mSPX_ADDR_BYTES[38;2;192;197;206m [38;2;192;197;206m+[38;2;192;197;206m inblocks [38;2;192;197;206m*[38;2;192;197;206m [38;2;208;135;112mSPX_N[38;2;192;197;206m)[38;2;192;197;206m [38;2;192;197;206mas[38;2;192;197;206m [38;2;180;142;173mu64[38;2;192;197;206m)[38;2;192;197;206m;[K
[0m[48;2;40;67;43m[39m+    38[0m:[39m[48;2;24;38;30m [38;2;192;197;206m    out[38;2;192;197;206m[[38;2;192;197;206m..[38;2;208;135;112mSPX_N[38;2;192;197;206m][38;2;192;197;206m.[38;2;150;181;180mcopy_from_slice[38;2;192;197;206m([38;2;192;197;206m&[38;2;192;197;206moutbuf[38;2;192;197;206m[[38;2;192;197;206m..[38;2;208;135;112mSPX_N[38;2;192;197;206m][38;2;192;197;206m)[38;2;192;197;206m;[K
[0m[48;2;40;67;43m[39m+    39[0m:[39m[48;2;24;38;30m [38;2;192;197;206m}[K
[0m[K
Creating: [38;5;141m/local/home/scheschb/reserach/TRACTOR/harvest-agentic/results/P01_sphincs_plus/010_sphincs_PQCgenKAT_sign_blake_192f_robust/translated_rust/src/thash.rs[0m
[38;5;244m - Completed in 0.41s[0m
[38;5;12m[1m [1.10][0m[0m
[?25l[0m[?25l[0m[0mI'll create the following file: [38;5;141m/local/home/scheschb/reserach/TRACTOR/harvest-agentic/results/P01_sphincs_plus/010_sphincs_PQCgenKAT_sign_blake_192f_robust/translated_rust/src/wots.rs[0m[38;5;244m (using tool: write)[0m

[48;2;40;67;43m[39m+     1[0m:[39m[48;2;24;38;30m [38;2;180;142;173muse[38;2;192;197;206m [38;2;180;142;173mcrate[38;2;192;197;206m::[38;2;192;197;206mparams[38;2;192;197;206m::[38;2;192;197;206m*[38;2;192;197;206m;[K
[0m[48;2;40;67;43m[39m+     2[0m:[39m[48;2;24;38;30m [38;2;180;142;173muse[38;2;192;197;206m [38;2;180;142;173mcrate[38;2;192;197;206m::[38;2;192;197;206mcontext[38;2;192;197;206m::[38;2;192;197;206mSpxCtx[38;2;192;197;206m;[K
[0m[48;2;40;67;43m[39m+     3[0m:[39m[48;2;24;38;30m [38;2;180;142;173muse[38;2;192;197;206m [38;2;180;142;173mcrate[38;2;192;197;206m::[38;2;192;197;206maddress[38;2;192;197;206m::[38;2;192;197;206m*[38;2;192;197;206m;[K
[0m[48;2;40;67;43m[39m+     4[0m:[39m[48;2;24;38;30m [38;2;180;142;173muse[38;2;192;197;206m [38;2;180;142;173mcrate[38;2;192;197;206m::[38;2;192;197;206mhash[38;2;192;197;206m::[38;2;192;197;206mprf_addr[38;2;192;197;206m;[K
[0m[48;2;40;67;43m[39m+     5[0m:[39m[48;2;24;38;30m [38;2;180;142;173muse[38;2;192;197;206m [38;2;180;142;173mcrate[38;2;192;197;206m::[38;2;192;197;206mthash[38;2;192;197;206m::[38;2;192;197;206mthash[38;2;192;197;206m;[K
[0m[48;2;40;67;43m[39m+     6[0m:[39m[48;2;24;38;30m [38;2;180;142;173muse[38;2;192;197;206m [38;2;180;142;173mcrate[38;2;192;197;206m::[38;2;192;197;206mutils[38;2;192;197;206m::[38;2;192;197;206m*[38;2;192;197;206m;[K
[0m[48;2;40;67;43m[39m+     7[0m:[39m[48;2;24;38;30m [K
[0m[48;2;40;67;43m[39m+     8[0m:[39m[48;2;24;38;30m [38;2;180;142;173mfn[38;2;192;197;206m [38;2;143;161;179mgen_chain[38;2;192;197;206m([38;2;191;97;106mout[38;2;192;197;206m:[38;2;192;197;206m [38;2;192;197;206m&[38;2;180;142;173mmut[38;2;192;197;206m [[38;2;180;142;173mu8[38;2;192;197;206m], [38;2;191;97;106minp[38;2;192;197;206m:[38;2;192;197;206m [38;2;192;197;206m&[38;2;192;197;206m[[38;2;180;142;173mu8[38;2;192;197;206m], [38;2;191;97;106mstart[38;2;192;197;206m:[38;2;192;197;206m [38;2;180;142;173mu32[38;2;192;197;206m, [38;2;191;97;106msteps[38;2;192;197;206m:[38;2;192;197;206m [38;2;180;142;173mu32[38;2;192;197;206m, [38;2;191;97;106mctx[38;2;192;197;206m:[38;2;192;197;206m [38;2;192;197;206m&[38;2;192;197;206mSpxCtx, [38;2;191;97;106maddr[38;2;192;197;206m:[38;2;192;197;206m [38;2;192;197;206m&[38;2;180;142;173mmut[38;2;192;197;206m Addr[38;2;192;197;206m)[38;2;192;197;206m [38;2;192;197;206m{[K
[0m[48;2;40;67;43m[39m+     9[0m:[39m[48;2;24;38;30m [38;2;192;197;206m    out[38;2;192;197;206m[[38;2;192;197;206m..[38;2;208;135;112mSPX_N[38;2;192;197;206m][38;2;192;197;206m.[38;2;150;181;180mcopy_from_slice[38;2;192;197;206m([38;2;192;197;206m&[38;2;192;197;206minp[38;2;192;197;206m[[38;2;192;197;206m..[38;2;208;135;112mSPX_N[38;2;192;197;206m][38;2;192;197;206m)[38;2;192;197;206m;[K
[0m[48;2;40;67;43m[39m+    10[0m:[39m[48;2;24;38;30m [38;2;192;197;206m    [38;2;180;142;173mfor[38;2;192;197;206m i [38;2;192;197;206min[38;2;192;197;206m start[38;2;192;197;206m..[38;2;192;197;206mstd[38;2;192;197;206m::[38;2;192;197;206mcmp[38;2;192;197;206m::[38;2;192;197;206mmin[38;2;192;197;206m([38;2;192;197;206mstart [38;2;192;197;206m+[38;2;192;197;206m steps[38;2;192;197;206m,[38;2;192;197;206m [38;2;208;135;112mSPX_WOTS_W[38;2;192;197;206m [38;2;192;197;206mas[38;2;192;197;206m [38;2;180;142;173mu32[38;2;192;197;206m)[38;2;192;197;206m [38;2;192;197;206m{[K
[0m[48;2;40;67;43m[39m+    11[0m:[39m[48;2;24;38;30m [38;2;192;197;206m        [38;2;150;181;180mset_hash_addr[38;2;192;197;206m([38;2;192;197;206maddr[38;2;192;197;206m,[38;2;192;197;206m i[38;2;192;197;206m)[38;2;192;197;206m;[K
[0m[48;2;40;67;43m[39m+    12[0m:[39m[48;2;24;38;30m [38;2;192;197;206m        [38;2;180;142;173mlet[38;2;192;197;206m [38;2;180;142;173mmut[38;2;192;197;206m tmp [38;2;192;197;206m=[38;2;192;197;206m [38;2;192;197;206m[[38;2;208;135;112m0[38;2;180;142;173mu8[38;2;192;197;206m;[38;2;192;197;206m [38;2;208;135;112mSPX_N[38;2;192;197;206m][38;2;192;197;206m;[K
[0m[48;2;40;67;43m[39m+    13[0m:[39m[48;2;24;38;30m [38;2;192;197;206m        tmp.[38;2;150;181;180mcopy_from_slice[38;2;192;197;206m([38;2;192;197;206m&[38;2;192;197;206mout[38;2;192;197;206m[[38;2;192;197;206m..[38;2;208;135;112mSPX_N[38;2;192;197;206m][38;2;192;197;206m)[38;2;192;197;206m;[K
[0m[48;2;40;67;43m[39m+    14[0m:[39m[48;2;24;38;30m [38;2;192;197;206m        [38;2;150;181;180mthash[38;2;192;197;206m([38;2;192;197;206mout[38;2;192;197;206m,[38;2;192;197;206m [38;2;192;197;206m&[38;2;192;197;206mtmp[38;2;192;197;206m,[38;2;192;197;206m [38;2;208;135;112m1[38;2;192;197;206m,[38;2;192;197;206m ctx[38;2;192;197;206m,[38;2;192;197;206m addr[38;2;192;197;206m)[38;2;192;197;206m;[K
[0m[48;2;40;67;43m[39m+    15[0m:[39m[48;2;24;38;30m [38;2;192;197;206m    [38;2;192;197;206m}[K
[0m[48;2;40;67;43m[39m+    16[0m:[39m[48;2;24;38;30m [38;2;192;197;206m}[K
[0m[48;2;40;67;43m[39m+    17[0m:[39m[48;2;24;38;30m [K
[0m[48;2;40;67;43m[39m+    18[0m:[39m[48;2;24;38;30m [38;2;180;142;173mfn[38;2;192;197;206m [38;2;143;161;179mbase_w[38;2;192;197;206m([38;2;191;97;106moutput[38;2;192;197;206m:[38;2;192;197;206m [38;2;192;197;206m&[38;2;180;142;173mmut[38;2;192;197;206m [[38;2;180;142;173mu32[38;2;192;197;206m], [38;2;191;97;106mout_len[38;2;192;197;206m:[38;2;192;197;206m [38;2;180;142;173musize[38;2;192;197;206m, [38;2;191;97;106minput[38;2;192;197;206m:[38;2;192;197;206m [38;2;192;197;206m&[38;2;192;197;206m[[38;2;180;142;173mu8[38;2;192;197;206m][38;2;192;197;206m)[38;2;192;197;206m [38;2;192;197;206m{[K
[0m[48;2;40;67;43m[39m+    19[0m:[39m[48;2;24;38;30m [38;2;192;197;206m    [38;2;180;142;173mlet[38;2;192;197;206m [38;2;180;142;173mmut[38;2;192;197;206m inp_idx [38;2;192;197;206m=[38;2;192;197;206m [38;2;208;135;112m0[38;2;192;197;206m;[K
[0m[48;2;40;67;43m[39m+    20[0m:[39m[48;2;24;38;30m [38;2;192;197;206m    [38;2;180;142;173mlet[38;2;192;197;206m [38;2;180;142;173mmut[38;2;192;197;206m bits [38;2;192;197;206m=[38;2;192;197;206m [38;2;208;135;112m0[38;2;180;142;173mi32[38;2;192;197;206m;[K
[0m[48;2;40;67;43m[39m+    21[0m:[39m[48;2;24;38;30m [38;2;192;197;206m    [38;2;180;142;173mlet[38;2;192;197;206m [38;2;180;142;173mmut[38;2;192;197;206m total[38;2;192;197;206m:[38;2;192;197;206m [38;2;180;142;173mu8[38;2;192;197;206m [38;2;192;197;206m=[38;2;192;197;206m [38;2;208;135;112m0[38;2;192;197;206m;[K
[0m[48;2;40;67;43m[39m+    22[0m:[39m[48;2;24;38;30m [38;2;192;197;206m    [38;2;180;142;173mfor[38;2;192;197;206m i [38;2;192;197;206min[38;2;192;197;206m [38;2;208;135;112m0[38;2;192;197;206m..[38;2;192;197;206mout_len [38;2;192;197;206m{[K
[0m[48;2;40;67;43m[39m+    23[0m:[39m[48;2;24;38;30m [38;2;192;197;206m        [38;2;180;142;173mif[38;2;192;197;206m bits [38;2;192;197;206m=[38;2;192;197;206m=[38;2;192;197;206m [38;2;208;135;112m0[38;2;192;197;206m [38;2;192;197;206m{[K
[0m[48;2;40;67;43m[39m+    24[0m:[39m[48;2;24;38;30m [38;2;192;197;206m            total [38;2;192;197;206m=[38;2;192;197;206m input[38;2;192;197;206m[[38;2;192;197;206minp_idx[38;2;192;197;206m][38;2;192;197;206m;[K
[0m[48;2;40;67;43m[39m+    25[0m:[39m[48;2;24;38;30m [38;2;192;197;206m            inp_idx [38;2;192;197;206m+[38;2;192;197;206m=[38;2;192;197;206m [38;2;208;135;112m1[38;2;192;197;206m;[K
[0m[48;2;40;67;43m[39m+    26[0m:[39m[48;2;24;38;30m [38;2;192;197;206m            bits [38;2;192;197;206m=[38;2;192;197;206m [38;2;208;135;112m8[38;2;192;197;206m;[K
[0m[48;2;40;67;43m[39m+    27[0m:[39m[48;2;24;38;30m [38;2;192;197;206m        [38;2;192;197;206m}[K
[0m[48;2;40;67;43m[39m+    28[0m:[39m[48;2;24;38;30m [38;2;192;197;206m        bits [38;2;192;197;206m-[38;2;192;197;206m=[38;2;192;197;206m [38;2;208;135;112mSPX_WOTS_LOGW[38;2;192;197;206m [38;2;192;197;206mas[38;2;192;197;206m [38;2;180;142;173mi32[38;2;192;197;206m;[K
[0m[48;2;40;67;43m[39m+    29[0m:[39m[48;2;24;38;30m [38;2;192;197;206m        output[38;2;192;197;206m[[38;2;192;197;206mi[38;2;192;197;206m][38;2;192;197;206m [38;2;192;197;206m=[38;2;192;197;206m [38;2;192;197;206m([38;2;192;197;206m([38;2;192;197;206mtotal [38;2;192;197;206m>[38;2;192;197;206m>[38;2;192;197;206m bits[38;2;192;197;206m)[38;2;192;197;206m [38;2;192;197;206mas[38;2;192;197;206m [38;2;180;142;173mu32[38;2;192;197;206m)[38;2;192;197;206m [38;2;192;197;206m&[38;2;192;197;206m [38;2;192;197;206m([38;2;208;135;112mSPX_WOTS_W[38;2;192;197;206m [38;2;192;197;206mas[38;2;192;197;206m [38;2;180;142;173mu32[38;2;192;197;206m [38;2;192;197;206m-[38;2;192;197;206m [38;2;208;135;112m1[38;2;192;197;206m)[38;2;192;197;206m;[K
[0m[48;2;40;67;43m[39m+    30[0m:[39m[48;2;24;38;30m [38;2;192;197;206m    [38;2;192;197;206m}[K
[0m[48;2;40;67;43m[39m+    31[0m:[39m[48;2;24;38;30m [38;2;192;197;206m}[K
[0m[48;2;40;67;43m[39m+    32[0m:[39m[48;2;24;38;30m [K
[0m[48;2;40;67;43m[39m+    33[0m:[39m[48;2;24;38;30m [38;2;180;142;173mfn[38;2;192;197;206m [38;2;143;161;179mwots_checksum[38;2;192;197;206m([38;2;191;97;106mcsum_base_w[38;2;192;197;206m:[38;2;192;197;206m [38;2;192;197;206m&[38;2;180;142;173mmut[38;2;192;197;206m [[38;2;180;142;173mu32[38;2;192;197;206m], [38;2;191;97;106mmsg_base_w[38;2;192;197;206m:[38;2;192;197;206m [38;2;192;197;206m&[38;2;192;197;206m[[38;2;180;142;173mu32[38;2;192;197;206m][38;2;192;197;206m)[38;2;192;197;206m [38;2;192;197;206m{[K
[0m[48;2;40;67;43m[39m+    34[0m:[39m[48;2;24;38;30m [38;2;192;197;206m    [38;2;180;142;173mlet[38;2;192;197;206m [38;2;180;142;173mmut[38;2;192;197;206m csum[38;2;192;197;206m:[38;2;192;197;206m [38;2;180;142;173mu32[38;2;192;197;206m [38;2;192;197;206m=[38;2;192;197;206m [38;2;208;135;112m0[38;2;192;197;206m;[K
[0m[48;2;40;67;43m[39m+    35[0m:[39m[48;2;24;38;30m [38;2;192;197;206m    [38;2;180;142;173mfor[38;2;192;197;206m i [38;2;192;197;206min[38;2;192;197;206m [38;2;208;135;112m0[38;2;192;197;206m..[38;2;208;135;112mSPX_WOTS_LEN1[38;2;192;197;206m [38;2;192;197;206m{[K
[0m[48;2;40;67;43m[39m+    36[0m:[39m[48;2;24;38;30m [38;2;192;197;206m        csum [38;2;192;197;206m+[38;2;192;197;206m=[38;2;192;197;206m [38;2;208;135;112mSPX_WOTS_W[38;2;192;197;206m [38;2;192;197;206mas[38;2;192;197;206m [38;2;180;142;173mu32[38;2;192;197;206m [38;2;192;197;206m-[38;2;192;197;206m [38;2;208;135;112m1[38;2;192;197;206m [38;2;192;197;206m-[38;2;192;197;206m msg_base_w[38;2;192;197;206m[[38;2;192;197;206mi[38;2;192;197;206m][38;2;192;197;206m;[K
[0m[48;2;40;67;43m[39m+    37[0m:[39m[48;2;24;38;30m [38;2;192;197;206m    [38;2;192;197;206m}[K
[0m[48;2;40;67;43m[39m+    38[0m:[39m[48;2;24;38;30m [38;2;192;197;206m    csum [38;2;192;197;206m<[38;2;192;197;206m<[38;2;192;197;206m=[38;2;192;197;206m [38;2;192;197;206m([38;2;208;135;112m8[38;2;192;197;206m [38;2;192;197;206m-[38;2;192;197;206m [38;2;192;197;206m([38;2;192;197;206m([38;2;208;135;112mSPX_WOTS_LEN2[38;2;192;197;206m [38;2;192;197;206m*[38;2;192;197;206m [38;2;208;135;112mSPX_WOTS_LOGW[38;2;192;197;206m)[38;2;192;197;206m [38;2;192;197;206m%[38;2;192;197;206m [38;2;208;135;112m8[38;2;192;197;206m)[38;2;192;197;206m)[38;2;192;197;206m [38;2;192;197;206m%[38;2;192;197;206m [38;2;208;135;112m8[38;2;192;197;206m;[K
[0m[48;2;40;67;43m[39m+    39[0m:[39m[48;2;24;38;30m [38;2;192;197;206m    [38;2;180;142;173mlet[38;2;192;197;206m csum_bytes_len [38;2;192;197;206m=[38;2;192;197;206m [38;2;192;197;206m([38;2;208;135;112mSPX_WOTS_LEN2[38;2;192;197;206m [38;2;192;197;206m*[38;2;192;197;206m [38;2;208;135;112mSPX_WOTS_LOGW[38;2;192;197;206m [38;2;192;197;206m+[38;2;192;197;206m [38;2;208;135;112m7[38;2;192;197;206m)[38;2;192;197;206m [38;2;192;197;206m/[38;2;192;197;206m [38;2;208;135;112m8[38;2;192;197;206m;[K
[0m[48;2;40;67;43m[39m+    40[0m:[39m[48;2;24;38;30m [38;2;192;197;206m    [38;2;180;142;173mlet[38;2;192;197;206m [38;2;180;142;173mmut[38;2;192;197;206m csum_bytes [38;2;192;197;206m=[38;2;192;197;206m [38;2;192;197;206m[[38;2;208;135;112m0[38;2;180;142;173mu8[38;2;192;197;206m;[38;2;192;197;206m [38;2;208;135;112m4[38;2;192;197;206m][38;2;192;197;206m;[38;2;192;197;206m [38;2;101;115;126m//[38;2;101;115;126m max needed[K
[0m[48;2;40;67;43m[39m+    41[0m:[39m[48;2;24;38;30m [38;2;192;197;206m    [38;2;150;181;180mull_to_bytes[38;2;192;197;206m([38;2;192;197;206m&[38;2;180;142;173mmut[38;2;192;197;206m csum_bytes[38;2;192;197;206m,[38;2;192;197;206m csum_bytes_len[38;2;192;197;206m,[38;2;192;197;206m csum [38;2;192;197;206mas[38;2;192;197;206m [38;2;180;142;173mu64[38;2;192;197;206m)[38;2;192;197;206m;[K
[0m[48;2;40;67;43m[39m+    42[0m:[39m[48;2;24;38;30m [38;2;192;197;206m    [38;2;150;181;180mbase_w[38;2;192;197;206m([38;2;192;197;206mcsum_base_w[38;2;192;197;206m,[38;2;192;197;206m [38;2;208;135;112mSPX_WOTS_LEN2[38;2;192;197;206m,[38;2;192;197;206m [38;2;192;197;206m&[38;2;192;197;206mcsum_bytes[38;2;192;197;206m)[38;2;192;197;206m;[K
[0m[48;2;40;67;43m[39m+    43[0m:[39m[48;2;24;38;30m [38;2;192;197;206m}[K
[0m[48;2;40;67;43m[39m+    44[0m:[39m[48;2;24;38;30m [K
[0m[48;2;40;67;43m[39m+    45[0m:[39m[48;2;24;38;30m [38;2;180;142;173mpub[38;2;192;197;206m [38;2;180;142;173mfn[38;2;192;197;206m [38;2;143;161;179mchain_lengths[38;2;192;197;206m([38;2;191;97;106mlengths[38;2;192;197;206m:[38;2;192;197;206m [38;2;192;197;206m&[38;2;180;142;173mmut[38;2;192;197;206m [[38;2;180;142;173mu32[38;2;192;197;206m; SPX_WOTS_LEN], [38;2;191;97;106mmsg[38;2;192;197;206m:[38;2;192;197;206m [38;2;192;197;206m&[38;2;192;197;206m[[38;2;180;142;173mu8[38;2;192;197;206m][38;2;192;197;206m)[38;2;192;197;206m [38;2;192;197;206m{[K
[0m[48;2;40;67;43m[39m+    46[0m:[39m[48;2;24;38;30m [38;2;192;197;206m    [38;2;150;181;180mbase_w[38;2;192;197;206m([38;2;192;197;206m&[38;2;180;142;173mmut[38;2;192;197;206m lengths[38;2;192;197;206m[[38;2;192;197;206m..[38;2;208;135;112mSPX_WOTS_LEN1[38;2;192;197;206m][38;2;192;197;206m,[38;2;192;197;206m [38;2;208;135;112mSPX_WOTS_LEN1[38;2;192;197;206m,[38;2;192;197;206m msg[38;2;192;197;206m)[38;2;192;197;206m;[K
[0m[48;2;40;67;43m[39m+    47[0m:[39m[48;2;24;38;30m [38;2;192;197;206m    [38;2;150;181;180mwots_checksum[38;2;192;197;206m([38;2;192;197;206m&[38;2;180;142;173mmut[38;2;192;197;206m lengths[38;2;192;197;206m[[38;2;208;135;112mSPX_WOTS_LEN1[38;2;192;197;206m..[38;2;192;197;206m][38;2;192;197;206m,[38;2;192;197;206m [38;2;192;197;206m&[38;2;192;197;206mlengths[38;2;192;197;206m[[38;2;192;197;206m..[38;2;208;135;112mSPX_WOTS_LEN1[38;2;192;197;206m][38;2;192;197;206m.[38;2;150;181;180mto_vec[38;2;192;197;206m([38;2;192;197;206m)[38;2;192;197;206m)[38;2;192;197;206m;[K
[0m[48;2;40;67;43m[39m+    48[0m:[39m[48;2;24;38;30m [38;2;192;197;206m}[K
[0m[48;2;40;67;43m[39m+    49[0m:[39m[48;2;24;38;30m [K
[0m[48;2;40;67;43m[39m+    50[0m:[39m[48;2;24;38;30m [38;2;180;142;173mpub[38;2;192;197;206m [38;2;180;142;173mfn[38;2;192;197;206m [38;2;143;161;179mwots_pk_from_sig[38;2;192;197;206m([38;2;191;97;106mpk[38;2;192;197;206m:[38;2;192;197;206m [38;2;192;197;206m&[38;2;180;142;173mmut[38;2;192;197;206m [[38;2;180;142;173mu8[38;2;192;197;206m], [38;2;191;97;106msig[38;2;192;197;206m:[38;2;192;197;206m [38;2;192;197;206m&[38;2;192;197;206m[[38;2;180;142;173mu8[38;2;192;197;206m], [38;2;191;97;106mmsg[38;2;192;197;206m:[38;2;192;197;206m [38;2;192;197;206m&[38;2;192;197;206m[[38;2;180;142;173mu8[38;2;192;197;206m], [38;2;191;97;106mctx[38;2;192;197;206m:[38;2;192;197;206m [38;2;192;197;206m&[38;2;192;197;206mSpxCtx, [38;2;191;97;106maddr[38;2;192;197;206m:[38;2;192;197;206m [38;2;192;197;206m&[38;2;180;142;173mmut[38;2;192;197;206m Addr[38;2;192;197;206m)[38;2;192;197;206m [38;2;192;197;206m{[K
[0m[48;2;40;67;43m[39m+    51[0m:[39m[48;2;24;38;30m [38;2;192;197;206m    [38;2;180;142;173mlet[38;2;192;197;206m [38;2;180;142;173mmut[38;2;192;197;206m lengths [38;2;192;197;206m=[38;2;192;197;206m [38;2;192;197;206m[[38;2;208;135;112m0[38;2;180;142;173mu32[38;2;192;197;206m;[38;2;192;197;206m [38;2;208;135;112mSPX_WOTS_LEN[38;2;192;197;206m][38;2;192;197;206m;[K
[0m[48;2;40;67;43m[39m+    52[0m:[39m[48;2;24;38;30m [38;2;192;197;206m    [38;2;150;181;180mchain_lengths[38;2;192;197;206m([38;2;192;197;206m&[38;2;180;142;173mmut[38;2;192;197;206m lengths[38;2;192;197;206m,[38;2;192;197;206m msg[38;2;192;197;206m)[38;2;192;197;206m;[K
[0m[48;2;40;67;43m[39m+    53[0m:[39m[48;2;24;38;30m [38;2;192;197;206m    [38;2;180;142;173mfor[38;2;192;197;206m i [38;2;192;197;206min[38;2;192;197;206m [38;2;208;135;112m0[38;2;192;197;206m..[38;2;208;135;112mSPX_WOTS_LEN[38;2;192;197;206m [38;2;192;197;206m{[K
[0m[48;2;40;67;43m[39m+    54[0m:[39m[48;2;24;38;30m [38;2;192;197;206m        [38;2;150;181;180mset_chain_addr[38;2;192;197;206m([38;2;192;197;206maddr[38;2;192;197;206m,[38;2;192;197;206m i [38;2;192;197;206mas[38;2;192;197;206m [38;2;180;142;173mu32[38;2;192;197;206m)[38;2;192;197;206m;[K
[0m[48;2;40;67;43m[39m+    55[0m:[39m[48;2;24;38;30m [38;2;192;197;206m        [38;2;150;181;180mgen_chain[38;2;192;197;206m([38;2;192;197;206m&[38;2;180;142;173mmut[38;2;192;197;206m pk[38;2;192;197;206m[[38;2;192;197;206mi [38;2;192;197;206m*[38;2;192;197;206m [38;2;208;135;112mSPX_N[38;2;192;197;206m..[38;2;192;197;206m][38;2;192;197;206m,[38;2;192;197;206m [38;2;192;197;206m&[38;2;192;197;206msig[38;2;192;197;206m[[38;2;192;197;206mi [38;2;192;197;206m*[38;2;192;197;206m [38;2;208;135;112mSPX_N[38;2;192;197;206m..[38;2;192;197;206m][38;2;192;197;206m,[K
[0m[48;2;40;67;43m[39m+    56[0m:[39m[48;2;24;38;30m [38;2;192;197;206m                  lengths[38;2;192;197;206m[[38;2;192;197;206mi[38;2;192;197;206m][38;2;192;197;206m,[38;2;192;197;206m [38;2;208;135;112mSPX_WOTS_W[38;2;192;197;206m [38;2;192;197;206mas[38;2;192;197;206m [38;2;180;142;173mu32[38;2;192;197;206m [38;2;192;197;206m-[38;2;192;197;206m [38;2;208;135;112m1[38;2;192;197;206m [38;2;192;197;206m-[38;2;192;197;206m lengths[38;2;192;197;206m[[38;2;192;197;206mi[38;2;192;197;206m][38;2;192;197;206m,[38;2;192;197;206m ctx[38;2;192;197;206m,[38;2;192;197;206m addr[38;2;192;197;206m)[38;2;192;197;206m;[K
[0m[48;2;40;67;43m[39m+    57[0m:[39m[48;2;24;38;30m [38;2;192;197;206m    [38;2;192;197;206m}[K
[0m[48;2;40;67;43m[39m+    58[0m:[39m[48;2;24;38;30m [38;2;192;197;206m}[K
[0m[K
Creating: [38;5;141m/local/home/scheschb/reserach/TRACTOR/harvest-agentic/results/P01_sphincs_plus/010_sphincs_PQCgenKAT_sign_blake_192f_robust/translated_rust/src/wots.rs[0m
[38;5;244m - Completed in 0.39s[0m
[38;5;12m[1m [1.11][0m[0m
[?25l[0m[?25l[0m[0mI'll create the following file: [38;5;141m/local/home/scheschb/reserach/TRACTOR/harvest-agentic/results/P01_sphincs_plus/010_sphincs_PQCgenKAT_sign_blake_192f_robust/translated_rust/src/wotsx1.rs[0m[38;5;244m (using tool: write)[0m

[48;2;40;67;43m[39m+     1[0m:[39m[48;2;24;38;30m [38;2;180;142;173muse[38;2;192;197;206m [38;2;180;142;173mcrate[38;2;192;197;206m::[38;2;192;197;206mparams[38;2;192;197;206m::[38;2;192;197;206m*[38;2;192;197;206m;[K
[0m[48;2;40;67;43m[39m+     2[0m:[39m[48;2;24;38;30m [38;2;180;142;173muse[38;2;192;197;206m [38;2;180;142;173mcrate[38;2;192;197;206m::[38;2;192;197;206mcontext[38;2;192;197;206m::[38;2;192;197;206mSpxCtx[38;2;192;197;206m;[K
[0m[48;2;40;67;43m[39m+     3[0m:[39m[48;2;24;38;30m [38;2;180;142;173muse[38;2;192;197;206m [38;2;180;142;173mcrate[38;2;192;197;206m::[38;2;192;197;206maddress[38;2;192;197;206m::[38;2;192;197;206m*[38;2;192;197;206m;[K
[0m[48;2;40;67;43m[39m+     4[0m:[39m[48;2;24;38;30m [38;2;180;142;173muse[38;2;192;197;206m [38;2;180;142;173mcrate[38;2;192;197;206m::[38;2;192;197;206mhash[38;2;192;197;206m::[38;2;192;197;206mprf_addr[38;2;192;197;206m;[K
[0m[48;2;40;67;43m[39m+     5[0m:[39m[48;2;24;38;30m [38;2;180;142;173muse[38;2;192;197;206m [38;2;180;142;173mcrate[38;2;192;197;206m::[38;2;192;197;206mthash[38;2;192;197;206m::[38;2;192;197;206mthash[38;2;192;197;206m;[K
[0m[48;2;40;67;43m[39m+     6[0m:[39m[48;2;24;38;30m [38;2;180;142;173muse[38;2;192;197;206m [38;2;180;142;173mcrate[38;2;192;197;206m::[38;2;192;197;206mwots[38;2;192;197;206m::[38;2;192;197;206mchain_lengths[38;2;192;197;206m;[K
[0m[48;2;40;67;43m[39m+     7[0m:[39m[48;2;24;38;30m [K
[0m[48;2;40;67;43m[39m+     8[0m:[39m[48;2;24;38;30m [38;2;180;142;173mpub[38;2;192;197;206m [38;2;180;142;173mstruct[38;2;192;197;206m [38;2;192;197;206mLeafInfoX1[38;2;192;197;206m [38;2;192;197;206m{[K
[0m[48;2;40;67;43m[39m+     9[0m:[39m[48;2;24;38;30m [38;2;192;197;206m    [38;2;180;142;173mpub[38;2;192;197;206m [38;2;191;97;106mwots_sig[38;2;192;197;206m:[38;2;192;197;206m [38;2;192;197;206mVec[38;2;192;197;206m<[38;2;180;142;173mu8[38;2;192;197;206m>[38;2;192;197;206m,[K
[0m[48;2;40;67;43m[39m+    10[0m:[39m[48;2;24;38;30m [38;2;192;197;206m    [38;2;180;142;173mpub[38;2;192;197;206m [38;2;191;97;106mwots_sign_leaf[38;2;192;197;206m:[38;2;192;197;206m [38;2;180;142;173mu32[38;2;192;197;206m,[K
[0m[48;2;40;67;43m[39m+    11[0m:[39m[48;2;24;38;30m [38;2;192;197;206m    [38;2;180;142;173mpub[38;2;192;197;206m [38;2;191;97;106mwots_steps[38;2;192;197;206m:[38;2;192;197;206m [[38;2;180;142;173mu32[38;2;192;197;206m; SPX_WOTS_LEN],[K
[0m[48;2;40;67;43m[39m+    12[0m:[39m[48;2;24;38;30m [38;2;192;197;206m    [38;2;180;142;173mpub[38;2;192;197;206m [38;2;191;97;106mleaf_addr[38;2;192;197;206m:[38;2;192;197;206m Addr,[K
[0m[48;2;40;67;43m[39m+    13[0m:[39m[48;2;24;38;30m [38;2;192;197;206m    [38;2;180;142;173mpub[38;2;192;197;206m [38;2;191;97;106mpk_addr[38;2;192;197;206m:[38;2;192;197;206m Addr,[K
[0m[48;2;40;67;43m[39m+    14[0m:[39m[48;2;24;38;30m [38;2;192;197;206m}[K
[0m[48;2;40;67;43m[39m+    15[0m:[39m[48;2;24;38;30m [K
[0m[48;2;40;67;43m[39m+    16[0m:[39m[48;2;24;38;30m [38;2;180;142;173mimpl[38;2;192;197;206m [38;2;192;197;206mDefault [38;2;180;142;173mfor[38;2;192;197;206m [38;2;192;197;206mLeafInfoX1[38;2;192;197;206m [38;2;192;197;206m{[K
[0m[48;2;40;67;43m[39m+    17[0m:[39m[48;2;24;38;30m [38;2;192;197;206m    [38;2;180;142;173mfn[38;2;192;197;206m [38;2;143;161;179mdefault[38;2;192;197;206m([38;2;192;197;206m)[38;2;192;197;206m [38;2;192;197;206m->[38;2;192;197;206m [38;2;180;142;173mSelf[38;2;192;197;206m [38;2;192;197;206m{[K
[0m[48;2;40;67;43m[39m+    18[0m:[39m[48;2;24;38;30m [38;2;192;197;206m        [38;2;180;142;173mSelf[38;2;192;197;206m [38;2;192;197;206m{[K
[0m[48;2;40;67;43m[39m+    19[0m:[39m[48;2;24;38;30m [38;2;192;197;206m            wots_sig[38;2;192;197;206m:[38;2;192;197;206m [38;2;192;197;206mvec![38;2;192;197;206m[[38;2;208;135;112m0[38;2;180;142;173mu8[38;2;192;197;206m;[38;2;192;197;206m [38;2;208;135;112mSPX_WOTS_BYTES[38;2;192;197;206m][38;2;192;197;206m,[K
[0m[48;2;40;67;43m[39m+    20[0m:[39m[48;2;24;38;30m [38;2;192;197;206m            wots_sign_leaf[38;2;192;197;206m:[38;2;192;197;206m [38;2;208;135;112m0[38;2;192;197;206m,[K
[0m[48;2;40;67;43m[39m+    21[0m:[39m[48;2;24;38;30m [38;2;192;197;206m            wots_steps[38;2;192;197;206m:[38;2;192;197;206m [38;2;192;197;206m[[38;2;208;135;112m0[38;2;192;197;206m;[38;2;192;197;206m [38;2;208;135;112mSPX_WOTS_LEN[38;2;192;197;206m][38;2;192;197;206m,[K
[0m[48;2;40;67;43m[39m+    22[0m:[39m[48;2;24;38;30m [38;2;192;197;206m            leaf_addr[38;2;192;197;206m:[38;2;192;197;206m [38;2;192;197;206m[[38;2;208;135;112m0[38;2;192;197;206m;[38;2;192;197;206m [38;2;208;135;112m8[38;2;192;197;206m][38;2;192;197;206m,[K
[0m[48;2;40;67;43m[39m+    23[0m:[39m[48;2;24;38;30m [38;2;192;197;206m            pk_addr[38;2;192;197;206m:[38;2;192;197;206m [38;2;192;197;206m[[38;2;208;135;112m0[38;2;192;197;206m;[38;2;192;197;206m [38;2;208;135;112m8[38;2;192;197;206m][38;2;192;197;206m,[K
[0m[48;2;40;67;43m[39m+    24[0m:[39m[48;2;24;38;30m [38;2;192;197;206m        [38;2;192;197;206m}[K
[0m[48;2;40;67;43m[39m+    25[0m:[39m[48;2;24;38;30m [38;2;192;197;206m    [38;2;192;197;206m}[K
[0m[48;2;40;67;43m[39m+    26[0m:[39m[48;2;24;38;30m [38;2;192;197;206m}[K
[0m[48;2;40;67;43m[39m+    27[0m:[39m[48;2;24;38;30m [K
[0m[48;2;40;67;43m[39m+    28[0m:[39m[48;2;24;38;30m [38;2;180;142;173mpub[38;2;192;197;206m [38;2;180;142;173mfn[38;2;192;197;206m [38;2;143;161;179mwots_gen_leafx1[38;2;192;197;206m([38;2;191;97;106mdest[38;2;192;197;206m:[38;2;192;197;206m [38;2;192;197;206m&[38;2;180;142;173mmut[38;2;192;197;206m [[38;2;180;142;173mu8[38;2;192;197;206m], [38;2;191;97;106mctx[38;2;192;197;206m:[38;2;192;197;206m [38;2;192;197;206m&[38;2;192;197;206mSpxCtx, [38;2;191;97;106mleaf_idx[38;2;192;197;206m:[38;2;192;197;206m [38;2;180;142;173mu32[38;2;192;197;206m, [38;2;191;97;106minfo[38;2;192;197;206m:[38;2;192;197;206m [38;2;192;197;206m&[38;2;180;142;173mmut[38;2;192;197;206m LeafInfoX1[38;2;192;197;206m)[38;2;192;197;206m [38;2;192;197;206m{[K
[0m[48;2;40;67;43m[39m+    29[0m:[39m[48;2;24;38;30m [38;2;192;197;206m    [38;2;180;142;173mlet[38;2;192;197;206m wots_k_mask[38;2;192;197;206m:[38;2;192;197;206m [38;2;180;142;173mu32[38;2;192;197;206m [38;2;192;197;206m=[38;2;192;197;206m [38;2;180;142;173mif[38;2;192;197;206m leaf_idx [38;2;192;197;206m=[38;2;192;197;206m=[38;2;192;197;206m info.wots_sign_leaf [38;2;192;197;206m{[38;2;192;197;206m [38;2;208;135;112m0[38;2;192;197;206m [38;2;192;197;206m}[38;2;192;197;206m [38;2;180;142;173melse[38;2;192;197;206m [38;2;192;197;206m{[38;2;192;197;206m [38;2;192;197;206m![38;2;208;135;112m0[38;2;180;142;173mu32[38;2;192;197;206m [38;2;192;197;206m}[38;2;192;197;206m;[K
[0m[48;2;40;67;43m[39m+    30[0m:[39m[48;2;24;38;30m [K
[0m[48;2;40;67;43m[39m+    31[0m:[39m[48;2;24;38;30m [38;2;192;197;206m    [38;2;150;181;180mset_keypair_addr[38;2;192;197;206m([38;2;192;197;206m&[38;2;180;142;173mmut[38;2;192;197;206m info.leaf_addr[38;2;192;197;206m,[38;2;192;197;206m leaf_idx[38;2;192;197;206m)[38;2;192;197;206m;[K
[0m[48;2;40;67;43m[39m+    32[0m:[39m[48;2;24;38;30m [38;2;192;197;206m    [38;2;150;181;180mset_keypair_addr[38;2;192;197;206m([38;2;192;197;206m&[38;2;180;142;173mmut[38;2;192;197;206m info.pk_addr[38;2;192;197;206m,[38;2;192;197;206m leaf_idx[38;2;192;197;206m)[38;2;192;197;206m;[K
[0m[48;2;40;67;43m[39m+    33[0m:[39m[48;2;24;38;30m [K
[0m[48;2;40;67;43m[39m+    34[0m:[39m[48;2;24;38;30m [38;2;192;197;206m    [38;2;180;142;173mlet[38;2;192;197;206m [38;2;180;142;173mmut[38;2;192;197;206m pk_buffer [38;2;192;197;206m=[38;2;192;197;206m [38;2;192;197;206m[[38;2;208;135;112m0[38;2;180;142;173mu8[38;2;192;197;206m;[38;2;192;197;206m [38;2;208;135;112mSPX_WOTS_BYTES[38;2;192;197;206m][38;2;192;197;206m;[K
[0m[48;2;40;67;43m[39m+    35[0m:[39m[48;2;24;38;30m [K
[0m[48;2;40;67;43m[39m+    36[0m:[39m[48;2;24;38;30m [38;2;192;197;206m    [38;2;180;142;173mfor[38;2;192;197;206m i [38;2;192;197;206min[38;2;192;197;206m [38;2;208;135;112m0[38;2;192;197;206m..[38;2;208;135;112mSPX_WOTS_LEN[38;2;192;197;206m [38;2;192;197;206m{[K
[0m[48;2;40;67;43m[39m+    37[0m:[39m[48;2;24;38;30m [38;2;192;197;206m        [38;2;180;142;173mlet[38;2;192;197;206m wots_k [38;2;192;197;206m=[38;2;192;197;206m info.wots_steps[38;2;192;197;206m[[38;2;192;197;206mi[38;2;192;197;206m][38;2;192;197;206m [38;2;192;197;206m|[38;2;192;197;206m wots_k_mask[38;2;192;197;206m;[K
[0m[48;2;40;67;43m[39m+    38[0m:[39m[48;2;24;38;30m [38;2;192;197;206m        [38;2;180;142;173mlet[38;2;192;197;206m buf [38;2;192;197;206m=[38;2;192;197;206m [38;2;192;197;206m&[38;2;180;142;173mmut[38;2;192;197;206m pk_buffer[38;2;192;197;206m[[38;2;192;197;206mi [38;2;192;197;206m*[38;2;192;197;206m [38;2;208;135;112mSPX_N[38;2;192;197;206m..[38;2;192;197;206m([38;2;192;197;206mi [38;2;192;197;206m+[38;2;192;197;206m [38;2;208;135;112m1[38;2;192;197;206m)[38;2;192;197;206m [38;2;192;197;206m*[38;2;192;197;206m [38;2;208;135;112mSPX_N[38;2;192;197;206m][38;2;192;197;206m;[K
[0m[48;2;40;67;43m[39m+    39[0m:[39m[48;2;24;38;30m [K
[0m[48;2;40;67;43m[39m+    40[0m:[39m[48;2;24;38;30m [38;2;192;197;206m        [38;2;150;181;180mset_chain_addr[38;2;192;197;206m([38;2;192;197;206m&[38;2;180;142;173mmut[38;2;192;197;206m info.leaf_addr[38;2;192;197;206m,[38;2;192;197;206m i [38;2;192;197;206mas[38;2;192;197;206m [38;2;180;142;173mu32[38;2;192;197;206m)[38;2;192;197;206m;[K
[0m[48;2;40;67;43m[39m+    41[0m:[39m[48;2;24;38;30m [38;2;192;197;206m        [38;2;150;181;180mset_hash_addr[38;2;192;197;206m([38;2;192;197;206m&[38;2;180;142;173mmut[38;2;192;197;206m info.leaf_addr[38;2;192;197;206m,[38;2;192;197;206m [38;2;208;135;112m0[38;2;192;197;206m)[38;2;192;197;206m;[K
[0m[48;2;40;67;43m[39m+    42[0m:[39m[48;2;24;38;30m [38;2;192;197;206m        [38;2;150;181;180mset_type[38;2;192;197;206m([38;2;192;197;206m&[38;2;180;142;173mmut[38;2;192;197;206m info.leaf_addr[38;2;192;197;206m,[38;2;192;197;206m [38;2;208;135;112mSPX_ADDR_TYPE_WOTSPRF[38;2;192;197;206m)[38;2;192;197;206m;[K
[0m[48;2;40;67;43m[39m+    43[0m:[39m[48;2;24;38;30m [38;2;192;197;206m        [38;2;150;181;180mprf_addr[38;2;192;197;206m([38;2;192;197;206mbuf[38;2;192;197;206m,[38;2;192;197;206m ctx[38;2;192;197;206m,[38;2;192;197;206m [38;2;192;197;206m&[38;2;192;197;206minfo.leaf_addr[38;2;192;197;206m)[38;2;192;197;206m;[K
[0m[48;2;40;67;43m[39m+    44[0m:[39m[48;2;24;38;30m [38;2;192;197;206m        [38;2;150;181;180mset_type[38;2;192;197;206m([38;2;192;197;206m&[38;2;180;142;173mmut[38;2;192;197;206m info.leaf_addr[38;2;192;197;206m,[38;2;192;197;206m [38;2;208;135;112mSPX_ADDR_TYPE_WOTS[38;2;192;197;206m)[38;2;192;197;206m;[K
[0m[48;2;40;67;43m[39m+    45[0m:[39m[48;2;24;38;30m [K
[0m[48;2;40;67;43m[39m+    46[0m:[39m[48;2;24;38;30m [38;2;192;197;206m        [38;2;180;142;173mfor[38;2;192;197;206m k [38;2;192;197;206min[38;2;192;197;206m [38;2;208;135;112m0[38;2;180;142;173mu32[38;2;192;197;206m..[38;2;192;197;206m [38;2;192;197;206m{[K
[0m[48;2;40;67;43m[39m+    47[0m:[39m[48;2;24;38;30m [38;2;192;197;206m            [38;2;180;142;173mif[38;2;192;197;206m k [38;2;192;197;206m=[38;2;192;197;206m=[38;2;192;197;206m wots_k [38;2;192;197;206m{[K
[0m[48;2;40;67;43m[39m+    48[0m:[39m[48;2;24;38;30m [38;2;192;197;206m                info.wots_sig[38;2;192;197;206m[[38;2;192;197;206mi [38;2;192;197;206m*[38;2;192;197;206m [38;2;208;135;112mSPX_N[38;2;192;197;206m..[38;2;192;197;206m([38;2;192;197;206mi [38;2;192;197;206m+[38;2;192;197;206m [38;2;208;135;112m1[38;2;192;197;206m)[38;2;192;197;206m [38;2;192;197;206m*[38;2;192;197;206m [38;2;208;135;112mSPX_N[38;2;192;197;206m][38;2;192;197;206m.[38;2;150;181;180mcopy_from_slice[38;2;192;197;206m([38;2;192;197;206mbuf[38;2;192;197;206m)[38;2;192;197;206m;[K
[0m[48;2;40;67;43m[39m+    49[0m:[39m[48;2;24;38;30m [38;2;192;197;206m            [38;2;192;197;206m}[K
[0m[48;2;40;67;43m[39m+    50[0m:[39m[48;2;24;38;30m [38;2;192;197;206m            [38;2;180;142;173mif[38;2;192;197;206m k [38;2;192;197;206m=[38;2;192;197;206m=[38;2;192;197;206m [38;2;208;135;112mSPX_WOTS_W[38;2;192;197;206m [38;2;192;197;206mas[38;2;192;197;206m [38;2;180;142;173mu32[38;2;192;197;206m [38;2;192;197;206m-[38;2;192;197;206m [38;2;208;135;112m1[38;2;192;197;206m [38;2;192;197;206m{[38;2;192;197;206m [38;2;180;142;173mbreak[38;2;192;197;206m;[38;2;192;197;206m [38;2;192;197;206m}[K
[0m[48;2;40;67;43m[39m+    51[0m:[39m[48;2;24;38;30m [38;2;192;197;206m            [38;2;150;181;180mset_hash_addr[38;2;192;197;206m([38;2;192;197;206m&[38;2;180;142;173mmut[38;2;192;197;206m info.leaf_addr[38;2;192;197;206m,[38;2;192;197;206m k[38;2;192;197;206m)[38;2;192;197;206m;[K
[0m[48;2;40;67;43m[39m+    52[0m:[39m[48;2;24;38;30m [38;2;192;197;206m            [38;2;180;142;173mlet[38;2;192;197;206m [38;2;180;142;173mmut[38;2;192;197;206m tmp [38;2;192;197;206m=[38;2;192;197;206m [38;2;192;197;206m[[38;2;208;135;112m0[38;2;180;142;173mu8[38;2;192;197;206m;[38;2;192;197;206m [38;2;208;135;112mSPX_N[38;2;192;197;206m][38;2;192;197;206m;[K
[0m[48;2;40;67;43m[39m+    53[0m:[39m[48;2;24;38;30m [38;2;192;197;206m            tmp.[38;2;150;181;180mcopy_from_slice[38;2;192;197;206m([38;2;192;197;206mbuf[38;2;192;197;206m)[38;2;192;197;206m;[K
[0m[48;2;40;67;43m[39m+    54[0m:[39m[48;2;24;38;30m [38;2;192;197;206m            [38;2;150;181;180mthash[38;2;192;197;206m([38;2;192;197;206mbuf[38;2;192;197;206m,[38;2;192;197;206m [38;2;192;197;206m&[38;2;192;197;206mtmp[38;2;192;197;206m,[38;2;192;197;206m [38;2;208;135;112m1[38;2;192;197;206m,[38;2;192;197;206m ctx[38;2;192;197;206m,[38;2;192;197;206m [38;2;192;197;206m&[38;2;180;142;173mmut[38;2;192;197;206m info.leaf_addr[38;2;192;197;206m)[38;2;192;197;206m;[K
[0m[48;2;40;67;43m[39m+    55[0m:[39m[48;2;24;38;30m [38;2;192;197;206m        [38;2;192;197;206m}[K
[0m[48;2;40;67;43m[39m+    56[0m:[39m[48;2;24;38;30m [38;2;192;197;206m    [38;2;192;197;206m}[K
[0m[48;2;40;67;43m[39m+    57[0m:[39m[48;2;24;38;30m [K
[0m[48;2;40;67;43m[39m+    58[0m:[39m[48;2;24;38;30m [38;2;192;197;206m    [38;2;150;181;180mthash[38;2;192;197;206m([38;2;192;197;206mdest[38;2;192;197;206m,[38;2;192;197;206m [38;2;192;197;206m&[38;2;192;197;206mpk_buffer[38;2;192;197;206m,[38;2;192;197;206m [38;2;208;135;112mSPX_WOTS_LEN[38;2;192;197;206m,[38;2;192;197;206m ctx[38;2;192;197;206m,[38;2;192;197;206m [38;2;192;197;206m&[38;2;180;142;173mmut[38;2;192;197;206m info.pk_addr[38;2;192;197;206m)[38;2;192;197;206m;[K
[0m[48;2;40;67;43m[39m+    59[0m:[39m[48;2;24;38;30m [38;2;192;197;206m}[K
[0m[K
Creating: [38;5;141m/local/home/scheschb/reserach/TRACTOR/harvest-agentic/results/P01_sphincs_plus/010_sphincs_PQCgenKAT_sign_blake_192f_robust/translated_rust/src/wotsx1.rs[0m
[38;5;244m - Completed in 0.40s[0m
[38;5;12m[1m [1.12][0m[0m
[?25l[0m[?25l[0m[0mI'll create the following file: [38;5;141m/local/home/scheschb/reserach/TRACTOR/harvest-agentic/results/P01_sphincs_plus/010_sphincs_PQCgenKAT_sign_blake_192f_robust/translated_rust/src/fors.rs[0m[38;5;244m (using tool: write)[0m

[48;2;40;67;43m[39m+      1[0m:[39m[48;2;24;38;30m [38;2;180;142;173muse[38;2;192;197;206m [38;2;180;142;173mcrate[38;2;192;197;206m::[38;2;192;197;206mparams[38;2;192;197;206m::[38;2;192;197;206m*[38;2;192;197;206m;[K
[0m[48;2;40;67;43m[39m+      2[0m:[39m[48;2;24;38;30m [38;2;180;142;173muse[38;2;192;197;206m [38;2;180;142;173mcrate[38;2;192;197;206m::[38;2;192;197;206mcontext[38;2;192;197;206m::[38;2;192;197;206mSpxCtx[38;2;192;197;206m;[K
[0m[48;2;40;67;43m[39m+      3[0m:[39m[48;2;24;38;30m [38;2;180;142;173muse[38;2;192;197;206m [38;2;180;142;173mcrate[38;2;192;197;206m::[38;2;192;197;206maddress[38;2;192;197;206m::[38;2;192;197;206m*[38;2;192;197;206m;[K
[0m[48;2;40;67;43m[39m+      4[0m:[39m[48;2;24;38;30m [38;2;180;142;173muse[38;2;192;197;206m [38;2;180;142;173mcrate[38;2;192;197;206m::[38;2;192;197;206mhash[38;2;192;197;206m::[38;2;192;197;206mprf_addr[38;2;192;197;206m;[K
[0m[48;2;40;67;43m[39m+      5[0m:[39m[48;2;24;38;30m [38;2;180;142;173muse[38;2;192;197;206m [38;2;180;142;173mcrate[38;2;192;197;206m::[38;2;192;197;206mthash[38;2;192;197;206m::[38;2;192;197;206mthash[38;2;192;197;206m;[K
[0m[48;2;40;67;43m[39m+      6[0m:[39m[48;2;24;38;30m [38;2;180;142;173muse[38;2;192;197;206m [38;2;180;142;173mcrate[38;2;192;197;206m::[38;2;192;197;206mwotsx1[38;2;192;197;206m::[38;2;192;197;206m{[38;2;192;197;206mLeafInfoX1[38;2;192;197;206m,[38;2;192;197;206m wots_gen_leafx1[38;2;192;197;206m}[38;2;192;197;206m;[K
[0m[48;2;40;67;43m[39m+      7[0m:[39m[48;2;24;38;30m [K
[0m[48;2;40;67;43m[39m+      8[0m:[39m[48;2;24;38;30m [38;2;180;142;173mpub[38;2;192;197;206m [38;2;180;142;173mstruct[38;2;192;197;206m [38;2;192;197;206mForsGenLeafInfo[38;2;192;197;206m [38;2;192;197;206m{[K
[0m[48;2;40;67;43m[39m+      9[0m:[39m[48;2;24;38;30m [38;2;192;197;206m    [38;2;180;142;173mpub[38;2;192;197;206m [38;2;191;97;106mleaf_addrx[38;2;192;197;206m:[38;2;192;197;206m Addr,[K
[0m[48;2;40;67;43m[39m+     10[0m:[39m[48;2;24;38;30m [38;2;192;197;206m}[K
[0m[48;2;40;67;43m[39m+     11[0m:[39m[48;2;24;38;30m [K
[0m[48;2;40;67;43m[39m+     12[0m:[39m[48;2;24;38;30m [38;2;180;142;173mimpl[38;2;192;197;206m [38;2;192;197;206mDefault [38;2;180;142;173mfor[38;2;192;197;206m [38;2;192;197;206mForsGenLeafInfo[38;2;192;197;206m [38;2;192;197;206m{[K
[0m[48;2;40;67;43m[39m+     13[0m:[39m[48;2;24;38;30m [38;2;192;197;206m    [38;2;180;142;173mfn[38;2;192;197;206m [38;2;143;161;179mdefault[38;2;192;197;206m([38;2;192;197;206m)[38;2;192;197;206m [38;2;192;197;206m->[38;2;192;197;206m [38;2;180;142;173mSelf[38;2;192;197;206m [38;2;192;197;206m{[38;2;192;197;206m [38;2;180;142;173mSelf[38;2;192;197;206m [38;2;192;197;206m{[38;2;192;197;206m leaf_addrx[38;2;192;197;206m:[38;2;192;197;206m [38;2;192;197;206m[[38;2;208;135;112m0[38;2;192;197;206m;[38;2;192;197;206m [38;2;208;135;112m8[38;2;192;197;206m][38;2;192;197;206m [38;2;192;197;206m}[38;2;192;197;206m [38;2;192;197;206m}[K
[0m[48;2;40;67;43m[39m+     14[0m:[39m[48;2;24;38;30m [38;2;192;197;206m}[K
[0m[48;2;40;67;43m[39m+     15[0m:[39m[48;2;24;38;30m [K
[0m[48;2;40;67;43m[39m+     16[0m:[39m[48;2;24;38;30m [38;2;180;142;173mpub[38;2;192;197;206m [38;2;180;142;173mfn[38;2;192;197;206m [38;2;143;161;179mfors_gen_leafx1[38;2;192;197;206m([38;2;191;97;106mleaf[38;2;192;197;206m:[38;2;192;197;206m [38;2;192;197;206m&[38;2;180;142;173mmut[38;2;192;197;206m [[38;2;180;142;173mu8[38;2;192;197;206m], [38;2;191;97;106mctx[38;2;192;197;206m:[38;2;192;197;206m [38;2;192;197;206m&[38;2;192;197;206mSpxCtx, [38;2;191;97;106maddr_idx[38;2;192;197;206m:[38;2;192;197;206m [38;2;180;142;173mu32[38;2;192;197;206m, [38;2;191;97;106minfo[38;2;192;197;206m:[38;2;192;197;206m [38;2;192;197;206m&[38;2;180;142;173mmut[38;2;192;197;206m ForsGenLeafInfo[38;2;192;197;206m)[38;2;192;197;206m [38;2;192;197;206m{[K
[0m[48;2;40;67;43m[39m+     17[0m:[39m[48;2;24;38;30m [38;2;192;197;206m    [38;2;150;181;180mset_tree_index[38;2;192;197;206m([38;2;192;197;206m&[38;2;180;142;173mmut[38;2;192;197;206m info.leaf_addrx[38;2;192;197;206m,[38;2;192;197;206m addr_idx[38;2;192;197;206m)[38;2;192;197;206m;[K
[0m[48;2;40;67;43m[39m+     18[0m:[39m[48;2;24;38;30m [38;2;192;197;206m    [38;2;150;181;180mset_type[38;2;192;197;206m([38;2;192;197;206m&[38;2;180;142;173mmut[38;2;192;197;206m info.leaf_addrx[38;2;192;197;206m,[38;2;192;197;206m [38;2;208;135;112mSPX_ADDR_TYPE_FORSPRF[38;2;192;197;206m)[38;2;192;197;206m;[K
[0m[48;2;40;67;43m[39m+     19[0m:[39m[48;2;24;38;30m [38;2;192;197;206m    [38;2;150;181;180mprf_addr[38;2;192;197;206m([38;2;192;197;206mleaf[38;2;192;197;206m,[38;2;192;197;206m ctx[38;2;192;197;206m,[38;2;192;197;206m [38;2;192;197;206m&[38;2;192;197;206minfo.leaf_addrx[38;2;192;197;206m)[38;2;192;197;206m;[K
[0m[48;2;40;67;43m[39m+     20[0m:[39m[48;2;24;38;30m [38;2;192;197;206m    [38;2;150;181;180mset_type[38;2;192;197;206m([38;2;192;197;206m&[38;2;180;142;173mmut[38;2;192;197;206m info.leaf_addrx[38;2;192;197;206m,[38;2;192;197;206m [38;2;208;135;112mSPX_ADDR_TYPE_FORSTREE[38;2;192;197;206m)[38;2;192;197;206m;[K
[0m[48;2;40;67;43m[39m+     21[0m:[39m[48;2;24;38;30m [38;2;192;197;206m    [38;2;180;142;173mlet[38;2;192;197;206m [38;2;180;142;173mmut[38;2;192;197;206m tmp [38;2;192;197;206m=[38;2;192;197;206m [38;2;192;197;206m[[38;2;208;135;112m0[38;2;180;142;173mu8[38;2;192;197;206m;[38;2;192;197;206m [38;2;208;135;112mSPX_N[38;2;192;197;206m][38;2;192;197;206m;[K
[0m[48;2;40;67;43m[39m+     22[0m:[39m[48;2;24;38;30m [38;2;192;197;206m    tmp.[38;2;150;181;180mcopy_from_slice[38;2;192;197;206m([38;2;192;197;206m&[38;2;192;197;206mleaf[38;2;192;197;206m[[38;2;192;197;206m..[38;2;208;135;112mSPX_N[38;2;192;197;206m][38;2;192;197;206m)[38;2;192;197;206m;[K
[0m[48;2;40;67;43m[39m+     23[0m:[39m[48;2;24;38;30m [38;2;192;197;206m    [38;2;150;181;180mthash[38;2;192;197;206m([38;2;192;197;206mleaf[38;2;192;197;206m,[38;2;192;197;206m [38;2;192;197;206m&[38;2;192;197;206mtmp[38;2;192;197;206m,[38;2;192;197;206m [38;2;208;135;112m1[38;2;192;197;206m,[38;2;192;197;206m ctx[38;2;192;197;206m,[38;2;192;197;206m [38;2;192;197;206m&[38;2;180;142;173mmut[38;2;192;197;206m info.leaf_addrx[38;2;192;197;206m)[38;2;192;197;206m;[K
[0m[48;2;40;67;43m[39m+     24[0m:[39m[48;2;24;38;30m [38;2;192;197;206m}[K
[0m[48;2;40;67;43m[39m+     25[0m:[39m[48;2;24;38;30m [K
[0m[48;2;40;67;43m[39m+     26[0m:[39m[48;2;24;38;30m [38;2;180;142;173mfn[38;2;192;197;206m [38;2;143;161;179mfors_gen_sk[38;2;192;197;206m([38;2;191;97;106msk[38;2;192;197;206m:[38;2;192;197;206m [38;2;192;197;206m&[38;2;180;142;173mmut[38;2;192;197;206m [[38;2;180;142;173mu8[38;2;192;197;206m], [38;2;191;97;106mctx[38;2;192;197;206m:[38;2;192;197;206m [38;2;192;197;206m&[38;2;192;197;206mSpxCtx, [38;2;191;97;106maddr[38;2;192;197;206m:[38;2;192;197;206m [38;2;192;197;206m&[38;2;192;197;206mAddr[38;2;192;197;206m)[38;2;192;197;206m [38;2;192;197;206m{[K
[0m[48;2;40;67;43m[39m+     27[0m:[39m[48;2;24;38;30m [38;2;192;197;206m    [38;2;150;181;180mprf_addr[38;2;192;197;206m([38;2;192;197;206msk[38;2;192;197;206m,[38;2;192;197;206m ctx[38;2;192;197;206m,[38;2;192;197;206m addr[38;2;192;197;206m)[38;2;192;197;206m;[K
[0m[48;2;40;67;43m[39m+     28[0m:[39m[48;2;24;38;30m [38;2;192;197;206m}[K
[0m[48;2;40;67;43m[39m+     29[0m:[39m[48;2;24;38;30m [K
[0m[48;2;40;67;43m[39m+     30[0m:[39m[48;2;24;38;30m [38;2;180;142;173mfn[38;2;192;197;206m [38;2;143;161;179mfors_sk_to_leaf[38;2;192;197;206m([38;2;191;97;106mleaf[38;2;192;197;206m:[38;2;192;197;206m [38;2;192;197;206m&[38;2;180;142;173mmut[38;2;192;197;206m [[38;2;180;142;173mu8[38;2;192;197;206m], [38;2;191;97;106msk[38;2;192;197;206m:[38;2;192;197;206m [38;2;192;197;206m&[38;2;192;197;206m[[38;2;180;142;173mu8[38;2;192;197;206m], [38;2;191;97;106mctx[38;2;192;197;206m:[38;2;192;197;206m [38;2;192;197;206m&[38;2;192;197;206mSpxCtx, [38;2;191;97;106maddr[38;2;192;197;206m:[38;2;192;197;206m [38;2;192;197;206m&[38;2;180;142;173mmut[38;2;192;197;206m Addr[38;2;192;197;206m)[38;2;192;197;206m [38;2;192;197;206m{[K
[0m[48;2;40;67;43m[39m+     31[0m:[39m[48;2;24;38;30m [38;2;192;197;206m    [38;2;150;181;180mthash[38;2;192;197;206m([38;2;192;197;206mleaf[38;2;192;197;206m,[38;2;192;197;206m sk[38;2;192;197;206m,[38;2;192;197;206m [38;2;208;135;112m1[38;2;192;197;206m,[38;2;192;197;206m ctx[38;2;192;197;206m,[38;2;192;197;206m addr[38;2;192;197;206m)[38;2;192;197;206m;[K
[0m[48;2;40;67;43m[39m+     32[0m:[39m[48;2;24;38;30m [38;2;192;197;206m}[K
[0m[48;2;40;67;43m[39m+     33[0m:[39m[48;2;24;38;30m [K
[0m[48;2;40;67;43m[39m+     34[0m:[39m[48;2;24;38;30m [38;2;180;142;173mfn[38;2;192;197;206m [38;2;143;161;179mmessage_to_indices[38;2;192;197;206m([38;2;191;97;106mindices[38;2;192;197;206m:[38;2;192;197;206m [38;2;192;197;206m&[38;2;180;142;173mmut[38;2;192;197;206m [[38;2;180;142;173mu32[38;2;192;197;206m; SPX_FORS_TREES], [38;2;191;97;106mm[38;2;192;197;206m:[38;2;192;197;206m [38;2;192;197;206m&[38;2;192;197;206m[[38;2;180;142;173mu8[38;2;192;197;206m][38;2;192;197;206m)[38;2;192;197;206m [38;2;192;197;206m{[K
[0m[48;2;40;67;43m[39m+     35[0m:[39m[48;2;24;38;30m [38;2;192;197;206m    [38;2;180;142;173mlet[38;2;192;197;206m [38;2;180;142;173mmut[38;2;192;197;206m offset[38;2;192;197;206m:[38;2;192;197;206m [38;2;180;142;173musize[38;2;192;197;206m [38;2;192;197;206m=[38;2;192;197;206m [38;2;208;135;112m0[38;2;192;197;206m;[K
[0m[48;2;40;67;43m[39m+     36[0m:[39m[48;2;24;38;30m [38;2;192;197;206m    [38;2;180;142;173mfor[38;2;192;197;206m i [38;2;192;197;206min[38;2;192;197;206m [38;2;208;135;112m0[38;2;192;197;206m..[38;2;208;135;112mSPX_FORS_TREES[38;2;192;197;206m [38;2;192;197;206m{[K
[0m[48;2;40;67;43m[39m+     37[0m:[39m[48;2;24;38;30m [38;2;192;197;206m        indices[38;2;192;197;206m[[38;2;192;197;206mi[38;2;192;197;206m][38;2;192;197;206m [38;2;192;197;206m=[38;2;192;197;206m [38;2;208;135;112m0[38;2;192;197;206m;[K
[0m[48;2;40;67;43m[39m+     38[0m:[39m[48;2;24;38;30m [38;2;192;197;206m        [38;2;180;142;173mfor[38;2;192;197;206m j [38;2;192;197;206min[38;2;192;197;206m [38;2;208;135;112m0[38;2;192;197;206m..[38;2;208;135;112mSPX_FORS_HEIGHT[38;2;192;197;206m [38;2;192;197;206m{[K
[0m[48;2;40;67;43m[39m+     39[0m:[39m[48;2;24;38;30m [38;2;192;197;206m            indices[38;2;192;197;206m[[38;2;192;197;206mi[38;2;192;197;206m][38;2;192;197;206m [38;2;192;197;206m^[38;2;192;197;206m=[38;2;192;197;206m [38;2;192;197;206m([38;2;192;197;206m([38;2;192;197;206m([38;2;192;197;206mm[38;2;192;197;206m[[38;2;192;197;206moffset [38;2;192;197;206m>[38;2;192;197;206m>[38;2;192;197;206m [38;2;208;135;112m3[38;2;192;197;206m][38;2;192;197;206m [38;2;192;197;206m>[38;2;192;197;206m>[38;2;192;197;206m [38;2;192;197;206m([38;2;192;197;206moffset [38;2;192;197;206m&[38;2;192;197;206m [38;2;208;135;112m0x7[38;2;192;197;206m)[38;2;192;197;206m)[38;2;192;197;206m [38;2;192;197;206m&[38;2;192;197;206m [38;2;208;135;112m1[38;2;192;197;206m)[38;2;192;197;206m [38;2;192;197;206mas[38;2;192;197;206m [38;2;180;142;173mu32[38;2;192;197;206m)[38;2;192;197;206m [38;2;192;197;206m<[38;2;192;197;206m<[38;2;192;197;206m j[38;2;192;197;206m;[K
[0m[48;2;40;67;43m[39m+     40[0m:[39m[48;2;24;38;30m [38;2;192;197;206m            offset [38;2;192;197;206m+[38;2;192;197;206m=[38;2;192;197;206m [38;2;208;135;112m1[38;2;192;197;206m;[K
[0m[48;2;40;67;43m[39m+     41[0m:[39m[48;2;24;38;30m [38;2;192;197;206m        [38;2;192;197;206m}[K
[0m[48;2;40;67;43m[39m+     42[0m:[39m[48;2;24;38;30m [38;2;192;197;206m    [38;2;192;197;206m}[K
[0m[48;2;40;67;43m[39m+     43[0m:[39m[48;2;24;38;30m [38;2;192;197;206m}[K
[0m[48;2;40;67;43m[39m+     44[0m:[39m[48;2;24;38;30m [K
[0m[48;2;40;67;43m[39m+     45[0m:[39m[48;2;24;38;30m [38;2;180;142;173mpub[38;2;192;197;206m [38;2;180;142;173mfn[38;2;192;197;206m [38;2;143;161;179mfors_sign[38;2;192;197;206m([38;2;191;97;106msig[38;2;192;197;206m:[38;2;192;197;206m [38;2;192;197;206m&[38;2;180;142;173mmut[38;2;192;197;206m [[38;2;180;142;173mu8[38;2;192;197;206m], [38;2;191;97;106mpk[38;2;192;197;206m:[38;2;192;197;206m [38;2;192;197;206m&[38;2;180;142;173mmut[38;2;192;197;206m [[38;2;180;142;173mu8[38;2;192;197;206m], [38;2;191;97;106mm[38;2;192;197;206m:[38;2;192;197;206m [38;2;192;197;206m&[38;2;192;197;206m[[38;2;180;142;173mu8[38;2;192;197;206m], [38;2;191;97;106mctx[38;2;192;197;206m:[38;2;192;197;206m [38;2;192;197;206m&[38;2;192;197;206mSpxCtx, [38;2;191;97;106mfors_addr[38;2;192;197;206m:[38;2;192;197;206m [38;2;192;197;206m&[38;2;192;197;206mAddr[38;2;192;197;206m)[38;2;192;197;206m [38;2;192;197;206m{[K
[0m[48;2;40;67;43m[39m+     46[0m:[39m[48;2;24;38;30m [38;2;192;197;206m    [38;2;180;142;173mlet[38;2;192;197;206m [38;2;180;142;173mmut[38;2;192;197;206m indices [38;2;192;197;206m=[38;2;192;197;206m [38;2;192;197;206m[[38;2;208;135;112m0[38;2;180;142;173mu32[38;2;192;197;206m;[38;2;192;197;206m [38;2;208;135;112mSPX_FORS_TREES[38;2;192;197;206m][38;2;192;197;206m;[K
[0m[48;2;40;67;43m[39m+     47[0m:[39m[48;2;24;38;30m [38;2;192;197;206m    [38;2;180;142;173mlet[38;2;192;197;206m [38;2;180;142;173mmut[38;2;192;197;206m roots [38;2;192;197;206m=[38;2;192;197;206m [38;2;192;197;206m[[38;2;208;135;112m0[38;2;180;142;173mu8[38;2;192;197;206m;[38;2;192;197;206m [38;2;208;135;112mSPX_FORS_TREES[38;2;192;197;206m [38;2;192;197;206m*[38;2;192;197;206m [38;2;208;135;112mSPX_N[38;2;192;197;206m][38;2;192;197;206m;[K
[0m[48;2;40;67;43m[39m+     48[0m:[39m[48;2;24;38;30m [38;2;192;197;206m    [38;2;180;142;173mlet[38;2;192;197;206m [38;2;180;142;173mmut[38;2;192;197;206m fors_tree_addr[38;2;192;197;206m:[38;2;192;197;206m Addr [38;2;192;197;206m=[38;2;192;197;206m [38;2;192;197;206m[[38;2;208;135;112m0[38;2;192;197;206m;[38;2;192;197;206m [38;2;208;135;112m8[38;2;192;197;206m][38;2;192;197;206m;[K
[0m[48;2;40;67;43m[39m+     49[0m:[39m[48;2;24;38;30m [38;2;192;197;206m    [38;2;180;142;173mlet[38;2;192;197;206m [38;2;180;142;173mmut[38;2;192;197;206m fors_info [38;2;192;197;206m=[38;2;192;197;206m [38;2;192;197;206mForsGenLeafInfo[38;2;192;197;206m::[38;2;192;197;206mdefault[38;2;192;197;206m([38;2;192;197;206m)[38;2;192;197;206m;[K
[0m[48;2;40;67;43m[39m+     50[0m:[39m[48;2;24;38;30m [38;2;192;197;206m    [38;2;180;142;173mlet[38;2;192;197;206m [38;2;180;142;173mmut[38;2;192;197;206m fors_pk_addr[38;2;192;197;206m:[38;2;192;197;206m Addr [38;2;192;197;206m=[38;2;192;197;206m [38;2;192;197;206m[[38;2;208;135;112m0[38;2;192;197;206m;[38;2;192;197;206m [38;2;208;135;112m8[38;2;192;197;206m][38;2;192;197;206m;[K
[0m[48;2;40;67;43m[39m+     51[0m:[39m[48;2;24;38;30m [K
[0m[48;2;40;67;43m[39m+     52[0m:[39m[48;2;24;38;30m [38;2;192;197;206m    [38;2;150;181;180mcopy_keypair_addr[38;2;192;197;206m([38;2;192;197;206m&[38;2;180;142;173mmut[38;2;192;197;206m fors_tree_addr[38;2;192;197;206m,[38;2;192;197;206m fors_addr[38;2;192;197;206m)[38;2;192;197;206m;[K
[0m[48;2;40;67;43m[39m+     53[0m:[39m[48;2;24;38;30m [38;2;192;197;206m    [38;2;150;181;180mcopy_keypair_addr[38;2;192;197;206m([38;2;192;197;206m&[38;2;180;142;173mmut[38;2;192;197;206m fors_info.leaf_addrx[38;2;192;197;206m,[38;2;192;197;206m fors_addr[38;2;192;197;206m)[38;2;192;197;206m;[K
[0m[48;2;40;67;43m[39m+     54[0m:[39m[48;2;24;38;30m [38;2;192;197;206m    [38;2;150;181;180mcopy_keypair_addr[38;2;192;197;206m([38;2;192;197;206m&[38;2;180;142;173mmut[38;2;192;197;206m fors_pk_addr[38;2;192;197;206m,[38;2;192;197;206m fors_addr[38;2;192;197;206m)[38;2;192;197;206m;[K
[0m[48;2;40;67;43m[39m+     55[0m:[39m[48;2;24;38;30m [38;2;192;197;206m    [38;2;150;181;180mset_type[38;2;192;197;206m([38;2;192;197;206m&[38;2;180;142;173mmut[38;2;192;197;206m fors_pk_addr[38;2;192;197;206m,[38;2;192;197;206m [38;2;208;135;112mSPX_ADDR_TYPE_FORSPK[38;2;192;197;206m)[38;2;192;197;206m;[K
[0m[48;2;40;67;43m[39m+     56[0m:[39m[48;2;24;38;30m [K
[0m[48;2;40;67;43m[39m+     57[0m:[39m[48;2;24;38;30m [38;2;192;197;206m    [38;2;150;181;180mmessage_to_indices[38;2;192;197;206m([38;2;192;197;206m&[38;2;180;142;173mmut[38;2;192;197;206m indices[38;2;192;197;206m,[38;2;192;197;206m m[38;2;192;197;206m)[38;2;192;197;206m;[K
[0m[48;2;40;67;43m[39m+     58[0m:[39m[48;2;24;38;30m [K
[0m[48;2;40;67;43m[39m+     59[0m:[39m[48;2;24;38;30m [38;2;192;197;206m    [38;2;180;142;173mlet[38;2;192;197;206m [38;2;180;142;173mmut[38;2;192;197;206m sig_off [38;2;192;197;206m=[38;2;192;197;206m [38;2;208;135;112m0[38;2;192;197;206m;[K
[0m[48;2;40;67;43m[39m+     60[0m:[39m[48;2;24;38;30m [38;2;192;197;206m    [38;2;180;142;173mfor[38;2;192;197;206m i [38;2;192;197;206min[38;2;192;197;206m [38;2;208;135;112m0[38;2;192;197;206m..[38;2;208;135;112mSPX_FORS_TREES[38;2;192;197;206m [38;2;192;197;206m{[K
[0m[48;2;40;67;43m[39m+     61[0m:[39m[48;2;24;38;30m [38;2;192;197;206m        [38;2;180;142;173mlet[38;2;192;197;206m idx_offset [38;2;192;197;206m=[38;2;192;197;206m [38;2;192;197;206m([38;2;192;197;206mi [38;2;192;197;206mas[38;2;192;197;206m [38;2;180;142;173mu32[38;2;192;197;206m)[38;2;192;197;206m [38;2;192;197;206m*[38;2;192;197;206m [38;2;192;197;206m([38;2;208;135;112m1[38;2;192;197;206m [38;2;192;197;206m<[38;2;192;197;206m<[38;2;192;197;206m [38;2;208;135;112mSPX_FORS_HEIGHT[38;2;192;197;206m)[38;2;192;197;206m;[K
[0m[48;2;40;67;43m[39m+     62[0m:[39m[48;2;24;38;30m [K
[0m[48;2;40;67;43m[39m+     63[0m:[39m[48;2;24;38;30m [38;2;192;197;206m        [38;2;150;181;180mset_tree_height[38;2;192;197;206m([38;2;192;197;206m&[38;2;180;142;173mmut[38;2;192;197;206m fors_tree_addr[38;2;192;197;206m,[38;2;192;197;206m [38;2;208;135;112m0[38;2;192;197;206m)[38;2;192;197;206m;[K
[0m[48;2;40;67;43m[39m+     64[0m:[39m[48;2;24;38;30m [38;2;192;197;206m        [38;2;150;181;180mset_tree_index[38;2;192;197;206m([38;2;192;197;206m&[38;2;180;142;173mmut[38;2;192;197;206m fors_tree_addr[38;2;192;197;206m,[38;2;192;197;206m indices[38;2;192;197;206m[[38;2;192;197;206mi[38;2;192;197;206m][38;2;192;197;206m [38;2;192;197;206m+[38;2;192;197;206m idx_offset[38;2;192;197;206m)[38;2;192;197;206m;[K
[0m[48;2;40;67;43m[39m+     65[0m:[39m[48;2;24;38;30m [38;2;192;197;206m        [38;2;150;181;180mset_type[38;2;192;197;206m([38;2;192;197;206m&[38;2;180;142;173mmut[38;2;192;197;206m fors_tree_addr[38;2;192;197;206m,[38;2;192;197;206m [38;2;208;135;112mSPX_ADDR_TYPE_FORSPRF[38;2;192;197;206m)[38;2;192;197;206m;[K
[0m[48;2;40;67;43m[39m+     66[0m:[39m[48;2;24;38;30m [38;2;192;197;206m        [38;2;150;181;180mfors_gen_sk[38;2;192;197;206m([38;2;192;197;206m&[38;2;180;142;173mmut[38;2;192;197;206m sig[38;2;192;197;206m[[38;2;192;197;206msig_off[38;2;192;197;206m..[38;2;192;197;206m][38;2;192;197;206m,[38;2;192;197;206m ctx[38;2;192;197;206m,[38;2;192;197;206m [38;2;192;197;206m&[38;2;192;197;206mfors_tree_addr[38;2;192;197;206m)[38;2;192;197;206m;[K
[0m[48;2;40;67;43m[39m+     67[0m:[39m[48;2;24;38;30m [38;2;192;197;206m        [38;2;150;181;180mset_type[38;2;192;197;206m([38;2;192;197;206m&[38;2;180;142;173mmut[38;2;192;197;206m fors_tree_addr[38;2;192;197;206m,[38;2;192;197;206m [38;2;208;135;112mSPX_ADDR_TYPE_FORSTREE[38;2;192;197;206m)[38;2;192;197;206m;[K
[0m[48;2;40;67;43m[39m+     68[0m:[39m[48;2;24;38;30m [38;2;192;197;206m        sig_off [38;2;192;197;206m+[38;2;192;197;206m=[38;2;192;197;206m [38;2;208;135;112mSPX_N[38;2;192;197;206m;[K
[0m[48;2;40;67;43m[39m+     69[0m:[39m[48;2;24;38;30m [K
[0m[48;2;40;67;43m[39m+     70[0m:[39m[48;2;24;38;30m [38;2;192;197;206m        [38;2;101;115;126m//[38;2;101;115;126m Use the leaf_info_x1-based treehash for FORS[K
[0m[48;2;40;67;43m[39m+     71[0m:[39m[48;2;24;38;30m [38;2;192;197;206m        [38;2;101;115;126m//[38;2;101;115;126m We need to adapt: fors_treehashx1 uses LeafInfoX1 in C but actually[K
[0m[48;2;40;67;43m[39m+     72[0m:[39m[48;2;24;38;30m [38;2;192;197;206m        [38;2;101;115;126m//[38;2;101;115;126m takes fors_gen_leaf_info. Let me use the direct treehash approach.[K
[0m[48;2;40;67;43m[39m+     73[0m:[39m[48;2;24;38;30m [38;2;192;197;206m        [38;2;150;181;180mfors_treehashx1[38;2;192;197;206m([38;2;192;197;206m&[38;2;180;142;173mmut[38;2;192;197;206m roots[38;2;192;197;206m[[38;2;192;197;206mi [38;2;192;197;206m*[38;2;192;197;206m [38;2;208;135;112mSPX_N[38;2;192;197;206m..[38;2;192;197;206m][38;2;192;197;206m,[38;2;192;197;206m [38;2;192;197;206m&[38;2;180;142;173mmut[38;2;192;197;206m sig[38;2;192;197;206m[[38;2;192;197;206msig_off[38;2;192;197;206m..[38;2;192;197;206m][38;2;192;197;206m,[38;2;192;197;206m ctx[38;2;192;197;206m,[K
[0m[48;2;40;67;43m[39m+     74[0m:[39m[48;2;24;38;30m [38;2;192;197;206m                        indices[38;2;192;197;206m[[38;2;192;197;206mi[38;2;192;197;206m][38;2;192;197;206m,[38;2;192;197;206m idx_offset[38;2;192;197;206m,[38;2;192;197;206m [38;2;208;135;112mSPX_FORS_HEIGHT[38;2;192;197;206m [38;2;192;197;206mas[38;2;192;197;206m [38;2;180;142;173mu32[38;2;192;197;206m,[K
[0m[48;2;40;67;43m[39m+     75[0m:[39m[48;2;24;38;30m [38;2;192;197;206m                        [38;2;192;197;206m&[38;2;180;142;173mmut[38;2;192;197;206m fors_tree_addr[38;2;192;197;206m,[38;2;192;197;206m [38;2;192;197;206m&[38;2;180;142;173mmut[38;2;192;197;206m fors_info[38;2;192;197;206m)[38;2;192;197;206m;[K
[0m[48;2;40;67;43m[39m+     76[0m:[39m[48;2;24;38;30m [38;2;192;197;206m        sig_off [38;2;192;197;206m+[38;2;192;197;206m=[38;2;192;197;206m [38;2;208;135;112mSPX_N[38;2;192;197;206m [38;2;192;197;206m*[38;2;192;197;206m [38;2;208;135;112mSPX_FORS_HEIGHT[38;2;192;197;206m;[K
[0m[48;2;40;67;43m[39m+     77[0m:[39m[48;2;24;38;30m [38;2;192;197;206m    [38;2;192;197;206m}[K
[0m[48;2;40;67;43m[39m+     78[0m:[39m[48;2;24;38;30m [K
[0m[48;2;40;67;43m[39m+     79[0m:[39m[48;2;24;38;30m [38;2;192;197;206m    [38;2;150;181;180mthash[38;2;192;197;206m([38;2;192;197;206mpk[38;2;192;197;206m,[38;2;192;197;206m [38;2;192;197;206m&[38;2;192;197;206mroots[38;2;192;197;206m,[38;2;192;197;206m [38;2;208;135;112mSPX_FORS_TREES[38;2;192;197;206m,[38;2;192;197;206m ctx[38;2;192;197;206m,[38;2;192;197;206m [38;2;192;197;206m&[38;2;180;142;173mmut[38;2;192;197;206m fors_pk_addr[38;2;192;197;206m)[38;2;192;197;206m;[K
[0m[48;2;40;67;43m[39m+     80[0m:[39m[48;2;24;38;30m [38;2;192;197;206m}[K
[0m[48;2;40;67;43m[39m+     81[0m:[39m[48;2;24;38;30m [K
[0m[48;2;40;67;43m[39m+     82[0m:[39m[48;2;24;38;30m [38;2;180;142;173mpub[38;2;192;197;206m [38;2;180;142;173mfn[38;2;192;197;206m [38;2;143;161;179mfors_pk_from_sig[38;2;192;197;206m([38;2;191;97;106mpk[38;2;192;197;206m:[38;2;192;197;206m [38;2;192;197;206m&[38;2;180;142;173mmut[38;2;192;197;206m [[38;2;180;142;173mu8[38;2;192;197;206m], [38;2;191;97;106msig[38;2;192;197;206m:[38;2;192;197;206m [38;2;192;197;206m&[38;2;192;197;206m[[38;2;180;142;173mu8[38;2;192;197;206m], [38;2;191;97;106mm[38;2;192;197;206m:[38;2;192;197;206m [38;2;192;197;206m&[38;2;192;197;206m[[38;2;180;142;173mu8[38;2;192;197;206m], [38;2;191;97;106mctx[38;2;192;197;206m:[38;2;192;197;206m [38;2;192;197;206m&[38;2;192;197;206mSpxCtx, [38;2;191;97;106mfors_addr[38;2;192;197;206m:[38;2;192;197;206m [38;2;192;197;206m&[38;2;192;197;206mAddr[38;2;192;197;206m)[38;2;192;197;206m [38;2;192;197;206m{[K
[0m[48;2;40;67;43m[39m+     83[0m:[39m[48;2;24;38;30m [38;2;192;197;206m    [38;2;180;142;173mlet[38;2;192;197;206m [38;2;180;142;173mmut[38;2;192;197;206m indices [38;2;192;197;206m=[38;2;192;197;206m [38;2;192;197;206m[[38;2;208;135;112m0[38;2;180;142;173mu32[38;2;192;197;206m;[38;2;192;197;206m [38;2;208;135;112mSPX_FORS_TREES[38;2;192;197;206m][38;2;192;197;206m;[K
[0m[48;2;40;67;43m[39m+     84[0m:[39m[48;2;24;38;30m [38;2;192;197;206m    [38;2;180;142;173mlet[38;2;192;197;206m [38;2;180;142;173mmut[38;2;192;197;206m roots [38;2;192;197;206m=[38;2;192;197;206m [38;2;192;197;206m[[38;2;208;135;112m0[38;2;180;142;173mu8[38;2;192;197;206m;[38;2;192;197;206m [38;2;208;135;112mSPX_FORS_TREES[38;2;192;197;206m [38;2;192;197;206m*[38;2;192;197;206m [38;2;208;135;112mSPX_N[38;2;192;197;206m][38;2;192;197;206m;[K
[0m[48;2;40;67;43m[39m+     85[0m:[39m[48;2;24;38;30m [38;2;192;197;206m    [38;2;180;142;173mlet[38;2;192;197;206m [38;2;180;142;173mmut[38;2;192;197;206m leaf [38;2;192;197;206m=[38;2;192;197;206m [38;2;192;197;206m[[38;2;208;135;112m0[38;2;180;142;173mu8[38;2;192;197;206m;[38;2;192;197;206m [38;2;208;135;112mSPX_N[38;2;192;197;206m][38;2;192;197;206m;[K
[0m[48;2;40;67;43m[39m+     86[0m:[39m[48;2;24;38;30m [38;2;192;197;206m    [38;2;180;142;173mlet[38;2;192;197;206m [38;2;180;142;173mmut[38;2;192;197;206m fors_tree_addr[38;2;192;197;206m:[38;2;192;197;206m Addr [38;2;192;197;206m=[38;2;192;197;206m [38;2;192;197;206m[[38;2;208;135;112m0[38;2;192;197;206m;[38;2;192;197;206m [38;2;208;135;112m8[38;2;192;197;206m][38;2;192;197;206m;[K
[0m[48;2;40;67;43m[39m+     87[0m:[39m[48;2;24;38;30m [38;2;192;197;206m    [38;2;180;142;173mlet[38;2;192;197;206m [38;2;180;142;173mmut[38;2;192;197;206m fors_pk_addr[38;2;192;197;206m:[38;2;192;197;206m Addr [38;2;192;197;206m=[38;2;192;197;206m [38;2;192;197;206m[[38;2;208;135;112m0[38;2;192;197;206m;[38;2;192;197;206m [38;2;208;135;112m8[38;2;192;197;206m][38;2;192;197;206m;[K
[0m[48;2;40;67;43m[39m+     88[0m:[39m[48;2;24;38;30m [K
[0m[48;2;40;67;43m[39m+     89[0m:[39m[48;2;24;38;30m [38;2;192;197;206m    [38;2;150;181;180mcopy_keypair_addr[38;2;192;197;206m([38;2;192;197;206m&[38;2;180;142;173mmut[38;2;192;197;206m fors_tree_addr[38;2;192;197;206m,[38;2;192;197;206m fors_addr[38;2;192;197;206m)[38;2;192;197;206m;[K
[0m[48;2;40;67;43m[39m+     90[0m:[39m[48;2;24;38;30m [38;2;192;197;206m    [38;2;150;181;180mcopy_keypair_addr[38;2;192;197;206m([38;2;192;197;206m&[38;2;180;142;173mmut[38;2;192;197;206m fors_pk_addr[38;2;192;197;206m,[38;2;192;197;206m fors_addr[38;2;192;197;206m)[38;2;192;197;206m;[K
[0m[48;2;40;67;43m[39m+     91[0m:[39m[48;2;24;38;30m [38;2;192;197;206m    [38;2;150;181;180mset_type[38;2;192;197;206m([38;2;192;197;206m&[38;2;180;142;173mmut[38;2;192;197;206m fors_tree_addr[38;2;192;197;206m,[38;2;192;197;206m [38;2;208;135;112mSPX_ADDR_TYPE_FORSTREE[38;2;192;197;206m)[38;2;192;197;206m;[K
[0m[48;2;40;67;43m[39m+     92[0m:[39m[48;2;24;38;30m [38;2;192;197;206m    [38;2;150;181;180mset_type[38;2;192;197;206m([38;2;192;197;206m&[38;2;180;142;173mmut[38;2;192;197;206m fors_pk_addr[38;2;192;197;206m,[38;2;192;197;206m [38;2;208;135;112mSPX_ADDR_TYPE_FORSPK[38;2;192;197;206m)[38;2;192;197;206m;[K
[0m[48;2;40;67;43m[39m+     93[0m:[39m[48;2;24;38;30m [K
[0m[48;2;40;67;43m[39m+     94[0m:[39m[48;2;24;38;30m [38;2;192;197;206m    [38;2;150;181;180mmessage_to_indices[38;2;192;197;206m([38;2;192;197;206m&[38;2;180;142;173mmut[38;2;192;197;206m indices[38;2;192;197;206m,[38;2;192;197;206m m[38;2;192;197;206m)[38;2;192;197;206m;[K
[0m[48;2;40;67;43m[39m+     95[0m:[39m[48;2;24;38;30m [K
[0m[48;2;40;67;43m[39m+     96[0m:[39m[48;2;24;38;30m [38;2;192;197;206m    [38;2;180;142;173mlet[38;2;192;197;206m [38;2;180;142;173mmut[38;2;192;197;206m sig_off [38;2;192;197;206m=[38;2;192;197;206m [38;2;208;135;112m0[38;2;192;197;206m;[K
[0m[48;2;40;67;43m[39m+     97[0m:[39m[48;2;24;38;30m [38;2;192;197;206m    [38;2;180;142;173mfor[38;2;192;197;206m i [38;2;192;197;206min[38;2;192;197;206m [38;2;208;135;112m0[38;2;192;197;206m..[38;2;208;135;112mSPX_FORS_TREES[38;2;192;197;206m [38;2;192;197;206m{[K
[0m[48;2;40;67;43m[39m+     98[0m:[39m[48;2;24;38;30m [38;2;192;197;206m        [38;2;180;142;173mlet[38;2;192;197;206m idx_offset [38;2;192;197;206m=[38;2;192;197;206m [38;2;192;197;206m([38;2;192;197;206mi [38;2;192;197;206mas[38;2;192;197;206m [38;2;180;142;173mu32[38;2;192;197;206m)[38;2;192;197;206m [38;2;192;197;206m*[38;2;192;197;206m [38;2;192;197;206m([38;2;208;135;112m1[38;2;192;197;206m [38;2;192;197;206m<[38;2;192;197;206m<[38;2;192;197;206m [38;2;208;135;112mSPX_FORS_HEIGHT[38;2;192;197;206m)[38;2;192;197;206m;[K
[0m[48;2;40;67;43m[39m+     99[0m:[39m[48;2;24;38;30m [38;2;192;197;206m        [38;2;150;181;180mset_tree_height[38;2;192;197;206m([38;2;192;197;206m&[38;2;180;142;173mmut[38;2;192;197;206m fors_tree_addr[38;2;192;197;206m,[38;2;192;197;206m [38;2;208;135;112m0[38;2;192;197;206m)[38;2;192;197;206m;[K
[0m[48;2;40;67;43m[39m+    100[0m:[39m[48;2;24;38;30m [38;2;192;197;206m        [38;2;150;181;180mset_tree_index[38;2;192;197;206m([38;2;192;197;206m&[38;2;180;142;173mmut[38;2;192;197;206m fors_tree_addr[38;2;192;197;206m,[38;2;192;197;206m indices[38;2;192;197;206m[[38;2;192;197;206mi[38;2;192;197;206m][38;2;192;197;206m [38;2;192;197;206m+[38;2;192;197;206m idx_offset[38;2;192;197;206m)[38;2;192;197;206m;[K
[0m[48;2;40;67;43m[39m+    101[0m:[39m[48;2;24;38;30m [K
[0m[48;2;40;67;43m[39m+    102[0m:[39m[48;2;24;38;30m [38;2;192;197;206m        [38;2;150;181;180mfors_sk_to_leaf[38;2;192;197;206m([38;2;192;197;206m&[38;2;180;142;173mmut[38;2;192;197;206m leaf[38;2;192;197;206m,[38;2;192;197;206m [38;2;192;197;206m&[38;2;192;197;206msig[38;2;192;197;206m[[38;2;192;197;206msig_off[38;2;192;197;206m..[38;2;192;197;206m][38;2;192;197;206m,[38;2;192;197;206m ctx[38;2;192;197;206m,[38;2;192;197;206m [38;2;192;197;206m&[38;2;180;142;173mmut[38;2;192;197;206m fors_tree_addr[38;2;192;197;206m)[38;2;192;197;206m;[K
[0m[48;2;40;67;43m[39m+    103[0m:[39m[48;2;24;38;30m [38;2;192;197;206m        sig_off [38;2;192;197;206m+[38;2;192;197;206m=[38;2;192;197;206m [38;2;208;135;112mSPX_N[38;2;192;197;206m;[K
[0m[48;2;40;67;43m[39m+    104[0m:[39m[48;2;24;38;30m [K
[0m[48;2;40;67;43m[39m+    105[0m:[39m[48;2;24;38;30m [38;2;192;197;206m        [38;2;180;142;173mcrate[38;2;192;197;206m::[38;2;192;197;206mcompute_root[38;2;192;197;206m::[38;2;192;197;206mcompute_root[38;2;192;197;206m([38;2;192;197;206m&[38;2;180;142;173mmut[38;2;192;197;206m roots[38;2;192;197;206m[[38;2;192;197;206mi [38;2;192;197;206m*[38;2;192;197;206m [38;2;208;135;112mSPX_N[38;2;192;197;206m..[38;2;192;197;206m][38;2;192;197;206m,[38;2;192;197;206m [38;2;192;197;206m&[38;2;192;197;206mleaf[38;2;192;197;206m,[38;2;192;197;206m indices[38;2;192;197;206m[[38;2;192;197;206mi[38;2;192;197;206m][38;2;192;197;206m,[38;2;192;197;206m idx_offset[38;2;192;197;206m,[K
[0m[48;2;40;67;43m[39m+    106[0m:[39m[48;2;24;38;30m [38;2;192;197;206m                     [38;2;192;197;206m&[38;2;192;197;206msig[38;2;192;197;206m[[38;2;192;197;206msig_off[38;2;192;197;206m..[38;2;192;197;206m][38;2;192;197;206m,[38;2;192;197;206m [38;2;208;135;112mSPX_FORS_HEIGHT[38;2;192;197;206m [38;2;192;197;206mas[38;2;192;197;206m [38;2;180;142;173mu32[38;2;192;197;206m,[38;2;192;197;206m ctx[38;2;192;197;206m,[38;2;192;197;206m [38;2;192;197;206m&[38;2;180;142;173mmut[38;2;192;197;206m fors_tree_addr[38;2;192;197;206m)[38;2;192;197;206m;[K
[0m[48;2;40;67;43m[39m+    107[0m:[39m[48;2;24;38;30m [38;2;192;197;206m        sig_off [38;2;192;197;206m+[38;2;192;197;206m=[38;2;192;197;206m [38;2;208;135;112mSPX_N[38;2;192;197;206m [38;2;192;197;206m*[38;2;192;197;206m [38;2;208;135;112mSPX_FORS_HEIGHT[38;2;192;197;206m;[K
[0m[48;2;40;67;43m[39m+    108[0m:[39m[48;2;24;38;30m [38;2;192;197;206m    [38;2;192;197;206m}[K
[0m[48;2;40;67;43m[39m+    109[0m:[39m[48;2;24;38;30m [K
[0m[48;2;40;67;43m[39m+    110[0m:[39m[48;2;24;38;30m [38;2;192;197;206m    [38;2;150;181;180mthash[38;2;192;197;206m([38;2;192;197;206mpk[38;2;192;197;206m,[38;2;192;197;206m [38;2;192;197;206m&[38;2;192;197;206mroots[38;2;192;197;206m,[38;2;192;197;206m [38;2;208;135;112mSPX_FORS_TREES[38;2;192;197;206m,[38;2;192;197;206m ctx[38;2;192;197;206m,[38;2;192;197;206m [38;2;192;197;206m&[38;2;180;142;173mmut[38;2;192;197;206m fors_pk_addr[38;2;192;197;206m)[38;2;192;197;206m;[K
[0m[48;2;40;67;43m[39m+    111[0m:[39m[48;2;24;38;30m [38;2;192;197;206m}[K
[0m[48;2;40;67;43m[39m+    112[0m:[39m[48;2;24;38;30m [K
[0m[48;2;40;67;43m[39m+    113[0m:[39m[48;2;24;38;30m [38;2;101;115;126m//[38;2;101;115;126m fors_treehashx1 - direct translation from utilsx1.c[K
[0m[48;2;40;67;43m[39m+    114[0m:[39m[48;2;24;38;30m [38;2;180;142;173mfn[38;2;192;197;206m [38;2;143;161;179mfors_treehashx1[38;2;192;197;206m([38;2;191;97;106mroot[38;2;192;197;206m:[38;2;192;197;206m [38;2;192;197;206m&[38;2;180;142;173mmut[38;2;192;197;206m [[38;2;180;142;173mu8[38;2;192;197;206m], [38;2;191;97;106mauth_path[38;2;192;197;206m:[38;2;192;197;206m [38;2;192;197;206m&[38;2;180;142;173mmut[38;2;192;197;206m [[38;2;180;142;173mu8[38;2;192;197;206m], [38;2;191;97;106mctx[38;2;192;197;206m:[38;2;192;197;206m [38;2;192;197;206m&[38;2;192;197;206mSpxCtx,[K
[0m[48;2;40;67;43m[39m+    115[0m:[39m[48;2;24;38;30m [38;2;192;197;206m                   [38;2;191;97;106mleaf_idx[38;2;192;197;206m:[38;2;192;197;206m [38;2;180;142;173mu32[38;2;192;197;206m, [38;2;191;97;106midx_offset[38;2;192;197;206m:[38;2;192;197;206m [38;2;180;142;173mu32[38;2;192;197;206m, [38;2;191;97;106mtree_height[38;2;192;197;206m:[38;2;192;197;206m [38;2;180;142;173mu32[38;2;192;197;206m,[K
[0m[48;2;40;67;43m[39m+    116[0m:[39m[48;2;24;38;30m [38;2;192;197;206m                   [38;2;191;97;106mtree_addr[38;2;192;197;206m:[38;2;192;197;206m [38;2;192;197;206m&[38;2;180;142;173mmut[38;2;192;197;206m Addr, [38;2;191;97;106minfo[38;2;192;197;206m:[38;2;192;197;206m [38;2;192;197;206m&[38;2;180;142;173mmut[38;2;192;197;206m ForsGenLeafInfo[38;2;192;197;206m)[38;2;192;197;206m [38;2;192;197;206m{[K
[0m[48;2;40;67;43m[39m+    117[0m:[39m[48;2;24;38;30m [38;2;192;197;206m    [38;2;180;142;173mlet[38;2;192;197;206m [38;2;180;142;173mmut[38;2;192;197;206m stack [38;2;192;197;206m=[38;2;192;197;206m [38;2;192;197;206mvec![38;2;192;197;206m[[38;2;208;135;112m0[38;2;180;142;173mu8[38;2;192;197;206m;[38;2;192;197;206m tree_height [38;2;192;197;206mas[38;2;192;197;206m [38;2;180;142;173musize[38;2;192;197;206m [38;2;192;197;206m*[38;2;192;197;206m [38;2;208;135;112mSPX_N[38;2;192;197;206m][38;2;192;197;206m;[K
[0m[48;2;40;67;43m[39m+    118[0m:[39m[48;2;24;38;30m [38;2;192;197;206m    [38;2;180;142;173mlet[38;2;192;197;206m max_idx[38;2;192;197;206m:[38;2;192;197;206m [38;2;180;142;173mu32[38;2;192;197;206m [38;2;192;197;206m=[38;2;192;197;206m [38;2;192;197;206m([38;2;208;135;112m1[38;2;180;142;173mu32[38;2;192;197;206m [38;2;192;197;206m<[38;2;192;197;206m<[38;2;192;197;206m tree_height[38;2;192;197;206m)[38;2;192;197;206m [38;2;192;197;206m-[38;2;192;197;206m [38;2;208;135;112m1[38;2;192;197;206m;[K
[0m[48;2;40;67;43m[39m+    119[0m:[39m[48;2;24;38;30m [K
[0m[48;2;40;67;43m[39m+    120[0m:[39m[48;2;24;38;30m [38;2;192;197;206m    [38;2;180;142;173mfor[38;2;192;197;206m idx [38;2;192;197;206min[38;2;192;197;206m [38;2;208;135;112m0[38;2;180;142;173mu32[38;2;192;197;206m..[38;2;192;197;206m [38;2;192;197;206m{[K
[0m[48;2;40;67;43m[39m+    121[0m:[39m[48;2;24;38;30m [38;2;192;197;206m        [38;2;180;142;173mlet[38;2;192;197;206m [38;2;180;142;173mmut[38;2;192;197;206m current [38;2;192;197;206m=[38;2;192;197;206m [38;2;192;197;206m[[38;2;208;135;112m0[38;2;180;142;173mu8[38;2;192;197;206m;[38;2;192;197;206m [38;2;208;135;112m2[38;2;192;197;206m [38;2;192;197;206m*[38;2;192;197;206m [38;2;208;135;112mSPX_N[38;2;192;197;206m][38;2;192;197;206m;[K
[0m[48;2;40;67;43m[39m+    122[0m:[39m[48;2;24;38;30m [38;2;192;197;206m        [38;2;150;181;180mfors_gen_leafx1[38;2;192;197;206m([38;2;192;197;206m&[38;2;180;142;173mmut[38;2;192;197;206m current[38;2;192;197;206m[[38;2;208;135;112mSPX_N[38;2;192;197;206m..[38;2;192;197;206m][38;2;192;197;206m,[38;2;192;197;206m ctx[38;2;192;197;206m,[38;2;192;197;206m idx [38;2;192;197;206m+[38;2;192;197;206m idx_offset[38;2;192;197;206m,[38;2;192;197;206m info[38;2;192;197;206m)[38;2;192;197;206m;[K
[0m[48;2;40;67;43m[39m+    123[0m:[39m[48;2;24;38;30m [K
[0m[48;2;40;67;43m[39m+    124[0m:[39m[48;2;24;38;30m [38;2;192;197;206m        [38;2;180;142;173mlet[38;2;192;197;206m [38;2;180;142;173mmut[38;2;192;197;206m internal_idx_offset [38;2;192;197;206m=[38;2;192;197;206m idx_offset[38;2;192;197;206m;[K
[0m[48;2;40;67;43m[39m+    125[0m:[39m[48;2;24;38;30m [38;2;192;197;206m        [38;2;180;142;173mlet[38;2;192;197;206m [38;2;180;142;173mmut[38;2;192;197;206m internal_idx [38;2;192;197;206m=[38;2;192;197;206m idx[38;2;192;197;206m;[K
[0m[48;2;40;67;43m[39m+    126[0m:[39m[48;2;24;38;30m [38;2;192;197;206m        [38;2;180;142;173mlet[38;2;192;197;206m [38;2;180;142;173mmut[38;2;192;197;206m internal_leaf [38;2;192;197;206m=[38;2;192;197;206m leaf_idx[38;2;192;197;206m;[K
[0m[48;2;40;67;43m[39m+    127[0m:[39m[48;2;24;38;30m [K
[0m[48;2;40;67;43m[39m+    128[0m:[39m[48;2;24;38;30m [38;2;192;197;206m        [38;2;180;142;173mfor[38;2;192;197;206m h [38;2;192;197;206min[38;2;192;197;206m [38;2;208;135;112m0[38;2;180;142;173mu32[38;2;192;197;206m..[38;2;192;197;206m [38;2;192;197;206m{[K
[0m[48;2;40;67;43m[39m+    129[0m:[39m[48;2;24;38;30m [38;2;192;197;206m            [38;2;180;142;173mif[38;2;192;197;206m h [38;2;192;197;206m=[38;2;192;197;206m=[38;2;192;197;206m tree_height [38;2;192;197;206m{[K
[0m[48;2;40;67;43m[39m+    130[0m:[39m[48;2;24;38;30m [38;2;192;197;206m                root[38;2;192;197;206m[[38;2;192;197;206m..[38;2;208;135;112mSPX_N[38;2;192;197;206m][38;2;192;197;206m.[38;2;150;181;180mcopy_from_slice[38;2;192;197;206m([38;2;192;197;206m&[38;2;192;197;206mcurrent[38;2;192;197;206m[[38;2;208;135;112mSPX_N[38;2;192;197;206m..[38;2;208;135;112mSPX_N[38;2;192;197;206m [38;2;192;197;206m*[38;2;192;197;206m [38;2;208;135;112m2[38;2;192;197;206m][38;2;192;197;206m)[38;2;192;197;206m;[K
[0m[48;2;40;67;43m[39m+    131[0m:[39m[48;2;24;38;30m [38;2;192;197;206m                [38;2;180;142;173mreturn[38;2;192;197;206m;[K
[0m[48;2;40;67;43m[39m+    132[0m:[39m[48;2;24;38;30m [38;2;192;197;206m            [38;2;192;197;206m}[K
[0m[48;2;40;67;43m[39m+    133[0m:[39m[48;2;24;38;30m [38;2;192;197;206m            [38;2;180;142;173mif[38;2;192;197;206m [38;2;192;197;206m([38;2;192;197;206minternal_idx [38;2;192;197;206m^[38;2;192;197;206m internal_leaf[38;2;192;197;206m)[38;2;192;197;206m [38;2;192;197;206m=[38;2;192;197;206m=[38;2;192;197;206m [38;2;208;135;112m0x01[38;2;192;197;206m [38;2;192;197;206m{[K
[0m[48;2;40;67;43m[39m+    134[0m:[39m[48;2;24;38;30m [38;2;192;197;206m                auth_path[38;2;192;197;206m[[38;2;192;197;206mh [38;2;192;197;206mas[38;2;192;197;206m [38;2;180;142;173musize[38;2;192;197;206m [38;2;192;197;206m*[38;2;192;197;206m [38;2;208;135;112mSPX_N[38;2;192;197;206m..[38;2;192;197;206m([38;2;192;197;206mh [38;2;192;197;206mas[38;2;192;197;206m [38;2;180;142;173musize[38;2;192;197;206m [38;2;192;197;206m+[38;2;192;197;206m [38;2;208;135;112m1[38;2;192;197;206m)[38;2;192;197;206m [38;2;192;197;206m*[38;2;192;197;206m [38;2;208;135;112mSPX_N[38;2;192;197;206m][K
[0m[48;2;40;67;43m[39m+    135[0m:[39m[48;2;24;38;30m [38;2;192;197;206m                    .[38;2;150;181;180mcopy_from_slice[38;2;192;197;206m([38;2;192;197;206m&[38;2;192;197;206mcurrent[38;2;192;197;206m[[38;2;208;135;112mSPX_N[38;2;192;197;206m..[38;2;208;135;112mSPX_N[38;2;192;197;206m [38;2;192;197;206m*[38;2;192;197;206m [38;2;208;135;112m2[38;2;192;197;206m][38;2;192;197;206m)[38;2;192;197;206m;[K
[0m[48;2;40;67;43m[39m+    136[0m:[39m[48;2;24;38;30m [38;2;192;197;206m            [38;2;192;197;206m}[K
[0m[48;2;40;67;43m[39m+    137[0m:[39m[48;2;24;38;30m [38;2;192;197;206m            [38;2;180;142;173mif[38;2;192;197;206m [38;2;192;197;206m([38;2;192;197;206minternal_idx [38;2;192;197;206m&[38;2;192;197;206m [38;2;208;135;112m1[38;2;192;197;206m)[38;2;192;197;206m [38;2;192;197;206m=[38;2;192;197;206m=[38;2;192;197;206m [38;2;208;135;112m0[38;2;192;197;206m [38;2;192;197;206m&[38;2;192;197;206m&[38;2;192;197;206m idx [38;2;192;197;206m<[38;2;192;197;206m max_idx [38;2;192;197;206m{[K
[0m[48;2;40;67;43m[39m+    138[0m:[39m[48;2;24;38;30m [38;2;192;197;206m                [38;2;180;142;173mbreak[38;2;192;197;206m;[K
[0m[48;2;40;67;43m[39m+    139[0m:[39m[48;2;24;38;30m [38;2;192;197;206m            [38;2;192;197;206m}[K
[0m[48;2;40;67;43m[39m+    140[0m:[39m[48;2;24;38;30m [38;2;192;197;206m            internal_idx_offset [38;2;192;197;206m>[38;2;192;197;206m>[38;2;192;197;206m=[38;2;192;197;206m [38;2;208;135;112m1[38;2;192;197;206m;[K
[0m[48;2;40;67;43m[39m+    141[0m:[39m[48;2;24;38;30m [38;2;192;197;206m            [38;2;150;181;180mset_tree_height[38;2;192;197;206m([38;2;192;197;206mtree_addr[38;2;192;197;206m,[38;2;192;197;206m h [38;2;192;197;206m+[38;2;192;197;206m [38;2;208;135;112m1[38;2;192;197;206m)[38;2;192;197;206m;[K
[0m[48;2;40;67;43m[39m+    142[0m:[39m[48;2;24;38;30m [38;2;192;197;206m            [38;2;150;181;180mset_tree_index[38;2;192;197;206m([38;2;192;197;206mtree_addr[38;2;192;197;206m,[38;2;192;197;206m internal_idx [38;2;192;197;206m/[38;2;192;197;206m [38;2;208;135;112m2[38;2;192;197;206m [38;2;192;197;206m+[38;2;192;197;206m internal_idx_offset[38;2;192;197;206m)[38;2;192;197;206m;[K
[0m[48;2;40;67;43m[39m+    143[0m:[39m[48;2;24;38;30m [K
[0m[48;2;40;67;43m[39m+    144[0m:[39m[48;2;24;38;30m [38;2;192;197;206m            [38;2;180;142;173mlet[38;2;192;197;206m left_start [38;2;192;197;206m=[38;2;192;197;206m h [38;2;192;197;206mas[38;2;192;197;206m [38;2;180;142;173musize[38;2;192;197;206m [38;2;192;197;206m*[38;2;192;197;206m [38;2;208;135;112mSPX_N[38;2;192;197;206m;[K
[0m[48;2;40;67;43m[39m+    145[0m:[39m[48;2;24;38;30m [38;2;192;197;206m            current[38;2;192;197;206m[[38;2;192;197;206m..[38;2;208;135;112mSPX_N[38;2;192;197;206m][38;2;192;197;206m.[38;2;150;181;180mcopy_from_slice[38;2;192;197;206m([38;2;192;197;206m&[38;2;192;197;206mstack[38;2;192;197;206m[[38;2;192;197;206mleft_start[38;2;192;197;206m..[38;2;192;197;206mleft_start [38;2;192;197;206m+[38;2;192;197;206m [38;2;208;135;112mSPX_N[38;2;192;197;206m][38;2;192;197;206m)[38;2;192;197;206m;[K
[0m[48;2;40;67;43m[39m+    146[0m:[39m[48;2;24;38;30m [38;2;192;197;206m            [38;2;150;181;180mthash[38;2;192;197;206m([38;2;192;197;206m&[38;2;180;142;173mmut[38;2;192;197;206m current[38;2;192;197;206m[[38;2;208;135;112mSPX_N[38;2;192;197;206m..[38;2;192;197;206m][38;2;192;197;206m,[38;2;192;197;206m [38;2;192;197;206m&[38;2;192;197;206mcurrent[38;2;192;197;206m[[38;2;192;197;206m..[38;2;208;135;112m2[38;2;192;197;206m [38;2;192;197;206m*[38;2;192;197;206m [38;2;208;135;112mSPX_N[38;2;192;197;206m][38;2;192;197;206m,[38;2;192;197;206m [38;2;208;135;112m2[38;2;192;197;206m,[38;2;192;197;206m ctx[38;2;192;197;206m,[38;2;192;197;206m tree_addr[38;2;192;197;206m)[38;2;192;197;206m;[K
[0m[48;2;40;67;43m[39m+    147[0m:[39m[48;2;24;38;30m [K
[0m[48;2;40;67;43m[39m+    148[0m:[39m[48;2;24;38;30m [38;2;192;197;206m            internal_idx [38;2;192;197;206m>[38;2;192;197;206m>[38;2;192;197;206m=[38;2;192;197;206m [38;2;208;135;112m1[38;2;192;197;206m;[K
[0m[48;2;40;67;43m[39m+    149[0m:[39m[48;2;24;38;30m [38;2;192;197;206m            internal_leaf [38;2;192;197;206m>[38;2;192;197;206m>[38;2;192;197;206m=[38;2;192;197;206m [38;2;208;135;112m1[38;2;192;197;206m;[K
[0m[48;2;40;67;43m[39m+    150[0m:[39m[48;2;24;38;30m [38;2;192;197;206m        [38;2;192;197;206m}[K
[0m[48;2;40;67;43m[39m+    151[0m:[39m[48;2;24;38;30m [K
[0m[48;2;40;67;43m[39m+    152[0m:[39m[48;2;24;38;30m [38;2;192;197;206m        [38;2;180;142;173mlet[38;2;192;197;206m h_val [38;2;192;197;206m=[38;2;192;197;206m [38;2;192;197;206m{[K
[0m[48;2;40;67;43m[39m+    153[0m:[39m[48;2;24;38;30m [38;2;192;197;206m            [38;2;101;115;126m//[38;2;101;115;126m find h where we broke out[K
[0m[48;2;40;67;43m[39m+    154[0m:[39m[48;2;24;38;30m [38;2;192;197;206m            [38;2;180;142;173mlet[38;2;192;197;206m [38;2;180;142;173mmut[38;2;192;197;206m h [38;2;192;197;206m=[38;2;192;197;206m [38;2;208;135;112m0[38;2;180;142;173mu32[38;2;192;197;206m;[K
[0m[48;2;40;67;43m[39m+    155[0m:[39m[48;2;24;38;30m [38;2;192;197;206m            [38;2;180;142;173mlet[38;2;192;197;206m [38;2;180;142;173mmut[38;2;192;197;206m ii [38;2;192;197;206m=[38;2;192;197;206m idx[38;2;192;197;206m;[K
[0m[48;2;40;67;43m[39m+    156[0m:[39m[48;2;24;38;30m [38;2;192;197;206m            [38;2;180;142;173mlet[38;2;192;197;206m [38;2;180;142;173mmut[38;2;192;197;206m il [38;2;192;197;206m=[38;2;192;197;206m leaf_idx[38;2;192;197;206m;[K
[0m[48;2;40;67;43m[39m+    157[0m:[39m[48;2;24;38;30m [38;2;192;197;206m            [38;2;180;142;173mloop[38;2;192;197;206m [38;2;192;197;206m{[K
[0m[48;2;40;67;43m[39m+    158[0m:[39m[48;2;24;38;30m [38;2;192;197;206m                [38;2;180;142;173mif[38;2;192;197;206m h [38;2;192;197;206m=[38;2;192;197;206m=[38;2;192;197;206m tree_height [38;2;192;197;206m{[38;2;192;197;206m [38;2;180;142;173mbreak[38;2;192;197;206m;[38;2;192;197;206m [38;2;192;197;206m}[K
[0m[48;2;40;67;43m[39m+    159[0m:[39m[48;2;24;38;30m [38;2;192;197;206m                [38;2;180;142;173mif[38;2;192;197;206m [38;2;192;197;206m([38;2;192;197;206mii [38;2;192;197;206m^[38;2;192;197;206m il[38;2;192;197;206m)[38;2;192;197;206m [38;2;192;197;206m=[38;2;192;197;206m=[38;2;192;197;206m [38;2;208;135;112m0x01[38;2;192;197;206m [38;2;192;197;206m{[38;2;192;197;206m [38;2;192;197;206m}[K
[0m[48;2;40;67;43m[39m+    160[0m:[39m[48;2;24;38;30m [38;2;192;197;206m                [38;2;180;142;173mif[38;2;192;197;206m [38;2;192;197;206m([38;2;192;197;206mii [38;2;192;197;206m&[38;2;192;197;206m [38;2;208;135;112m1[38;2;192;197;206m)[38;2;192;197;206m [38;2;192;197;206m=[38;2;192;197;206m=[38;2;192;197;206m [38;2;208;135;112m0[38;2;192;197;206m [38;2;192;197;206m&[38;2;192;197;206m&[38;2;192;197;206m idx [38;2;192;197;206m<[38;2;192;197;206m max_idx [38;2;192;197;206m{[38;2;192;197;206m [38;2;180;142;173mbreak[38;2;192;197;206m;[38;2;192;197;206m [38;2;192;197;206m}[K
[0m[48;2;40;67;43m[39m+    161[0m:[39m[48;2;24;38;30m [38;2;192;197;206m                ii [38;2;192;197;206m>[38;2;192;197;206m>[38;2;192;197;206m=[38;2;192;197;206m [38;2;208;135;112m1[38;2;192;197;206m;[38;2;192;197;206m il [38;2;192;197;206m>[38;2;192;197;206m>[38;2;192;197;206m=[38;2;192;197;206m [38;2;208;135;112m1[38;2;192;197;206m;[38;2;192;197;206m h [38;2;192;197;206m+[38;2;192;197;206m=[38;2;192;197;206m [38;2;208;135;112m1[38;2;192;197;206m;[K
[0m[48;2;40;67;43m[39m+    162[0m:[39m[48;2;24;38;30m [38;2;192;197;206m            [38;2;192;197;206m}[K
[0m[48;2;40;67;43m[39m+    163[0m:[39m[48;2;24;38;30m [38;2;192;197;206m            h[K
[0m[48;2;40;67;43m[39m+    164[0m:[39m[48;2;24;38;30m [38;2;192;197;206m        [38;2;192;197;206m}[38;2;192;197;206m;[K
[0m[48;2;40;67;43m[39m+    165[0m:[39m[48;2;24;38;30m [38;2;192;197;206m        stack[38;2;192;197;206m[[38;2;192;197;206mh_val [38;2;192;197;206mas[38;2;192;197;206m [38;2;180;142;173musize[38;2;192;197;206m [38;2;192;197;206m*[38;2;192;197;206m [38;2;208;135;112mSPX_N[38;2;192;197;206m..[38;2;192;197;206m([38;2;192;197;206mh_val [38;2;192;197;206mas[38;2;192;197;206m [38;2;180;142;173musize[38;2;192;197;206m [38;2;192;197;206m+[38;2;192;197;206m [38;2;208;135;112m1[38;2;192;197;206m)[38;2;192;197;206m [38;2;192;197;206m*[38;2;192;197;206m [38;2;208;135;112mSPX_N[38;2;192;197;206m][K
[0m[48;2;40;67;43m[39m+    166[0m:[39m[48;2;24;38;30m [38;2;192;197;206m            .[38;2;150;181;180mcopy_from_slice[38;2;192;197;206m([38;2;192;197;206m&[38;2;192;197;206mcurrent[38;2;192;197;206m[[38;2;208;135;112mSPX_N[38;2;192;197;206m..[38;2;208;135;112mSPX_N[38;2;192;197;206m [38;2;192;197;206m*[38;2;192;197;206m [38;2;208;135;112m2[38;2;192;197;206m][38;2;192;197;206m)[38;2;192;197;206m;[K
[0m[48;2;40;67;43m[39m+    167[0m:[39m[48;2;24;38;30m [38;2;192;197;206m    [38;2;192;197;206m}[K
[0m[48;2;40;67;43m[39m+    168[0m:[39m[48;2;24;38;30m [38;2;192;197;206m}[K
[0m[K
Creating: [38;5;141m/local/home/scheschb/reserach/TRACTOR/harvest-agentic/results/P01_sphincs_plus/010_sphincs_PQCgenKAT_sign_blake_192f_robust/translated_rust/src/fors.rs[0m
[38;5;244m - Completed in 0.42s[0m
[38;5;12m[1m [1.13][0m[0m
[?25l[0m[38;5;141m> [0mThe fors_treehashx1 implementation above has a bug - the h tracking is wrong. Let me rewrite the treehash functions properly in a separate utilsx1 module, and also create the remaining modules. Let me take a step back and write all remaining files more carefully using a single-file approach to avoid the complexity of tracking state across the loop:[0m[0m
[?25l[0m[0mI'll create the following file: [38;5;141m/local/home/scheschb/reserach/TRACTOR/harvest-agentic/results/P01_sphincs_plus/010_sphincs_PQCgenKAT_sign_blake_192f_robust/translated_rust/src/compute_root.rs[0m[38;5;244m (using tool: write)[0m

[48;2;40;67;43m[39m+     1[0m:[39m[48;2;24;38;30m [38;2;180;142;173muse[38;2;192;197;206m [38;2;180;142;173mcrate[38;2;192;197;206m::[38;2;192;197;206mparams[38;2;192;197;206m::[38;2;192;197;206m*[38;2;192;197;206m;[K
[0m[48;2;40;67;43m[39m+     2[0m:[39m[48;2;24;38;30m [38;2;180;142;173muse[38;2;192;197;206m [38;2;180;142;173mcrate[38;2;192;197;206m::[38;2;192;197;206mcontext[38;2;192;197;206m::[38;2;192;197;206mSpxCtx[38;2;192;197;206m;[K
[0m[48;2;40;67;43m[39m+     3[0m:[39m[48;2;24;38;30m [38;2;180;142;173muse[38;2;192;197;206m [38;2;180;142;173mcrate[38;2;192;197;206m::[38;2;192;197;206maddress[38;2;192;197;206m::[38;2;192;197;206m*[38;2;192;197;206m;[K
[0m[48;2;40;67;43m[39m+     4[0m:[39m[48;2;24;38;30m [38;2;180;142;173muse[38;2;192;197;206m [38;2;180;142;173mcrate[38;2;192;197;206m::[38;2;192;197;206mthash[38;2;192;197;206m::[38;2;192;197;206mthash[38;2;192;197;206m;[K
[0m[48;2;40;67;43m[39m+     5[0m:[39m[48;2;24;38;30m [K
[0m[48;2;40;67;43m[39m+     6[0m:[39m[48;2;24;38;30m [38;2;180;142;173mpub[38;2;192;197;206m [38;2;180;142;173mfn[38;2;192;197;206m [38;2;143;161;179mcompute_root[38;2;192;197;206m([38;2;191;97;106mroot[38;2;192;197;206m:[38;2;192;197;206m [38;2;192;197;206m&[38;2;180;142;173mmut[38;2;192;197;206m [[38;2;180;142;173mu8[38;2;192;197;206m], [38;2;191;97;106mleaf[38;2;192;197;206m:[38;2;192;197;206m [38;2;192;197;206m&[38;2;192;197;206m[[38;2;180;142;173mu8[38;2;192;197;206m], [38;2;180;142;173mmut[38;2;192;197;206m [38;2;191;97;106mleaf_idx[38;2;192;197;206m:[38;2;192;197;206m [38;2;180;142;173mu32[38;2;192;197;206m, [38;2;180;142;173mmut[38;2;192;197;206m [38;2;191;97;106midx_offset[38;2;192;197;206m:[38;2;192;197;206m [38;2;180;142;173mu32[38;2;192;197;206m,[K
[0m[48;2;40;67;43m[39m+     7[0m:[39m[48;2;24;38;30m [38;2;192;197;206m                    [38;2;191;97;106mauth_path[38;2;192;197;206m:[38;2;192;197;206m [38;2;192;197;206m&[38;2;192;197;206m[[38;2;180;142;173mu8[38;2;192;197;206m], [38;2;191;97;106mtree_height[38;2;192;197;206m:[38;2;192;197;206m [38;2;180;142;173mu32[38;2;192;197;206m, [38;2;191;97;106mctx[38;2;192;197;206m:[38;2;192;197;206m [38;2;192;197;206m&[38;2;192;197;206mSpxCtx, [38;2;191;97;106maddr[38;2;192;197;206m:[38;2;192;197;206m [38;2;192;197;206m&[38;2;180;142;173mmut[38;2;192;197;206m Addr[38;2;192;197;206m)[38;2;192;197;206m [38;2;192;197;206m{[K
[0m[48;2;40;67;43m[39m+     8[0m:[39m[48;2;24;38;30m [38;2;192;197;206m    [38;2;180;142;173mlet[38;2;192;197;206m [38;2;180;142;173mmut[38;2;192;197;206m buffer [38;2;192;197;206m=[38;2;192;197;206m [38;2;192;197;206m[[38;2;208;135;112m0[38;2;180;142;173mu8[38;2;192;197;206m;[38;2;192;197;206m [38;2;208;135;112m2[38;2;192;197;206m [38;2;192;197;206m*[38;2;192;197;206m [38;2;208;135;112mSPX_N[38;2;192;197;206m][38;2;192;197;206m;[K
[0m[48;2;40;67;43m[39m+     9[0m:[39m[48;2;24;38;30m [38;2;192;197;206m    [38;2;180;142;173mlet[38;2;192;197;206m [38;2;180;142;173mmut[38;2;192;197;206m ap_off [38;2;192;197;206m=[38;2;192;197;206m [38;2;208;135;112m0[38;2;180;142;173musize[38;2;192;197;206m;[K
[0m[48;2;40;67;43m[39m+    10[0m:[39m[48;2;24;38;30m [K
[0m[48;2;40;67;43m[39m+    11[0m:[39m[48;2;24;38;30m [38;2;192;197;206m    [38;2;180;142;173mif[38;2;192;197;206m leaf_idx [38;2;192;197;206m&[38;2;192;197;206m [38;2;208;135;112m1[38;2;192;197;206m [38;2;192;197;206m![38;2;192;197;206m=[38;2;192;197;206m [38;2;208;135;112m0[38;2;192;197;206m [38;2;192;197;206m{[K
[0m[48;2;40;67;43m[39m+    12[0m:[39m[48;2;24;38;30m [38;2;192;197;206m        buffer[38;2;192;197;206m[[38;2;208;135;112mSPX_N[38;2;192;197;206m..[38;2;208;135;112m2[38;2;192;197;206m [38;2;192;197;206m*[38;2;192;197;206m [38;2;208;135;112mSPX_N[38;2;192;197;206m][38;2;192;197;206m.[38;2;150;181;180mcopy_from_slice[38;2;192;197;206m([38;2;192;197;206m&[38;2;192;197;206mleaf[38;2;192;197;206m[[38;2;192;197;206m..[38;2;208;135;112mSPX_N[38;2;192;197;206m][38;2;192;197;206m)[38;2;192;197;206m;[K
[0m[48;2;40;67;43m[39m+    13[0m:[39m[48;2;24;38;30m [38;2;192;197;206m        buffer[38;2;192;197;206m[[38;2;192;197;206m..[38;2;208;135;112mSPX_N[38;2;192;197;206m][38;2;192;197;206m.[38;2;150;181;180mcopy_from_slice[38;2;192;197;206m([38;2;192;197;206m&[38;2;192;197;206mauth_path[38;2;192;197;206m[[38;2;192;197;206map_off[38;2;192;197;206m..[38;2;192;197;206map_off [38;2;192;197;206m+[38;2;192;197;206m [38;2;208;135;112mSPX_N[38;2;192;197;206m][38;2;192;197;206m)[38;2;192;197;206m;[K
[0m[48;2;40;67;43m[39m+    14[0m:[39m[48;2;24;38;30m [38;2;192;197;206m    [38;2;192;197;206m}[38;2;192;197;206m [38;2;180;142;173melse[38;2;192;197;206m [38;2;192;197;206m{[K
[0m[48;2;40;67;43m[39m+    15[0m:[39m[48;2;24;38;30m [38;2;192;197;206m        buffer[38;2;192;197;206m[[38;2;192;197;206m..[38;2;208;135;112mSPX_N[38;2;192;197;206m][38;2;192;197;206m.[38;2;150;181;180mcopy_from_slice[38;2;192;197;206m([38;2;192;197;206m&[38;2;192;197;206mleaf[38;2;192;197;206m[[38;2;192;197;206m..[38;2;208;135;112mSPX_N[38;2;192;197;206m][38;2;192;197;206m)[38;2;192;197;206m;[K
[0m[48;2;40;67;43m[39m+    16[0m:[39m[48;2;24;38;30m [38;2;192;197;206m        buffer[38;2;192;197;206m[[38;2;208;135;112mSPX_N[38;2;192;197;206m..[38;2;208;135;112m2[38;2;192;197;206m [38;2;192;197;206m*[38;2;192;197;206m [38;2;208;135;112mSPX_N[38;2;192;197;206m][38;2;192;197;206m.[38;2;150;181;180mcopy_from_slice[38;2;192;197;206m([38;2;192;197;206m&[38;2;192;197;206mauth_path[38;2;192;197;206m[[38;2;192;197;206map_off[38;2;192;197;206m..[38;2;192;197;206map_off [38;2;192;197;206m+[38;2;192;197;206m [38;2;208;135;112mSPX_N[38;2;192;197;206m][38;2;192;197;206m)[38;2;192;197;206m;[K
[0m[48;2;40;67;43m[39m+    17[0m:[39m[48;2;24;38;30m [38;2;192;197;206m    [38;2;192;197;206m}[K
[0m[48;2;40;67;43m[39m+    18[0m:[39m[48;2;24;38;30m [38;2;192;197;206m    ap_off [38;2;192;197;206m+[38;2;192;197;206m=[38;2;192;197;206m [38;2;208;135;112mSPX_N[38;2;192;197;206m;[K
[0m[48;2;40;67;43m[39m+    19[0m:[39m[48;2;24;38;30m [K
[0m[48;2;40;67;43m[39m+    20[0m:[39m[48;2;24;38;30m [38;2;192;197;206m    [38;2;180;142;173mfor[38;2;192;197;206m i [38;2;192;197;206min[38;2;192;197;206m [38;2;208;135;112m0[38;2;192;197;206m..[38;2;192;197;206mtree_height [38;2;192;197;206m-[38;2;192;197;206m [38;2;208;135;112m1[38;2;192;197;206m [38;2;192;197;206m{[K
[0m[48;2;40;67;43m[39m+    21[0m:[39m[48;2;24;38;30m [38;2;192;197;206m        leaf_idx [38;2;192;197;206m>[38;2;192;197;206m>[38;2;192;197;206m=[38;2;192;197;206m [38;2;208;135;112m1[38;2;192;197;206m;[K
[0m[48;2;40;67;43m[39m+    22[0m:[39m[48;2;24;38;30m [38;2;192;197;206m        idx_offset [38;2;192;197;206m>[38;2;192;197;206m>[38;2;192;197;206m=[38;2;192;197;206m [38;2;208;135;112m1[38;2;192;197;206m;[K
[0m[48;2;40;67;43m[39m+    23[0m:[39m[48;2;24;38;30m [38;2;192;197;206m        [38;2;150;181;180mset_tree_height[38;2;192;197;206m([38;2;192;197;206maddr[38;2;192;197;206m,[38;2;192;197;206m i [38;2;192;197;206m+[38;2;192;197;206m [38;2;208;135;112m1[38;2;192;197;206m)[38;2;192;197;206m;[K
[0m[48;2;40;67;43m[39m+    24[0m:[39m[48;2;24;38;30m [38;2;192;197;206m        [38;2;150;181;180mset_tree_index[38;2;192;197;206m([38;2;192;197;206maddr[38;2;192;197;206m,[38;2;192;197;206m leaf_idx [38;2;192;197;206m+[38;2;192;197;206m idx_offset[38;2;192;197;206m)[38;2;192;197;206m;[K
[0m[48;2;40;67;43m[39m+    25[0m:[39m[48;2;24;38;30m [K
[0m[48;2;40;67;43m[39m+    26[0m:[39m[48;2;24;38;30m [38;2;192;197;206m        [38;2;180;142;173mif[38;2;192;197;206m leaf_idx [38;2;192;197;206m&[38;2;192;197;206m [38;2;208;135;112m1[38;2;192;197;206m [38;2;192;197;206m![38;2;192;197;206m=[38;2;192;197;206m [38;2;208;135;112m0[38;2;192;197;206m [38;2;192;197;206m{[K
[0m[48;2;40;67;43m[39m+    27[0m:[39m[48;2;24;38;30m [38;2;192;197;206m            [38;2;150;181;180mthash[38;2;192;197;206m([38;2;192;197;206m&[38;2;180;142;173mmut[38;2;192;197;206m buffer[38;2;192;197;206m[[38;2;208;135;112mSPX_N[38;2;192;197;206m..[38;2;192;197;206m][38;2;192;197;206m,[38;2;192;197;206m [38;2;192;197;206m&[38;2;192;197;206mbuffer[38;2;192;197;206m,[38;2;192;197;206m [38;2;208;135;112m2[38;2;192;197;206m,[38;2;192;197;206m ctx[38;2;192;197;206m,[38;2;192;197;206m addr[38;2;192;197;206m)[38;2;192;197;206m;[K
[0m[48;2;40;67;43m[39m+    28[0m:[39m[48;2;24;38;30m [38;2;192;197;206m            buffer[38;2;192;197;206m[[38;2;192;197;206m..[38;2;208;135;112mSPX_N[38;2;192;197;206m][38;2;192;197;206m.[38;2;150;181;180mcopy_from_slice[38;2;192;197;206m([38;2;192;197;206m&[38;2;192;197;206mauth_path[38;2;192;197;206m[[38;2;192;197;206map_off[38;2;192;197;206m..[38;2;192;197;206map_off [38;2;192;197;206m+[38;2;192;197;206m [38;2;208;135;112mSPX_N[38;2;192;197;206m][38;2;192;197;206m)[38;2;192;197;206m;[K
[0m[48;2;40;67;43m[39m+    29[0m:[39m[48;2;24;38;30m [38;2;192;197;206m        [38;2;192;197;206m}[38;2;192;197;206m [38;2;180;142;173melse[38;2;192;197;206m [38;2;192;197;206m{[K
[0m[48;2;40;67;43m[39m+    30[0m:[39m[48;2;24;38;30m [38;2;192;197;206m            [38;2;150;181;180mthash[38;2;192;197;206m([38;2;192;197;206m&[38;2;180;142;173mmut[38;2;192;197;206m buffer[38;2;192;197;206m[[38;2;192;197;206m..[38;2;208;135;112mSPX_N[38;2;192;197;206m][38;2;192;197;206m,[38;2;192;197;206m [38;2;192;197;206m&[38;2;192;197;206mbuffer[38;2;192;197;206m,[38;2;192;197;206m [38;2;208;135;112m2[38;2;192;197;206m,[38;2;192;197;206m ctx[38;2;192;197;206m,[38;2;192;197;206m addr[38;2;192;197;206m)[38;2;192;197;206m;[K
[0m[48;2;40;67;43m[39m+    31[0m:[39m[48;2;24;38;30m [38;2;192;197;206m            buffer[38;2;192;197;206m[[38;2;208;135;112mSPX_N[38;2;192;197;206m..[38;2;208;135;112m2[38;2;192;197;206m [38;2;192;197;206m*[38;2;192;197;206m [38;2;208;135;112mSPX_N[38;2;192;197;206m][38;2;192;197;206m.[38;2;150;181;180mcopy_from_slice[38;2;192;197;206m([38;2;192;197;206m&[38;2;192;197;206mauth_path[38;2;192;197;206m[[38;2;192;197;206map_off[38;2;192;197;206m..[38;2;192;197;206map_off [38;2;192;197;206m+[38;2;192;197;206m [38;2;208;135;112mSPX_N[38;2;192;197;206m][38;2;192;197;206m)[38;2;192;197;206m;[K
[0m[48;2;40;67;43m[39m+    32[0m:[39m[48;2;24;38;30m [38;2;192;197;206m        [38;2;192;197;206m}[K
[0m[48;2;40;67;43m[39m+    33[0m:[39m[48;2;24;38;30m [38;2;192;197;206m        ap_off [38;2;192;197;206m+[38;2;192;197;206m=[38;2;192;197;206m [38;2;208;135;112mSPX_N[38;2;192;197;206m;[K
[0m[48;2;40;67;43m[39m+    34[0m:[39m[48;2;24;38;30m [38;2;192;197;206m    [38;2;192;197;206m}[K
[0m[48;2;40;67;43m[39m+    35[0m:[39m[48;2;24;38;30m [K
[0m[48;2;40;67;43m[39m+    36[0m:[39m[48;2;24;38;30m [38;2;192;197;206m    leaf_idx [38;2;192;197;206m>[38;2;192;197;206m>[38;2;192;197;206m=[38;2;192;197;206m [38;2;208;135;112m1[38;2;192;197;206m;[K
[0m[48;2;40;67;43m[39m+    37[0m:[39m[48;2;24;38;30m [38;2;192;197;206m    idx_offset [38;2;192;197;206m>[38;2;192;197;206m>[38;2;192;197;206m=[38;2;192;197;206m [38;2;208;135;112m1[38;2;192;197;206m;[K
[0m[48;2;40;67;43m[39m+    38[0m:[39m[48;2;24;38;30m [38;2;192;197;206m    [38;2;150;181;180mset_tree_height[38;2;192;197;206m([38;2;192;197;206maddr[38;2;192;197;206m,[38;2;192;197;206m tree_height[38;2;192;197;206m)[38;2;192;197;206m;[K
[0m[48;2;40;67;43m[39m+    39[0m:[39m[48;2;24;38;30m [38;2;192;197;206m    [38;2;150;181;180mset_tree_index[38;2;192;197;206m([38;2;192;197;206maddr[38;2;192;197;206m,[38;2;192;197;206m leaf_idx [38;2;192;197;206m+[38;2;192;197;206m idx_offset[38;2;192;197;206m)[38;2;192;197;206m;[K
[0m[48;2;40;67;43m[39m+    40[0m:[39m[48;2;24;38;30m [38;2;192;197;206m    [38;2;150;181;180mthash[38;2;192;197;206m([38;2;192;197;206mroot[38;2;192;197;206m,[38;2;192;197;206m [38;2;192;197;206m&[38;2;192;197;206mbuffer[38;2;192;197;206m,[38;2;192;197;206m [38;2;208;135;112m2[38;2;192;197;206m,[38;2;192;197;206m ctx[38;2;192;197;206m,[38;2;192;197;206m addr[38;2;192;197;206m)[38;2;192;197;206m;[K
[0m[48;2;40;67;43m[39m+    41[0m:[39m[48;2;24;38;30m [38;2;192;197;206m}[K
[0m[K
Creating: [38;5;141m/local/home/scheschb/reserach/TRACTOR/harvest-agentic/results/P01_sphincs_plus/010_sphincs_PQCgenKAT_sign_blake_192f_robust/translated_rust/src/compute_root.rs[0m
[38;5;244m - Completed in 0.39s[0m
[38;5;12m[1m [1.14][0m[0m
[?25l[0m[38;5;141m> [0mNow let me rewrite fors.rs with a correct treehash, and create utilsx1.rs, merkle.rs, rng.rs, sign.rs, and main.rs. Let me rewrite fors.rs first:[0m[0m
[?25l[0m[0mI'll create the following file: [38;5;141msrc/fors.rs[0m[38;5;244m (using tool: write)[0m

[48;2;43;48;59m[39m    1,  1[0m:[39m[48;2;43;48;59m [38;2;180;142;173muse[38;2;192;197;206m [38;2;180;142;173mcrate[38;2;192;197;206m::[38;2;192;197;206mparams[38;2;192;197;206m::[38;2;192;197;206m*[38;2;192;197;206m;[K
[0m[48;2;43;48;59m[39m    2,  2[0m:[39m[48;2;43;48;59m [38;2;180;142;173muse[38;2;192;197;206m [38;2;180;142;173mcrate[38;2;192;197;206m::[38;2;192;197;206mcontext[38;2;192;197;206m::[38;2;192;197;206mSpxCtx[38;2;192;197;206m;[K
[0m[48;2;43;48;59m[39m    3,  3[0m:[39m[48;2;43;48;59m [38;2;180;142;173muse[38;2;192;197;206m [38;2;180;142;173mcrate[38;2;192;197;206m::[38;2;192;197;206maddress[38;2;192;197;206m::[38;2;192;197;206m*[38;2;192;197;206m;[K
[0m[48;2;43;48;59m[39m    4,  4[0m:[39m[48;2;43;48;59m [38;2;180;142;173muse[38;2;192;197;206m [38;2;180;142;173mcrate[38;2;192;197;206m::[38;2;192;197;206mhash[38;2;192;197;206m::[38;2;192;197;206mprf_addr[38;2;192;197;206m;[K
[0m[48;2;43;48;59m[39m    5,  5[0m:[39m[48;2;43;48;59m [38;2;180;142;173muse[38;2;192;197;206m [38;2;180;142;173mcrate[38;2;192;197;206m::[38;2;192;197;206mthash[38;2;192;197;206m::[38;2;192;197;206mthash[38;2;192;197;206m;[K
[0m[48;2;79;40;40m[39m-   6    [0m:[39m[48;2;36;25;28m [38;2;180;142;173muse[38;2;192;197;206m [38;2;180;142;173mcrate[38;2;192;197;206m::[38;2;192;197;206mwotsx1[38;2;192;197;206m::[38;2;192;197;206m{[38;2;192;197;206mLeafInfoX1[38;2;192;197;206m,[38;2;192;197;206m wots_gen_leafx1[38;2;192;197;206m}[38;2;192;197;206m;[K
[0m[48;2;43;48;59m[39m    7,  6[0m:[39m[48;2;43;48;59m [K
[0m[48;2;43;48;59m[39m    8,  7[0m:[39m[48;2;43;48;59m [38;2;180;142;173mpub[38;2;192;197;206m [38;2;180;142;173mstruct[38;2;192;197;206m [38;2;192;197;206mForsGenLeafInfo[38;2;192;197;206m [38;2;192;197;206m{[K
[0m[48;2;43;48;59m[39m    9,  8[0m:[39m[48;2;43;48;59m [38;2;192;197;206m    [38;2;180;142;173mpub[38;2;192;197;206m [38;2;191;97;106mleaf_addrx[38;2;192;197;206m:[38;2;192;197;206m Addr,[K
[0m[48;2;43;48;59m[39m   10,  9[0m:[39m[48;2;43;48;59m [38;2;192;197;206m}[K
[0m[48;2;79;40;40m[39m-  11    [0m:[39m[48;2;36;25;28m [K
[0m[48;2;43;48;59m[39m   12, 10[0m:[39m[48;2;43;48;59m [38;2;180;142;173mimpl[38;2;192;197;206m [38;2;192;197;206mDefault [38;2;180;142;173mfor[38;2;192;197;206m [38;2;192;197;206mForsGenLeafInfo[38;2;192;197;206m [38;2;192;197;206m{[K
[0m[48;2;43;48;59m[39m   13, 11[0m:[39m[48;2;43;48;59m [38;2;192;197;206m    [38;2;180;142;173mfn[38;2;192;197;206m [38;2;143;161;179mdefault[38;2;192;197;206m([38;2;192;197;206m)[38;2;192;197;206m [38;2;192;197;206m->[38;2;192;197;206m [38;2;180;142;173mSelf[38;2;192;197;206m [38;2;192;197;206m{[38;2;192;197;206m [38;2;180;142;173mSelf[38;2;192;197;206m [38;2;192;197;206m{[38;2;192;197;206m leaf_addrx[38;2;192;197;206m:[38;2;192;197;206m [38;2;192;197;206m[[38;2;208;135;112m0[38;2;192;197;206m;[38;2;192;197;206m [38;2;208;135;112m8[38;2;192;197;206m][38;2;192;197;206m [38;2;192;197;206m}[38;2;192;197;206m [38;2;192;197;206m}[K
[0m[48;2;43;48;59m[39m   14, 12[0m:[39m[48;2;43;48;59m [38;2;192;197;206m}[K
[0m[48;2;43;48;59m[39m   15, 13[0m:[39m[48;2;43;48;59m [K
[0m[48;2;43;48;59m[39m   16, 14[0m:[39m[48;2;43;48;59m [38;2;180;142;173mpub[38;2;192;197;206m [38;2;180;142;173mfn[38;2;192;197;206m [38;2;143;161;179mfors_gen_leafx1[38;2;192;197;206m([38;2;191;97;106mleaf[38;2;192;197;206m:[38;2;192;197;206m [38;2;192;197;206m&[38;2;180;142;173mmut[38;2;192;197;206m [[38;2;180;142;173mu8[38;2;192;197;206m], [38;2;191;97;106mctx[38;2;192;197;206m:[38;2;192;197;206m [38;2;192;197;206m&[38;2;192;197;206mSpxCtx, [38;2;191;97;106maddr_idx[38;2;192;197;206m:[38;2;192;197;206m [38;2;180;142;173mu32[38;2;192;197;206m, [38;2;191;97;106minfo[38;2;192;197;206m:[38;2;192;197;206m [38;2;192;197;206m&[38;2;180;142;173mmut[38;2;192;197;206m ForsGenLeafInfo[38;2;192;197;206m)[38;2;192;197;206m [38;2;192;197;206m{[K
[0m[48;2;43;48;59m[39m   17, 15[0m:[39m[48;2;43;48;59m [38;2;192;197;206m    [38;2;150;181;180mset_tree_index[38;2;192;197;206m([38;2;192;197;206m&[38;2;180;142;173mmut[38;2;192;197;206m info.leaf_addrx[38;2;192;197;206m,[38;2;192;197;206m addr_idx[38;2;192;197;206m)[38;2;192;197;206m;[K
[0m[48;2;43;48;59m[39m   18, 16[0m:[39m[48;2;43;48;59m [38;2;192;197;206m    [38;2;150;181;180mset_type[38;2;192;197;206m([38;2;192;197;206m&[38;2;180;142;173mmut[38;2;192;197;206m info.leaf_addrx[38;2;192;197;206m,[38;2;192;197;206m [38;2;208;135;112mSPX_ADDR_TYPE_FORSPRF[38;2;192;197;206m)[38;2;192;197;206m;[K
[0m[48;2;43;48;59m[39m   19, 17[0m:[39m[48;2;43;48;59m [38;2;192;197;206m    [38;2;150;181;180mprf_addr[38;2;192;197;206m([38;2;192;197;206mleaf[38;2;192;197;206m,[38;2;192;197;206m ctx[38;2;192;197;206m,[38;2;192;197;206m [38;2;192;197;206m&[38;2;192;197;206minfo.leaf_addrx[38;2;192;197;206m)[38;2;192;197;206m;[K
[0m[48;2;43;48;59m[39m   20, 18[0m:[39m[48;2;43;48;59m [38;2;192;197;206m    [38;2;150;181;180mset_type[38;2;192;197;206m([38;2;192;197;206m&[38;2;180;142;173mmut[38;2;192;197;206m info.leaf_addrx[38;2;192;197;206m,[38;2;192;197;206m [38;2;208;135;112mSPX_ADDR_TYPE_FORSTREE[38;2;192;197;206m)[38;2;192;197;206m;[K
[0m[48;2;79;40;40m[39m-  21    [0m:[39m[48;2;36;25;28m [38;2;192;197;206m    [38;2;180;142;173mlet[38;2;192;197;206m [38;2;180;142;173mmut[38;2;192;197;206m tmp [38;2;192;197;206m=[38;2;192;197;206m [38;2;192;197;206m[[38;2;208;135;112m0[38;2;180;142;173mu8[38;2;192;197;206m;[38;2;192;197;206m [38;2;208;135;112mSPX_N[38;2;192;197;206m][38;2;192;197;206m;[K
[0m[48;2;79;40;40m[39m-  22    [0m:[39m[48;2;36;25;28m [38;2;192;197;206m    tmp.[38;2;150;181;180mcopy_from_slice[38;2;192;197;206m([38;2;192;197;206m&[38;2;192;197;206mleaf[38;2;192;197;206m[[38;2;192;197;206m..[38;2;208;135;112mSPX_N[38;2;192;197;206m][38;2;192;197;206m)[38;2;192;197;206m;[K
[0m[48;2;40;67;43m[39m+      19[0m:[39m[48;2;24;38;30m [38;2;192;197;206m    [38;2;180;142;173mlet[38;2;192;197;206m tmp[38;2;192;197;206m:[38;2;192;197;206m [38;2;192;197;206mVec[38;2;192;197;206m<[38;2;180;142;173mu8[38;2;192;197;206m>[38;2;192;197;206m [38;2;192;197;206m=[38;2;192;197;206m leaf[38;2;192;197;206m[[38;2;192;197;206m..[38;2;208;135;112mSPX_N[38;2;192;197;206m][38;2;192;197;206m.[38;2;150;181;180mto_vec[38;2;192;197;206m([38;2;192;197;206m)[38;2;192;197;206m;[K
[0m[48;2;43;48;59m[39m   23, 20[0m:[39m[48;2;43;48;59m [38;2;192;197;206m    [38;2;150;181;180mthash[38;2;192;197;206m([38;2;192;197;206mleaf[38;2;192;197;206m,[38;2;192;197;206m [38;2;192;197;206m&[38;2;192;197;206mtmp[38;2;192;197;206m,[38;2;192;197;206m [38;2;208;135;112m1[38;2;192;197;206m,[38;2;192;197;206m ctx[38;2;192;197;206m,[38;2;192;197;206m [38;2;192;197;206m&[38;2;180;142;173mmut[38;2;192;197;206m info.leaf_addrx[38;2;192;197;206m)[38;2;192;197;206m;[K
[0m[48;2;43;48;59m[39m   24, 21[0m:[39m[48;2;43;48;59m [38;2;192;197;206m}[K
[0m[48;2;43;48;59m[39m   25, 22[0m:[39m[48;2;43;48;59m [K
[0m[48;2;79;40;40m[39m-  26    [0m:[39m[48;2;36;25;28m [38;2;180;142;173mfn[38;2;192;197;206m [38;2;143;161;179mfors_gen_sk[38;2;192;197;206m([38;2;191;97;106msk[38;2;192;197;206m:[38;2;192;197;206m [38;2;192;197;206m&[38;2;180;142;173mmut[38;2;192;197;206m [[38;2;180;142;173mu8[38;2;192;197;206m], [38;2;191;97;106mctx[38;2;192;197;206m:[38;2;192;197;206m [38;2;192;197;206m&[38;2;192;197;206mSpxCtx, [38;2;191;97;106maddr[38;2;192;197;206m:[38;2;192;197;206m [38;2;192;197;206m&[38;2;192;197;206mAddr[38;2;192;197;206m)[38;2;192;197;206m [38;2;192;197;206m{[K
[0m[48;2;79;40;40m[39m-  27    [0m:[39m[48;2;36;25;28m [38;2;192;197;206m    [38;2;150;181;180mprf_addr[38;2;192;197;206m([38;2;192;197;206msk[38;2;192;197;206m,[38;2;192;197;206m ctx[38;2;192;197;206m,[38;2;192;197;206m addr[38;2;192;197;206m)[38;2;192;197;206m;[K
[0m[48;2;79;40;40m[39m-  28    [0m:[39m[48;2;36;25;28m [38;2;192;197;206m}[K
[0m[48;2;40;67;43m[39m+      23[0m:[39m[48;2;24;38;30m [38;2;180;142;173mfn[38;2;192;197;206m [38;2;143;161;179mfors_gen_sk[38;2;192;197;206m([38;2;191;97;106msk[38;2;192;197;206m:[38;2;192;197;206m [38;2;192;197;206m&[38;2;180;142;173mmut[38;2;192;197;206m [[38;2;180;142;173mu8[38;2;192;197;206m], [38;2;191;97;106mctx[38;2;192;197;206m:[38;2;192;197;206m [38;2;192;197;206m&[38;2;192;197;206mSpxCtx, [38;2;191;97;106maddr[38;2;192;197;206m:[38;2;192;197;206m [38;2;192;197;206m&[38;2;192;197;206mAddr[38;2;192;197;206m)[38;2;192;197;206m [38;2;192;197;206m{[38;2;192;197;206m [38;2;150;181;180mprf_addr[38;2;192;197;206m([38;2;192;197;206msk[38;2;192;197;206m,[38;2;192;197;206m ctx[38;2;192;197;206m,[38;2;192;197;206m addr[38;2;192;197;206m)[38;2;192;197;206m;[38;2;192;197;206m [38;2;192;197;206m}[K
[0m[48;2;43;48;59m[39m   29, 24[0m:[39m[48;2;43;48;59m [K
[0m[48;2;43;48;59m[39m   30, 25[0m:[39m[48;2;43;48;59m [38;2;180;142;173mfn[38;2;192;197;206m [38;2;143;161;179mfors_sk_to_leaf[38;2;192;197;206m([38;2;191;97;106mleaf[38;2;192;197;206m:[38;2;192;197;206m [38;2;192;197;206m&[38;2;180;142;173mmut[38;2;192;197;206m [[38;2;180;142;173mu8[38;2;192;197;206m], [38;2;191;97;106msk[38;2;192;197;206m:[38;2;192;197;206m [38;2;192;197;206m&[38;2;192;197;206m[[38;2;180;142;173mu8[38;2;192;197;206m], [38;2;191;97;106mctx[38;2;192;197;206m:[38;2;192;197;206m [38;2;192;197;206m&[38;2;192;197;206mSpxCtx, [38;2;191;97;106maddr[38;2;192;197;206m:[38;2;192;197;206m [38;2;192;197;206m&[38;2;180;142;173mmut[38;2;192;197;206m Addr[38;2;192;197;206m)[38;2;192;197;206m [38;2;192;197;206m{[K
[0m[48;2;43;48;59m[39m   31, 26[0m:[39m[48;2;43;48;59m [38;2;192;197;206m    [38;2;150;181;180mthash[38;2;192;197;206m([38;2;192;197;206mleaf[38;2;192;197;206m,[38;2;192;197;206m sk[38;2;192;197;206m,[38;2;192;197;206m [38;2;208;135;112m1[38;2;192;197;206m,[38;2;192;197;206m ctx[38;2;192;197;206m,[38;2;192;197;206m addr[38;2;192;197;206m)[38;2;192;197;206m;[K
[0m[48;2;43;48;59m[39m   32, 27[0m:[39m[48;2;43;48;59m [38;2;192;197;206m}[K
[0m[48;2;43;48;59m[39m   33, 28[0m:[39m[48;2;43;48;59m [K
[0m[48;2;43;48;59m[39m   34, 29[0m:[39m[48;2;43;48;59m [38;2;180;142;173mfn[38;2;192;197;206m [38;2;143;161;179mmessage_to_indices[38;2;192;197;206m([38;2;191;97;106mindices[38;2;192;197;206m:[38;2;192;197;206m [38;2;192;197;206m&[38;2;180;142;173mmut[38;2;192;197;206m [[38;2;180;142;173mu32[38;2;192;197;206m; SPX_FORS_TREES], [38;2;191;97;106mm[38;2;192;197;206m:[38;2;192;197;206m [38;2;192;197;206m&[38;2;192;197;206m[[38;2;180;142;173mu8[38;2;192;197;206m][38;2;192;197;206m)[38;2;192;197;206m [38;2;192;197;206m{[K
[0m[48;2;43;48;59m[39m   35, 30[0m:[39m[48;2;43;48;59m [38;2;192;197;206m    [38;2;180;142;173mlet[38;2;192;197;206m [38;2;180;142;173mmut[38;2;192;197;206m offset[38;2;192;197;206m:[38;2;192;197;206m [38;2;180;142;173musize[38;2;192;197;206m [38;2;192;197;206m=[38;2;192;197;206m [38;2;208;135;112m0[38;2;192;197;206m;[K
[0m[48;2;43;48;59m[39m   36, 31[0m:[39m[48;2;43;48;59m [38;2;192;197;206m    [38;2;180;142;173mfor[38;2;192;197;206m i [38;2;192;197;206min[38;2;192;197;206m [38;2;208;135;112m0[38;2;192;197;206m..[38;2;208;135;112mSPX_FORS_TREES[38;2;192;197;206m [38;2;192;197;206m{[K
[0m[48;2;43;48;59m[39m   37, 32[0m:[39m[48;2;43;48;59m [38;2;192;197;206m        indices[38;2;192;197;206m[[38;2;192;197;206mi[38;2;192;197;206m][38;2;192;197;206m [38;2;192;197;206m=[38;2;192;197;206m [38;2;208;135;112m0[38;2;192;197;206m;[K
[0m[48;2;43;48;59m[39m   38, 33[0m:[39m[48;2;43;48;59m [38;2;192;197;206m        [38;2;180;142;173mfor[38;2;192;197;206m j [38;2;192;197;206min[38;2;192;197;206m [38;2;208;135;112m0[38;2;192;197;206m..[38;2;208;135;112mSPX_FORS_HEIGHT[38;2;192;197;206m [38;2;192;197;206m{[K
[0m[48;2;43;48;59m[39m   39, 34[0m:[39m[48;2;43;48;59m [38;2;192;197;206m            indices[38;2;192;197;206m[[38;2;192;197;206mi[38;2;192;197;206m][38;2;192;197;206m [38;2;192;197;206m^[38;2;192;197;206m=[38;2;192;197;206m [38;2;192;197;206m([38;2;192;197;206m([38;2;192;197;206m([38;2;192;197;206mm[38;2;192;197;206m[[38;2;192;197;206moffset [38;2;192;197;206m>[38;2;192;197;206m>[38;2;192;197;206m [38;2;208;135;112m3[38;2;192;197;206m][38;2;192;197;206m [38;2;192;197;206m>[38;2;192;197;206m>[38;2;192;197;206m [38;2;192;197;206m([38;2;192;197;206moffset [38;2;192;197;206m&[38;2;192;197;206m [38;2;208;135;112m0x7[38;2;192;197;206m)[38;2;192;197;206m)[38;2;192;197;206m [38;2;192;197;206m&[38;2;192;197;206m [38;2;208;135;112m1[38;2;192;197;206m)[38;2;192;197;206m [38;2;192;197;206mas[38;2;192;197;206m [38;2;180;142;173mu32[38;2;192;197;206m)[38;2;192;197;206m [38;2;192;197;206m<[38;2;192;197;206m<[38;2;192;197;206m j[38;2;192;197;206m;[K
[0m[48;2;43;48;59m[39m   40, 35[0m:[39m[48;2;43;48;59m [38;2;192;197;206m            offset [38;2;192;197;206m+[38;2;192;197;206m=[38;2;192;197;206m [38;2;208;135;112m1[38;2;192;197;206m;[K
[0m[48;2;43;48;59m[39m   41, 36[0m:[39m[48;2;43;48;59m [38;2;192;197;206m        [38;2;192;197;206m}[K
[0m[48;2;43;48;59m[39m   42, 37[0m:[39m[48;2;43;48;59m [38;2;192;197;206m    [38;2;192;197;206m}[K
[0m[48;2;43;48;59m[39m   43, 38[0m:[39m[48;2;43;48;59m [38;2;192;197;206m}[K
[0m[48;2;43;48;59m[39m   44, 39[0m:[39m[48;2;43;48;59m [K
[0m[48;2;43;48;59m[39m   45, 40[0m:[39m[48;2;43;48;59m [38;2;180;142;173mpub[38;2;192;197;206m [38;2;180;142;173mfn[38;2;192;197;206m [38;2;143;161;179mfors_sign[38;2;192;197;206m([38;2;191;97;106msig[38;2;192;197;206m:[38;2;192;197;206m [38;2;192;197;206m&[38;2;180;142;173mmut[38;2;192;197;206m [[38;2;180;142;173mu8[38;2;192;197;206m], [38;2;191;97;106mpk[38;2;192;197;206m:[38;2;192;197;206m [38;2;192;197;206m&[38;2;180;142;173mmut[38;2;192;197;206m [[38;2;180;142;173mu8[38;2;192;197;206m], [38;2;191;97;106mm[38;2;192;197;206m:[38;2;192;197;206m [38;2;192;197;206m&[38;2;192;197;206m[[38;2;180;142;173mu8[38;2;192;197;206m], [38;2;191;97;106mctx[38;2;192;197;206m:[38;2;192;197;206m [38;2;192;197;206m&[38;2;192;197;206mSpxCtx, [38;2;191;97;106mfors_addr[38;2;192;197;206m:[38;2;192;197;206m [38;2;192;197;206m&[38;2;192;197;206mAddr[38;2;192;197;206m)[38;2;192;197;206m [38;2;192;197;206m{[K
[0m[48;2;43;48;59m[39m   46, 41[0m:[39m[48;2;43;48;59m [38;2;192;197;206m    [38;2;180;142;173mlet[38;2;192;197;206m [38;2;180;142;173mmut[38;2;192;197;206m indices [38;2;192;197;206m=[38;2;192;197;206m [38;2;192;197;206m[[38;2;208;135;112m0[38;2;180;142;173mu32[38;2;192;197;206m;[38;2;192;197;206m [38;2;208;135;112mSPX_FORS_TREES[38;2;192;197;206m][38;2;192;197;206m;[K
[0m[48;2;43;48;59m[39m   47, 42[0m:[39m[48;2;43;48;59m [38;2;192;197;206m    [38;2;180;142;173mlet[38;2;192;197;206m [38;2;180;142;173mmut[38;2;192;197;206m roots [38;2;192;197;206m=[38;2;192;197;206m [38;2;192;197;206m[[38;2;208;135;112m0[38;2;180;142;173mu8[38;2;192;197;206m;[38;2;192;197;206m [38;2;208;135;112mSPX_FORS_TREES[38;2;192;197;206m [38;2;192;197;206m*[38;2;192;197;206m [38;2;208;135;112mSPX_N[38;2;192;197;206m][38;2;192;197;206m;[K
[0m[48;2;43;48;59m[39m   48, 43[0m:[39m[48;2;43;48;59m [38;2;192;197;206m    [38;2;180;142;173mlet[38;2;192;197;206m [38;2;180;142;173mmut[38;2;192;197;206m fors_tree_addr[38;2;192;197;206m:[38;2;192;197;206m Addr [38;2;192;197;206m=[38;2;192;197;206m [38;2;192;197;206m[[38;2;208;135;112m0[38;2;192;197;206m;[38;2;192;197;206m [38;2;208;135;112m8[38;2;192;197;206m][38;2;192;197;206m;[K
[0m[48;2;43;48;59m[39m   49, 44[0m:[39m[48;2;43;48;59m [38;2;192;197;206m    [38;2;180;142;173mlet[38;2;192;197;206m [38;2;180;142;173mmut[38;2;192;197;206m fors_info [38;2;192;197;206m=[38;2;192;197;206m [38;2;192;197;206mForsGenLeafInfo[38;2;192;197;206m::[38;2;192;197;206mdefault[38;2;192;197;206m([38;2;192;197;206m)[38;2;192;197;206m;[K
[0m[48;2;43;48;59m[39m   50, 45[0m:[39m[48;2;43;48;59m [38;2;192;197;206m    [38;2;180;142;173mlet[38;2;192;197;206m [38;2;180;142;173mmut[38;2;192;197;206m fors_pk_addr[38;2;192;197;206m:[38;2;192;197;206m Addr [38;2;192;197;206m=[38;2;192;197;206m [38;2;192;197;206m[[38;2;208;135;112m0[38;2;192;197;206m;[38;2;192;197;206m [38;2;208;135;112m8[38;2;192;197;206m][38;2;192;197;206m;[K
[0m[48;2;43;48;59m[39m   51, 46[0m:[39m[48;2;43;48;59m [K
[0m[48;2;43;48;59m[39m   52, 47[0m:[39m[48;2;43;48;59m [38;2;192;197;206m    [38;2;150;181;180mcopy_keypair_addr[38;2;192;197;206m([38;2;192;197;206m&[38;2;180;142;173mmut[38;2;192;197;206m fors_tree_addr[38;2;192;197;206m,[38;2;192;197;206m fors_addr[38;2;192;197;206m)[38;2;192;197;206m;[K
[0m[48;2;43;48;59m[39m   53, 48[0m:[39m[48;2;43;48;59m [38;2;192;197;206m    [38;2;150;181;180mcopy_keypair_addr[38;2;192;197;206m([38;2;192;197;206m&[38;2;180;142;173mmut[38;2;192;197;206m fors_info.leaf_addrx[38;2;192;197;206m,[38;2;192;197;206m fors_addr[38;2;192;197;206m)[38;2;192;197;206m;[K
[0m[48;2;43;48;59m[39m   54, 49[0m:[39m[48;2;43;48;59m [38;2;192;197;206m    [38;2;150;181;180mcopy_keypair_addr[38;2;192;197;206m([38;2;192;197;206m&[38;2;180;142;173mmut[38;2;192;197;206m fors_pk_addr[38;2;192;197;206m,[38;2;192;197;206m fors_addr[38;2;192;197;206m)[38;2;192;197;206m;[K
[0m[48;2;43;48;59m[39m   55, 50[0m:[39m[48;2;43;48;59m [38;2;192;197;206m    [38;2;150;181;180mset_type[38;2;192;197;206m([38;2;192;197;206m&[38;2;180;142;173mmut[38;2;192;197;206m fors_pk_addr[38;2;192;197;206m,[38;2;192;197;206m [38;2;208;135;112mSPX_ADDR_TYPE_FORSPK[38;2;192;197;206m)[38;2;192;197;206m;[K
[0m[48;2;79;40;40m[39m-  56    [0m:[39m[48;2;36;25;28m [K
[0m[48;2;43;48;59m[39m   57, 51[0m:[39m[48;2;43;48;59m [38;2;192;197;206m    [38;2;150;181;180mmessage_to_indices[38;2;192;197;206m([38;2;192;197;206m&[38;2;180;142;173mmut[38;2;192;197;206m indices[38;2;192;197;206m,[38;2;192;197;206m m[38;2;192;197;206m)[38;2;192;197;206m;[K
[0m[48;2;43;48;59m[39m   58, 52[0m:[39m[48;2;43;48;59m [K
[0m[48;2;43;48;59m[39m   59, 53[0m:[39m[48;2;43;48;59m [38;2;192;197;206m    [38;2;180;142;173mlet[38;2;192;197;206m [38;2;180;142;173mmut[38;2;192;197;206m sig_off [38;2;192;197;206m=[38;2;192;197;206m [38;2;208;135;112m0[38;2;192;197;206m;[K
[0m[48;2;43;48;59m[39m   60, 54[0m:[39m[48;2;43;48;59m [38;2;192;197;206m    [38;2;180;142;173mfor[38;2;192;197;206m i [38;2;192;197;206min[38;2;192;197;206m [38;2;208;135;112m0[38;2;192;197;206m..[38;2;208;135;112mSPX_FORS_TREES[38;2;192;197;206m [38;2;192;197;206m{[K
[0m[48;2;79;40;40m[39m-  61    [0m:[39m[48;2;36;25;28m [38;2;192;197;206m        [38;2;180;142;173mlet[38;2;192;197;206m idx_offset [38;2;192;197;206m=[38;2;192;197;206m [38;2;192;197;206m([38;2;192;197;206mi [38;2;192;197;206mas[38;2;192;197;206m [38;2;180;142;173mu32[38;2;192;197;206m)[38;2;192;197;206m [38;2;192;197;206m*[38;2;192;197;206m [38;2;192;197;206m([38;2;208;135;112m1[38;2;192;197;206m [38;2;192;197;206m<[38;2;192;197;206m<[38;2;192;197;206m [38;2;208;135;112mSPX_FORS_HEIGHT[38;2;192;197;206m)[38;2;192;197;206m;[K
[0m[48;2;79;40;40m[39m-  62    [0m:[39m[48;2;36;25;28m [K
[0m[48;2;40;67;43m[39m+      55[0m:[39m[48;2;24;38;30m [38;2;192;197;206m        [38;2;180;142;173mlet[38;2;192;197;206m idx_offset [38;2;192;197;206m=[38;2;192;197;206m [38;2;192;197;206m([38;2;192;197;206mi [38;2;192;197;206mas[38;2;192;197;206m [38;2;180;142;173mu32[38;2;192;197;206m)[38;2;192;197;206m [38;2;192;197;206m*[38;2;192;197;206m [38;2;192;197;206m([38;2;208;135;112m1[38;2;180;142;173mu32[38;2;192;197;206m [38;2;192;197;206m<[38;2;192;197;206m<[38;2;192;197;206m [38;2;208;135;112mSPX_FORS_HEIGHT[38;2;192;197;206m)[38;2;192;197;206m;[K
[0m[48;2;43;48;59m[39m   63, 56[0m:[39m[48;2;43;48;59m [38;2;192;197;206m        [38;2;150;181;180mset_tree_height[38;2;192;197;206m([38;2;192;197;206m&[38;2;180;142;173mmut[38;2;192;197;206m fors_tree_addr[38;2;192;197;206m,[38;2;192;197;206m [38;2;208;135;112m0[38;2;192;197;206m)[38;2;192;197;206m;[K
[0m[48;2;43;48;59m[39m   64, 57[0m:[39m[48;2;43;48;59m [38;2;192;197;206m        [38;2;150;181;180mset_tree_index[38;2;192;197;206m([38;2;192;197;206m&[38;2;180;142;173mmut[38;2;192;197;206m fors_tree_addr[38;2;192;197;206m,[38;2;192;197;206m indices[38;2;192;197;206m[[38;2;192;197;206mi[38;2;192;197;206m][38;2;192;197;206m [38;2;192;197;206m+[38;2;192;197;206m idx_offset[38;2;192;197;206m)[38;2;192;197;206m;[K
[0m[48;2;43;48;59m[39m   65, 58[0m:[39m[48;2;43;48;59m [38;2;192;197;206m        [38;2;150;181;180mset_type[38;2;192;197;206m([38;2;192;197;206m&[38;2;180;142;173mmut[38;2;192;197;206m fors_tree_addr[38;2;192;197;206m,[38;2;192;197;206m [38;2;208;135;112mSPX_ADDR_TYPE_FORSPRF[38;2;192;197;206m)[38;2;192;197;206m;[K
[0m[48;2;43;48;59m[39m   66, 59[0m:[39m[48;2;43;48;59m [38;2;192;197;206m        [38;2;150;181;180mfors_gen_sk[38;2;192;197;206m([38;2;192;197;206m&[38;2;180;142;173mmut[38;2;192;197;206m sig[38;2;192;197;206m[[38;2;192;197;206msig_off[38;2;192;197;206m..[38;2;192;197;206m][38;2;192;197;206m,[38;2;192;197;206m ctx[38;2;192;197;206m,[38;2;192;197;206m [38;2;192;197;206m&[38;2;192;197;206mfors_tree_addr[38;2;192;197;206m)[38;2;192;197;206m;[K
[0m[48;2;43;48;59m[39m   67, 60[0m:[39m[48;2;43;48;59m [38;2;192;197;206m        [38;2;150;181;180mset_type[38;2;192;197;206m([38;2;192;197;206m&[38;2;180;142;173mmut[38;2;192;197;206m fors_tree_addr[38;2;192;197;206m,[38;2;192;197;206m [38;2;208;135;112mSPX_ADDR_TYPE_FORSTREE[38;2;192;197;206m)[38;2;192;197;206m;[K
[0m[48;2;43;48;59m[39m   68, 61[0m:[39m[48;2;43;48;59m [38;2;192;197;206m        sig_off [38;2;192;197;206m+[38;2;192;197;206m=[38;2;192;197;206m [38;2;208;135;112mSPX_N[38;2;192;197;206m;[K
[0m[48;2;43;48;59m[39m   69, 62[0m:[39m[48;2;43;48;59m [K
[0m[48;2;79;40;40m[39m-  70    [0m:[39m[48;2;36;25;28m [38;2;192;197;206m        [38;2;101;115;126m//[38;2;101;115;126m Use the leaf_info_x1-based treehash for FORS[K
[0m[48;2;79;40;40m[39m-  71    [0m:[39m[48;2;36;25;28m [38;2;192;197;206m        [38;2;101;115;126m//[38;2;101;115;126m We need to adapt: fors_treehashx1 uses LeafInfoX1 in C but actually[K
[0m[48;2;79;40;40m[39m-  72    [0m:[39m[48;2;36;25;28m [38;2;192;197;206m        [38;2;101;115;126m//[38;2;101;115;126m takes fors_gen_leaf_info. Let me use the direct treehash approach.[K
[0m[48;2;79;40;40m[39m-  73    [0m:[39m[48;2;36;25;28m [38;2;192;197;206m        [38;2;150;181;180mfors_treehashx1[38;2;192;197;206m([38;2;192;197;206m&[38;2;180;142;173mmut[38;2;192;197;206m roots[38;2;192;197;206m[[38;2;192;197;206mi [38;2;192;197;206m*[38;2;192;197;206m [38;2;208;135;112mSPX_N[38;2;192;197;206m..[38;2;192;197;206m][38;2;192;197;206m,[38;2;192;197;206m [38;2;192;197;206m&[38;2;180;142;173mmut[38;2;192;197;206m sig[38;2;192;197;206m[[38;2;192;197;206msig_off[38;2;192;197;206m..[38;2;192;197;206m][38;2;192;197;206m,[38;2;192;197;206m ctx[38;2;192;197;206m,[K
[0m[48;2;79;40;40m[39m-  74    [0m:[39m[48;2;36;25;28m [38;2;192;197;206m                        indices[38;2;192;197;206m[[38;2;192;197;206mi[38;2;192;197;206m][38;2;192;197;206m,[38;2;192;197;206m idx_offset[38;2;192;197;206m,[38;2;192;197;206m [38;2;208;135;112mSPX_FORS_HEIGHT[38;2;192;197;206m [38;2;192;197;206mas[38;2;192;197;206m [38;2;180;142;173mu32[38;2;192;197;206m,[K
[0m[48;2;79;40;40m[39m-  75    [0m:[39m[48;2;36;25;28m [38;2;192;197;206m                        [38;2;192;197;206m&[38;2;180;142;173mmut[38;2;192;197;206m fors_tree_addr[38;2;192;197;206m,[38;2;192;197;206m [38;2;192;197;206m&[38;2;180;142;173mmut[38;2;192;197;206m fors_info[38;2;192;197;206m)[38;2;192;197;206m;[K
[0m[48;2;40;67;43m[39m+      63[0m:[39m[48;2;24;38;30m [38;2;192;197;206m        [38;2;180;142;173mcrate[38;2;192;197;206m::[38;2;192;197;206mutilsx1[38;2;192;197;206m::[38;2;192;197;206mfors_treehashx1[38;2;192;197;206m([K
[0m[48;2;40;67;43m[39m+      64[0m:[39m[48;2;24;38;30m [38;2;192;197;206m            [38;2;192;197;206m&[38;2;180;142;173mmut[38;2;192;197;206m roots[38;2;192;197;206m[[38;2;192;197;206mi [38;2;192;197;206m*[38;2;192;197;206m [38;2;208;135;112mSPX_N[38;2;192;197;206m..[38;2;192;197;206m][38;2;192;197;206m,[38;2;192;197;206m [38;2;192;197;206m&[38;2;180;142;173mmut[38;2;192;197;206m sig[38;2;192;197;206m[[38;2;192;197;206msig_off[38;2;192;197;206m..[38;2;192;197;206m][38;2;192;197;206m,[38;2;192;197;206m ctx[38;2;192;197;206m,[K
[0m[48;2;40;67;43m[39m+      65[0m:[39m[48;2;24;38;30m [38;2;192;197;206m            indices[38;2;192;197;206m[[38;2;192;197;206mi[38;2;192;197;206m][38;2;192;197;206m,[38;2;192;197;206m idx_offset[38;2;192;197;206m,[38;2;192;197;206m [38;2;208;135;112mSPX_FORS_HEIGHT[38;2;192;197;206m [38;2;192;197;206mas[38;2;192;197;206m [38;2;180;142;173mu32[38;2;192;197;206m,[K
[0m[48;2;40;67;43m[39m+      66[0m:[39m[48;2;24;38;30m [38;2;192;197;206m            [38;2;192;197;206m&[38;2;180;142;173mmut[38;2;192;197;206m fors_tree_addr[38;2;192;197;206m,[38;2;192;197;206m [38;2;192;197;206m&[38;2;180;142;173mmut[38;2;192;197;206m fors_info[38;2;192;197;206m)[38;2;192;197;206m;[K
[0m[48;2;43;48;59m[39m   76, 67[0m:[39m[48;2;43;48;59m [38;2;192;197;206m        sig_off [38;2;192;197;206m+[38;2;192;197;206m=[38;2;192;197;206m [38;2;208;135;112mSPX_N[38;2;192;197;206m [38;2;192;197;206m*[38;2;192;197;206m [38;2;208;135;112mSPX_FORS_HEIGHT[38;2;192;197;206m;[K
[0m[48;2;43;48;59m[39m   77, 68[0m:[39m[48;2;43;48;59m [38;2;192;197;206m    [38;2;192;197;206m}[K
[0m[48;2;79;40;40m[39m-  78    [0m:[39m[48;2;36;25;28m [K
[0m[48;2;43;48;59m[39m   79, 69[0m:[39m[48;2;43;48;59m [38;2;192;197;206m    [38;2;150;181;180mthash[38;2;192;197;206m([38;2;192;197;206mpk[38;2;192;197;206m,[38;2;192;197;206m [38;2;192;197;206m&[38;2;192;197;206mroots[38;2;192;197;206m,[38;2;192;197;206m [38;2;208;135;112mSPX_FORS_TREES[38;2;192;197;206m,[38;2;192;197;206m ctx[38;2;192;197;206m,[38;2;192;197;206m [38;2;192;197;206m&[38;2;180;142;173mmut[38;2;192;197;206m fors_pk_addr[38;2;192;197;206m)[38;2;192;197;206m;[K
[0m[48;2;43;48;59m[39m   80, 70[0m:[39m[48;2;43;48;59m [38;2;192;197;206m}[K
[0m[48;2;43;48;59m[39m   81, 71[0m:[39m[48;2;43;48;59m [K
[0m[48;2;43;48;59m[39m   82, 72[0m:[39m[48;2;43;48;59m [38;2;180;142;173mpub[38;2;192;197;206m [38;2;180;142;173mfn[38;2;192;197;206m [38;2;143;161;179mfors_pk_from_sig[38;2;192;197;206m([38;2;191;97;106mpk[38;2;192;197;206m:[38;2;192;197;206m [38;2;192;197;206m&[38;2;180;142;173mmut[38;2;192;197;206m [[38;2;180;142;173mu8[38;2;192;197;206m], [38;2;191;97;106msig[38;2;192;197;206m:[38;2;192;197;206m [38;2;192;197;206m&[38;2;192;197;206m[[38;2;180;142;173mu8[38;2;192;197;206m], [38;2;191;97;106mm[38;2;192;197;206m:[38;2;192;197;206m [38;2;192;197;206m&[38;2;192;197;206m[[38;2;180;142;173mu8[38;2;192;197;206m], [38;2;191;97;106mctx[38;2;192;197;206m:[38;2;192;197;206m [38;2;192;197;206m&[38;2;192;197;206mSpxCtx, [38;2;191;97;106mfors_addr[38;2;192;197;206m:[38;2;192;197;206m [38;2;192;197;206m&[38;2;192;197;206mAddr[38;2;192;197;206m)[38;2;192;197;206m [38;2;192;197;206m{[K
[0m[48;2;43;48;59m[39m   83, 73[0m:[39m[48;2;43;48;59m [38;2;192;197;206m    [38;2;180;142;173mlet[38;2;192;197;206m [38;2;180;142;173mmut[38;2;192;197;206m indices [38;2;192;197;206m=[38;2;192;197;206m [38;2;192;197;206m[[38;2;208;135;112m0[38;2;180;142;173mu32[38;2;192;197;206m;[38;2;192;197;206m [38;2;208;135;112mSPX_FORS_TREES[38;2;192;197;206m][38;2;192;197;206m;[K
[0m[48;2;43;48;59m[39m   84, 74[0m:[39m[48;2;43;48;59m [38;2;192;197;206m    [38;2;180;142;173mlet[38;2;192;197;206m [38;2;180;142;173mmut[38;2;192;197;206m roots [38;2;192;197;206m=[38;2;192;197;206m [38;2;192;197;206m[[38;2;208;135;112m0[38;2;180;142;173mu8[38;2;192;197;206m;[38;2;192;197;206m [38;2;208;135;112mSPX_FORS_TREES[38;2;192;197;206m [38;2;192;197;206m*[38;2;192;197;206m [38;2;208;135;112mSPX_N[38;2;192;197;206m][38;2;192;197;206m;[K
[0m[48;2;43;48;59m[39m   85, 75[0m:[39m[48;2;43;48;59m [38;2;192;197;206m    [38;2;180;142;173mlet[38;2;192;197;206m [38;2;180;142;173mmut[38;2;192;197;206m leaf [38;2;192;197;206m=[38;2;192;197;206m [38;2;192;197;206m[[38;2;208;135;112m0[38;2;180;142;173mu8[38;2;192;197;206m;[38;2;192;197;206m [38;2;208;135;112mSPX_N[38;2;192;197;206m][38;2;192;197;206m;[K
[0m[48;2;43;48;59m[39m   86, 76[0m:[39m[48;2;43;48;59m [38;2;192;197;206m    [38;2;180;142;173mlet[38;2;192;197;206m [38;2;180;142;173mmut[38;2;192;197;206m fors_tree_addr[38;2;192;197;206m:[38;2;192;197;206m Addr [38;2;192;197;206m=[38;2;192;197;206m [38;2;192;197;206m[[38;2;208;135;112m0[38;2;192;197;206m;[38;2;192;197;206m [38;2;208;135;112m8[38;2;192;197;206m][38;2;192;197;206m;[K
[0m[48;2;43;48;59m[39m   87, 77[0m:[39m[48;2;43;48;59m [38;2;192;197;206m    [38;2;180;142;173mlet[38;2;192;197;206m [38;2;180;142;173mmut[38;2;192;197;206m fors_pk_addr[38;2;192;197;206m:[38;2;192;197;206m Addr [38;2;192;197;206m=[38;2;192;197;206m [38;2;192;197;206m[[38;2;208;135;112m0[38;2;192;197;206m;[38;2;192;197;206m [38;2;208;135;112m8[38;2;192;197;206m][38;2;192;197;206m;[K
[0m[48;2;43;48;59m[39m   88, 78[0m:[39m[48;2;43;48;59m [K
[0m[48;2;43;48;59m[39m   89, 79[0m:[39m[48;2;43;48;59m [38;2;192;197;206m    [38;2;150;181;180mcopy_keypair_addr[38;2;192;197;206m([38;2;192;197;206m&[38;2;180;142;173mmut[38;2;192;197;206m fors_tree_addr[38;2;192;197;206m,[38;2;192;197;206m fors_addr[38;2;192;197;206m)[38;2;192;197;206m;[K
[0m[48;2;43;48;59m[39m   90, 80[0m:[39m[48;2;43;48;59m [38;2;192;197;206m    [38;2;150;181;180mcopy_keypair_addr[38;2;192;197;206m([38;2;192;197;206m&[38;2;180;142;173mmut[38;2;192;197;206m fors_pk_addr[38;2;192;197;206m,[38;2;192;197;206m fors_addr[38;2;192;197;206m)[38;2;192;197;206m;[K
[0m[48;2;43;48;59m[39m   91, 81[0m:[39m[48;2;43;48;59m [38;2;192;197;206m    [38;2;150;181;180mset_type[38;2;192;197;206m([38;2;192;197;206m&[38;2;180;142;173mmut[38;2;192;197;206m fors_tree_addr[38;2;192;197;206m,[38;2;192;197;206m [38;2;208;135;112mSPX_ADDR_TYPE_FORSTREE[38;2;192;197;206m)[38;2;192;197;206m;[K
[0m[48;2;43;48;59m[39m   92, 82[0m:[39m[48;2;43;48;59m [38;2;192;197;206m    [38;2;150;181;180mset_type[38;2;192;197;206m([38;2;192;197;206m&[38;2;180;142;173mmut[38;2;192;197;206m fors_pk_addr[38;2;192;197;206m,[38;2;192;197;206m [38;2;208;135;112mSPX_ADDR_TYPE_FORSPK[38;2;192;197;206m)[38;2;192;197;206m;[K
[0m[48;2;79;40;40m[39m-  93    [0m:[39m[48;2;36;25;28m [K
[0m[48;2;43;48;59m[39m   94, 83[0m:[39m[48;2;43;48;59m [38;2;192;197;206m    [38;2;150;181;180mmessage_to_indices[38;2;192;197;206m([38;2;192;197;206m&[38;2;180;142;173mmut[38;2;192;197;206m indices[38;2;192;197;206m,[38;2;192;197;206m m[38;2;192;197;206m)[38;2;192;197;206m;[K
[0m[48;2;43;48;59m[39m   95, 84[0m:[39m[48;2;43;48;59m [K
[0m[48;2;43;48;59m[39m   96, 85[0m:[39m[48;2;43;48;59m [38;2;192;197;206m    [38;2;180;142;173mlet[38;2;192;197;206m [38;2;180;142;173mmut[38;2;192;197;206m sig_off [38;2;192;197;206m=[38;2;192;197;206m [38;2;208;135;112m0[38;2;192;197;206m;[K
[0m[48;2;43;48;59m[39m   97, 86[0m:[39m[48;2;43;48;59m [38;2;192;197;206m    [38;2;180;142;173mfor[38;2;192;197;206m i [38;2;192;197;206min[38;2;192;197;206m [38;2;208;135;112m0[38;2;192;197;206m..[38;2;208;135;112mSPX_FORS_TREES[38;2;192;197;206m [38;2;192;197;206m{[K
[0m[48;2;79;40;40m[39m-  98    [0m:[39m[48;2;36;25;28m [38;2;192;197;206m        [38;2;180;142;173mlet[38;2;192;197;206m idx_offset [38;2;192;197;206m=[38;2;192;197;206m [38;2;192;197;206m([38;2;192;197;206mi [38;2;192;197;206mas[38;2;192;197;206m [38;2;180;142;173mu32[38;2;192;197;206m)[38;2;192;197;206m [38;2;192;197;206m*[38;2;192;197;206m [38;2;192;197;206m([38;2;208;135;112m1[38;2;192;197;206m [38;2;192;197;206m<[38;2;192;197;206m<[38;2;192;197;206m [38;2;208;135;112mSPX_FORS_HEIGHT[38;2;192;197;206m)[38;2;192;197;206m;[K
[0m[48;2;40;67;43m[39m+      87[0m:[39m[48;2;24;38;30m [38;2;192;197;206m        [38;2;180;142;173mlet[38;2;192;197;206m idx_offset [38;2;192;197;206m=[38;2;192;197;206m [38;2;192;197;206m([38;2;192;197;206mi [38;2;192;197;206mas[38;2;192;197;206m [38;2;180;142;173mu32[38;2;192;197;206m)[38;2;192;197;206m [38;2;192;197;206m*[38;2;192;197;206m [38;2;192;197;206m([38;2;208;135;112m1[38;2;180;142;173mu32[38;2;192;197;206m [38;2;192;197;206m<[38;2;192;197;206m<[38;2;192;197;206m [38;2;208;135;112mSPX_FORS_HEIGHT[38;2;192;197;206m)[38;2;192;197;206m;[K
[0m[48;2;43;48;59m[39m   99, 88[0m:[39m[48;2;43;48;59m [38;2;192;197;206m        [38;2;150;181;180mset_tree_height[38;2;192;197;206m([38;2;192;197;206m&[38;2;180;142;173mmut[38;2;192;197;206m fors_tree_addr[38;2;192;197;206m,[38;2;192;197;206m [38;2;208;135;112m0[38;2;192;197;206m)[38;2;192;197;206m;[K
[0m[48;2;43;48;59m[39m  100, 89[0m:[39m[48;2;43;48;59m [38;2;192;197;206m        [38;2;150;181;180mset_tree_index[38;2;192;197;206m([38;2;192;197;206m&[38;2;180;142;173mmut[38;2;192;197;206m fors_tree_addr[38;2;192;197;206m,[38;2;192;197;206m indices[38;2;192;197;206m[[38;2;192;197;206mi[38;2;192;197;206m][38;2;192;197;206m [38;2;192;197;206m+[38;2;192;197;206m idx_offset[38;2;192;197;206m)[38;2;192;197;206m;[K
[0m[48;2;79;40;40m[39m- 101    [0m:[39m[48;2;36;25;28m [K
[0m[48;2;43;48;59m[39m  102, 90[0m:[39m[48;2;43;48;59m [38;2;192;197;206m        [38;2;150;181;180mfors_sk_to_leaf[38;2;192;197;206m([38;2;192;197;206m&[38;2;180;142;173mmut[38;2;192;197;206m leaf[38;2;192;197;206m,[38;2;192;197;206m [38;2;192;197;206m&[38;2;192;197;206msig[38;2;192;197;206m[[38;2;192;197;206msig_off[38;2;192;197;206m..[38;2;192;197;206m][38;2;192;197;206m,[38;2;192;197;206m ctx[38;2;192;197;206m,[38;2;192;197;206m [38;2;192;197;206m&[38;2;180;142;173mmut[38;2;192;197;206m fors_tree_addr[38;2;192;197;206m)[38;2;192;197;206m;[K
[0m[48;2;43;48;59m[39m  103, 91[0m:[39m[48;2;43;48;59m [38;2;192;197;206m        sig_off [38;2;192;197;206m+[38;2;192;197;206m=[38;2;192;197;206m [38;2;208;135;112mSPX_N[38;2;192;197;206m;[K
[0m[48;2;79;40;40m[39m- 104    [0m:[39m[48;2;36;25;28m [K
[0m[48;2;79;40;40m[39m- 105    [0m:[39m[48;2;36;25;28m [38;2;192;197;206m        [38;2;180;142;173mcrate[38;2;192;197;206m::[38;2;192;197;206mcompute_root[38;2;192;197;206m::[38;2;192;197;206mcompute_root[38;2;192;197;206m([38;2;192;197;206m&[38;2;180;142;173mmut[38;2;192;197;206m roots[38;2;192;197;206m[[38;2;192;197;206mi [38;2;192;197;206m*[38;2;192;197;206m [38;2;208;135;112mSPX_N[38;2;192;197;206m..[38;2;192;197;206m][38;2;192;197;206m,[38;2;192;197;206m [38;2;192;197;206m&[38;2;192;197;206mleaf[38;2;192;197;206m,[38;2;192;197;206m indices[38;2;192;197;206m[[38;2;192;197;206mi[38;2;192;197;206m][38;2;192;197;206m,[38;2;192;197;206m idx_offset[38;2;192;197;206m,[K
[0m[48;2;79;40;40m[39m- 106    [0m:[39m[48;2;36;25;28m [38;2;192;197;206m                     [38;2;192;197;206m&[38;2;192;197;206msig[38;2;192;197;206m[[38;2;192;197;206msig_off[38;2;192;197;206m..[38;2;192;197;206m][38;2;192;197;206m,[38;2;192;197;206m [38;2;208;135;112mSPX_FORS_HEIGHT[38;2;192;197;206m [38;2;192;197;206mas[38;2;192;197;206m [38;2;180;142;173mu32[38;2;192;197;206m,[38;2;192;197;206m ctx[38;2;192;197;206m,[38;2;192;197;206m [38;2;192;197;206m&[38;2;180;142;173mmut[38;2;192;197;206m fors_tree_addr[38;2;192;197;206m)[38;2;192;197;206m;[K
[0m[48;2;40;67;43m[39m+      92[0m:[39m[48;2;24;38;30m [38;2;192;197;206m        [38;2;180;142;173mcrate[38;2;192;197;206m::[38;2;192;197;206mcompute_root[38;2;192;197;206m::[38;2;192;197;206mcompute_root[38;2;192;197;206m([K
[0m[48;2;40;67;43m[39m+      93[0m:[39m[48;2;24;38;30m [38;2;192;197;206m            [38;2;192;197;206m&[38;2;180;142;173mmut[38;2;192;197;206m roots[38;2;192;197;206m[[38;2;192;197;206mi [38;2;192;197;206m*[38;2;192;197;206m [38;2;208;135;112mSPX_N[38;2;192;197;206m..[38;2;192;197;206m][38;2;192;197;206m,[38;2;192;197;206m [38;2;192;197;206m&[38;2;192;197;206mleaf[38;2;192;197;206m,[38;2;192;197;206m indices[38;2;192;197;206m[[38;2;192;197;206mi[38;2;192;197;206m][38;2;192;197;206m,[38;2;192;197;206m idx_offset[38;2;192;197;206m,[K
[0m[48;2;40;67;43m[39m+      94[0m:[39m[48;2;24;38;30m [38;2;192;197;206m            [38;2;192;197;206m&[38;2;192;197;206msig[38;2;192;197;206m[[38;2;192;197;206msig_off[38;2;192;197;206m..[38;2;192;197;206m][38;2;192;197;206m,[38;2;192;197;206m [38;2;208;135;112mSPX_FORS_HEIGHT[38;2;192;197;206m [38;2;192;197;206mas[38;2;192;197;206m [38;2;180;142;173mu32[38;2;192;197;206m,[38;2;192;197;206m ctx[38;2;192;197;206m,[38;2;192;197;206m [38;2;192;197;206m&[38;2;180;142;173mmut[38;2;192;197;206m fors_tree_addr[38;2;192;197;206m)[38;2;192;197;206m;[K
[0m[48;2;43;48;59m[39m  107, 95[0m:[39m[48;2;43;48;59m [38;2;192;197;206m        sig_off [38;2;192;197;206m+[38;2;192;197;206m=[38;2;192;197;206m [38;2;208;135;112mSPX_N[38;2;192;197;206m [38;2;192;197;206m*[38;2;192;197;206m [38;2;208;135;112mSPX_FORS_HEIGHT[38;2;192;197;206m;[K
[0m[48;2;43;48;59m[39m  108, 96[0m:[39m[48;2;43;48;59m [38;2;192;197;206m    [38;2;192;197;206m}[K
[0m[48;2;79;40;40m[39m- 109    [0m:[39m[48;2;36;25;28m [K
[0m[48;2;43;48;59m[39m  110, 97[0m:[39m[48;2;43;48;59m [38;2;192;197;206m    [38;2;150;181;180mthash[38;2;192;197;206m([38;2;192;197;206mpk[38;2;192;197;206m,[38;2;192;197;206m [38;2;192;197;206m&[38;2;192;197;206mroots[38;2;192;197;206m,[38;2;192;197;206m [38;2;208;135;112mSPX_FORS_TREES[38;2;192;197;206m,[38;2;192;197;206m ctx[38;2;192;197;206m,[38;2;192;197;206m [38;2;192;197;206m&[38;2;180;142;173mmut[38;2;192;197;206m fors_pk_addr[38;2;192;197;206m)[38;2;192;197;206m;[K
[0m[48;2;79;40;40m[39m- 111    [0m:[39m[48;2;36;25;28m [38;2;192;197;206m}[K
[0m[48;2;79;40;40m[39m- 112    [0m:[39m[48;2;36;25;28m [K
[0m[48;2;79;40;40m[39m- 113    [0m:[39m[48;2;36;25;28m [38;2;101;115;126m//[38;2;101;115;126m fors_treehashx1 - direct translation from utilsx1.c[K
[0m[48;2;79;40;40m[39m- 114    [0m:[39m[48;2;36;25;28m [38;2;180;142;173mfn[38;2;192;197;206m [38;2;143;161;179mfors_treehashx1[38;2;192;197;206m([38;2;191;97;106mroot[38;2;192;197;206m:[38;2;192;197;206m [38;2;192;197;206m&[38;2;180;142;173mmut[38;2;192;197;206m [[38;2;180;142;173mu8[38;2;192;197;206m], [38;2;191;97;106mauth_path[38;2;192;197;206m:[38;2;192;197;206m [38;2;192;197;206m&[38;2;180;142;173mmut[38;2;192;197;206m [[38;2;180;142;173mu8[38;2;192;197;206m], [38;2;191;97;106mctx[38;2;192;197;206m:[38;2;192;197;206m [38;2;192;197;206m&[38;2;192;197;206mSpxCtx,[K
[0m[48;2;79;40;40m[39m- 115    [0m:[39m[48;2;36;25;28m [38;2;192;197;206m                   [38;2;191;97;106mleaf_idx[38;2;192;197;206m:[38;2;192;197;206m [38;2;180;142;173mu32[38;2;192;197;206m, [38;2;191;97;106midx_offset[38;2;192;197;206m:[38;2;192;197;206m [38;2;180;142;173mu32[38;2;192;197;206m, [38;2;191;97;106mtree_height[38;2;192;197;206m:[38;2;192;197;206m [38;2;180;142;173mu32[38;2;192;197;206m,[K
[0m[48;2;79;40;40m[39m- 116    [0m:[39m[48;2;36;25;28m [38;2;192;197;206m                   [38;2;191;97;106mtree_addr[38;2;192;197;206m:[38;2;192;197;206m [38;2;192;197;206m&[38;2;180;142;173mmut[38;2;192;197;206m Addr, [38;2;191;97;106minfo[38;2;192;197;206m:[38;2;192;197;206m [38;2;192;197;206m&[38;2;180;142;173mmut[38;2;192;197;206m ForsGenLeafInfo[38;2;192;197;206m)[38;2;192;197;206m [38;2;192;197;206m{[K
[0m[48;2;79;40;40m[39m- 117    [0m:[39m[48;2;36;25;28m [38;2;192;197;206m    [38;2;180;142;173mlet[38;2;192;197;206m [38;2;180;142;173mmut[38;2;192;197;206m stack [38;2;192;197;206m=[38;2;192;197;206m [38;2;192;197;206mvec![38;2;192;197;206m[[38;2;208;135;112m0[38;2;180;142;173mu8[38;2;192;197;206m;[38;2;192;197;206m tree_height [38;2;192;197;206mas[38;2;192;197;206m [38;2;180;142;173musize[38;2;192;197;206m [38;2;192;197;206m*[38;2;192;197;206m [38;2;208;135;112mSPX_N[38;2;192;197;206m][38;2;192;197;206m;[K
[0m[48;2;79;40;40m[39m- 118    [0m:[39m[48;2;36;25;28m [38;2;192;197;206m    [38;2;180;142;173mlet[38;2;192;197;206m max_idx[38;2;192;197;206m:[38;2;192;197;206m [38;2;180;142;173mu32[38;2;192;197;206m [38;2;192;197;206m=[38;2;192;197;206m [38;2;192;197;206m([38;2;208;135;112m1[38;2;180;142;173mu32[38;2;192;197;206m [38;2;192;197;206m<[38;2;192;197;206m<[38;2;192;197;206m tree_height[38;2;192;197;206m)[38;2;192;197;206m [38;2;192;197;206m-[38;2;192;197;206m [38;2;208;135;112m1[38;2;192;197;206m;[K
[0m[48;2;79;40;40m[39m- 119    [0m:[39m[48;2;36;25;28m [K
[0m[48;2;79;40;40m[39m- 120    [0m:[39m[48;2;36;25;28m [38;2;192;197;206m    [38;2;180;142;173mfor[38;2;192;197;206m idx [38;2;192;197;206min[38;2;192;197;206m [38;2;208;135;112m0[38;2;180;142;173mu32[38;2;192;197;206m..[38;2;192;197;206m [38;2;192;197;206m{[K
[0m[48;2;79;40;40m[39m- 121    [0m:[39m[48;2;36;25;28m [38;2;192;197;206m        [38;2;180;142;173mlet[38;2;192;197;206m [38;2;180;142;173mmut[38;2;192;197;206m current [38;2;192;197;206m=[38;2;192;197;206m [38;2;192;197;206m[[38;2;208;135;112m0[38;2;180;142;173mu8[38;2;192;197;206m;[38;2;192;197;206m [38;2;208;135;112m2[38;2;192;197;206m [38;2;192;197;206m*[38;2;192;197;206m [38;2;208;135;112mSPX_N[38;2;192;197;206m][38;2;192;197;206m;[K
[0m[48;2;79;40;40m[39m- 122    [0m:[39m[48;2;36;25;28m [38;2;192;197;206m        [38;2;150;181;180mfors_gen_leafx1[38;2;192;197;206m([38;2;192;197;206m&[38;2;180;142;173mmut[38;2;192;197;206m current[38;2;192;197;206m[[38;2;208;135;112mSPX_N[38;2;192;197;206m..[38;2;192;197;206m][38;2;192;197;206m,[38;2;192;197;206m ctx[38;2;192;197;206m,[38;2;192;197;206m idx [38;2;192;197;206m+[38;2;192;197;206m idx_offset[38;2;192;197;206m,[38;2;192;197;206m info[38;2;192;197;206m)[38;2;192;197;206m;[K
[0m[48;2;79;40;40m[39m- 123    [0m:[39m[48;2;36;25;28m [K
[0m[48;2;79;40;40m[39m- 124    [0m:[39m[48;2;36;25;28m [38;2;192;197;206m        [38;2;180;142;173mlet[38;2;192;197;206m [38;2;180;142;173mmut[38;2;192;197;206m internal_idx_offset [38;2;192;197;206m=[38;2;192;197;206m idx_offset[38;2;192;197;206m;[K
[0m[48;2;79;40;40m[39m- 125    [0m:[39m[48;2;36;25;28m [38;2;192;197;206m        [38;2;180;142;173mlet[38;2;192;197;206m [38;2;180;142;173mmut[38;2;192;197;206m internal_idx [38;2;192;197;206m=[38;2;192;197;206m idx[38;2;192;197;206m;[K
[0m[48;2;79;40;40m[39m- 126    [0m:[39m[48;2;36;25;28m [38;2;192;197;206m        [38;2;180;142;173mlet[38;2;192;197;206m [38;2;180;142;173mmut[38;2;192;197;206m internal_leaf [38;2;192;197;206m=[38;2;192;197;206m leaf_idx[38;2;192;197;206m;[K
[0m[48;2;79;40;40m[39m- 127    [0m:[39m[48;2;36;25;28m [K
[0m[48;2;79;40;40m[39m- 128    [0m:[39m[48;2;36;25;28m [38;2;192;197;206m        [38;2;180;142;173mfor[38;2;192;197;206m h [38;2;192;197;206min[38;2;192;197;206m [38;2;208;135;112m0[38;2;180;142;173mu32[38;2;192;197;206m..[38;2;192;197;206m [38;2;192;197;206m{[K
[0m[48;2;79;40;40m[39m- 129    [0m:[39m[48;2;36;25;28m [38;2;192;197;206m            [38;2;180;142;173mif[38;2;192;197;206m h [38;2;192;197;206m=[38;2;192;197;206m=[38;2;192;197;206m tree_height [38;2;192;197;206m{[K
[0m[48;2;79;40;40m[39m- 130    [0m:[39m[48;2;36;25;28m [38;2;192;197;206m                root[38;2;192;197;206m[[38;2;192;197;206m..[38;2;208;135;112mSPX_N[38;2;192;197;206m][38;2;192;197;206m.[38;2;150;181;180mcopy_from_slice[38;2;192;197;206m([38;2;192;197;206m&[38;2;192;197;206mcurrent[38;2;192;197;206m[[38;2;208;135;112mSPX_N[38;2;192;197;206m..[38;2;208;135;112mSPX_N[38;2;192;197;206m [38;2;192;197;206m*[38;2;192;197;206m [38;2;208;135;112m2[38;2;192;197;206m][38;2;192;197;206m)[38;2;192;197;206m;[K
[0m[48;2;79;40;40m[39m- 131    [0m:[39m[48;2;36;25;28m [38;2;192;197;206m                [38;2;180;142;173mreturn[38;2;192;197;206m;[K
[0m[48;2;79;40;40m[39m- 132    [0m:[39m[48;2;36;25;28m [38;2;192;197;206m            [38;2;192;197;206m}[K
[0m[48;2;79;40;40m[39m- 133    [0m:[39m[48;2;36;25;28m [38;2;192;197;206m            [38;2;180;142;173mif[38;2;192;197;206m [38;2;192;197;206m([38;2;192;197;206minternal_idx [38;2;192;197;206m^[38;2;192;197;206m internal_leaf[38;2;192;197;206m)[38;2;192;197;206m [38;2;192;197;206m=[38;2;192;197;206m=[38;2;192;197;206m [38;2;208;135;112m0x01[38;2;192;197;206m [38;2;192;197;206m{[K
[0m[48;2;79;40;40m[39m- 134    [0m:[39m[48;2;36;25;28m [38;2;192;197;206m                auth_path[38;2;192;197;206m[[38;2;192;197;206mh [38;2;192;197;206mas[38;2;192;197;206m [38;2;180;142;173musize[38;2;192;197;206m [38;2;192;197;206m*[38;2;192;197;206m [38;2;208;135;112mSPX_N[38;2;192;197;206m..[38;2;192;197;206m([38;2;192;197;206mh [38;2;192;197;206mas[38;2;192;197;206m [38;2;180;142;173musize[38;2;192;197;206m [38;2;192;197;206m+[38;2;192;197;206m [38;2;208;135;112m1[38;2;192;197;206m)[38;2;192;197;206m [38;2;192;197;206m*[38;2;192;197;206m [38;2;208;135;112mSPX_N[38;2;192;197;206m][K
[0m[48;2;79;40;40m[39m- 135    [0m:[39m[48;2;36;25;28m [38;2;192;197;206m                    .[38;2;150;181;180mcopy_from_slice[38;2;192;197;206m([38;2;192;197;206m&[38;2;192;197;206mcurrent[38;2;192;197;206m[[38;2;208;135;112mSPX_N[38;2;192;197;206m..[38;2;208;135;112mSPX_N[38;2;192;197;206m [38;2;192;197;206m*[38;2;192;197;206m [38;2;208;135;112m2[38;2;192;197;206m][38;2;192;197;206m)[38;2;192;197;206m;[K
[0m[48;2;79;40;40m[39m- 136    [0m:[39m[48;2;36;25;28m [38;2;192;197;206m            [38;2;192;197;206m}[K
[0m[48;2;79;40;40m[39m- 137    [0m:[39m[48;2;36;25;28m [38;2;192;197;206m            [38;2;180;142;173mif[38;2;192;197;206m [38;2;192;197;206m([38;2;192;197;206minternal_idx [38;2;192;197;206m&[38;2;192;197;206m [38;2;208;135;112m1[38;2;192;197;206m)[38;2;192;197;206m [38;2;192;197;206m=[38;2;192;197;206m=[38;2;192;197;206m [38;2;208;135;112m0[38;2;192;197;206m [38;2;192;197;206m&[38;2;192;197;206m&[38;2;192;197;206m idx [38;2;192;197;206m<[38;2;192;197;206m max_idx [38;2;192;197;206m{[K
[0m[48;2;79;40;40m[39m- 138    [0m:[39m[48;2;36;25;28m [38;2;192;197;206m                [38;2;180;142;173mbreak[38;2;192;197;206m;[K
[0m[48;2;79;40;40m[39m- 139    [0m:[39m[48;2;36;25;28m [38;2;192;197;206m            [38;2;192;197;206m}[K
[0m[48;2;79;40;40m[39m- 140    [0m:[39m[48;2;36;25;28m [38;2;192;197;206m            internal_idx_offset [38;2;192;197;206m>[38;2;192;197;206m>[38;2;192;197;206m=[38;2;192;197;206m [38;2;208;135;112m1[38;2;192;197;206m;[K
[0m[48;2;79;40;40m[39m- 141    [0m:[39m[48;2;36;25;28m [38;2;192;197;206m            [38;2;150;181;180mset_tree_height[38;2;192;197;206m([38;2;192;197;206mtree_addr[38;2;192;197;206m,[38;2;192;197;206m h [38;2;192;197;206m+[38;2;192;197;206m [38;2;208;135;112m1[38;2;192;197;206m)[38;2;192;197;206m;[K
[0m[48;2;79;40;40m[39m- 142    [0m:[39m[48;2;36;25;28m [38;2;192;197;206m            [38;2;150;181;180mset_tree_index[38;2;192;197;206m([38;2;192;197;206mtree_addr[38;2;192;197;206m,[38;2;192;197;206m internal_idx [38;2;192;197;206m/[38;2;192;197;206m [38;2;208;135;112m2[38;2;192;197;206m [38;2;192;197;206m+[38;2;192;197;206m internal_idx_offset[38;2;192;197;206m)[38;2;192;197;206m;[K
[0m[48;2;79;40;40m[39m- 143    [0m:[39m[48;2;36;25;28m [K
[0m[48;2;79;40;40m[39m- 144    [0m:[39m[48;2;36;25;28m [38;2;192;197;206m            [38;2;180;142;173mlet[38;2;192;197;206m left_start [38;2;192;197;206m=[38;2;192;197;206m h [38;2;192;197;206mas[38;2;192;197;206m [38;2;180;142;173musize[38;2;192;197;206m [38;2;192;197;206m*[38;2;192;197;206m [38;2;208;135;112mSPX_N[38;2;192;197;206m;[K
[0m[48;2;79;40;40m[39m- 145    [0m:[39m[48;2;36;25;28m [38;2;192;197;206m            current[38;2;192;197;206m[[38;2;192;197;206m..[38;2;208;135;112mSPX_N[38;2;192;197;206m][38;2;192;197;206m.[38;2;150;181;180mcopy_from_slice[38;2;192;197;206m([38;2;192;197;206m&[38;2;192;197;206mstack[38;2;192;197;206m[[38;2;192;197;206mleft_start[38;2;192;197;206m..[38;2;192;197;206mleft_start [38;2;192;197;206m+[38;2;192;197;206m [38;2;208;135;112mSPX_N[38;2;192;197;206m][38;2;192;197;206m)[38;2;192;197;206m;[K
[0m[48;2;79;40;40m[39m- 146    [0m:[39m[48;2;36;25;28m [38;2;192;197;206m            [38;2;150;181;180mthash[38;2;192;197;206m([38;2;192;197;206m&[38;2;180;142;173mmut[38;2;192;197;206m current[38;2;192;197;206m[[38;2;208;135;112mSPX_N[38;2;192;197;206m..[38;2;192;197;206m][38;2;192;197;206m,[38;2;192;197;206m [38;2;192;197;206m&[38;2;192;197;206mcurrent[38;2;192;197;206m[[38;2;192;197;206m..[38;2;208;135;112m2[38;2;192;197;206m [38;2;192;197;206m*[38;2;192;197;206m [38;2;208;135;112mSPX_N[38;2;192;197;206m][38;2;192;197;206m,[38;2;192;197;206m [38;2;208;135;112m2[38;2;192;197;206m,[38;2;192;197;206m ctx[38;2;192;197;206m,[38;2;192;197;206m tree_addr[38;2;192;197;206m)[38;2;192;197;206m;[K
[0m[48;2;79;40;40m[39m- 147    [0m:[39m[48;2;36;25;28m [K
[0m[48;2;79;40;40m[39m- 148    [0m:[39m[48;2;36;25;28m [38;2;192;197;206m            internal_idx [38;2;192;197;206m>[38;2;192;197;206m>[38;2;192;197;206m=[38;2;192;197;206m [38;2;208;135;112m1[38;2;192;197;206m;[K
[0m[48;2;79;40;40m[39m- 149    [0m:[39m[48;2;36;25;28m [38;2;192;197;206m            internal_leaf [38;2;192;197;206m>[38;2;192;197;206m>[38;2;192;197;206m=[38;2;192;197;206m [38;2;208;135;112m1[38;2;192;197;206m;[K
[0m[48;2;79;40;40m[39m- 150    [0m:[39m[48;2;36;25;28m [38;2;192;197;206m        [38;2;192;197;206m}[K
[0m[48;2;79;40;40m[39m- 151    [0m:[39m[48;2;36;25;28m [K
[0m[48;2;79;40;40m[39m- 152    [0m:[39m[48;2;36;25;28m [38;2;192;197;206m        [38;2;180;142;173mlet[38;2;192;197;206m h_val [38;2;192;197;206m=[38;2;192;197;206m [38;2;192;197;206m{[K
[0m[48;2;79;40;40m[39m- 153    [0m:[39m[48;2;36;25;28m [38;2;192;197;206m            [38;2;101;115;126m//[38;2;101;115;126m find h where we broke out[K
[0m[48;2;79;40;40m[39m- 154    [0m:[39m[48;2;36;25;28m [38;2;192;197;206m            [38;2;180;142;173mlet[38;2;192;197;206m [38;2;180;142;173mmut[38;2;192;197;206m h [38;2;192;197;206m=[38;2;192;197;206m [38;2;208;135;112m0[38;2;180;142;173mu32[38;2;192;197;206m;[K
[0m[48;2;79;40;40m[39m- 155    [0m:[39m[48;2;36;25;28m [38;2;192;197;206m            [38;2;180;142;173mlet[38;2;192;197;206m [38;2;180;142;173mmut[38;2;192;197;206m ii [38;2;192;197;206m=[38;2;192;197;206m idx[38;2;192;197;206m;[K
[0m[48;2;79;40;40m[39m- 156    [0m:[39m[48;2;36;25;28m [38;2;192;197;206m            [38;2;180;142;173mlet[38;2;192;197;206m [38;2;180;142;173mmut[38;2;192;197;206m il [38;2;192;197;206m=[38;2;192;197;206m leaf_idx[38;2;192;197;206m;[K
[0m[48;2;79;40;40m[39m- 157    [0m:[39m[48;2;36;25;28m [38;2;192;197;206m            [38;2;180;142;173mloop[38;2;192;197;206m [38;2;192;197;206m{[K
[0m[48;2;79;40;40m[39m- 158    [0m:[39m[48;2;36;25;28m [38;2;192;197;206m                [38;2;180;142;173mif[38;2;192;197;206m h [38;2;192;197;206m=[38;2;192;197;206m=[38;2;192;197;206m tree_height [38;2;192;197;206m{[38;2;192;197;206m [38;2;180;142;173mbreak[38;2;192;197;206m;[38;2;192;197;206m [38;2;192;197;206m}[K
[0m[48;2;79;40;40m[39m- 159    [0m:[39m[48;2;36;25;28m [38;2;192;197;206m                [38;2;180;142;173mif[38;2;192;197;206m [38;2;192;197;206m([38;2;192;197;206mii [38;2;192;197;206m^[38;2;192;197;206m il[38;2;192;197;206m)[38;2;192;197;206m [38;2;192;197;206m=[38;2;192;197;206m=[38;2;192;197;206m [38;2;208;135;112m0x01[38;2;192;197;206m [38;2;192;197;206m{[38;2;192;197;206m [38;2;192;197;206m}[K
[0m[48;2;79;40;40m[39m- 160    [0m:[39m[48;2;36;25;28m [38;2;192;197;206m                [38;2;180;142;173mif[38;2;192;197;206m [38;2;192;197;206m([38;2;192;197;206mii [38;2;192;197;206m&[38;2;192;197;206m [38;2;208;135;112m1[38;2;192;197;206m)[38;2;192;197;206m [38;2;192;197;206m=[38;2;192;197;206m=[38;2;192;197;206m [38;2;208;135;112m0[38;2;192;197;206m [38;2;192;197;206m&[38;2;192;197;206m&[38;2;192;197;206m idx [38;2;192;197;206m<[38;2;192;197;206m max_idx [38;2;192;197;206m{[38;2;192;197;206m [38;2;180;142;173mbreak[38;2;192;197;206m;[38;2;192;197;206m [38;2;192;197;206m}[K
[0m[48;2;79;40;40m[39m- 161    [0m:[39m[48;2;36;25;28m [38;2;192;197;206m                ii [38;2;192;197;206m>[38;2;192;197;206m>[38;2;192;197;206m=[38;2;192;197;206m [38;2;208;135;112m1[38;2;192;197;206m;[38;2;192;197;206m il [38;2;192;197;206m>[38;2;192;197;206m>[38;2;192;197;206m=[38;2;192;197;206m [38;2;208;135;112m1[38;2;192;197;206m;[38;2;192;197;206m h [38;2;192;197;206m+[38;2;192;197;206m=[38;2;192;197;206m [38;2;208;135;112m1[38;2;192;197;206m;[K
[0m[48;2;79;40;40m[39m- 162    [0m:[39m[48;2;36;25;28m [38;2;192;197;206m            [38;2;192;197;206m}[K
[0m[48;2;79;40;40m[39m- 163    [0m:[39m[48;2;36;25;28m [38;2;192;197;206m            h[K
[0m[48;2;79;40;40m[39m- 164    [0m:[39m[48;2;36;25;28m [38;2;192;197;206m        [38;2;192;197;206m}[38;2;192;197;206m;[K
[0m[48;2;79;40;40m[39m- 165    [0m:[39m[48;2;36;25;28m [38;2;192;197;206m        stack[38;2;192;197;206m[[38;2;192;197;206mh_val [38;2;192;197;206mas[38;2;192;197;206m [38;2;180;142;173musize[38;2;192;197;206m [38;2;192;197;206m*[38;2;192;197;206m [38;2;208;135;112mSPX_N[38;2;192;197;206m..[38;2;192;197;206m([38;2;192;197;206mh_val [38;2;192;197;206mas[38;2;192;197;206m [38;2;180;142;173musize[38;2;192;197;206m [38;2;192;197;206m+[38;2;192;197;206m [38;2;208;135;112m1[38;2;192;197;206m)[38;2;192;197;206m [38;2;192;197;206m*[38;2;192;197;206m [38;2;208;135;112mSPX_N[38;2;192;197;206m][K
[0m[48;2;79;40;40m[39m- 166    [0m:[39m[48;2;36;25;28m [38;2;192;197;206m            .[38;2;150;181;180mcopy_from_slice[38;2;192;197;206m([38;2;192;197;206m&[38;2;192;197;206mcurrent[38;2;192;197;206m[[38;2;208;135;112mSPX_N[38;2;192;197;206m..[38;2;208;135;112mSPX_N[38;2;192;197;206m [38;2;192;197;206m*[38;2;192;197;206m [38;2;208;135;112m2[38;2;192;197;206m][38;2;192;197;206m)[38;2;192;197;206m;[K
[0m[48;2;79;40;40m[39m- 167    [0m:[39m[48;2;36;25;28m [38;2;192;197;206m    [38;2;192;197;206m}[K
[0m[48;2;43;48;59m[39m  168, 98[0m:[39m[48;2;43;48;59m [38;2;192;197;206m}[K
[0m[K
Replacing: [38;5;141msrc/fors.rs[0m
[38;5;244m - Completed in 0.40s[0m
[38;5;12m[1m [1.15][0m[0m
[?25l[0m[?25l[0m[0mI'll create the following file: [38;5;141m/local/home/scheschb/reserach/TRACTOR/harvest-agentic/results/P01_sphincs_plus/010_sphincs_PQCgenKAT_sign_blake_192f_robust/translated_rust/src/utilsx1.rs[0m[38;5;244m (using tool: write)[0m

[48;2;40;67;43m[39m+     1[0m:[39m[48;2;24;38;30m [38;2;180;142;173muse[38;2;192;197;206m [38;2;180;142;173mcrate[38;2;192;197;206m::[38;2;192;197;206mparams[38;2;192;197;206m::[38;2;192;197;206m*[38;2;192;197;206m;[K
[0m[48;2;40;67;43m[39m+     2[0m:[39m[48;2;24;38;30m [38;2;180;142;173muse[38;2;192;197;206m [38;2;180;142;173mcrate[38;2;192;197;206m::[38;2;192;197;206mcontext[38;2;192;197;206m::[38;2;192;197;206mSpxCtx[38;2;192;197;206m;[K
[0m[48;2;40;67;43m[39m+     3[0m:[39m[48;2;24;38;30m [38;2;180;142;173muse[38;2;192;197;206m [38;2;180;142;173mcrate[38;2;192;197;206m::[38;2;192;197;206maddress[38;2;192;197;206m::[38;2;192;197;206m*[38;2;192;197;206m;[K
[0m[48;2;40;67;43m[39m+     4[0m:[39m[48;2;24;38;30m [38;2;180;142;173muse[38;2;192;197;206m [38;2;180;142;173mcrate[38;2;192;197;206m::[38;2;192;197;206mthash[38;2;192;197;206m::[38;2;192;197;206mthash[38;2;192;197;206m;[K
[0m[48;2;40;67;43m[39m+     5[0m:[39m[48;2;24;38;30m [38;2;180;142;173muse[38;2;192;197;206m [38;2;180;142;173mcrate[38;2;192;197;206m::[38;2;192;197;206mwotsx1[38;2;192;197;206m::[38;2;192;197;206m{[38;2;192;197;206mLeafInfoX1[38;2;192;197;206m,[38;2;192;197;206m wots_gen_leafx1[38;2;192;197;206m}[38;2;192;197;206m;[K
[0m[48;2;40;67;43m[39m+     6[0m:[39m[48;2;24;38;30m [38;2;180;142;173muse[38;2;192;197;206m [38;2;180;142;173mcrate[38;2;192;197;206m::[38;2;192;197;206mfors[38;2;192;197;206m::[38;2;192;197;206m{[38;2;192;197;206mForsGenLeafInfo[38;2;192;197;206m,[38;2;192;197;206m fors_gen_leafx1[38;2;192;197;206m}[38;2;192;197;206m;[K
[0m[48;2;40;67;43m[39m+     7[0m:[39m[48;2;24;38;30m [K
[0m[48;2;40;67;43m[39m+     8[0m:[39m[48;2;24;38;30m [38;2;101;115;126m//[38;2;101;115;126m Generic treehash used by both wots and fors variants[K
[0m[48;2;40;67;43m[39m+     9[0m:[39m[48;2;24;38;30m [38;2;101;115;126m//[38;2;101;115;126m Direct translation of the C utilsx1.c treehash algorithm[K
[0m[48;2;40;67;43m[39m+    10[0m:[39m[48;2;24;38;30m [38;2;180;142;173mfn[38;2;192;197;206m [38;2;143;161;179mtreehashx1[38;2;192;197;206m<[38;2;192;197;206mF[38;2;192;197;206m>[38;2;192;197;206m([38;2;191;97;106mroot[38;2;192;197;206m:[38;2;192;197;206m [38;2;192;197;206m&[38;2;180;142;173mmut[38;2;192;197;206m [[38;2;180;142;173mu8[38;2;192;197;206m], [38;2;191;97;106mauth_path[38;2;192;197;206m:[38;2;192;197;206m [38;2;192;197;206m&[38;2;180;142;173mmut[38;2;192;197;206m [[38;2;180;142;173mu8[38;2;192;197;206m], [38;2;191;97;106mctx[38;2;192;197;206m:[38;2;192;197;206m [38;2;192;197;206m&[38;2;192;197;206mSpxCtx,[K
[0m[48;2;40;67;43m[39m+    11[0m:[39m[48;2;24;38;30m [38;2;192;197;206m                 [38;2;191;97;106mleaf_idx[38;2;192;197;206m:[38;2;192;197;206m [38;2;180;142;173mu32[38;2;192;197;206m, [38;2;191;97;106midx_offset[38;2;192;197;206m:[38;2;192;197;206m [38;2;180;142;173mu32[38;2;192;197;206m, [38;2;191;97;106mtree_height[38;2;192;197;206m:[38;2;192;197;206m [38;2;180;142;173mu32[38;2;192;197;206m,[K
[0m[48;2;40;67;43m[39m+    12[0m:[39m[48;2;24;38;30m [38;2;192;197;206m                 [38;2;191;97;106mtree_addr[38;2;192;197;206m:[38;2;192;197;206m [38;2;192;197;206m&[38;2;180;142;173mmut[38;2;192;197;206m Addr, [38;2;180;142;173mmut[38;2;192;197;206m [38;2;191;97;106mgen_leaf[38;2;192;197;206m:[38;2;192;197;206m F[38;2;192;197;206m)[K
[0m[48;2;40;67;43m[39m+    13[0m:[39m[48;2;24;38;30m [38;2;180;142;173mwhere[38;2;192;197;206m F[38;2;192;197;206m:[38;2;192;197;206m FnMut[38;2;192;197;206m([38;2;192;197;206m&[38;2;180;142;173mmut[38;2;192;197;206m [[38;2;180;142;173mu8[38;2;192;197;206m], [38;2;192;197;206m&[38;2;192;197;206mSpxCtx, [38;2;180;142;173mu32[38;2;192;197;206m)[K
[0m[48;2;40;67;43m[39m+    14[0m:[39m[48;2;24;38;30m [38;2;192;197;206m{[K
[0m[48;2;40;67;43m[39m+    15[0m:[39m[48;2;24;38;30m [38;2;192;197;206m    [38;2;180;142;173mlet[38;2;192;197;206m [38;2;180;142;173mmut[38;2;192;197;206m stack [38;2;192;197;206m=[38;2;192;197;206m [38;2;192;197;206mvec![38;2;192;197;206m[[38;2;208;135;112m0[38;2;180;142;173mu8[38;2;192;197;206m;[38;2;192;197;206m tree_height [38;2;192;197;206mas[38;2;192;197;206m [38;2;180;142;173musize[38;2;192;197;206m [38;2;192;197;206m*[38;2;192;197;206m [38;2;208;135;112mSPX_N[38;2;192;197;206m][38;2;192;197;206m;[K
[0m[48;2;40;67;43m[39m+    16[0m:[39m[48;2;24;38;30m [38;2;192;197;206m    [38;2;180;142;173mlet[38;2;192;197;206m max_idx[38;2;192;197;206m:[38;2;192;197;206m [38;2;180;142;173mu32[38;2;192;197;206m [38;2;192;197;206m=[38;2;192;197;206m [38;2;192;197;206m([38;2;208;135;112m1[38;2;180;142;173mu32[38;2;192;197;206m [38;2;192;197;206m<[38;2;192;197;206m<[38;2;192;197;206m tree_height[38;2;192;197;206m)[38;2;192;197;206m [38;2;192;197;206m-[38;2;192;197;206m [38;2;208;135;112m1[38;2;192;197;206m;[K
[0m[48;2;40;67;43m[39m+    17[0m:[39m[48;2;24;38;30m [K
[0m[48;2;40;67;43m[39m+    18[0m:[39m[48;2;24;38;30m [38;2;192;197;206m    [38;2;180;142;173mfor[38;2;192;197;206m idx [38;2;192;197;206min[38;2;192;197;206m [38;2;208;135;112m0[38;2;180;142;173mu32[38;2;192;197;206m..[38;2;192;197;206m [38;2;192;197;206m{[K
[0m[48;2;40;67;43m[39m+    19[0m:[39m[48;2;24;38;30m [38;2;192;197;206m        [38;2;180;142;173mlet[38;2;192;197;206m [38;2;180;142;173mmut[38;2;192;197;206m current [38;2;192;197;206m=[38;2;192;197;206m [38;2;192;197;206mvec![38;2;192;197;206m[[38;2;208;135;112m0[38;2;180;142;173mu8[38;2;192;197;206m;[38;2;192;197;206m [38;2;208;135;112m2[38;2;192;197;206m [38;2;192;197;206m*[38;2;192;197;206m [38;2;208;135;112mSPX_N[38;2;192;197;206m][38;2;192;197;206m;[K
[0m[48;2;40;67;43m[39m+    20[0m:[39m[48;2;24;38;30m [38;2;192;197;206m        [38;2;150;181;180mgen_leaf[38;2;192;197;206m([38;2;192;197;206m&[38;2;180;142;173mmut[38;2;192;197;206m current[38;2;192;197;206m[[38;2;208;135;112mSPX_N[38;2;192;197;206m..[38;2;192;197;206m][38;2;192;197;206m,[38;2;192;197;206m ctx[38;2;192;197;206m,[38;2;192;197;206m idx [38;2;192;197;206m+[38;2;192;197;206m idx_offset[38;2;192;197;206m)[38;2;192;197;206m;[K
[0m[48;2;40;67;43m[39m+    21[0m:[39m[48;2;24;38;30m [K
[0m[48;2;40;67;43m[39m+    22[0m:[39m[48;2;24;38;30m [38;2;192;197;206m        [38;2;180;142;173mlet[38;2;192;197;206m [38;2;180;142;173mmut[38;2;192;197;206m internal_idx_offset [38;2;192;197;206m=[38;2;192;197;206m idx_offset[38;2;192;197;206m;[K
[0m[48;2;40;67;43m[39m+    23[0m:[39m[48;2;24;38;30m [38;2;192;197;206m        [38;2;180;142;173mlet[38;2;192;197;206m [38;2;180;142;173mmut[38;2;192;197;206m internal_idx [38;2;192;197;206m=[38;2;192;197;206m idx[38;2;192;197;206m;[K
[0m[48;2;40;67;43m[39m+    24[0m:[39m[48;2;24;38;30m [38;2;192;197;206m        [38;2;180;142;173mlet[38;2;192;197;206m [38;2;180;142;173mmut[38;2;192;197;206m internal_leaf [38;2;192;197;206m=[38;2;192;197;206m leaf_idx[38;2;192;197;206m;[K
[0m[48;2;40;67;43m[39m+    25[0m:[39m[48;2;24;38;30m [38;2;192;197;206m        [38;2;180;142;173mlet[38;2;192;197;206m [38;2;180;142;173mmut[38;2;192;197;206m h[38;2;192;197;206m:[38;2;192;197;206m [38;2;180;142;173mu32[38;2;192;197;206m [38;2;192;197;206m=[38;2;192;197;206m [38;2;208;135;112m0[38;2;192;197;206m;[K
[0m[48;2;40;67;43m[39m+    26[0m:[39m[48;2;24;38;30m [K
[0m[48;2;40;67;43m[39m+    27[0m:[39m[48;2;24;38;30m [38;2;192;197;206m        [38;2;180;142;173mloop[38;2;192;197;206m [38;2;192;197;206m{[K
[0m[48;2;40;67;43m[39m+    28[0m:[39m[48;2;24;38;30m [38;2;192;197;206m            [38;2;180;142;173mif[38;2;192;197;206m h [38;2;192;197;206m=[38;2;192;197;206m=[38;2;192;197;206m tree_height [38;2;192;197;206m{[K
[0m[48;2;40;67;43m[39m+    29[0m:[39m[48;2;24;38;30m [38;2;192;197;206m                root[38;2;192;197;206m[[38;2;192;197;206m..[38;2;208;135;112mSPX_N[38;2;192;197;206m][38;2;192;197;206m.[38;2;150;181;180mcopy_from_slice[38;2;192;197;206m([38;2;192;197;206m&[38;2;192;197;206mcurrent[38;2;192;197;206m[[38;2;208;135;112mSPX_N[38;2;192;197;206m..[38;2;208;135;112m2[38;2;192;197;206m [38;2;192;197;206m*[38;2;192;197;206m [38;2;208;135;112mSPX_N[38;2;192;197;206m][38;2;192;197;206m)[38;2;192;197;206m;[K
[0m[48;2;40;67;43m[39m+    30[0m:[39m[48;2;24;38;30m [38;2;192;197;206m                [38;2;180;142;173mreturn[38;2;192;197;206m;[K
[0m[48;2;40;67;43m[39m+    31[0m:[39m[48;2;24;38;30m [38;2;192;197;206m            [38;2;192;197;206m}[K
[0m[48;2;40;67;43m[39m+    32[0m:[39m[48;2;24;38;30m [38;2;192;197;206m            [38;2;180;142;173mif[38;2;192;197;206m [38;2;192;197;206m([38;2;192;197;206minternal_idx [38;2;192;197;206m^[38;2;192;197;206m internal_leaf[38;2;192;197;206m)[38;2;192;197;206m [38;2;192;197;206m=[38;2;192;197;206m=[38;2;192;197;206m [38;2;208;135;112m0x01[38;2;192;197;206m [38;2;192;197;206m{[K
[0m[48;2;40;67;43m[39m+    33[0m:[39m[48;2;24;38;30m [38;2;192;197;206m                auth_path[38;2;192;197;206m[[38;2;192;197;206mh [38;2;192;197;206mas[38;2;192;197;206m [38;2;180;142;173musize[38;2;192;197;206m [38;2;192;197;206m*[38;2;192;197;206m [38;2;208;135;112mSPX_N[38;2;192;197;206m..[38;2;192;197;206m([38;2;192;197;206mh [38;2;192;197;206mas[38;2;192;197;206m [38;2;180;142;173musize[38;2;192;197;206m [38;2;192;197;206m+[38;2;192;197;206m [38;2;208;135;112m1[38;2;192;197;206m)[38;2;192;197;206m [38;2;192;197;206m*[38;2;192;197;206m [38;2;208;135;112mSPX_N[38;2;192;197;206m][K
[0m[48;2;40;67;43m[39m+    34[0m:[39m[48;2;24;38;30m [38;2;192;197;206m                    .[38;2;150;181;180mcopy_from_slice[38;2;192;197;206m([38;2;192;197;206m&[38;2;192;197;206mcurrent[38;2;192;197;206m[[38;2;208;135;112mSPX_N[38;2;192;197;206m..[38;2;208;135;112m2[38;2;192;197;206m [38;2;192;197;206m*[38;2;192;197;206m [38;2;208;135;112mSPX_N[38;2;192;197;206m][38;2;192;197;206m)[38;2;192;197;206m;[K
[0m[48;2;40;67;43m[39m+    35[0m:[39m[48;2;24;38;30m [38;2;192;197;206m            [38;2;192;197;206m}[K
[0m[48;2;40;67;43m[39m+    36[0m:[39m[48;2;24;38;30m [38;2;192;197;206m            [38;2;180;142;173mif[38;2;192;197;206m [38;2;192;197;206m([38;2;192;197;206minternal_idx [38;2;192;197;206m&[38;2;192;197;206m [38;2;208;135;112m1[38;2;192;197;206m)[38;2;192;197;206m [38;2;192;197;206m=[38;2;192;197;206m=[38;2;192;197;206m [38;2;208;135;112m0[38;2;192;197;206m [38;2;192;197;206m&[38;2;192;197;206m&[38;2;192;197;206m idx [38;2;192;197;206m<[38;2;192;197;206m max_idx [38;2;192;197;206m{[K
[0m[48;2;40;67;43m[39m+    37[0m:[39m[48;2;24;38;30m [38;2;192;197;206m                [38;2;180;142;173mbreak[38;2;192;197;206m;[K
[0m[48;2;40;67;43m[39m+    38[0m:[39m[48;2;24;38;30m [38;2;192;197;206m            [38;2;192;197;206m}[K
[0m[48;2;40;67;43m[39m+    39[0m:[39m[48;2;24;38;30m [K
[0m[48;2;40;67;43m[39m+    40[0m:[39m[48;2;24;38;30m [38;2;192;197;206m            internal_idx_offset [38;2;192;197;206m>[38;2;192;197;206m>[38;2;192;197;206m=[38;2;192;197;206m [38;2;208;135;112m1[38;2;192;197;206m;[K
[0m[48;2;40;67;43m[39m+    41[0m:[39m[48;2;24;38;30m [38;2;192;197;206m            [38;2;150;181;180mset_tree_height[38;2;192;197;206m([38;2;192;197;206mtree_addr[38;2;192;197;206m,[38;2;192;197;206m h [38;2;192;197;206m+[38;2;192;197;206m [38;2;208;135;112m1[38;2;192;197;206m)[38;2;192;197;206m;[K
[0m[48;2;40;67;43m[39m+    42[0m:[39m[48;2;24;38;30m [38;2;192;197;206m            [38;2;150;181;180mset_tree_index[38;2;192;197;206m([38;2;192;197;206mtree_addr[38;2;192;197;206m,[38;2;192;197;206m internal_idx [38;2;192;197;206m/[38;2;192;197;206m [38;2;208;135;112m2[38;2;192;197;206m [38;2;192;197;206m+[38;2;192;197;206m internal_idx_offset[38;2;192;197;206m)[38;2;192;197;206m;[K
[0m[48;2;40;67;43m[39m+    43[0m:[39m[48;2;24;38;30m [K
[0m[48;2;40;67;43m[39m+    44[0m:[39m[48;2;24;38;30m [38;2;192;197;206m            current[38;2;192;197;206m[[38;2;192;197;206m..[38;2;208;135;112mSPX_N[38;2;192;197;206m][38;2;192;197;206m.[38;2;150;181;180mcopy_from_slice[38;2;192;197;206m([38;2;192;197;206m&[38;2;192;197;206mstack[38;2;192;197;206m[[38;2;192;197;206mh [38;2;192;197;206mas[38;2;192;197;206m [38;2;180;142;173musize[38;2;192;197;206m [38;2;192;197;206m*[38;2;192;197;206m [38;2;208;135;112mSPX_N[38;2;192;197;206m..[38;2;192;197;206m([38;2;192;197;206mh [38;2;192;197;206mas[38;2;192;197;206m [38;2;180;142;173musize[38;2;192;197;206m [38;2;192;197;206m+[38;2;192;197;206m [38;2;208;135;112m1[38;2;192;197;206m)[38;2;192;197;206m [38;2;192;197;206m*[38;2;192;197;206m [38;2;208;135;112mSPX_N[38;2;192;197;206m][38;2;192;197;206m)[38;2;192;197;206m;[K
[0m[48;2;40;67;43m[39m+    45[0m:[39m[48;2;24;38;30m [38;2;192;197;206m            [38;2;180;142;173mlet[38;2;192;197;206m tmp [38;2;192;197;206m=[38;2;192;197;206m current[38;2;192;197;206m[[38;2;192;197;206m..[38;2;208;135;112m2[38;2;192;197;206m [38;2;192;197;206m*[38;2;192;197;206m [38;2;208;135;112mSPX_N[38;2;192;197;206m][38;2;192;197;206m.[38;2;150;181;180mto_vec[38;2;192;197;206m([38;2;192;197;206m)[38;2;192;197;206m;[K
[0m[48;2;40;67;43m[39m+    46[0m:[39m[48;2;24;38;30m [38;2;192;197;206m            [38;2;150;181;180mthash[38;2;192;197;206m([38;2;192;197;206m&[38;2;180;142;173mmut[38;2;192;197;206m current[38;2;192;197;206m[[38;2;208;135;112mSPX_N[38;2;192;197;206m..[38;2;192;197;206m][38;2;192;197;206m,[38;2;192;197;206m [38;2;192;197;206m&[38;2;192;197;206mtmp[38;2;192;197;206m,[38;2;192;197;206m [38;2;208;135;112m2[38;2;192;197;206m,[38;2;192;197;206m ctx[38;2;192;197;206m,[38;2;192;197;206m tree_addr[38;2;192;197;206m)[38;2;192;197;206m;[K
[0m[48;2;40;67;43m[39m+    47[0m:[39m[48;2;24;38;30m [K
[0m[48;2;40;67;43m[39m+    48[0m:[39m[48;2;24;38;30m [38;2;192;197;206m            h [38;2;192;197;206m+[38;2;192;197;206m=[38;2;192;197;206m [38;2;208;135;112m1[38;2;192;197;206m;[K
[0m[48;2;40;67;43m[39m+    49[0m:[39m[48;2;24;38;30m [38;2;192;197;206m            internal_idx [38;2;192;197;206m>[38;2;192;197;206m>[38;2;192;197;206m=[38;2;192;197;206m [38;2;208;135;112m1[38;2;192;197;206m;[K
[0m[48;2;40;67;43m[39m+    50[0m:[39m[48;2;24;38;30m [38;2;192;197;206m            internal_leaf [38;2;192;197;206m>[38;2;192;197;206m>[38;2;192;197;206m=[38;2;192;197;206m [38;2;208;135;112m1[38;2;192;197;206m;[K
[0m[48;2;40;67;43m[39m+    51[0m:[39m[48;2;24;38;30m [38;2;192;197;206m        [38;2;192;197;206m}[K
[0m[48;2;40;67;43m[39m+    52[0m:[39m[48;2;24;38;30m [K
[0m[48;2;40;67;43m[39m+    53[0m:[39m[48;2;24;38;30m [38;2;192;197;206m        stack[38;2;192;197;206m[[38;2;192;197;206mh [38;2;192;197;206mas[38;2;192;197;206m [38;2;180;142;173musize[38;2;192;197;206m [38;2;192;197;206m*[38;2;192;197;206m [38;2;208;135;112mSPX_N[38;2;192;197;206m..[38;2;192;197;206m([38;2;192;197;206mh [38;2;192;197;206mas[38;2;192;197;206m [38;2;180;142;173musize[38;2;192;197;206m [38;2;192;197;206m+[38;2;192;197;206m [38;2;208;135;112m1[38;2;192;197;206m)[38;2;192;197;206m [38;2;192;197;206m*[38;2;192;197;206m [38;2;208;135;112mSPX_N[38;2;192;197;206m][K
[0m[48;2;40;67;43m[39m+    54[0m:[39m[48;2;24;38;30m [38;2;192;197;206m            .[38;2;150;181;180mcopy_from_slice[38;2;192;197;206m([38;2;192;197;206m&[38;2;192;197;206mcurrent[38;2;192;197;206m[[38;2;208;135;112mSPX_N[38;2;192;197;206m..[38;2;208;135;112m2[38;2;192;197;206m [38;2;192;197;206m*[38;2;192;197;206m [38;2;208;135;112mSPX_N[38;2;192;197;206m][38;2;192;197;206m)[38;2;192;197;206m;[K
[0m[48;2;40;67;43m[39m+    55[0m:[39m[48;2;24;38;30m [38;2;192;197;206m    [38;2;192;197;206m}[K
[0m[48;2;40;67;43m[39m+    56[0m:[39m[48;2;24;38;30m [38;2;192;197;206m}[K
[0m[48;2;40;67;43m[39m+    57[0m:[39m[48;2;24;38;30m [K
[0m[48;2;40;67;43m[39m+    58[0m:[39m[48;2;24;38;30m [38;2;180;142;173mpub[38;2;192;197;206m [38;2;180;142;173mfn[38;2;192;197;206m [38;2;143;161;179mwots_treehashx1[38;2;192;197;206m([38;2;191;97;106mroot[38;2;192;197;206m:[38;2;192;197;206m [38;2;192;197;206m&[38;2;180;142;173mmut[38;2;192;197;206m [[38;2;180;142;173mu8[38;2;192;197;206m], [38;2;191;97;106mauth_path[38;2;192;197;206m:[38;2;192;197;206m [38;2;192;197;206m&[38;2;180;142;173mmut[38;2;192;197;206m [[38;2;180;142;173mu8[38;2;192;197;206m], [38;2;191;97;106mctx[38;2;192;197;206m:[38;2;192;197;206m [38;2;192;197;206m&[38;2;192;197;206mSpxCtx,[K
[0m[48;2;40;67;43m[39m+    59[0m:[39m[48;2;24;38;30m [38;2;192;197;206m                       [38;2;191;97;106mleaf_idx[38;2;192;197;206m:[38;2;192;197;206m [38;2;180;142;173mu32[38;2;192;197;206m, [38;2;191;97;106midx_offset[38;2;192;197;206m:[38;2;192;197;206m [38;2;180;142;173mu32[38;2;192;197;206m, [38;2;191;97;106mtree_height[38;2;192;197;206m:[38;2;192;197;206m [38;2;180;142;173mu32[38;2;192;197;206m,[K
[0m[48;2;40;67;43m[39m+    60[0m:[39m[48;2;24;38;30m [38;2;192;197;206m                       [38;2;191;97;106mtree_addr[38;2;192;197;206m:[38;2;192;197;206m [38;2;192;197;206m&[38;2;180;142;173mmut[38;2;192;197;206m Addr, [38;2;191;97;106minfo[38;2;192;197;206m:[38;2;192;197;206m [38;2;192;197;206m&[38;2;180;142;173mmut[38;2;192;197;206m LeafInfoX1[38;2;192;197;206m)[38;2;192;197;206m [38;2;192;197;206m{[K
[0m[48;2;40;67;43m[39m+    61[0m:[39m[48;2;24;38;30m [38;2;192;197;206m    [38;2;101;115;126m//[38;2;101;115;126m We need to pass info mutably to the closure[K
[0m[48;2;40;67;43m[39m+    62[0m:[39m[48;2;24;38;30m [38;2;192;197;206m    [38;2;180;142;173mlet[38;2;192;197;206m info_ptr [38;2;192;197;206m=[38;2;192;197;206m info [38;2;192;197;206mas[38;2;192;197;206m [38;2;192;197;206m*[38;2;180;142;173mmut[38;2;192;197;206m LeafInfoX1[38;2;192;197;206m;[K
[0m[48;2;40;67;43m[39m+    63[0m:[39m[48;2;24;38;30m [38;2;192;197;206m    [38;2;150;181;180mtreehashx1[38;2;192;197;206m([38;2;192;197;206mroot[38;2;192;197;206m,[38;2;192;197;206m auth_path[38;2;192;197;206m,[38;2;192;197;206m ctx[38;2;192;197;206m,[38;2;192;197;206m leaf_idx[38;2;192;197;206m,[38;2;192;197;206m idx_offset[38;2;192;197;206m,[38;2;192;197;206m tree_height[38;2;192;197;206m,[38;2;192;197;206m tree_addr[38;2;192;197;206m,[K
[0m[48;2;40;67;43m[39m+    64[0m:[39m[48;2;24;38;30m [38;2;192;197;206m               [38;2;192;197;206m|[38;2;191;97;106mdest[38;2;192;197;206m,[38;2;192;197;206m [38;2;191;97;106mctx[38;2;192;197;206m,[38;2;192;197;206m [38;2;191;97;106mleaf_idx_inner[38;2;192;197;206m|[38;2;192;197;206m [38;2;192;197;206m{[K
[0m[48;2;40;67;43m[39m+    65[0m:[39m[48;2;24;38;30m [38;2;192;197;206m                   [38;2;180;142;173mlet[38;2;192;197;206m info [38;2;192;197;206m=[38;2;192;197;206m [38;2;180;142;173munsafe[38;2;192;197;206m [38;2;192;197;206m{[38;2;192;197;206m [38;2;192;197;206m&[38;2;180;142;173mmut[38;2;192;197;206m [38;2;192;197;206m*[38;2;192;197;206minfo_ptr [38;2;192;197;206m}[38;2;192;197;206m;[K
[0m[48;2;40;67;43m[39m+    66[0m:[39m[48;2;24;38;30m [38;2;192;197;206m                   [38;2;150;181;180mwots_gen_leafx1[38;2;192;197;206m([38;2;192;197;206mdest[38;2;192;197;206m,[38;2;192;197;206m ctx[38;2;192;197;206m,[38;2;192;197;206m leaf_idx_inner[38;2;192;197;206m,[38;2;192;197;206m info[38;2;192;197;206m)[38;2;192;197;206m;[K
[0m[48;2;40;67;43m[39m+    67[0m:[39m[48;2;24;38;30m [38;2;192;197;206m               [38;2;192;197;206m}[38;2;192;197;206m)[38;2;192;197;206m;[K
[0m[48;2;40;67;43m[39m+    68[0m:[39m[48;2;24;38;30m [38;2;192;197;206m}[K
[0m[48;2;40;67;43m[39m+    69[0m:[39m[48;2;24;38;30m [K
[0m[48;2;40;67;43m[39m+    70[0m:[39m[48;2;24;38;30m [38;2;180;142;173mpub[38;2;192;197;206m [38;2;180;142;173mfn[38;2;192;197;206m [38;2;143;161;179mfors_treehashx1[38;2;192;197;206m([38;2;191;97;106mroot[38;2;192;197;206m:[38;2;192;197;206m [38;2;192;197;206m&[38;2;180;142;173mmut[38;2;192;197;206m [[38;2;180;142;173mu8[38;2;192;197;206m], [38;2;191;97;106mauth_path[38;2;192;197;206m:[38;2;192;197;206m [38;2;192;197;206m&[38;2;180;142;173mmut[38;2;192;197;206m [[38;2;180;142;173mu8[38;2;192;197;206m], [38;2;191;97;106mctx[38;2;192;197;206m:[38;2;192;197;206m [38;2;192;197;206m&[38;2;192;197;206mSpxCtx,[K
[0m[48;2;40;67;43m[39m+    71[0m:[39m[48;2;24;38;30m [38;2;192;197;206m                       [38;2;191;97;106mleaf_idx[38;2;192;197;206m:[38;2;192;197;206m [38;2;180;142;173mu32[38;2;192;197;206m, [38;2;191;97;106midx_offset[38;2;192;197;206m:[38;2;192;197;206m [38;2;180;142;173mu32[38;2;192;197;206m, [38;2;191;97;106mtree_height[38;2;192;197;206m:[38;2;192;197;206m [38;2;180;142;173mu32[38;2;192;197;206m,[K
[0m[48;2;40;67;43m[39m+    72[0m:[39m[48;2;24;38;30m [38;2;192;197;206m                       [38;2;191;97;106mtree_addr[38;2;192;197;206m:[38;2;192;197;206m [38;2;192;197;206m&[38;2;180;142;173mmut[38;2;192;197;206m Addr, [38;2;191;97;106minfo[38;2;192;197;206m:[38;2;192;197;206m [38;2;192;197;206m&[38;2;180;142;173mmut[38;2;192;197;206m ForsGenLeafInfo[38;2;192;197;206m)[38;2;192;197;206m [38;2;192;197;206m{[K
[0m[48;2;40;67;43m[39m+    73[0m:[39m[48;2;24;38;30m [38;2;192;197;206m    [38;2;180;142;173mlet[38;2;192;197;206m info_ptr [38;2;192;197;206m=[38;2;192;197;206m info [38;2;192;197;206mas[38;2;192;197;206m [38;2;192;197;206m*[38;2;180;142;173mmut[38;2;192;197;206m ForsGenLeafInfo[38;2;192;197;206m;[K
[0m[48;2;40;67;43m[39m+    74[0m:[39m[48;2;24;38;30m [38;2;192;197;206m    [38;2;150;181;180mtreehashx1[38;2;192;197;206m([38;2;192;197;206mroot[38;2;192;197;206m,[38;2;192;197;206m auth_path[38;2;192;197;206m,[38;2;192;197;206m ctx[38;2;192;197;206m,[38;2;192;197;206m leaf_idx[38;2;192;197;206m,[38;2;192;197;206m idx_offset[38;2;192;197;206m,[38;2;192;197;206m tree_height[38;2;192;197;206m,[38;2;192;197;206m tree_addr[38;2;192;197;206m,[K
[0m[48;2;40;67;43m[39m+    75[0m:[39m[48;2;24;38;30m [38;2;192;197;206m               [38;2;192;197;206m|[38;2;191;97;106mdest[38;2;192;197;206m,[38;2;192;197;206m [38;2;191;97;106mctx[38;2;192;197;206m,[38;2;192;197;206m [38;2;191;97;106maddr_idx[38;2;192;197;206m|[38;2;192;197;206m [38;2;192;197;206m{[K
[0m[48;2;40;67;43m[39m+    76[0m:[39m[48;2;24;38;30m [38;2;192;197;206m                   [38;2;180;142;173mlet[38;2;192;197;206m info [38;2;192;197;206m=[38;2;192;197;206m [38;2;180;142;173munsafe[38;2;192;197;206m [38;2;192;197;206m{[38;2;192;197;206m [38;2;192;197;206m&[38;2;180;142;173mmut[38;2;192;197;206m [38;2;192;197;206m*[38;2;192;197;206minfo_ptr [38;2;192;197;206m}[38;2;192;197;206m;[K
[0m[48;2;40;67;43m[39m+    77[0m:[39m[48;2;24;38;30m [38;2;192;197;206m                   [38;2;150;181;180mfors_gen_leafx1[38;2;192;197;206m([38;2;192;197;206mdest[38;2;192;197;206m,[38;2;192;197;206m ctx[38;2;192;197;206m,[38;2;192;197;206m addr_idx[38;2;192;197;206m,[38;2;192;197;206m info[38;2;192;197;206m)[38;2;192;197;206m;[K
[0m[48;2;40;67;43m[39m+    78[0m:[39m[48;2;24;38;30m [38;2;192;197;206m               [38;2;192;197;206m}[38;2;192;197;206m)[38;2;192;197;206m;[K
[0m[48;2;40;67;43m[39m+    79[0m:[39m[48;2;24;38;30m [38;2;192;197;206m}[K
[0m[K
Creating: [38;5;141m/local/home/scheschb/reserach/TRACTOR/harvest-agentic/results/P01_sphincs_plus/010_sphincs_PQCgenKAT_sign_blake_192f_robust/translated_rust/src/utilsx1.rs[0m
[38;5;244m - Completed in 0.40s[0m
[38;5;12m[1m [1.16][0m[0m
[?25l[0m[?25l[0m[0mI'll create the following file: [38;5;141m/local/home/scheschb/reserach/TRACTOR/harvest-agentic/results/P01_sphincs_plus/010_sphincs_PQCgenKAT_sign_blake_192f_robust/translated_rust/src/merkle.rs[0m[38;5;244m (using tool: write)[0m

[48;2;40;67;43m[39m+     1[0m:[39m[48;2;24;38;30m [38;2;180;142;173muse[38;2;192;197;206m [38;2;180;142;173mcrate[38;2;192;197;206m::[38;2;192;197;206mparams[38;2;192;197;206m::[38;2;192;197;206m*[38;2;192;197;206m;[K
[0m[48;2;40;67;43m[39m+     2[0m:[39m[48;2;24;38;30m [38;2;180;142;173muse[38;2;192;197;206m [38;2;180;142;173mcrate[38;2;192;197;206m::[38;2;192;197;206mcontext[38;2;192;197;206m::[38;2;192;197;206mSpxCtx[38;2;192;197;206m;[K
[0m[48;2;40;67;43m[39m+     3[0m:[39m[48;2;24;38;30m [38;2;180;142;173muse[38;2;192;197;206m [38;2;180;142;173mcrate[38;2;192;197;206m::[38;2;192;197;206maddress[38;2;192;197;206m::[38;2;192;197;206m*[38;2;192;197;206m;[K
[0m[48;2;40;67;43m[39m+     4[0m:[39m[48;2;24;38;30m [38;2;180;142;173muse[38;2;192;197;206m [38;2;180;142;173mcrate[38;2;192;197;206m::[38;2;192;197;206mwots[38;2;192;197;206m::[38;2;192;197;206mchain_lengths[38;2;192;197;206m;[K
[0m[48;2;40;67;43m[39m+     5[0m:[39m[48;2;24;38;30m [38;2;180;142;173muse[38;2;192;197;206m [38;2;180;142;173mcrate[38;2;192;197;206m::[38;2;192;197;206mwotsx1[38;2;192;197;206m::[38;2;192;197;206mLeafInfoX1[38;2;192;197;206m;[K
[0m[48;2;40;67;43m[39m+     6[0m:[39m[48;2;24;38;30m [38;2;180;142;173muse[38;2;192;197;206m [38;2;180;142;173mcrate[38;2;192;197;206m::[38;2;192;197;206mutilsx1[38;2;192;197;206m::[38;2;192;197;206mwots_treehashx1[38;2;192;197;206m;[K
[0m[48;2;40;67;43m[39m+     7[0m:[39m[48;2;24;38;30m [K
[0m[48;2;40;67;43m[39m+     8[0m:[39m[48;2;24;38;30m [38;2;180;142;173mpub[38;2;192;197;206m [38;2;180;142;173mfn[38;2;192;197;206m [38;2;143;161;179mmerkle_sign[38;2;192;197;206m([38;2;191;97;106msig[38;2;192;197;206m:[38;2;192;197;206m [38;2;192;197;206m&[38;2;180;142;173mmut[38;2;192;197;206m [[38;2;180;142;173mu8[38;2;192;197;206m], [38;2;191;97;106mroot[38;2;192;197;206m:[38;2;192;197;206m [38;2;192;197;206m&[38;2;180;142;173mmut[38;2;192;197;206m [[38;2;180;142;173mu8[38;2;192;197;206m], [38;2;191;97;106mctx[38;2;192;197;206m:[38;2;192;197;206m [38;2;192;197;206m&[38;2;192;197;206mSpxCtx,[K
[0m[48;2;40;67;43m[39m+     9[0m:[39m[48;2;24;38;30m [38;2;192;197;206m                   [38;2;191;97;106mwots_addr[38;2;192;197;206m:[38;2;192;197;206m [38;2;192;197;206m&[38;2;180;142;173mmut[38;2;192;197;206m Addr, [38;2;191;97;106mtree_addr[38;2;192;197;206m:[38;2;192;197;206m [38;2;192;197;206m&[38;2;180;142;173mmut[38;2;192;197;206m Addr, [38;2;191;97;106midx_leaf[38;2;192;197;206m:[38;2;192;197;206m [38;2;180;142;173mu32[38;2;192;197;206m)[38;2;192;197;206m [38;2;192;197;206m{[K
[0m[48;2;40;67;43m[39m+    10[0m:[39m[48;2;24;38;30m [38;2;192;197;206m    [38;2;180;142;173mlet[38;2;192;197;206m auth_path_off [38;2;192;197;206m=[38;2;192;197;206m [38;2;208;135;112mSPX_WOTS_BYTES[38;2;192;197;206m;[K
[0m[48;2;40;67;43m[39m+    11[0m:[39m[48;2;24;38;30m [38;2;192;197;206m    [38;2;180;142;173mlet[38;2;192;197;206m [38;2;180;142;173mmut[38;2;192;197;206m info [38;2;192;197;206m=[38;2;192;197;206m [38;2;192;197;206mLeafInfoX1[38;2;192;197;206m::[38;2;192;197;206mdefault[38;2;192;197;206m([38;2;192;197;206m)[38;2;192;197;206m;[K
[0m[48;2;40;67;43m[39m+    12[0m:[39m[48;2;24;38;30m [K
[0m[48;2;40;67;43m[39m+    13[0m:[39m[48;2;24;38;30m [38;2;192;197;206m    info.wots_sig [38;2;192;197;206m=[38;2;192;197;206m [38;2;192;197;206mvec![38;2;192;197;206m[[38;2;208;135;112m0[38;2;180;142;173mu8[38;2;192;197;206m;[38;2;192;197;206m [38;2;208;135;112mSPX_WOTS_BYTES[38;2;192;197;206m][38;2;192;197;206m;[K
[0m[48;2;40;67;43m[39m+    14[0m:[39m[48;2;24;38;30m [38;2;192;197;206m    [38;2;101;115;126m//[38;2;101;115;126m Copy sig prefix into info.wots_sig - will be written back[K
[0m[48;2;40;67;43m[39m+    15[0m:[39m[48;2;24;38;30m [38;2;192;197;206m    [38;2;180;142;173mlet[38;2;192;197;206m [38;2;180;142;173mmut[38;2;192;197;206m steps [38;2;192;197;206m=[38;2;192;197;206m [38;2;192;197;206m[[38;2;208;135;112m0[38;2;180;142;173mu32[38;2;192;197;206m;[38;2;192;197;206m [38;2;208;135;112mSPX_WOTS_LEN[38;2;192;197;206m][38;2;192;197;206m;[K
[0m[48;2;40;67;43m[39m+    16[0m:[39m[48;2;24;38;30m [38;2;192;197;206m    [38;2;150;181;180mchain_lengths[38;2;192;197;206m([38;2;192;197;206m&[38;2;180;142;173mmut[38;2;192;197;206m steps[38;2;192;197;206m,[38;2;192;197;206m root[38;2;192;197;206m)[38;2;192;197;206m;[K
[0m[48;2;40;67;43m[39m+    17[0m:[39m[48;2;24;38;30m [38;2;192;197;206m    info.wots_steps [38;2;192;197;206m=[38;2;192;197;206m steps[38;2;192;197;206m;[K
[0m[48;2;40;67;43m[39m+    18[0m:[39m[48;2;24;38;30m [K
[0m[48;2;40;67;43m[39m+    19[0m:[39m[48;2;24;38;30m [38;2;192;197;206m    [38;2;150;181;180mset_type[38;2;192;197;206m([38;2;192;197;206mtree_addr[38;2;192;197;206m,[38;2;192;197;206m [38;2;208;135;112mSPX_ADDR_TYPE_HASHTREE[38;2;192;197;206m)[38;2;192;197;206m;[K
[0m[48;2;40;67;43m[39m+    20[0m:[39m[48;2;24;38;30m [38;2;192;197;206m    [38;2;150;181;180mset_type[38;2;192;197;206m([38;2;192;197;206m&[38;2;180;142;173mmut[38;2;192;197;206m info.pk_addr[38;2;192;197;206m,[38;2;192;197;206m [38;2;208;135;112mSPX_ADDR_TYPE_WOTSPK[38;2;192;197;206m)[38;2;192;197;206m;[K
[0m[48;2;40;67;43m[39m+    21[0m:[39m[48;2;24;38;30m [38;2;192;197;206m    [38;2;150;181;180mcopy_subtree_addr[38;2;192;197;206m([38;2;192;197;206m&[38;2;180;142;173mmut[38;2;192;197;206m info.leaf_addr[38;2;192;197;206m,[38;2;192;197;206m wots_addr[38;2;192;197;206m)[38;2;192;197;206m;[K
[0m[48;2;40;67;43m[39m+    22[0m:[39m[48;2;24;38;30m [38;2;192;197;206m    [38;2;150;181;180mcopy_subtree_addr[38;2;192;197;206m([38;2;192;197;206m&[38;2;180;142;173mmut[38;2;192;197;206m info.pk_addr[38;2;192;197;206m,[38;2;192;197;206m wots_addr[38;2;192;197;206m)[38;2;192;197;206m;[K
[0m[48;2;40;67;43m[39m+    23[0m:[39m[48;2;24;38;30m [38;2;192;197;206m    info.wots_sign_leaf [38;2;192;197;206m=[38;2;192;197;206m idx_leaf[38;2;192;197;206m;[K
[0m[48;2;40;67;43m[39m+    24[0m:[39m[48;2;24;38;30m [K
[0m[48;2;40;67;43m[39m+    25[0m:[39m[48;2;24;38;30m [38;2;192;197;206m    [38;2;180;142;173mlet[38;2;192;197;206m [38;2;180;142;173mmut[38;2;192;197;206m auth_buf [38;2;192;197;206m=[38;2;192;197;206m [38;2;192;197;206mvec![38;2;192;197;206m[[38;2;208;135;112m0[38;2;180;142;173mu8[38;2;192;197;206m;[38;2;192;197;206m [38;2;208;135;112mSPX_TREE_HEIGHT[38;2;192;197;206m [38;2;192;197;206m*[38;2;192;197;206m [38;2;208;135;112mSPX_N[38;2;192;197;206m][38;2;192;197;206m;[K
[0m[48;2;40;67;43m[39m+    26[0m:[39m[48;2;24;38;30m [38;2;192;197;206m    [38;2;150;181;180mwots_treehashx1[38;2;192;197;206m([38;2;192;197;206mroot[38;2;192;197;206m,[38;2;192;197;206m [38;2;192;197;206m&[38;2;180;142;173mmut[38;2;192;197;206m auth_buf[38;2;192;197;206m,[38;2;192;197;206m ctx[38;2;192;197;206m,[38;2;192;197;206m idx_leaf[38;2;192;197;206m,[38;2;192;197;206m [38;2;208;135;112m0[38;2;192;197;206m,[38;2;192;197;206m [38;2;208;135;112mSPX_TREE_HEIGHT[38;2;192;197;206m [38;2;192;197;206mas[38;2;192;197;206m [38;2;180;142;173mu32[38;2;192;197;206m,[38;2;192;197;206m tree_addr[38;2;192;197;206m,[38;2;192;197;206m [38;2;192;197;206m&[38;2;180;142;173mmut[38;2;192;197;206m info[38;2;192;197;206m)[38;2;192;197;206m;[K
[0m[48;2;40;67;43m[39m+    27[0m:[39m[48;2;24;38;30m [K
[0m[48;2;40;67;43m[39m+    28[0m:[39m[48;2;24;38;30m [38;2;192;197;206m    [38;2;101;115;126m//[38;2;101;115;126m Copy wots_sig into sig[K
[0m[48;2;40;67;43m[39m+    29[0m:[39m[48;2;24;38;30m [38;2;192;197;206m    sig[38;2;192;197;206m[[38;2;192;197;206m..[38;2;208;135;112mSPX_WOTS_BYTES[38;2;192;197;206m][38;2;192;197;206m.[38;2;150;181;180mcopy_from_slice[38;2;192;197;206m([38;2;192;197;206m&[38;2;192;197;206minfo.wots_sig[38;2;192;197;206m)[38;2;192;197;206m;[K
[0m[48;2;40;67;43m[39m+    30[0m:[39m[48;2;24;38;30m [38;2;192;197;206m    [38;2;101;115;126m//[38;2;101;115;126m Copy auth_path[K
[0m[48;2;40;67;43m[39m+    31[0m:[39m[48;2;24;38;30m [38;2;192;197;206m    sig[38;2;192;197;206m[[38;2;192;197;206mauth_path_off[38;2;192;197;206m..[38;2;192;197;206mauth_path_off [38;2;192;197;206m+[38;2;192;197;206m [38;2;208;135;112mSPX_TREE_HEIGHT[38;2;192;197;206m [38;2;192;197;206m*[38;2;192;197;206m [38;2;208;135;112mSPX_N[38;2;192;197;206m][38;2;192;197;206m.[38;2;150;181;180mcopy_from_slice[38;2;192;197;206m([38;2;192;197;206m&[38;2;192;197;206mauth_buf[38;2;192;197;206m)[38;2;192;197;206m;[K
[0m[48;2;40;67;43m[39m+    32[0m:[39m[48;2;24;38;30m [38;2;192;197;206m}[K
[0m[48;2;40;67;43m[39m+    33[0m:[39m[48;2;24;38;30m [K
[0m[48;2;40;67;43m[39m+    34[0m:[39m[48;2;24;38;30m [38;2;180;142;173mpub[38;2;192;197;206m [38;2;180;142;173mfn[38;2;192;197;206m [38;2;143;161;179mmerkle_gen_root[38;2;192;197;206m([38;2;191;97;106mroot[38;2;192;197;206m:[38;2;192;197;206m [38;2;192;197;206m&[38;2;180;142;173mmut[38;2;192;197;206m [[38;2;180;142;173mu8[38;2;192;197;206m], [38;2;191;97;106mctx[38;2;192;197;206m:[38;2;192;197;206m [38;2;192;197;206m&[38;2;192;197;206mSpxCtx[38;2;192;197;206m)[38;2;192;197;206m [38;2;192;197;206m{[K
[0m[48;2;40;67;43m[39m+    35[0m:[39m[48;2;24;38;30m [38;2;192;197;206m    [38;2;180;142;173mlet[38;2;192;197;206m [38;2;180;142;173mmut[38;2;192;197;206m auth_path [38;2;192;197;206m=[38;2;192;197;206m [38;2;192;197;206mvec![38;2;192;197;206m[[38;2;208;135;112m0[38;2;180;142;173mu8[38;2;192;197;206m;[38;2;192;197;206m [38;2;208;135;112mSPX_TREE_HEIGHT[38;2;192;197;206m [38;2;192;197;206m*[38;2;192;197;206m [38;2;208;135;112mSPX_N[38;2;192;197;206m [38;2;192;197;206m+[38;2;192;197;206m [38;2;208;135;112mSPX_WOTS_BYTES[38;2;192;197;206m][38;2;192;197;206m;[K
[0m[48;2;40;67;43m[39m+    36[0m:[39m[48;2;24;38;30m [38;2;192;197;206m    [38;2;180;142;173mlet[38;2;192;197;206m [38;2;180;142;173mmut[38;2;192;197;206m top_tree_addr[38;2;192;197;206m:[38;2;192;197;206m Addr [38;2;192;197;206m=[38;2;192;197;206m [38;2;192;197;206m[[38;2;208;135;112m0[38;2;192;197;206m;[38;2;192;197;206m [38;2;208;135;112m8[38;2;192;197;206m][38;2;192;197;206m;[K
[0m[48;2;40;67;43m[39m+    37[0m:[39m[48;2;24;38;30m [38;2;192;197;206m    [38;2;180;142;173mlet[38;2;192;197;206m [38;2;180;142;173mmut[38;2;192;197;206m wots_addr[38;2;192;197;206m:[38;2;192;197;206m Addr [38;2;192;197;206m=[38;2;192;197;206m [38;2;192;197;206m[[38;2;208;135;112m0[38;2;192;197;206m;[38;2;192;197;206m [38;2;208;135;112m8[38;2;192;197;206m][38;2;192;197;206m;[K
[0m[48;2;40;67;43m[39m+    38[0m:[39m[48;2;24;38;30m [K
[0m[48;2;40;67;43m[39m+    39[0m:[39m[48;2;24;38;30m [38;2;192;197;206m    [38;2;150;181;180mset_layer_addr[38;2;192;197;206m([38;2;192;197;206m&[38;2;180;142;173mmut[38;2;192;197;206m top_tree_addr[38;2;192;197;206m,[38;2;192;197;206m [38;2;192;197;206m([38;2;208;135;112mSPX_D[38;2;192;197;206m [38;2;192;197;206m-[38;2;192;197;206m [38;2;208;135;112m1[38;2;192;197;206m)[38;2;192;197;206m [38;2;192;197;206mas[38;2;192;197;206m [38;2;180;142;173mu32[38;2;192;197;206m)[38;2;192;197;206m;[K
[0m[48;2;40;67;43m[39m+    40[0m:[39m[48;2;24;38;30m [38;2;192;197;206m    [38;2;150;181;180mset_layer_addr[38;2;192;197;206m([38;2;192;197;206m&[38;2;180;142;173mmut[38;2;192;197;206m wots_addr[38;2;192;197;206m,[38;2;192;197;206m [38;2;192;197;206m([38;2;208;135;112mSPX_D[38;2;192;197;206m [38;2;192;197;206m-[38;2;192;197;206m [38;2;208;135;112m1[38;2;192;197;206m)[38;2;192;197;206m [38;2;192;197;206mas[38;2;192;197;206m [38;2;180;142;173mu32[38;2;192;197;206m)[38;2;192;197;206m;[K
[0m[48;2;40;67;43m[39m+    41[0m:[39m[48;2;24;38;30m [K
[0m[48;2;40;67;43m[39m+    42[0m:[39m[48;2;24;38;30m [38;2;192;197;206m    [38;2;150;181;180mmerkle_sign[38;2;192;197;206m([38;2;192;197;206m&[38;2;180;142;173mmut[38;2;192;197;206m auth_path[38;2;192;197;206m,[38;2;192;197;206m root[38;2;192;197;206m,[38;2;192;197;206m ctx[38;2;192;197;206m,[38;2;192;197;206m [38;2;192;197;206m&[38;2;180;142;173mmut[38;2;192;197;206m wots_addr[38;2;192;197;206m,[38;2;192;197;206m [38;2;192;197;206m&[38;2;180;142;173mmut[38;2;192;197;206m top_tree_addr[38;2;192;197;206m,[38;2;192;197;206m [38;2;192;197;206m![38;2;208;135;112m0[38;2;180;142;173mu32[38;2;192;197;206m)[38;2;192;197;206m;[K
[0m[48;2;40;67;43m[39m+    43[0m:[39m[48;2;24;38;30m [38;2;192;197;206m}[K
[0m[K
Creating: [38;5;141m/local/home/scheschb/reserach/TRACTOR/harvest-agentic/results/P01_sphincs_plus/010_sphincs_PQCgenKAT_sign_blake_192f_robust/translated_rust/src/merkle.rs[0m
[38;5;244m - Completed in 0.41s[0m
[38;5;12m[1m [1.17][0m[0m
[?25l[0m[?25l[0m[0mI'll create the following file: [38;5;141m/local/home/scheschb/reserach/TRACTOR/harvest-agentic/results/P01_sphincs_plus/010_sphincs_PQCgenKAT_sign_blake_192f_robust/translated_rust/src/rng.rs[0m[38;5;244m (using tool: write)[0m

[48;2;40;67;43m[39m+     1[0m:[39m[48;2;24;38;30m [38;2;180;142;173muse[38;2;192;197;206m [38;2;192;197;206maes[38;2;192;197;206m::[38;2;192;197;206mcipher[38;2;192;197;206m::[38;2;192;197;206m{[38;2;192;197;206mBlockEncrypt[38;2;192;197;206m,[38;2;192;197;206m KeyInit[38;2;192;197;206m}[38;2;192;197;206m;[K
[0m[48;2;40;67;43m[39m+     2[0m:[39m[48;2;24;38;30m [38;2;180;142;173muse[38;2;192;197;206m [38;2;192;197;206maes[38;2;192;197;206m::[38;2;192;197;206mAes256[38;2;192;197;206m;[K
[0m[48;2;40;67;43m[39m+     3[0m:[39m[48;2;24;38;30m [K
[0m[48;2;40;67;43m[39m+     4[0m:[39m[48;2;24;38;30m [38;2;180;142;173mpub[38;2;192;197;206m [38;2;180;142;173mstruct[38;2;192;197;206m [38;2;192;197;206mAes256CtrDrbg[38;2;192;197;206m [38;2;192;197;206m{[K
[0m[48;2;40;67;43m[39m+     5[0m:[39m[48;2;24;38;30m [38;2;192;197;206m    [38;2;180;142;173mpub[38;2;192;197;206m [38;2;191;97;106mkey[38;2;192;197;206m:[38;2;192;197;206m [[38;2;180;142;173mu8[38;2;192;197;206m; 32],[K
[0m[48;2;40;67;43m[39m+     6[0m:[39m[48;2;24;38;30m [38;2;192;197;206m    [38;2;180;142;173mpub[38;2;192;197;206m [38;2;191;97;106mv[38;2;192;197;206m:[38;2;192;197;206m [[38;2;180;142;173mu8[38;2;192;197;206m; 16],[K
[0m[48;2;40;67;43m[39m+     7[0m:[39m[48;2;24;38;30m [38;2;192;197;206m    [38;2;180;142;173mpub[38;2;192;197;206m [38;2;191;97;106mreseed_counter[38;2;192;197;206m:[38;2;192;197;206m [38;2;180;142;173mi32[38;2;192;197;206m,[K
[0m[48;2;40;67;43m[39m+     8[0m:[39m[48;2;24;38;30m [38;2;192;197;206m}[K
[0m[48;2;40;67;43m[39m+     9[0m:[39m[48;2;24;38;30m [K
[0m[48;2;40;67;43m[39m+    10[0m:[39m[48;2;24;38;30m [38;2;180;142;173mstatic[38;2;192;197;206m [38;2;180;142;173mmut[38;2;192;197;206m [38;2;208;135;112mDRBG_CTX[38;2;192;197;206m:[38;2;192;197;206m Aes256CtrDrbg [38;2;192;197;206m=[38;2;192;197;206m Aes256CtrDrbg [38;2;192;197;206m{[K
[0m[48;2;40;67;43m[39m+    11[0m:[39m[48;2;24;38;30m [38;2;192;197;206m    key[38;2;192;197;206m:[38;2;192;197;206m [38;2;192;197;206m[[38;2;208;135;112m0[38;2;192;197;206m;[38;2;192;197;206m [38;2;208;135;112m32[38;2;192;197;206m][38;2;192;197;206m,[K
[0m[48;2;40;67;43m[39m+    12[0m:[39m[48;2;24;38;30m [38;2;192;197;206m    v[38;2;192;197;206m:[38;2;192;197;206m [38;2;192;197;206m[[38;2;208;135;112m0[38;2;192;197;206m;[38;2;192;197;206m [38;2;208;135;112m16[38;2;192;197;206m][38;2;192;197;206m,[K
[0m[48;2;40;67;43m[39m+    13[0m:[39m[48;2;24;38;30m [38;2;192;197;206m    reseed_counter[38;2;192;197;206m:[38;2;192;197;206m [38;2;208;135;112m0[38;2;192;197;206m,[K
[0m[48;2;40;67;43m[39m+    14[0m:[39m[48;2;24;38;30m [38;2;192;197;206m}[38;2;192;197;206m;[K
[0m[48;2;40;67;43m[39m+    15[0m:[39m[48;2;24;38;30m [K
[0m[48;2;40;67;43m[39m+    16[0m:[39m[48;2;24;38;30m [38;2;180;142;173mfn[38;2;192;197;206m [38;2;143;161;179maes256_ecb[38;2;192;197;206m([38;2;191;97;106mkey[38;2;192;197;206m:[38;2;192;197;206m [38;2;192;197;206m&[38;2;192;197;206m[[38;2;180;142;173mu8[38;2;192;197;206m; 32], [38;2;191;97;106mctr[38;2;192;197;206m:[38;2;192;197;206m [38;2;192;197;206m&[38;2;192;197;206m[[38;2;180;142;173mu8[38;2;192;197;206m; 16], [38;2;191;97;106mbuffer[38;2;192;197;206m:[38;2;192;197;206m [38;2;192;197;206m&[38;2;180;142;173mmut[38;2;192;197;206m [[38;2;180;142;173mu8[38;2;192;197;206m; 16][38;2;192;197;206m)[38;2;192;197;206m [38;2;192;197;206m{[K
[0m[48;2;40;67;43m[39m+    17[0m:[39m[48;2;24;38;30m [38;2;192;197;206m    [38;2;180;142;173mlet[38;2;192;197;206m cipher [38;2;192;197;206m=[38;2;192;197;206m [38;2;192;197;206mAes256[38;2;192;197;206m::[38;2;192;197;206mnew[38;2;192;197;206m([38;2;192;197;206mkey.[38;2;150;181;180minto[38;2;192;197;206m([38;2;192;197;206m)[38;2;192;197;206m)[38;2;192;197;206m;[K
[0m[48;2;40;67;43m[39m+    18[0m:[39m[48;2;24;38;30m [38;2;192;197;206m    [38;2;180;142;173mlet[38;2;192;197;206m [38;2;180;142;173mmut[38;2;192;197;206m block [38;2;192;197;206m=[38;2;192;197;206m [38;2;192;197;206maes[38;2;192;197;206m::[38;2;192;197;206mBlock[38;2;192;197;206m::[38;2;192;197;206mclone_from_slice[38;2;192;197;206m([38;2;192;197;206mctr[38;2;192;197;206m)[38;2;192;197;206m;[K
[0m[48;2;40;67;43m[39m+    19[0m:[39m[48;2;24;38;30m [38;2;192;197;206m    cipher.[38;2;150;181;180mencrypt_block[38;2;192;197;206m([38;2;192;197;206m&[38;2;180;142;173mmut[38;2;192;197;206m block[38;2;192;197;206m)[38;2;192;197;206m;[K
[0m[48;2;40;67;43m[39m+    20[0m:[39m[48;2;24;38;30m [38;2;192;197;206m    buffer.[38;2;150;181;180mcopy_from_slice[38;2;192;197;206m([38;2;192;197;206m&[38;2;192;197;206mblock[38;2;192;197;206m)[38;2;192;197;206m;[K
[0m[48;2;40;67;43m[39m+    21[0m:[39m[48;2;24;38;30m [38;2;192;197;206m}[K
[0m[48;2;40;67;43m[39m+    22[0m:[39m[48;2;24;38;30m [K
[0m[48;2;40;67;43m[39m+    23[0m:[39m[48;2;24;38;30m [38;2;180;142;173mpub[38;2;192;197;206m [38;2;180;142;173mfn[38;2;192;197;206m [38;2;143;161;179maes256_ctr_drbg_update[38;2;192;197;206m([38;2;191;97;106mprovided_data[38;2;192;197;206m:[38;2;192;197;206m [38;2;192;197;206mOption[38;2;192;197;206m<[38;2;192;197;206m&[38;2;192;197;206m[[38;2;180;142;173mu8[38;2;192;197;206m;[38;2;192;197;206m [38;2;208;135;112m48[38;2;192;197;206m][38;2;192;197;206m>[38;2;192;197;206m, [38;2;191;97;106mkey[38;2;192;197;206m:[38;2;192;197;206m [38;2;192;197;206m&[38;2;180;142;173mmut[38;2;192;197;206m [[38;2;180;142;173mu8[38;2;192;197;206m; 32], [38;2;191;97;106mv[38;2;192;197;206m:[38;2;192;197;206m [38;2;192;197;206m&[38;2;180;142;173mmut[38;2;192;197;206m [[38;2;180;142;173mu8[38;2;192;197;206m; 16][38;2;192;197;206m)[38;2;192;197;206m [38;2;192;197;206m{[K
[0m[48;2;40;67;43m[39m+    24[0m:[39m[48;2;24;38;30m [38;2;192;197;206m    [38;2;180;142;173mlet[38;2;192;197;206m [38;2;180;142;173mmut[38;2;192;197;206m temp [38;2;192;197;206m=[38;2;192;197;206m [38;2;192;197;206m[[38;2;208;135;112m0[38;2;180;142;173mu8[38;2;192;197;206m;[38;2;192;197;206m [38;2;208;135;112m48[38;2;192;197;206m][38;2;192;197;206m;[K
[0m[48;2;40;67;43m[39m+    25[0m:[39m[48;2;24;38;30m [38;2;192;197;206m    [38;2;180;142;173mfor[38;2;192;197;206m i [38;2;192;197;206min[38;2;192;197;206m [38;2;208;135;112m0[38;2;192;197;206m..[38;2;208;135;112m3[38;2;192;197;206m [38;2;192;197;206m{[K
[0m[48;2;40;67;43m[39m+    26[0m:[39m[48;2;24;38;30m [38;2;192;197;206m        [38;2;101;115;126m//[38;2;101;115;126m increment V[K
[0m[48;2;40;67;43m[39m+    27[0m:[39m[48;2;24;38;30m [38;2;192;197;206m        [38;2;180;142;173mfor[38;2;192;197;206m j [38;2;192;197;206min[38;2;192;197;206m [38;2;192;197;206m([38;2;208;135;112m0[38;2;192;197;206m..[38;2;208;135;112m16[38;2;192;197;206m)[38;2;192;197;206m.[38;2;150;181;180mrev[38;2;192;197;206m([38;2;192;197;206m)[38;2;192;197;206m [38;2;192;197;206m{[K
[0m[48;2;40;67;43m[39m+    28[0m:[39m[48;2;24;38;30m [38;2;192;197;206m            [38;2;180;142;173mif[38;2;192;197;206m v[38;2;192;197;206m[[38;2;192;197;206mj[38;2;192;197;206m][38;2;192;197;206m [38;2;192;197;206m=[38;2;192;197;206m=[38;2;192;197;206m [38;2;208;135;112m0xff[38;2;192;197;206m [38;2;192;197;206m{[K
[0m[48;2;40;67;43m[39m+    29[0m:[39m[48;2;24;38;30m [38;2;192;197;206m                v[38;2;192;197;206m[[38;2;192;197;206mj[38;2;192;197;206m][38;2;192;197;206m [38;2;192;197;206m=[38;2;192;197;206m [38;2;208;135;112m0x00[38;2;192;197;206m;[K
[0m[48;2;40;67;43m[39m+    30[0m:[39m[48;2;24;38;30m [38;2;192;197;206m            [38;2;192;197;206m}[38;2;192;197;206m [38;2;180;142;173melse[38;2;192;197;206m [38;2;192;197;206m{[K
[0m[48;2;40;67;43m[39m+    31[0m:[39m[48;2;24;38;30m [38;2;192;197;206m                v[38;2;192;197;206m[[38;2;192;197;206mj[38;2;192;197;206m][38;2;192;197;206m [38;2;192;197;206m+[38;2;192;197;206m=[38;2;192;197;206m [38;2;208;135;112m1[38;2;192;197;206m;[K
[0m[48;2;40;67;43m[39m+    32[0m:[39m[48;2;24;38;30m [38;2;192;197;206m                [38;2;180;142;173mbreak[38;2;192;197;206m;[K
[0m[48;2;40;67;43m[39m+    33[0m:[39m[48;2;24;38;30m [38;2;192;197;206m            [38;2;192;197;206m}[K
[0m[48;2;40;67;43m[39m+    34[0m:[39m[48;2;24;38;30m [38;2;192;197;206m        [38;2;192;197;206m}[K
[0m[48;2;40;67;43m[39m+    35[0m:[39m[48;2;24;38;30m [38;2;192;197;206m        [38;2;180;142;173mlet[38;2;192;197;206m [38;2;180;142;173mmut[38;2;192;197;206m block [38;2;192;197;206m=[38;2;192;197;206m [38;2;192;197;206m[[38;2;208;135;112m0[38;2;180;142;173mu8[38;2;192;197;206m;[38;2;192;197;206m [38;2;208;135;112m16[38;2;192;197;206m][38;2;192;197;206m;[K
[0m[48;2;40;67;43m[39m+    36[0m:[39m[48;2;24;38;30m [38;2;192;197;206m        [38;2;150;181;180maes256_ecb[38;2;192;197;206m([38;2;192;197;206mkey[38;2;192;197;206m,[38;2;192;197;206m v[38;2;192;197;206m,[38;2;192;197;206m [38;2;192;197;206m&[38;2;180;142;173mmut[38;2;192;197;206m block[38;2;192;197;206m)[38;2;192;197;206m;[K
[0m[48;2;40;67;43m[39m+    37[0m:[39m[48;2;24;38;30m [38;2;192;197;206m        temp[38;2;192;197;206m[[38;2;208;135;112m16[38;2;192;197;206m [38;2;192;197;206m*[38;2;192;197;206m i[38;2;192;197;206m..[38;2;208;135;112m16[38;2;192;197;206m [38;2;192;197;206m*[38;2;192;197;206m i [38;2;192;197;206m+[38;2;192;197;206m [38;2;208;135;112m16[38;2;192;197;206m][38;2;192;197;206m.[38;2;150;181;180mcopy_from_slice[38;2;192;197;206m([38;2;192;197;206m&[38;2;192;197;206mblock[38;2;192;197;206m)[38;2;192;197;206m;[K
[0m[48;2;40;67;43m[39m+    38[0m:[39m[48;2;24;38;30m [38;2;192;197;206m    [38;2;192;197;206m}[K
[0m[48;2;40;67;43m[39m+    39[0m:[39m[48;2;24;38;30m [38;2;192;197;206m    [38;2;180;142;173mif[38;2;192;197;206m [38;2;180;142;173mlet[38;2;192;197;206m [38;2;192;197;206mSome[38;2;192;197;206m([38;2;192;197;206mpd[38;2;192;197;206m)[38;2;192;197;206m [38;2;192;197;206m=[38;2;192;197;206m provided_data [38;2;192;197;206m{[K
[0m[48;2;40;67;43m[39m+    40[0m:[39m[48;2;24;38;30m [38;2;192;197;206m        [38;2;180;142;173mfor[38;2;192;197;206m i [38;2;192;197;206min[38;2;192;197;206m [38;2;208;135;112m0[38;2;192;197;206m..[38;2;208;135;112m48[38;2;192;197;206m [38;2;192;197;206m{[K
[0m[48;2;40;67;43m[39m+    41[0m:[39m[48;2;24;38;30m [38;2;192;197;206m            temp[38;2;192;197;206m[[38;2;192;197;206mi[38;2;192;197;206m][38;2;192;197;206m [38;2;192;197;206m^[38;2;192;197;206m=[38;2;192;197;206m pd[38;2;192;197;206m[[38;2;192;197;206mi[38;2;192;197;206m][38;2;192;197;206m;[K
[0m[48;2;40;67;43m[39m+    42[0m:[39m[48;2;24;38;30m [38;2;192;197;206m        [38;2;192;197;206m}[K
[0m[48;2;40;67;43m[39m+    43[0m:[39m[48;2;24;38;30m [38;2;192;197;206m    [38;2;192;197;206m}[K
[0m[48;2;40;67;43m[39m+    44[0m:[39m[48;2;24;38;30m [38;2;192;197;206m    key.[38;2;150;181;180mcopy_from_slice[38;2;192;197;206m([38;2;192;197;206m&[38;2;192;197;206mtemp[38;2;192;197;206m[[38;2;192;197;206m..[38;2;208;135;112m32[38;2;192;197;206m][38;2;192;197;206m)[38;2;192;197;206m;[K
[0m[48;2;40;67;43m[39m+    45[0m:[39m[48;2;24;38;30m [38;2;192;197;206m    v.[38;2;150;181;180mcopy_from_slice[38;2;192;197;206m([38;2;192;197;206m&[38;2;192;197;206mtemp[38;2;192;197;206m[[38;2;208;135;112m32[38;2;192;197;206m..[38;2;208;135;112m48[38;2;192;197;206m][38;2;192;197;206m)[38;2;192;197;206m;[K
[0m[48;2;40;67;43m[39m+    46[0m:[39m[48;2;24;38;30m [38;2;192;197;206m}[K
[0m[48;2;40;67;43m[39m+    47[0m:[39m[48;2;24;38;30m [K
[0m[48;2;40;67;43m[39m+    48[0m:[39m[48;2;24;38;30m [38;2;180;142;173mpub[38;2;192;197;206m [38;2;180;142;173mfn[38;2;192;197;206m [38;2;143;161;179mrandombytes_init[38;2;192;197;206m([38;2;191;97;106mentropy_input[38;2;192;197;206m:[38;2;192;197;206m [38;2;192;197;206m&[38;2;192;197;206m[[38;2;180;142;173mu8[38;2;192;197;206m; 48], [38;2;191;97;106mpersonalization_string[38;2;192;197;206m:[38;2;192;197;206m [38;2;192;197;206mOption[38;2;192;197;206m<[38;2;192;197;206m&[38;2;192;197;206m[[38;2;180;142;173mu8[38;2;192;197;206m;[38;2;192;197;206m [38;2;208;135;112m48[38;2;192;197;206m][38;2;192;197;206m>[38;2;192;197;206m)[38;2;192;197;206m [38;2;192;197;206m{[K
[0m[48;2;40;67;43m[39m+    49[0m:[39m[48;2;24;38;30m [38;2;192;197;206m    [38;2;180;142;173mlet[38;2;192;197;206m [38;2;180;142;173mmut[38;2;192;197;206m seed_material [38;2;192;197;206m=[38;2;192;197;206m [38;2;192;197;206m[[38;2;208;135;112m0[38;2;180;142;173mu8[38;2;192;197;206m;[38;2;192;197;206m [38;2;208;135;112m48[38;2;192;197;206m][38;2;192;197;206m;[K
[0m[48;2;40;67;43m[39m+    50[0m:[39m[48;2;24;38;30m [38;2;192;197;206m    seed_material.[38;2;150;181;180mcopy_from_slice[38;2;192;197;206m([38;2;192;197;206mentropy_input[38;2;192;197;206m)[38;2;192;197;206m;[K
[0m[48;2;40;67;43m[39m+    51[0m:[39m[48;2;24;38;30m [38;2;192;197;206m    [38;2;180;142;173mif[38;2;192;197;206m [38;2;180;142;173mlet[38;2;192;197;206m [38;2;192;197;206mSome[38;2;192;197;206m([38;2;192;197;206mps[38;2;192;197;206m)[38;2;192;197;206m [38;2;192;197;206m=[38;2;192;197;206m personalization_string [38;2;192;197;206m{[K
[0m[48;2;40;67;43m[39m+    52[0m:[39m[48;2;24;38;30m [38;2;192;197;206m        [38;2;180;142;173mfor[38;2;192;197;206m i [38;2;192;197;206min[38;2;192;197;206m [38;2;208;135;112m0[38;2;192;197;206m..[38;2;208;135;112m48[38;2;192;197;206m [38;2;192;197;206m{[K
[0m[48;2;40;67;43m[39m+    53[0m:[39m[48;2;24;38;30m [38;2;192;197;206m            seed_material[38;2;192;197;206m[[38;2;192;197;206mi[38;2;192;197;206m][38;2;192;197;206m [38;2;192;197;206m^[38;2;192;197;206m=[38;2;192;197;206m ps[38;2;192;197;206m[[38;2;192;197;206mi[38;2;192;197;206m][38;2;192;197;206m;[K
[0m[48;2;40;67;43m[39m+    54[0m:[39m[48;2;24;38;30m [38;2;192;197;206m        [38;2;192;197;206m}[K
[0m[48;2;40;67;43m[39m+    55[0m:[39m[48;2;24;38;30m [38;2;192;197;206m    [38;2;192;197;206m}[K
[0m[48;2;40;67;43m[39m+    56[0m:[39m[48;2;24;38;30m [38;2;192;197;206m    [38;2;180;142;173munsafe[38;2;192;197;206m [38;2;192;197;206m{[K
[0m[48;2;40;67;43m[39m+    57[0m:[39m[48;2;24;38;30m [38;2;192;197;206m        [38;2;208;135;112mDRBG_CTX[38;2;192;197;206m.key [38;2;192;197;206m=[38;2;192;197;206m [38;2;192;197;206m[[38;2;208;135;112m0[38;2;192;197;206m;[38;2;192;197;206m [38;2;208;135;112m32[38;2;192;197;206m][38;2;192;197;206m;[K
[0m[48;2;40;67;43m[39m+    58[0m:[39m[48;2;24;38;30m [38;2;192;197;206m        [38;2;208;135;112mDRBG_CTX[38;2;192;197;206m.v [38;2;192;197;206m=[38;2;192;197;206m [38;2;192;197;206m[[38;2;208;135;112m0[38;2;192;197;206m;[38;2;192;197;206m [38;2;208;135;112m16[38;2;192;197;206m][38;2;192;197;206m;[K
[0m[48;2;40;67;43m[39m+    59[0m:[39m[48;2;24;38;30m [38;2;192;197;206m        [38;2;150;181;180maes256_ctr_drbg_update[38;2;192;197;206m([38;2;192;197;206mSome[38;2;192;197;206m([38;2;192;197;206m&[38;2;192;197;206mseed_material[38;2;192;197;206m)[38;2;192;197;206m,[38;2;192;197;206m [38;2;192;197;206m&[38;2;180;142;173mmut[38;2;192;197;206m [38;2;208;135;112mDRBG_CTX[38;2;192;197;206m.key[38;2;192;197;206m,[38;2;192;197;206m [38;2;192;197;206m&[38;2;180;142;173mmut[38;2;192;197;206m [38;2;208;135;112mDRBG_CTX[38;2;192;197;206m.v[38;2;192;197;206m)[38;2;192;197;206m;[K
[0m[48;2;40;67;43m[39m+    60[0m:[39m[48;2;24;38;30m [38;2;192;197;206m        [38;2;208;135;112mDRBG_CTX[38;2;192;197;206m.reseed_counter [38;2;192;197;206m=[38;2;192;197;206m [38;2;208;135;112m1[38;2;192;197;206m;[K
[0m[48;2;40;67;43m[39m+    61[0m:[39m[48;2;24;38;30m [38;2;192;197;206m    [38;2;192;197;206m}[K
[0m[48;2;40;67;43m[39m+    62[0m:[39m[48;2;24;38;30m [38;2;192;197;206m}[K
[0m[48;2;40;67;43m[39m+    63[0m:[39m[48;2;24;38;30m [K
[0m[48;2;40;67;43m[39m+    64[0m:[39m[48;2;24;38;30m [38;2;180;142;173mpub[38;2;192;197;206m [38;2;180;142;173mfn[38;2;192;197;206m [38;2;143;161;179mrandombytes[38;2;192;197;206m([38;2;191;97;106mx[38;2;192;197;206m:[38;2;192;197;206m [38;2;192;197;206m&[38;2;180;142;173mmut[38;2;192;197;206m [[38;2;180;142;173mu8[38;2;192;197;206m], [38;2;180;142;173mmut[38;2;192;197;206m [38;2;191;97;106mxlen[38;2;192;197;206m:[38;2;192;197;206m [38;2;180;142;173mu64[38;2;192;197;206m)[38;2;192;197;206m [38;2;192;197;206m{[K
[0m[48;2;40;67;43m[39m+    65[0m:[39m[48;2;24;38;30m [38;2;192;197;206m    [38;2;180;142;173munsafe[38;2;192;197;206m [38;2;192;197;206m{[K
[0m[48;2;40;67;43m[39m+    66[0m:[39m[48;2;24;38;30m [38;2;192;197;206m        [38;2;180;142;173mlet[38;2;192;197;206m [38;2;180;142;173mmut[38;2;192;197;206m block [38;2;192;197;206m=[38;2;192;197;206m [38;2;192;197;206m[[38;2;208;135;112m0[38;2;180;142;173mu8[38;2;192;197;206m;[38;2;192;197;206m [38;2;208;135;112m16[38;2;192;197;206m][38;2;192;197;206m;[K
[0m[48;2;40;67;43m[39m+    67[0m:[39m[48;2;24;38;30m [38;2;192;197;206m        [38;2;180;142;173mlet[38;2;192;197;206m [38;2;180;142;173mmut[38;2;192;197;206m i[38;2;192;197;206m:[38;2;192;197;206m [38;2;180;142;173musize[38;2;192;197;206m [38;2;192;197;206m=[38;2;192;197;206m [38;2;208;135;112m0[38;2;192;197;206m;[K
[0m[48;2;40;67;43m[39m+    68[0m:[39m[48;2;24;38;30m [38;2;192;197;206m        [38;2;180;142;173mwhile[38;2;192;197;206m xlen [38;2;192;197;206m>[38;2;192;197;206m [38;2;208;135;112m0[38;2;192;197;206m [38;2;192;197;206m{[K
[0m[48;2;40;67;43m[39m+    69[0m:[39m[48;2;24;38;30m [38;2;192;197;206m            [38;2;101;115;126m//[38;2;101;115;126m increment V[K
[0m[48;2;40;67;43m[39m+    70[0m:[39m[48;2;24;38;30m [38;2;192;197;206m            [38;2;180;142;173mfor[38;2;192;197;206m j [38;2;192;197;206min[38;2;192;197;206m [38;2;192;197;206m([38;2;208;135;112m0[38;2;192;197;206m..[38;2;208;135;112m16[38;2;192;197;206m)[38;2;192;197;206m.[38;2;150;181;180mrev[38;2;192;197;206m([38;2;192;197;206m)[38;2;192;197;206m [38;2;192;197;206m{[K
[0m[48;2;40;67;43m[39m+    71[0m:[39m[48;2;24;38;30m [38;2;192;197;206m                [38;2;180;142;173mif[38;2;192;197;206m [38;2;208;135;112mDRBG_CTX[38;2;192;197;206m.v[38;2;192;197;206m[[38;2;192;197;206mj[38;2;192;197;206m][38;2;192;197;206m [38;2;192;197;206m=[38;2;192;197;206m=[38;2;192;197;206m [38;2;208;135;112m0xff[38;2;192;197;206m [38;2;192;197;206m{[K
[0m[48;2;40;67;43m[39m+    72[0m:[39m[48;2;24;38;30m [38;2;192;197;206m                    [38;2;208;135;112mDRBG_CTX[38;2;192;197;206m.v[38;2;192;197;206m[[38;2;192;197;206mj[38;2;192;197;206m][38;2;192;197;206m [38;2;192;197;206m=[38;2;192;197;206m [38;2;208;135;112m0x00[38;2;192;197;206m;[K
[0m[48;2;40;67;43m[39m+    73[0m:[39m[48;2;24;38;30m [38;2;192;197;206m                [38;2;192;197;206m}[38;2;192;197;206m [38;2;180;142;173melse[38;2;192;197;206m [38;2;192;197;206m{[K
[0m[48;2;40;67;43m[39m+    74[0m:[39m[48;2;24;38;30m [38;2;192;197;206m                    [38;2;208;135;112mDRBG_CTX[38;2;192;197;206m.v[38;2;192;197;206m[[38;2;192;197;206mj[38;2;192;197;206m][38;2;192;197;206m [38;2;192;197;206m+[38;2;192;197;206m=[38;2;192;197;206m [38;2;208;135;112m1[38;2;192;197;206m;[K
[0m[48;2;40;67;43m[39m+    75[0m:[39m[48;2;24;38;30m [38;2;192;197;206m                    [38;2;180;142;173mbreak[38;2;192;197;206m;[K
[0m[48;2;40;67;43m[39m+    76[0m:[39m[48;2;24;38;30m [38;2;192;197;206m                [38;2;192;197;206m}[K
[0m[48;2;40;67;43m[39m+    77[0m:[39m[48;2;24;38;30m [38;2;192;197;206m            [38;2;192;197;206m}[K
[0m[48;2;40;67;43m[39m+    78[0m:[39m[48;2;24;38;30m [38;2;192;197;206m            [38;2;150;181;180maes256_ecb[38;2;192;197;206m([38;2;192;197;206m&[38;2;208;135;112mDRBG_CTX[38;2;192;197;206m.key[38;2;192;197;206m,[38;2;192;197;206m [38;2;192;197;206m&[38;2;208;135;112mDRBG_CTX[38;2;192;197;206m.v[38;2;192;197;206m,[38;2;192;197;206m [38;2;192;197;206m&[38;2;180;142;173mmut[38;2;192;197;206m block[38;2;192;197;206m)[38;2;192;197;206m;[K
[0m[48;2;40;67;43m[39m+    79[0m:[39m[48;2;24;38;30m [38;2;192;197;206m            [38;2;180;142;173mif[38;2;192;197;206m xlen [38;2;192;197;206m>[38;2;192;197;206m [38;2;208;135;112m15[38;2;192;197;206m [38;2;192;197;206m{[K
[0m[48;2;40;67;43m[39m+    80[0m:[39m[48;2;24;38;30m [38;2;192;197;206m                x[38;2;192;197;206m[[38;2;192;197;206mi[38;2;192;197;206m..[38;2;192;197;206mi [38;2;192;197;206m+[38;2;192;197;206m [38;2;208;135;112m16[38;2;192;197;206m][38;2;192;197;206m.[38;2;150;181;180mcopy_from_slice[38;2;192;197;206m([38;2;192;197;206m&[38;2;192;197;206mblock[38;2;192;197;206m)[38;2;192;197;206m;[K
[0m[48;2;40;67;43m[39m+    81[0m:[39m[48;2;24;38;30m [38;2;192;197;206m                i [38;2;192;197;206m+[38;2;192;197;206m=[38;2;192;197;206m [38;2;208;135;112m16[38;2;192;197;206m;[K
[0m[48;2;40;67;43m[39m+    82[0m:[39m[48;2;24;38;30m [38;2;192;197;206m                xlen [38;2;192;197;206m-[38;2;192;197;206m=[38;2;192;197;206m [38;2;208;135;112m16[38;2;192;197;206m;[K
[0m[48;2;40;67;43m[39m+    83[0m:[39m[48;2;24;38;30m [38;2;192;197;206m            [38;2;192;197;206m}[38;2;192;197;206m [38;2;180;142;173melse[38;2;192;197;206m [38;2;192;197;206m{[K
[0m[48;2;40;67;43m[39m+    84[0m:[39m[48;2;24;38;30m [38;2;192;197;206m                x[38;2;192;197;206m[[38;2;192;197;206mi[38;2;192;197;206m..[38;2;192;197;206mi [38;2;192;197;206m+[38;2;192;197;206m xlen [38;2;192;197;206mas[38;2;192;197;206m [38;2;180;142;173musize[38;2;192;197;206m][38;2;192;197;206m.[38;2;150;181;180mcopy_from_slice[38;2;192;197;206m([38;2;192;197;206m&[38;2;192;197;206mblock[38;2;192;197;206m[[38;2;192;197;206m..[38;2;192;197;206mxlen [38;2;192;197;206mas[38;2;192;197;206m [38;2;180;142;173musize[38;2;192;197;206m][38;2;192;197;206m)[38;2;192;197;206m;[K
[0m[48;2;40;67;43m[39m+    85[0m:[39m[48;2;24;38;30m [38;2;192;197;206m                xlen [38;2;192;197;206m=[38;2;192;197;206m [38;2;208;135;112m0[38;2;192;197;206m;[K
[0m[48;2;40;67;43m[39m+    86[0m:[39m[48;2;24;38;30m [38;2;192;197;206m            [38;2;192;197;206m}[K
[0m[48;2;40;67;43m[39m+    87[0m:[39m[48;2;24;38;30m [38;2;192;197;206m        [38;2;192;197;206m}[K
[0m[48;2;40;67;43m[39m+    88[0m:[39m[48;2;24;38;30m [38;2;192;197;206m        [38;2;150;181;180maes256_ctr_drbg_update[38;2;192;197;206m([38;2;192;197;206mNone[38;2;192;197;206m,[38;2;192;197;206m [38;2;192;197;206m&[38;2;180;142;173mmut[38;2;192;197;206m [38;2;208;135;112mDRBG_CTX[38;2;192;197;206m.key[38;2;192;197;206m,[38;2;192;197;206m [38;2;192;197;206m&[38;2;180;142;173mmut[38;2;192;197;206m [38;2;208;135;112mDRBG_CTX[38;2;192;197;206m.v[38;2;192;197;206m)[38;2;192;197;206m;[K
[0m[48;2;40;67;43m[39m+    89[0m:[39m[48;2;24;38;30m [38;2;192;197;206m        [38;2;208;135;112mDRBG_CTX[38;2;192;197;206m.reseed_counter [38;2;192;197;206m+[38;2;192;197;206m=[38;2;192;197;206m [38;2;208;135;112m1[38;2;192;197;206m;[K
[0m[48;2;40;67;43m[39m+    90[0m:[39m[48;2;24;38;30m [38;2;192;197;206m    [38;2;192;197;206m}[K
[0m[48;2;40;67;43m[39m+    91[0m:[39m[48;2;24;38;30m [38;2;192;197;206m}[K
[0m[K
Creating: [38;5;141m/local/home/scheschb/reserach/TRACTOR/harvest-agentic/results/P01_sphincs_plus/010_sphincs_PQCgenKAT_sign_blake_192f_robust/translated_rust/src/rng.rs[0m
[38;5;244m - Completed in 0.40s[0m
[38;5;12m[1m [1.18][0m[0m
[?25l[0m[?25l[0m[0mI'll create the following file: [38;5;141m/local/home/scheschb/reserach/TRACTOR/harvest-agentic/results/P01_sphincs_plus/010_sphincs_PQCgenKAT_sign_blake_192f_robust/translated_rust/src/sign.rs[0m[38;5;244m (using tool: write)[0m

[48;2;40;67;43m[39m+      1[0m:[39m[48;2;24;38;30m [38;2;180;142;173muse[38;2;192;197;206m [38;2;180;142;173mcrate[38;2;192;197;206m::[38;2;192;197;206mparams[38;2;192;197;206m::[38;2;192;197;206m*[38;2;192;197;206m;[K
[0m[48;2;40;67;43m[39m+      2[0m:[39m[48;2;24;38;30m [38;2;180;142;173muse[38;2;192;197;206m [38;2;180;142;173mcrate[38;2;192;197;206m::[38;2;192;197;206mcontext[38;2;192;197;206m::[38;2;192;197;206mSpxCtx[38;2;192;197;206m;[K
[0m[48;2;40;67;43m[39m+      3[0m:[39m[48;2;24;38;30m [38;2;180;142;173muse[38;2;192;197;206m [38;2;180;142;173mcrate[38;2;192;197;206m::[38;2;192;197;206maddress[38;2;192;197;206m::[38;2;192;197;206m*[38;2;192;197;206m;[K
[0m[48;2;40;67;43m[39m+      4[0m:[39m[48;2;24;38;30m [38;2;180;142;173muse[38;2;192;197;206m [38;2;180;142;173mcrate[38;2;192;197;206m::[38;2;192;197;206mhash[38;2;192;197;206m::[38;2;192;197;206m*[38;2;192;197;206m;[K
[0m[48;2;40;67;43m[39m+      5[0m:[39m[48;2;24;38;30m [38;2;180;142;173muse[38;2;192;197;206m [38;2;180;142;173mcrate[38;2;192;197;206m::[38;2;192;197;206mfors[38;2;192;197;206m::[38;2;192;197;206m*[38;2;192;197;206m;[K
[0m[48;2;40;67;43m[39m+      6[0m:[39m[48;2;24;38;30m [38;2;180;142;173muse[38;2;192;197;206m [38;2;180;142;173mcrate[38;2;192;197;206m::[38;2;192;197;206mmerkle[38;2;192;197;206m::[38;2;192;197;206m*[38;2;192;197;206m;[K
[0m[48;2;40;67;43m[39m+      7[0m:[39m[48;2;24;38;30m [38;2;180;142;173muse[38;2;192;197;206m [38;2;180;142;173mcrate[38;2;192;197;206m::[38;2;192;197;206mwots[38;2;192;197;206m::[38;2;192;197;206m*[38;2;192;197;206m;[K
[0m[48;2;40;67;43m[39m+      8[0m:[39m[48;2;24;38;30m [38;2;180;142;173muse[38;2;192;197;206m [38;2;180;142;173mcrate[38;2;192;197;206m::[38;2;192;197;206mthash[38;2;192;197;206m::[38;2;192;197;206mthash[38;2;192;197;206m;[K
[0m[48;2;40;67;43m[39m+      9[0m:[39m[48;2;24;38;30m [38;2;180;142;173muse[38;2;192;197;206m [38;2;180;142;173mcrate[38;2;192;197;206m::[38;2;192;197;206mcompute_root[38;2;192;197;206m::[38;2;192;197;206mcompute_root[38;2;192;197;206m;[K
[0m[48;2;40;67;43m[39m+     10[0m:[39m[48;2;24;38;30m [38;2;180;142;173muse[38;2;192;197;206m [38;2;180;142;173mcrate[38;2;192;197;206m::[38;2;192;197;206mrng[38;2;192;197;206m::[38;2;192;197;206mrandombytes[38;2;192;197;206m;[K
[0m[48;2;40;67;43m[39m+     11[0m:[39m[48;2;24;38;30m [K
[0m[48;2;40;67;43m[39m+     12[0m:[39m[48;2;24;38;30m [38;2;180;142;173mpub[38;2;192;197;206m [38;2;180;142;173mfn[38;2;192;197;206m [38;2;143;161;179mcrypto_sign_seed_keypair[38;2;192;197;206m([38;2;191;97;106mpk[38;2;192;197;206m:[38;2;192;197;206m [38;2;192;197;206m&[38;2;180;142;173mmut[38;2;192;197;206m [[38;2;180;142;173mu8[38;2;192;197;206m], [38;2;191;97;106msk[38;2;192;197;206m:[38;2;192;197;206m [38;2;192;197;206m&[38;2;180;142;173mmut[38;2;192;197;206m [[38;2;180;142;173mu8[38;2;192;197;206m], [38;2;191;97;106mseed[38;2;192;197;206m:[38;2;192;197;206m [38;2;192;197;206m&[38;2;192;197;206m[[38;2;180;142;173mu8[38;2;192;197;206m][38;2;192;197;206m)[38;2;192;197;206m [38;2;192;197;206m{[K
[0m[48;2;40;67;43m[39m+     13[0m:[39m[48;2;24;38;30m [38;2;192;197;206m    [38;2;180;142;173mlet[38;2;192;197;206m [38;2;180;142;173mmut[38;2;192;197;206m ctx [38;2;192;197;206m=[38;2;192;197;206m [38;2;192;197;206mSpxCtx[38;2;192;197;206m::[38;2;192;197;206mdefault[38;2;192;197;206m([38;2;192;197;206m)[38;2;192;197;206m;[K
[0m[48;2;40;67;43m[39m+     14[0m:[39m[48;2;24;38;30m [38;2;192;197;206m    sk[38;2;192;197;206m[[38;2;192;197;206m..[38;2;208;135;112mCRYPTO_SEEDBYTES[38;2;192;197;206m][38;2;192;197;206m.[38;2;150;181;180mcopy_from_slice[38;2;192;197;206m([38;2;192;197;206m&[38;2;192;197;206mseed[38;2;192;197;206m[[38;2;192;197;206m..[38;2;208;135;112mCRYPTO_SEEDBYTES[38;2;192;197;206m][38;2;192;197;206m)[38;2;192;197;206m;[K
[0m[48;2;40;67;43m[39m+     15[0m:[39m[48;2;24;38;30m [38;2;192;197;206m    pk[38;2;192;197;206m[[38;2;192;197;206m..[38;2;208;135;112mSPX_N[38;2;192;197;206m][38;2;192;197;206m.[38;2;150;181;180mcopy_from_slice[38;2;192;197;206m([38;2;192;197;206m&[38;2;192;197;206msk[38;2;192;197;206m[[38;2;208;135;112m2[38;2;192;197;206m [38;2;192;197;206m*[38;2;192;197;206m [38;2;208;135;112mSPX_N[38;2;192;197;206m..[38;2;208;135;112m3[38;2;192;197;206m [38;2;192;197;206m*[38;2;192;197;206m [38;2;208;135;112mSPX_N[38;2;192;197;206m][38;2;192;197;206m)[38;2;192;197;206m;[K
[0m[48;2;40;67;43m[39m+     16[0m:[39m[48;2;24;38;30m [38;2;192;197;206m    ctx.pub_seed.[38;2;150;181;180mcopy_from_slice[38;2;192;197;206m([38;2;192;197;206m&[38;2;192;197;206mpk[38;2;192;197;206m[[38;2;192;197;206m..[38;2;208;135;112mSPX_N[38;2;192;197;206m][38;2;192;197;206m)[38;2;192;197;206m;[K
[0m[48;2;40;67;43m[39m+     17[0m:[39m[48;2;24;38;30m [38;2;192;197;206m    ctx.sk_seed.[38;2;150;181;180mcopy_from_slice[38;2;192;197;206m([38;2;192;197;206m&[38;2;192;197;206msk[38;2;192;197;206m[[38;2;192;197;206m..[38;2;208;135;112mSPX_N[38;2;192;197;206m][38;2;192;197;206m)[38;2;192;197;206m;[K
[0m[48;2;40;67;43m[39m+     18[0m:[39m[48;2;24;38;30m [38;2;192;197;206m    [38;2;150;181;180minitialize_hash_function[38;2;192;197;206m([38;2;192;197;206m&[38;2;180;142;173mmut[38;2;192;197;206m ctx[38;2;192;197;206m)[38;2;192;197;206m;[K
[0m[48;2;40;67;43m[39m+     19[0m:[39m[48;2;24;38;30m [38;2;192;197;206m    [38;2;150;181;180mmerkle_gen_root[38;2;192;197;206m([38;2;192;197;206m&[38;2;180;142;173mmut[38;2;192;197;206m sk[38;2;192;197;206m[[38;2;208;135;112m3[38;2;192;197;206m [38;2;192;197;206m*[38;2;192;197;206m [38;2;208;135;112mSPX_N[38;2;192;197;206m..[38;2;192;197;206m][38;2;192;197;206m,[38;2;192;197;206m [38;2;192;197;206m&[38;2;192;197;206mctx[38;2;192;197;206m)[38;2;192;197;206m;[K
[0m[48;2;40;67;43m[39m+     20[0m:[39m[48;2;24;38;30m [38;2;192;197;206m    pk[38;2;192;197;206m[[38;2;208;135;112mSPX_N[38;2;192;197;206m..[38;2;208;135;112m2[38;2;192;197;206m [38;2;192;197;206m*[38;2;192;197;206m [38;2;208;135;112mSPX_N[38;2;192;197;206m][38;2;192;197;206m.[38;2;150;181;180mcopy_from_slice[38;2;192;197;206m([38;2;192;197;206m&[38;2;192;197;206msk[38;2;192;197;206m[[38;2;208;135;112m3[38;2;192;197;206m [38;2;192;197;206m*[38;2;192;197;206m [38;2;208;135;112mSPX_N[38;2;192;197;206m..[38;2;208;135;112m4[38;2;192;197;206m [38;2;192;197;206m*[38;2;192;197;206m [38;2;208;135;112mSPX_N[38;2;192;197;206m][38;2;192;197;206m)[38;2;192;197;206m;[K
[0m[48;2;40;67;43m[39m+     21[0m:[39m[48;2;24;38;30m [38;2;192;197;206m}[K
[0m[48;2;40;67;43m[39m+     22[0m:[39m[48;2;24;38;30m [K
[0m[48;2;40;67;43m[39m+     23[0m:[39m[48;2;24;38;30m [38;2;180;142;173mpub[38;2;192;197;206m [38;2;180;142;173mfn[38;2;192;197;206m [38;2;143;161;179mcrypto_sign_keypair[38;2;192;197;206m([38;2;191;97;106mpk[38;2;192;197;206m:[38;2;192;197;206m [38;2;192;197;206m&[38;2;180;142;173mmut[38;2;192;197;206m [[38;2;180;142;173mu8[38;2;192;197;206m], [38;2;191;97;106msk[38;2;192;197;206m:[38;2;192;197;206m [38;2;192;197;206m&[38;2;180;142;173mmut[38;2;192;197;206m [[38;2;180;142;173mu8[38;2;192;197;206m][38;2;192;197;206m)[38;2;192;197;206m [38;2;192;197;206m{[K
[0m[48;2;40;67;43m[39m+     24[0m:[39m[48;2;24;38;30m [38;2;192;197;206m    [38;2;180;142;173mlet[38;2;192;197;206m [38;2;180;142;173mmut[38;2;192;197;206m seed [38;2;192;197;206m=[38;2;192;197;206m [38;2;192;197;206m[[38;2;208;135;112m0[38;2;180;142;173mu8[38;2;192;197;206m;[38;2;192;197;206m [38;2;208;135;112mCRYPTO_SEEDBYTES[38;2;192;197;206m][38;2;192;197;206m;[K
[0m[48;2;40;67;43m[39m+     25[0m:[39m[48;2;24;38;30m [38;2;192;197;206m    [38;2;150;181;180mrandombytes[38;2;192;197;206m([38;2;192;197;206m&[38;2;180;142;173mmut[38;2;192;197;206m seed[38;2;192;197;206m,[38;2;192;197;206m [38;2;208;135;112mCRYPTO_SEEDBYTES[38;2;192;197;206m [38;2;192;197;206mas[38;2;192;197;206m [38;2;180;142;173mu64[38;2;192;197;206m)[38;2;192;197;206m;[K
[0m[48;2;40;67;43m[39m+     26[0m:[39m[48;2;24;38;30m [38;2;192;197;206m    [38;2;150;181;180mcrypto_sign_seed_keypair[38;2;192;197;206m([38;2;192;197;206mpk[38;2;192;197;206m,[38;2;192;197;206m sk[38;2;192;197;206m,[38;2;192;197;206m [38;2;192;197;206m&[38;2;192;197;206mseed[38;2;192;197;206m)[38;2;192;197;206m;[K
[0m[48;2;40;67;43m[39m+     27[0m:[39m[48;2;24;38;30m [38;2;192;197;206m}[K
[0m[48;2;40;67;43m[39m+     28[0m:[39m[48;2;24;38;30m [K
[0m[48;2;40;67;43m[39m+     29[0m:[39m[48;2;24;38;30m [38;2;180;142;173mpub[38;2;192;197;206m [38;2;180;142;173mfn[38;2;192;197;206m [38;2;143;161;179mcrypto_sign_signature[38;2;192;197;206m([38;2;191;97;106msig[38;2;192;197;206m:[38;2;192;197;206m [38;2;192;197;206m&[38;2;180;142;173mmut[38;2;192;197;206m [[38;2;180;142;173mu8[38;2;192;197;206m], [38;2;191;97;106msiglen[38;2;192;197;206m:[38;2;192;197;206m [38;2;192;197;206m&[38;2;180;142;173mmut[38;2;192;197;206m [38;2;180;142;173musize[38;2;192;197;206m, [38;2;191;97;106mm[38;2;192;197;206m:[38;2;192;197;206m [38;2;192;197;206m&[38;2;192;197;206m[[38;2;180;142;173mu8[38;2;192;197;206m], [38;2;191;97;106mmlen[38;2;192;197;206m:[38;2;192;197;206m [38;2;180;142;173musize[38;2;192;197;206m, [38;2;191;97;106msk[38;2;192;197;206m:[38;2;192;197;206m [38;2;192;197;206m&[38;2;192;197;206m[[38;2;180;142;173mu8[38;2;192;197;206m][38;2;192;197;206m)[38;2;192;197;206m [38;2;192;197;206m{[K
[0m[48;2;40;67;43m[39m+     30[0m:[39m[48;2;24;38;30m [38;2;192;197;206m    [38;2;180;142;173mlet[38;2;192;197;206m [38;2;180;142;173mmut[38;2;192;197;206m ctx [38;2;192;197;206m=[38;2;192;197;206m [38;2;192;197;206mSpxCtx[38;2;192;197;206m::[38;2;192;197;206mdefault[38;2;192;197;206m([38;2;192;197;206m)[38;2;192;197;206m;[K
[0m[48;2;40;67;43m[39m+     31[0m:[39m[48;2;24;38;30m [38;2;192;197;206m    [38;2;180;142;173mlet[38;2;192;197;206m sk_prf [38;2;192;197;206m=[38;2;192;197;206m [38;2;192;197;206m&[38;2;192;197;206msk[38;2;192;197;206m[[38;2;208;135;112mSPX_N[38;2;192;197;206m..[38;2;208;135;112m2[38;2;192;197;206m [38;2;192;197;206m*[38;2;192;197;206m [38;2;208;135;112mSPX_N[38;2;192;197;206m][38;2;192;197;206m;[K
[0m[48;2;40;67;43m[39m+     32[0m:[39m[48;2;24;38;30m [38;2;192;197;206m    [38;2;180;142;173mlet[38;2;192;197;206m pk [38;2;192;197;206m=[38;2;192;197;206m [38;2;192;197;206m&[38;2;192;197;206msk[38;2;192;197;206m[[38;2;208;135;112m2[38;2;192;197;206m [38;2;192;197;206m*[38;2;192;197;206m [38;2;208;135;112mSPX_N[38;2;192;197;206m..[38;2;192;197;206m][38;2;192;197;206m;[K
[0m[48;2;40;67;43m[39m+     33[0m:[39m[48;2;24;38;30m [K
[0m[48;2;40;67;43m[39m+     34[0m:[39m[48;2;24;38;30m [38;2;192;197;206m    [38;2;180;142;173mlet[38;2;192;197;206m [38;2;180;142;173mmut[38;2;192;197;206m optrand [38;2;192;197;206m=[38;2;192;197;206m [38;2;192;197;206m[[38;2;208;135;112m0[38;2;180;142;173mu8[38;2;192;197;206m;[38;2;192;197;206m [38;2;208;135;112mSPX_N[38;2;192;197;206m][38;2;192;197;206m;[K
[0m[48;2;40;67;43m[39m+     35[0m:[39m[48;2;24;38;30m [38;2;192;197;206m    [38;2;180;142;173mlet[38;2;192;197;206m [38;2;180;142;173mmut[38;2;192;197;206m mhash [38;2;192;197;206m=[38;2;192;197;206m [38;2;192;197;206m[[38;2;208;135;112m0[38;2;180;142;173mu8[38;2;192;197;206m;[38;2;192;197;206m [38;2;208;135;112mSPX_FORS_MSG_BYTES[38;2;192;197;206m][38;2;192;197;206m;[K
[0m[48;2;40;67;43m[39m+     36[0m:[39m[48;2;24;38;30m [38;2;192;197;206m    [38;2;180;142;173mlet[38;2;192;197;206m [38;2;180;142;173mmut[38;2;192;197;206m root [38;2;192;197;206m=[38;2;192;197;206m [38;2;192;197;206m[[38;2;208;135;112m0[38;2;180;142;173mu8[38;2;192;197;206m;[38;2;192;197;206m [38;2;208;135;112mSPX_N[38;2;192;197;206m][38;2;192;197;206m;[K
[0m[48;2;40;67;43m[39m+     37[0m:[39m[48;2;24;38;30m [38;2;192;197;206m    [38;2;180;142;173mlet[38;2;192;197;206m [38;2;180;142;173mmut[38;2;192;197;206m tree[38;2;192;197;206m:[38;2;192;197;206m [38;2;180;142;173mu64[38;2;192;197;206m [38;2;192;197;206m=[38;2;192;197;206m [38;2;208;135;112m0[38;2;192;197;206m;[K
[0m[48;2;40;67;43m[39m+     38[0m:[39m[48;2;24;38;30m [38;2;192;197;206m    [38;2;180;142;173mlet[38;2;192;197;206m [38;2;180;142;173mmut[38;2;192;197;206m idx_leaf[38;2;192;197;206m:[38;2;192;197;206m [38;2;180;142;173mu32[38;2;192;197;206m [38;2;192;197;206m=[38;2;192;197;206m [38;2;208;135;112m0[38;2;192;197;206m;[K
[0m[48;2;40;67;43m[39m+     39[0m:[39m[48;2;24;38;30m [38;2;192;197;206m    [38;2;180;142;173mlet[38;2;192;197;206m [38;2;180;142;173mmut[38;2;192;197;206m wots_addr[38;2;192;197;206m:[38;2;192;197;206m Addr [38;2;192;197;206m=[38;2;192;197;206m [38;2;192;197;206m[[38;2;208;135;112m0[38;2;192;197;206m;[38;2;192;197;206m [38;2;208;135;112m8[38;2;192;197;206m][38;2;192;197;206m;[K
[0m[48;2;40;67;43m[39m+     40[0m:[39m[48;2;24;38;30m [38;2;192;197;206m    [38;2;180;142;173mlet[38;2;192;197;206m [38;2;180;142;173mmut[38;2;192;197;206m tree_addr[38;2;192;197;206m:[38;2;192;197;206m Addr [38;2;192;197;206m=[38;2;192;197;206m [38;2;192;197;206m[[38;2;208;135;112m0[38;2;192;197;206m;[38;2;192;197;206m [38;2;208;135;112m8[38;2;192;197;206m][38;2;192;197;206m;[K
[0m[48;2;40;67;43m[39m+     41[0m:[39m[48;2;24;38;30m [K
[0m[48;2;40;67;43m[39m+     42[0m:[39m[48;2;24;38;30m [38;2;192;197;206m    ctx.sk_seed.[38;2;150;181;180mcopy_from_slice[38;2;192;197;206m([38;2;192;197;206m&[38;2;192;197;206msk[38;2;192;197;206m[[38;2;192;197;206m..[38;2;208;135;112mSPX_N[38;2;192;197;206m][38;2;192;197;206m)[38;2;192;197;206m;[K
[0m[48;2;40;67;43m[39m+     43[0m:[39m[48;2;24;38;30m [38;2;192;197;206m    ctx.pub_seed.[38;2;150;181;180mcopy_from_slice[38;2;192;197;206m([38;2;192;197;206m&[38;2;192;197;206mpk[38;2;192;197;206m[[38;2;192;197;206m..[38;2;208;135;112mSPX_N[38;2;192;197;206m][38;2;192;197;206m)[38;2;192;197;206m;[K
[0m[48;2;40;67;43m[39m+     44[0m:[39m[48;2;24;38;30m [38;2;192;197;206m    [38;2;150;181;180minitialize_hash_function[38;2;192;197;206m([38;2;192;197;206m&[38;2;180;142;173mmut[38;2;192;197;206m ctx[38;2;192;197;206m)[38;2;192;197;206m;[K
[0m[48;2;40;67;43m[39m+     45[0m:[39m[48;2;24;38;30m [K
[0m[48;2;40;67;43m[39m+     46[0m:[39m[48;2;24;38;30m [38;2;192;197;206m    [38;2;150;181;180mset_type[38;2;192;197;206m([38;2;192;197;206m&[38;2;180;142;173mmut[38;2;192;197;206m wots_addr[38;2;192;197;206m,[38;2;192;197;206m [38;2;208;135;112mSPX_ADDR_TYPE_WOTS[38;2;192;197;206m)[38;2;192;197;206m;[K
[0m[48;2;40;67;43m[39m+     47[0m:[39m[48;2;24;38;30m [38;2;192;197;206m    [38;2;150;181;180mset_type[38;2;192;197;206m([38;2;192;197;206m&[38;2;180;142;173mmut[38;2;192;197;206m tree_addr[38;2;192;197;206m,[38;2;192;197;206m [38;2;208;135;112mSPX_ADDR_TYPE_HASHTREE[38;2;192;197;206m)[38;2;192;197;206m;[K
[0m[48;2;40;67;43m[39m+     48[0m:[39m[48;2;24;38;30m [K
[0m[48;2;40;67;43m[39m+     49[0m:[39m[48;2;24;38;30m [38;2;192;197;206m    [38;2;150;181;180mrandombytes[38;2;192;197;206m([38;2;192;197;206m&[38;2;180;142;173mmut[38;2;192;197;206m optrand[38;2;192;197;206m,[38;2;192;197;206m [38;2;208;135;112mSPX_N[38;2;192;197;206m [38;2;192;197;206mas[38;2;192;197;206m [38;2;180;142;173mu64[38;2;192;197;206m)[38;2;192;197;206m;[K
[0m[48;2;40;67;43m[39m+     50[0m:[39m[48;2;24;38;30m [38;2;192;197;206m    [38;2;150;181;180mgen_message_random[38;2;192;197;206m([38;2;192;197;206msig[38;2;192;197;206m,[38;2;192;197;206m sk_prf[38;2;192;197;206m,[38;2;192;197;206m [38;2;192;197;206m&[38;2;192;197;206moptrand[38;2;192;197;206m,[38;2;192;197;206m m[38;2;192;197;206m,[38;2;192;197;206m mlen [38;2;192;197;206mas[38;2;192;197;206m [38;2;180;142;173mu64[38;2;192;197;206m,[38;2;192;197;206m [38;2;192;197;206m&[38;2;192;197;206mctx[38;2;192;197;206m)[38;2;192;197;206m;[K
[0m[48;2;40;67;43m[39m+     51[0m:[39m[48;2;24;38;30m [38;2;192;197;206m    [38;2;150;181;180mhash_message[38;2;192;197;206m([38;2;192;197;206m&[38;2;180;142;173mmut[38;2;192;197;206m mhash[38;2;192;197;206m,[38;2;192;197;206m [38;2;192;197;206m&[38;2;180;142;173mmut[38;2;192;197;206m tree[38;2;192;197;206m,[38;2;192;197;206m [38;2;192;197;206m&[38;2;180;142;173mmut[38;2;192;197;206m idx_leaf[38;2;192;197;206m,[38;2;192;197;206m sig[38;2;192;197;206m,[38;2;192;197;206m pk[38;2;192;197;206m,[38;2;192;197;206m m[38;2;192;197;206m,[38;2;192;197;206m mlen [38;2;192;197;206mas[38;2;192;197;206m [38;2;180;142;173mu64[38;2;192;197;206m,[38;2;192;197;206m [38;2;192;197;206m&[38;2;192;197;206mctx[38;2;192;197;206m)[38;2;192;197;206m;[K
[0m[48;2;40;67;43m[39m+     52[0m:[39m[48;2;24;38;30m [K
[0m[48;2;40;67;43m[39m+     53[0m:[39m[48;2;24;38;30m [38;2;192;197;206m    [38;2;180;142;173mlet[38;2;192;197;206m [38;2;180;142;173mmut[38;2;192;197;206m sig_off [38;2;192;197;206m=[38;2;192;197;206m [38;2;208;135;112mSPX_N[38;2;192;197;206m;[K
[0m[48;2;40;67;43m[39m+     54[0m:[39m[48;2;24;38;30m [38;2;192;197;206m    [38;2;150;181;180mset_tree_addr[38;2;192;197;206m([38;2;192;197;206m&[38;2;180;142;173mmut[38;2;192;197;206m wots_addr[38;2;192;197;206m,[38;2;192;197;206m tree[38;2;192;197;206m)[38;2;192;197;206m;[K
[0m[48;2;40;67;43m[39m+     55[0m:[39m[48;2;24;38;30m [38;2;192;197;206m    [38;2;150;181;180mset_keypair_addr[38;2;192;197;206m([38;2;192;197;206m&[38;2;180;142;173mmut[38;2;192;197;206m wots_addr[38;2;192;197;206m,[38;2;192;197;206m idx_leaf[38;2;192;197;206m)[38;2;192;197;206m;[K
[0m[48;2;40;67;43m[39m+     56[0m:[39m[48;2;24;38;30m [K
[0m[48;2;40;67;43m[39m+     57[0m:[39m[48;2;24;38;30m [38;2;192;197;206m    [38;2;150;181;180mfors_sign[38;2;192;197;206m([38;2;192;197;206m&[38;2;180;142;173mmut[38;2;192;197;206m sig[38;2;192;197;206m[[38;2;192;197;206msig_off[38;2;192;197;206m..[38;2;192;197;206m][38;2;192;197;206m,[38;2;192;197;206m [38;2;192;197;206m&[38;2;180;142;173mmut[38;2;192;197;206m root[38;2;192;197;206m,[38;2;192;197;206m [38;2;192;197;206m&[38;2;192;197;206mmhash[38;2;192;197;206m,[38;2;192;197;206m [38;2;192;197;206m&[38;2;192;197;206mctx[38;2;192;197;206m,[38;2;192;197;206m [38;2;192;197;206m&[38;2;192;197;206mwots_addr[38;2;192;197;206m)[38;2;192;197;206m;[K
[0m[48;2;40;67;43m[39m+     58[0m:[39m[48;2;24;38;30m [38;2;192;197;206m    sig_off [38;2;192;197;206m+[38;2;192;197;206m=[38;2;192;197;206m [38;2;208;135;112mSPX_FORS_BYTES[38;2;192;197;206m;[K
[0m[48;2;40;67;43m[39m+     59[0m:[39m[48;2;24;38;30m [K
[0m[48;2;40;67;43m[39m+     60[0m:[39m[48;2;24;38;30m [38;2;192;197;206m    [38;2;180;142;173mfor[38;2;192;197;206m i [38;2;192;197;206min[38;2;192;197;206m [38;2;208;135;112m0[38;2;192;197;206m..[38;2;208;135;112mSPX_D[38;2;192;197;206m [38;2;192;197;206m{[K
[0m[48;2;40;67;43m[39m+     61[0m:[39m[48;2;24;38;30m [38;2;192;197;206m        [38;2;150;181;180mset_layer_addr[38;2;192;197;206m([38;2;192;197;206m&[38;2;180;142;173mmut[38;2;192;197;206m tree_addr[38;2;192;197;206m,[38;2;192;197;206m i [38;2;192;197;206mas[38;2;192;197;206m [38;2;180;142;173mu32[38;2;192;197;206m)[38;2;192;197;206m;[K
[0m[48;2;40;67;43m[39m+     62[0m:[39m[48;2;24;38;30m [38;2;192;197;206m        [38;2;150;181;180mset_tree_addr[38;2;192;197;206m([38;2;192;197;206m&[38;2;180;142;173mmut[38;2;192;197;206m tree_addr[38;2;192;197;206m,[38;2;192;197;206m tree[38;2;192;197;206m)[38;2;192;197;206m;[K
[0m[48;2;40;67;43m[39m+     63[0m:[39m[48;2;24;38;30m [38;2;192;197;206m        [38;2;150;181;180mcopy_subtree_addr[38;2;192;197;206m([38;2;192;197;206m&[38;2;180;142;173mmut[38;2;192;197;206m wots_addr[38;2;192;197;206m,[38;2;192;197;206m [38;2;192;197;206m&[38;2;192;197;206mtree_addr[38;2;192;197;206m)[38;2;192;197;206m;[K
[0m[48;2;40;67;43m[39m+     64[0m:[39m[48;2;24;38;30m [38;2;192;197;206m        [38;2;150;181;180mset_keypair_addr[38;2;192;197;206m([38;2;192;197;206m&[38;2;180;142;173mmut[38;2;192;197;206m wots_addr[38;2;192;197;206m,[38;2;192;197;206m idx_leaf[38;2;192;197;206m)[38;2;192;197;206m;[K
[0m[48;2;40;67;43m[39m+     65[0m:[39m[48;2;24;38;30m [K
[0m[48;2;40;67;43m[39m+     66[0m:[39m[48;2;24;38;30m [38;2;192;197;206m        [38;2;150;181;180mmerkle_sign[38;2;192;197;206m([38;2;192;197;206m&[38;2;180;142;173mmut[38;2;192;197;206m sig[38;2;192;197;206m[[38;2;192;197;206msig_off[38;2;192;197;206m..[38;2;192;197;206m][38;2;192;197;206m,[38;2;192;197;206m [38;2;192;197;206m&[38;2;180;142;173mmut[38;2;192;197;206m root[38;2;192;197;206m,[38;2;192;197;206m [38;2;192;197;206m&[38;2;192;197;206mctx[38;2;192;197;206m,[38;2;192;197;206m [38;2;192;197;206m&[38;2;180;142;173mmut[38;2;192;197;206m wots_addr[38;2;192;197;206m,[38;2;192;197;206m [38;2;192;197;206m&[38;2;180;142;173mmut[38;2;192;197;206m tree_addr[38;2;192;197;206m,[38;2;192;197;206m idx_leaf[38;2;192;197;206m)[38;2;192;197;206m;[K
[0m[48;2;40;67;43m[39m+     67[0m:[39m[48;2;24;38;30m [38;2;192;197;206m        sig_off [38;2;192;197;206m+[38;2;192;197;206m=[38;2;192;197;206m [38;2;208;135;112mSPX_WOTS_BYTES[38;2;192;197;206m [38;2;192;197;206m+[38;2;192;197;206m [38;2;208;135;112mSPX_TREE_HEIGHT[38;2;192;197;206m [38;2;192;197;206m*[38;2;192;197;206m [38;2;208;135;112mSPX_N[38;2;192;197;206m;[K
[0m[48;2;40;67;43m[39m+     68[0m:[39m[48;2;24;38;30m [K
[0m[48;2;40;67;43m[39m+     69[0m:[39m[48;2;24;38;30m [38;2;192;197;206m        idx_leaf [38;2;192;197;206m=[38;2;192;197;206m [38;2;192;197;206m([38;2;192;197;206mtree [38;2;192;197;206m&[38;2;192;197;206m [38;2;192;197;206m([38;2;192;197;206m([38;2;208;135;112m1[38;2;192;197;206m [38;2;192;197;206m<[38;2;192;197;206m<[38;2;192;197;206m [38;2;208;135;112mSPX_TREE_HEIGHT[38;2;192;197;206m)[38;2;192;197;206m [38;2;192;197;206m-[38;2;192;197;206m [38;2;208;135;112m1[38;2;192;197;206m)[38;2;192;197;206m)[38;2;192;197;206m [38;2;192;197;206mas[38;2;192;197;206m [38;2;180;142;173mu32[38;2;192;197;206m;[K
[0m[48;2;40;67;43m[39m+     70[0m:[39m[48;2;24;38;30m [38;2;192;197;206m        tree [38;2;192;197;206m>[38;2;192;197;206m>[38;2;192;197;206m=[38;2;192;197;206m [38;2;208;135;112mSPX_TREE_HEIGHT[38;2;192;197;206m;[K
[0m[48;2;40;67;43m[39m+     71[0m:[39m[48;2;24;38;30m [38;2;192;197;206m    [38;2;192;197;206m}[K
[0m[48;2;40;67;43m[39m+     72[0m:[39m[48;2;24;38;30m [K
[0m[48;2;40;67;43m[39m+     73[0m:[39m[48;2;24;38;30m [38;2;192;197;206m    [38;2;192;197;206m*[38;2;192;197;206msiglen [38;2;192;197;206m=[38;2;192;197;206m [38;2;208;135;112mSPX_BYTES[38;2;192;197;206m;[K
[0m[48;2;40;67;43m[39m+     74[0m:[39m[48;2;24;38;30m [38;2;192;197;206m}[K
[0m[48;2;40;67;43m[39m+     75[0m:[39m[48;2;24;38;30m [K
[0m[48;2;40;67;43m[39m+     76[0m:[39m[48;2;24;38;30m [38;2;180;142;173mpub[38;2;192;197;206m [38;2;180;142;173mfn[38;2;192;197;206m [38;2;143;161;179mcrypto_sign_verify[38;2;192;197;206m([38;2;191;97;106msig[38;2;192;197;206m:[38;2;192;197;206m [38;2;192;197;206m&[38;2;192;197;206m[[38;2;180;142;173mu8[38;2;192;197;206m], [38;2;191;97;106msiglen[38;2;192;197;206m:[38;2;192;197;206m [38;2;180;142;173musize[38;2;192;197;206m, [38;2;191;97;106mm[38;2;192;197;206m:[38;2;192;197;206m [38;2;192;197;206m&[38;2;192;197;206m[[38;2;180;142;173mu8[38;2;192;197;206m], [38;2;191;97;106mmlen[38;2;192;197;206m:[38;2;192;197;206m [38;2;180;142;173musize[38;2;192;197;206m, [38;2;191;97;106mpk[38;2;192;197;206m:[38;2;192;197;206m [38;2;192;197;206m&[38;2;192;197;206m[[38;2;180;142;173mu8[38;2;192;197;206m][38;2;192;197;206m)[38;2;192;197;206m [38;2;192;197;206m->[38;2;192;197;206m [38;2;180;142;173mi32[38;2;192;197;206m [38;2;192;197;206m{[K
[0m[48;2;40;67;43m[39m+     77[0m:[39m[48;2;24;38;30m [38;2;192;197;206m    [38;2;180;142;173mlet[38;2;192;197;206m [38;2;180;142;173mmut[38;2;192;197;206m ctx [38;2;192;197;206m=[38;2;192;197;206m [38;2;192;197;206mSpxCtx[38;2;192;197;206m::[38;2;192;197;206mdefault[38;2;192;197;206m([38;2;192;197;206m)[38;2;192;197;206m;[K
[0m[48;2;40;67;43m[39m+     78[0m:[39m[48;2;24;38;30m [38;2;192;197;206m    [38;2;180;142;173mlet[38;2;192;197;206m pub_root [38;2;192;197;206m=[38;2;192;197;206m [38;2;192;197;206m&[38;2;192;197;206mpk[38;2;192;197;206m[[38;2;208;135;112mSPX_N[38;2;192;197;206m..[38;2;208;135;112m2[38;2;192;197;206m [38;2;192;197;206m*[38;2;192;197;206m [38;2;208;135;112mSPX_N[38;2;192;197;206m][38;2;192;197;206m;[K
[0m[48;2;40;67;43m[39m+     79[0m:[39m[48;2;24;38;30m [38;2;192;197;206m    [38;2;180;142;173mlet[38;2;192;197;206m [38;2;180;142;173mmut[38;2;192;197;206m mhash [38;2;192;197;206m=[38;2;192;197;206m [38;2;192;197;206m[[38;2;208;135;112m0[38;2;180;142;173mu8[38;2;192;197;206m;[38;2;192;197;206m [38;2;208;135;112mSPX_FORS_MSG_BYTES[38;2;192;197;206m][38;2;192;197;206m;[K
[0m[48;2;40;67;43m[39m+     80[0m:[39m[48;2;24;38;30m [38;2;192;197;206m    [38;2;180;142;173mlet[38;2;192;197;206m [38;2;180;142;173mmut[38;2;192;197;206m wots_pk [38;2;192;197;206m=[38;2;192;197;206m [38;2;192;197;206m[[38;2;208;135;112m0[38;2;180;142;173mu8[38;2;192;197;206m;[38;2;192;197;206m [38;2;208;135;112mSPX_WOTS_BYTES[38;2;192;197;206m][38;2;192;197;206m;[K
[0m[48;2;40;67;43m[39m+     81[0m:[39m[48;2;24;38;30m [38;2;192;197;206m    [38;2;180;142;173mlet[38;2;192;197;206m [38;2;180;142;173mmut[38;2;192;197;206m root [38;2;192;197;206m=[38;2;192;197;206m [38;2;192;197;206m[[38;2;208;135;112m0[38;2;180;142;173mu8[38;2;192;197;206m;[38;2;192;197;206m [38;2;208;135;112mSPX_N[38;2;192;197;206m][38;2;192;197;206m;[K
[0m[48;2;40;67;43m[39m+     82[0m:[39m[48;2;24;38;30m [38;2;192;197;206m    [38;2;180;142;173mlet[38;2;192;197;206m [38;2;180;142;173mmut[38;2;192;197;206m leaf [38;2;192;197;206m=[38;2;192;197;206m [38;2;192;197;206m[[38;2;208;135;112m0[38;2;180;142;173mu8[38;2;192;197;206m;[38;2;192;197;206m [38;2;208;135;112mSPX_N[38;2;192;197;206m][38;2;192;197;206m;[K
[0m[48;2;40;67;43m[39m+     83[0m:[39m[48;2;24;38;30m [38;2;192;197;206m    [38;2;180;142;173mlet[38;2;192;197;206m [38;2;180;142;173mmut[38;2;192;197;206m tree[38;2;192;197;206m:[38;2;192;197;206m [38;2;180;142;173mu64[38;2;192;197;206m [38;2;192;197;206m=[38;2;192;197;206m [38;2;208;135;112m0[38;2;192;197;206m;[K
[0m[48;2;40;67;43m[39m+     84[0m:[39m[48;2;24;38;30m [38;2;192;197;206m    [38;2;180;142;173mlet[38;2;192;197;206m [38;2;180;142;173mmut[38;2;192;197;206m idx_leaf[38;2;192;197;206m:[38;2;192;197;206m [38;2;180;142;173mu32[38;2;192;197;206m [38;2;192;197;206m=[38;2;192;197;206m [38;2;208;135;112m0[38;2;192;197;206m;[K
[0m[48;2;40;67;43m[39m+     85[0m:[39m[48;2;24;38;30m [38;2;192;197;206m    [38;2;180;142;173mlet[38;2;192;197;206m [38;2;180;142;173mmut[38;2;192;197;206m wots_addr[38;2;192;197;206m:[38;2;192;197;206m Addr [38;2;192;197;206m=[38;2;192;197;206m [38;2;192;197;206m[[38;2;208;135;112m0[38;2;192;197;206m;[38;2;192;197;206m [38;2;208;135;112m8[38;2;192;197;206m][38;2;192;197;206m;[K
[0m[48;2;40;67;43m[39m+     86[0m:[39m[48;2;24;38;30m [38;2;192;197;206m    [38;2;180;142;173mlet[38;2;192;197;206m [38;2;180;142;173mmut[38;2;192;197;206m tree_addr[38;2;192;197;206m:[38;2;192;197;206m Addr [38;2;192;197;206m=[38;2;192;197;206m [38;2;192;197;206m[[38;2;208;135;112m0[38;2;192;197;206m;[38;2;192;197;206m [38;2;208;135;112m8[38;2;192;197;206m][38;2;192;197;206m;[K
[0m[48;2;40;67;43m[39m+     87[0m:[39m[48;2;24;38;30m [38;2;192;197;206m    [38;2;180;142;173mlet[38;2;192;197;206m [38;2;180;142;173mmut[38;2;192;197;206m wots_pk_addr[38;2;192;197;206m:[38;2;192;197;206m Addr [38;2;192;197;206m=[38;2;192;197;206m [38;2;192;197;206m[[38;2;208;135;112m0[38;2;192;197;206m;[38;2;192;197;206m [38;2;208;135;112m8[38;2;192;197;206m][38;2;192;197;206m;[K
[0m[48;2;40;67;43m[39m+     88[0m:[39m[48;2;24;38;30m [K
[0m[48;2;40;67;43m[39m+     89[0m:[39m[48;2;24;38;30m [38;2;192;197;206m    [38;2;180;142;173mif[38;2;192;197;206m siglen [38;2;192;197;206m![38;2;192;197;206m=[38;2;192;197;206m [38;2;208;135;112mSPX_BYTES[38;2;192;197;206m [38;2;192;197;206m{[38;2;192;197;206m [38;2;180;142;173mreturn[38;2;192;197;206m [38;2;192;197;206m-[38;2;208;135;112m1[38;2;192;197;206m;[38;2;192;197;206m [38;2;192;197;206m}[K
[0m[48;2;40;67;43m[39m+     90[0m:[39m[48;2;24;38;30m [K
[0m[48;2;40;67;43m[39m+     91[0m:[39m[48;2;24;38;30m [38;2;192;197;206m    ctx.pub_seed.[38;2;150;181;180mcopy_from_slice[38;2;192;197;206m([38;2;192;197;206m&[38;2;192;197;206mpk[38;2;192;197;206m[[38;2;192;197;206m..[38;2;208;135;112mSPX_N[38;2;192;197;206m][38;2;192;197;206m)[38;2;192;197;206m;[K
[0m[48;2;40;67;43m[39m+     92[0m:[39m[48;2;24;38;30m [38;2;192;197;206m    [38;2;150;181;180minitialize_hash_function[38;2;192;197;206m([38;2;192;197;206m&[38;2;180;142;173mmut[38;2;192;197;206m ctx[38;2;192;197;206m)[38;2;192;197;206m;[K
[0m[48;2;40;67;43m[39m+     93[0m:[39m[48;2;24;38;30m [K
[0m[48;2;40;67;43m[39m+     94[0m:[39m[48;2;24;38;30m [38;2;192;197;206m    [38;2;150;181;180mset_type[38;2;192;197;206m([38;2;192;197;206m&[38;2;180;142;173mmut[38;2;192;197;206m wots_addr[38;2;192;197;206m,[38;2;192;197;206m [38;2;208;135;112mSPX_ADDR_TYPE_WOTS[38;2;192;197;206m)[38;2;192;197;206m;[K
[0m[48;2;40;67;43m[39m+     95[0m:[39m[48;2;24;38;30m [38;2;192;197;206m    [38;2;150;181;180mset_type[38;2;192;197;206m([38;2;192;197;206m&[38;2;180;142;173mmut[38;2;192;197;206m tree_addr[38;2;192;197;206m,[38;2;192;197;206m [38;2;208;135;112mSPX_ADDR_TYPE_HASHTREE[38;2;192;197;206m)[38;2;192;197;206m;[K
[0m[48;2;40;67;43m[39m+     96[0m:[39m[48;2;24;38;30m [38;2;192;197;206m    [38;2;150;181;180mset_type[38;2;192;197;206m([38;2;192;197;206m&[38;2;180;142;173mmut[38;2;192;197;206m wots_pk_addr[38;2;192;197;206m,[38;2;192;197;206m [38;2;208;135;112mSPX_ADDR_TYPE_WOTSPK[38;2;192;197;206m)[38;2;192;197;206m;[K
[0m[48;2;40;67;43m[39m+     97[0m:[39m[48;2;24;38;30m [K
[0m[48;2;40;67;43m[39m+     98[0m:[39m[48;2;24;38;30m [38;2;192;197;206m    [38;2;150;181;180mhash_message[38;2;192;197;206m([38;2;192;197;206m&[38;2;180;142;173mmut[38;2;192;197;206m mhash[38;2;192;197;206m,[38;2;192;197;206m [38;2;192;197;206m&[38;2;180;142;173mmut[38;2;192;197;206m tree[38;2;192;197;206m,[38;2;192;197;206m [38;2;192;197;206m&[38;2;180;142;173mmut[38;2;192;197;206m idx_leaf[38;2;192;197;206m,[38;2;192;197;206m sig[38;2;192;197;206m,[38;2;192;197;206m pk[38;2;192;197;206m,[38;2;192;197;206m m[38;2;192;197;206m,[38;2;192;197;206m mlen [38;2;192;197;206mas[38;2;192;197;206m [38;2;180;142;173mu64[38;2;192;197;206m,[38;2;192;197;206m [38;2;192;197;206m&[38;2;192;197;206mctx[38;2;192;197;206m)[38;2;192;197;206m;[K
[0m[48;2;40;67;43m[39m+     99[0m:[39m[48;2;24;38;30m [38;2;192;197;206m    [38;2;180;142;173mlet[38;2;192;197;206m [38;2;180;142;173mmut[38;2;192;197;206m sig_off [38;2;192;197;206m=[38;2;192;197;206m [38;2;208;135;112mSPX_N[38;2;192;197;206m;[K
[0m[48;2;40;67;43m[39m+    100[0m:[39m[48;2;24;38;30m [K
[0m[48;2;40;67;43m[39m+    101[0m:[39m[48;2;24;38;30m [38;2;192;197;206m    [38;2;150;181;180mset_tree_addr[38;2;192;197;206m([38;2;192;197;206m&[38;2;180;142;173mmut[38;2;192;197;206m wots_addr[38;2;192;197;206m,[38;2;192;197;206m tree[38;2;192;197;206m)[38;2;192;197;206m;[K
[0m[48;2;40;67;43m[39m+    102[0m:[39m[48;2;24;38;30m [38;2;192;197;206m    [38;2;150;181;180mset_keypair_addr[38;2;192;197;206m([38;2;192;197;206m&[38;2;180;142;173mmut[38;2;192;197;206m wots_addr[38;2;192;197;206m,[38;2;192;197;206m idx_leaf[38;2;192;197;206m)[38;2;192;197;206m;[K
[0m[48;2;40;67;43m[39m+    103[0m:[39m[48;2;24;38;30m [K
[0m[48;2;40;67;43m[39m+    104[0m:[39m[48;2;24;38;30m [38;2;192;197;206m    [38;2;150;181;180mfors_pk_from_sig[38;2;192;197;206m([38;2;192;197;206m&[38;2;180;142;173mmut[38;2;192;197;206m root[38;2;192;197;206m,[38;2;192;197;206m [38;2;192;197;206m&[38;2;192;197;206msig[38;2;192;197;206m[[38;2;192;197;206msig_off[38;2;192;197;206m..[38;2;192;197;206m][38;2;192;197;206m,[38;2;192;197;206m [38;2;192;197;206m&[38;2;192;197;206mmhash[38;2;192;197;206m,[38;2;192;197;206m [38;2;192;197;206m&[38;2;192;197;206mctx[38;2;192;197;206m,[38;2;192;197;206m [38;2;192;197;206m&[38;2;192;197;206mwots_addr[38;2;192;197;206m)[38;2;192;197;206m;[K
[0m[48;2;40;67;43m[39m+    105[0m:[39m[48;2;24;38;30m [38;2;192;197;206m    sig_off [38;2;192;197;206m+[38;2;192;197;206m=[38;2;192;197;206m [38;2;208;135;112mSPX_FORS_BYTES[38;2;192;197;206m;[K
[0m[48;2;40;67;43m[39m+    106[0m:[39m[48;2;24;38;30m [K
[0m[48;2;40;67;43m[39m+    107[0m:[39m[48;2;24;38;30m [38;2;192;197;206m    [38;2;180;142;173mfor[38;2;192;197;206m i [38;2;192;197;206min[38;2;192;197;206m [38;2;208;135;112m0[38;2;192;197;206m..[38;2;208;135;112mSPX_D[38;2;192;197;206m [38;2;192;197;206m{[K
[0m[48;2;40;67;43m[39m+    108[0m:[39m[48;2;24;38;30m [38;2;192;197;206m        [38;2;150;181;180mset_layer_addr[38;2;192;197;206m([38;2;192;197;206m&[38;2;180;142;173mmut[38;2;192;197;206m tree_addr[38;2;192;197;206m,[38;2;192;197;206m i [38;2;192;197;206mas[38;2;192;197;206m [38;2;180;142;173mu32[38;2;192;197;206m)[38;2;192;197;206m;[K
[0m[48;2;40;67;43m[39m+    109[0m:[39m[48;2;24;38;30m [38;2;192;197;206m        [38;2;150;181;180mset_tree_addr[38;2;192;197;206m([38;2;192;197;206m&[38;2;180;142;173mmut[38;2;192;197;206m tree_addr[38;2;192;197;206m,[38;2;192;197;206m tree[38;2;192;197;206m)[38;2;192;197;206m;[K
[0m[48;2;40;67;43m[39m+    110[0m:[39m[48;2;24;38;30m [38;2;192;197;206m        [38;2;150;181;180mcopy_subtree_addr[38;2;192;197;206m([38;2;192;197;206m&[38;2;180;142;173mmut[38;2;192;197;206m wots_addr[38;2;192;197;206m,[38;2;192;197;206m [38;2;192;197;206m&[38;2;192;197;206mtree_addr[38;2;192;197;206m)[38;2;192;197;206m;[K
[0m[48;2;40;67;43m[39m+    111[0m:[39m[48;2;24;38;30m [38;2;192;197;206m        [38;2;150;181;180mset_keypair_addr[38;2;192;197;206m([38;2;192;197;206m&[38;2;180;142;173mmut[38;2;192;197;206m wots_addr[38;2;192;197;206m,[38;2;192;197;206m idx_leaf[38;2;192;197;206m)[38;2;192;197;206m;[K
[0m[48;2;40;67;43m[39m+    112[0m:[39m[48;2;24;38;30m [38;2;192;197;206m        [38;2;150;181;180mcopy_keypair_addr[38;2;192;197;206m([38;2;192;197;206m&[38;2;180;142;173mmut[38;2;192;197;206m wots_pk_addr[38;2;192;197;206m,[38;2;192;197;206m [38;2;192;197;206m&[38;2;192;197;206mwots_addr[38;2;192;197;206m)[38;2;192;197;206m;[K
[0m[48;2;40;67;43m[39m+    113[0m:[39m[48;2;24;38;30m [K
[0m[48;2;40;67;43m[39m+    114[0m:[39m[48;2;24;38;30m [38;2;192;197;206m        [38;2;150;181;180mwots_pk_from_sig[38;2;192;197;206m([38;2;192;197;206m&[38;2;180;142;173mmut[38;2;192;197;206m wots_pk[38;2;192;197;206m,[38;2;192;197;206m [38;2;192;197;206m&[38;2;192;197;206msig[38;2;192;197;206m[[38;2;192;197;206msig_off[38;2;192;197;206m..[38;2;192;197;206m][38;2;192;197;206m,[38;2;192;197;206m [38;2;192;197;206m&[38;2;192;197;206mroot[38;2;192;197;206m,[38;2;192;197;206m [38;2;192;197;206m&[38;2;192;197;206mctx[38;2;192;197;206m,[38;2;192;197;206m [38;2;192;197;206m&[38;2;180;142;173mmut[38;2;192;197;206m wots_addr[38;2;192;197;206m)[38;2;192;197;206m;[K
[0m[48;2;40;67;43m[39m+    115[0m:[39m[48;2;24;38;30m [38;2;192;197;206m        sig_off [38;2;192;197;206m+[38;2;192;197;206m=[38;2;192;197;206m [38;2;208;135;112mSPX_WOTS_BYTES[38;2;192;197;206m;[K
[0m[48;2;40;67;43m[39m+    116[0m:[39m[48;2;24;38;30m [K
[0m[48;2;40;67;43m[39m+    117[0m:[39m[48;2;24;38;30m [38;2;192;197;206m        [38;2;150;181;180mthash[38;2;192;197;206m([38;2;192;197;206m&[38;2;180;142;173mmut[38;2;192;197;206m leaf[38;2;192;197;206m,[38;2;192;197;206m [38;2;192;197;206m&[38;2;192;197;206mwots_pk[38;2;192;197;206m,[38;2;192;197;206m [38;2;208;135;112mSPX_WOTS_LEN[38;2;192;197;206m,[38;2;192;197;206m [38;2;192;197;206m&[38;2;192;197;206mctx[38;2;192;197;206m,[38;2;192;197;206m [38;2;192;197;206m&[38;2;180;142;173mmut[38;2;192;197;206m wots_pk_addr[38;2;192;197;206m)[38;2;192;197;206m;[K
[0m[48;2;40;67;43m[39m+    118[0m:[39m[48;2;24;38;30m [38;2;192;197;206m        [38;2;150;181;180mcompute_root[38;2;192;197;206m([38;2;192;197;206m&[38;2;180;142;173mmut[38;2;192;197;206m root[38;2;192;197;206m,[38;2;192;197;206m [38;2;192;197;206m&[38;2;192;197;206mleaf[38;2;192;197;206m,[38;2;192;197;206m idx_leaf[38;2;192;197;206m,[38;2;192;197;206m [38;2;208;135;112m0[38;2;192;197;206m,[38;2;192;197;206m [38;2;192;197;206m&[38;2;192;197;206msig[38;2;192;197;206m[[38;2;192;197;206msig_off[38;2;192;197;206m..[38;2;192;197;206m][38;2;192;197;206m,[K
[0m[48;2;40;67;43m[39m+    119[0m:[39m[48;2;24;38;30m [38;2;192;197;206m                     [38;2;208;135;112mSPX_TREE_HEIGHT[38;2;192;197;206m [38;2;192;197;206mas[38;2;192;197;206m [38;2;180;142;173mu32[38;2;192;197;206m,[38;2;192;197;206m [38;2;192;197;206m&[38;2;192;197;206mctx[38;2;192;197;206m,[38;2;192;197;206m [38;2;192;197;206m&[38;2;180;142;173mmut[38;2;192;197;206m tree_addr[38;2;192;197;206m)[38;2;192;197;206m;[K
[0m[48;2;40;67;43m[39m+    120[0m:[39m[48;2;24;38;30m [38;2;192;197;206m        sig_off [38;2;192;197;206m+[38;2;192;197;206m=[38;2;192;197;206m [38;2;208;135;112mSPX_TREE_HEIGHT[38;2;192;197;206m [38;2;192;197;206m*[38;2;192;197;206m [38;2;208;135;112mSPX_N[38;2;192;197;206m;[K
[0m[48;2;40;67;43m[39m+    121[0m:[39m[48;2;24;38;30m [K
[0m[48;2;40;67;43m[39m+    122[0m:[39m[48;2;24;38;30m [38;2;192;197;206m        idx_leaf [38;2;192;197;206m=[38;2;192;197;206m [38;2;192;197;206m([38;2;192;197;206mtree [38;2;192;197;206m&[38;2;192;197;206m [38;2;192;197;206m([38;2;192;197;206m([38;2;208;135;112m1[38;2;192;197;206m [38;2;192;197;206m<[38;2;192;197;206m<[38;2;192;197;206m [38;2;208;135;112mSPX_TREE_HEIGHT[38;2;192;197;206m)[38;2;192;197;206m [38;2;192;197;206m-[38;2;192;197;206m [38;2;208;135;112m1[38;2;192;197;206m)[38;2;192;197;206m)[38;2;192;197;206m [38;2;192;197;206mas[38;2;192;197;206m [38;2;180;142;173mu32[38;2;192;197;206m;[K
[0m[48;2;40;67;43m[39m+    123[0m:[39m[48;2;24;38;30m [38;2;192;197;206m        tree [38;2;192;197;206m>[38;2;192;197;206m>[38;2;192;197;206m=[38;2;192;197;206m [38;2;208;135;112mSPX_TREE_HEIGHT[38;2;192;197;206m;[K
[0m[48;2;40;67;43m[39m+    124[0m:[39m[48;2;24;38;30m [38;2;192;197;206m    [38;2;192;197;206m}[K
[0m[48;2;40;67;43m[39m+    125[0m:[39m[48;2;24;38;30m [K
[0m[48;2;40;67;43m[39m+    126[0m:[39m[48;2;24;38;30m [38;2;192;197;206m    [38;2;180;142;173mif[38;2;192;197;206m root[38;2;192;197;206m[[38;2;192;197;206m..[38;2;208;135;112mSPX_N[38;2;192;197;206m][38;2;192;197;206m [38;2;192;197;206m![38;2;192;197;206m=[38;2;192;197;206m pub_root[38;2;192;197;206m[[38;2;192;197;206m..[38;2;208;135;112mSPX_N[38;2;192;197;206m][38;2;192;197;206m [38;2;192;197;206m{[38;2;192;197;206m [38;2;180;142;173mreturn[38;2;192;197;206m [38;2;192;197;206m-[38;2;208;135;112m1[38;2;192;197;206m;[38;2;192;197;206m [38;2;192;197;206m}[K
[0m[48;2;40;67;43m[39m+    127[0m:[39m[48;2;24;38;30m [38;2;192;197;206m    [38;2;208;135;112m0[K
[0m[48;2;40;67;43m[39m+    128[0m:[39m[48;2;24;38;30m [38;2;192;197;206m}[K
[0m[48;2;40;67;43m[39m+    129[0m:[39m[48;2;24;38;30m [K
[0m[48;2;40;67;43m[39m+    130[0m:[39m[48;2;24;38;30m [38;2;180;142;173mpub[38;2;192;197;206m [38;2;180;142;173mfn[38;2;192;197;206m [38;2;143;161;179mcrypto_sign[38;2;192;197;206m([38;2;191;97;106msm[38;2;192;197;206m:[38;2;192;197;206m [38;2;192;197;206m&[38;2;180;142;173mmut[38;2;192;197;206m [[38;2;180;142;173mu8[38;2;192;197;206m], [38;2;191;97;106msmlen[38;2;192;197;206m:[38;2;192;197;206m [38;2;192;197;206m&[38;2;180;142;173mmut[38;2;192;197;206m [38;2;180;142;173mu64[38;2;192;197;206m, [38;2;191;97;106mm[38;2;192;197;206m:[38;2;192;197;206m [38;2;192;197;206m&[38;2;192;197;206m[[38;2;180;142;173mu8[38;2;192;197;206m], [38;2;191;97;106mmlen[38;2;192;197;206m:[38;2;192;197;206m [38;2;180;142;173mu64[38;2;192;197;206m, [38;2;191;97;106msk[38;2;192;197;206m:[38;2;192;197;206m [38;2;192;197;206m&[38;2;192;197;206m[[38;2;180;142;173mu8[38;2;192;197;206m][38;2;192;197;206m)[38;2;192;197;206m [38;2;192;197;206m->[38;2;192;197;206m [38;2;180;142;173mi32[38;2;192;197;206m [38;2;192;197;206m{[K
[0m[48;2;40;67;43m[39m+    131[0m:[39m[48;2;24;38;30m [38;2;192;197;206m    [38;2;180;142;173mlet[38;2;192;197;206m [38;2;180;142;173mmut[38;2;192;197;206m siglen[38;2;192;197;206m:[38;2;192;197;206m [38;2;180;142;173musize[38;2;192;197;206m [38;2;192;197;206m=[38;2;192;197;206m [38;2;208;135;112m0[38;2;192;197;206m;[K
[0m[48;2;40;67;43m[39m+    132[0m:[39m[48;2;24;38;30m [38;2;192;197;206m    [38;2;150;181;180mcrypto_sign_signature[38;2;192;197;206m([38;2;192;197;206msm[38;2;192;197;206m,[38;2;192;197;206m [38;2;192;197;206m&[38;2;180;142;173mmut[38;2;192;197;206m siglen[38;2;192;197;206m,[38;2;192;197;206m m[38;2;192;197;206m,[38;2;192;197;206m mlen [38;2;192;197;206mas[38;2;192;197;206m [38;2;180;142;173musize[38;2;192;197;206m,[38;2;192;197;206m sk[38;2;192;197;206m)[38;2;192;197;206m;[K
[0m[48;2;40;67;43m[39m+    133[0m:[39m[48;2;24;38;30m [38;2;192;197;206m    [38;2;101;115;126m//[38;2;101;115;126m memmove sm + SPX_BYTES <- m[K
[0m[48;2;40;67;43m[39m+    134[0m:[39m[48;2;24;38;30m [38;2;192;197;206m    [38;2;180;142;173mlet[38;2;192;197;206m mlen_usize [38;2;192;197;206m=[38;2;192;197;206m mlen [38;2;192;197;206mas[38;2;192;197;206m [38;2;180;142;173musize[38;2;192;197;206m;[K
[0m[48;2;40;67;43m[39m+    135[0m:[39m[48;2;24;38;30m [38;2;192;197;206m    [38;2;180;142;173mfor[38;2;192;197;206m i [38;2;192;197;206min[38;2;192;197;206m [38;2;192;197;206m([38;2;208;135;112m0[38;2;192;197;206m..[38;2;192;197;206mmlen_usize[38;2;192;197;206m)[38;2;192;197;206m.[38;2;150;181;180mrev[38;2;192;197;206m([38;2;192;197;206m)[38;2;192;197;206m [38;2;192;197;206m{[K
[0m[48;2;40;67;43m[39m+    136[0m:[39m[48;2;24;38;30m [38;2;192;197;206m        sm[38;2;192;197;206m[[38;2;208;135;112mSPX_BYTES[38;2;192;197;206m [38;2;192;197;206m+[38;2;192;197;206m i[38;2;192;197;206m][38;2;192;197;206m [38;2;192;197;206m=[38;2;192;197;206m m[38;2;192;197;206m[[38;2;192;197;206mi[38;2;192;197;206m][38;2;192;197;206m;[K
[0m[48;2;40;67;43m[39m+    137[0m:[39m[48;2;24;38;30m [38;2;192;197;206m    [38;2;192;197;206m}[K
[0m[48;2;40;67;43m[39m+    138[0m:[39m[48;2;24;38;30m [38;2;192;197;206m    [38;2;192;197;206m*[38;2;192;197;206msmlen [38;2;192;197;206m=[38;2;192;197;206m [38;2;192;197;206m([38;2;192;197;206msiglen [38;2;192;197;206m+[38;2;192;197;206m mlen_usize[38;2;192;197;206m)[38;2;192;197;206m [38;2;192;197;206mas[38;2;192;197;206m [38;2;180;142;173mu64[38;2;192;197;206m;[K
[0m[48;2;40;67;43m[39m+    139[0m:[39m[48;2;24;38;30m [38;2;192;197;206m    [38;2;208;135;112m0[K
[0m[48;2;40;67;43m[39m+    140[0m:[39m[48;2;24;38;30m [38;2;192;197;206m}[K
[0m[48;2;40;67;43m[39m+    141[0m:[39m[48;2;24;38;30m [K
[0m[48;2;40;67;43m[39m+    142[0m:[39m[48;2;24;38;30m [38;2;180;142;173mpub[38;2;192;197;206m [38;2;180;142;173mfn[38;2;192;197;206m [38;2;143;161;179mcrypto_sign_open[38;2;192;197;206m([38;2;191;97;106mm_out[38;2;192;197;206m:[38;2;192;197;206m [38;2;192;197;206m&[38;2;180;142;173mmut[38;2;192;197;206m [[38;2;180;142;173mu8[38;2;192;197;206m], [38;2;191;97;106mmlen[38;2;192;197;206m:[38;2;192;197;206m [38;2;192;197;206m&[38;2;180;142;173mmut[38;2;192;197;206m [38;2;180;142;173mu64[38;2;192;197;206m, [38;2;191;97;106msm[38;2;192;197;206m:[38;2;192;197;206m [38;2;192;197;206m&[38;2;192;197;206m[[38;2;180;142;173mu8[38;2;192;197;206m], [38;2;191;97;106msmlen[38;2;192;197;206m:[38;2;192;197;206m [38;2;180;142;173mu64[38;2;192;197;206m, [38;2;191;97;106mpk[38;2;192;197;206m:[38;2;192;197;206m [38;2;192;197;206m&[38;2;192;197;206m[[38;2;180;142;173mu8[38;2;192;197;206m][38;2;192;197;206m)[38;2;192;197;206m [38;2;192;197;206m->[38;2;192;197;206m [38;2;180;142;173mi32[38;2;192;197;206m [38;2;192;197;206m{[K
[0m[48;2;40;67;43m[39m+    143[0m:[39m[48;2;24;38;30m [38;2;192;197;206m    [38;2;180;142;173mif[38;2;192;197;206m smlen [38;2;192;197;206m<[38;2;192;197;206m [38;2;208;135;112mSPX_BYTES[38;2;192;197;206m [38;2;192;197;206mas[38;2;192;197;206m [38;2;180;142;173mu64[38;2;192;197;206m [38;2;192;197;206m{[K
[0m[48;2;40;67;43m[39m+    144[0m:[39m[48;2;24;38;30m [38;2;192;197;206m        [38;2;180;142;173mfor[38;2;192;197;206m i [38;2;192;197;206min[38;2;192;197;206m [38;2;208;135;112m0[38;2;192;197;206m..[38;2;192;197;206msmlen [38;2;192;197;206mas[38;2;192;197;206m [38;2;180;142;173musize[38;2;192;197;206m [38;2;192;197;206m{[38;2;192;197;206m m_out[38;2;192;197;206m[[38;2;192;197;206mi[38;2;192;197;206m][38;2;192;197;206m [38;2;192;197;206m=[38;2;192;197;206m [38;2;208;135;112m0[38;2;192;197;206m;[38;2;192;197;206m [38;2;192;197;206m}[K
[0m[48;2;40;67;43m[39m+    145[0m:[39m[48;2;24;38;30m [38;2;192;197;206m        [38;2;192;197;206m*[38;2;192;197;206mmlen [38;2;192;197;206m=[38;2;192;197;206m [38;2;208;135;112m0[38;2;192;197;206m;[K
[0m[48;2;40;67;43m[39m+    146[0m:[39m[48;2;24;38;30m [38;2;192;197;206m        [38;2;180;142;173mreturn[38;2;192;197;206m [38;2;192;197;206m-[38;2;208;135;112m1[38;2;192;197;206m;[K
[0m[48;2;40;67;43m[39m+    147[0m:[39m[48;2;24;38;30m [38;2;192;197;206m    [38;2;192;197;206m}[K
[0m[48;2;40;67;43m[39m+    148[0m:[39m[48;2;24;38;30m [38;2;192;197;206m    [38;2;192;197;206m*[38;2;192;197;206mmlen [38;2;192;197;206m=[38;2;192;197;206m smlen [38;2;192;197;206m-[38;2;192;197;206m [38;2;208;135;112mSPX_BYTES[38;2;192;197;206m [38;2;192;197;206mas[38;2;192;197;206m [38;2;180;142;173mu64[38;2;192;197;206m;[K
[0m[48;2;40;67;43m[39m+    149[0m:[39m[48;2;24;38;30m [38;2;192;197;206m    [38;2;180;142;173mlet[38;2;192;197;206m mlen_usize [38;2;192;197;206m=[38;2;192;197;206m [38;2;192;197;206m*[38;2;192;197;206mmlen [38;2;192;197;206mas[38;2;192;197;206m [38;2;180;142;173musize[38;2;192;197;206m;[K
[0m[48;2;40;67;43m[39m+    150[0m:[39m[48;2;24;38;30m [K
[0m[48;2;40;67;43m[39m+    151[0m:[39m[48;2;24;38;30m [38;2;192;197;206m    [38;2;180;142;173mif[38;2;192;197;206m [38;2;150;181;180mcrypto_sign_verify[38;2;192;197;206m([38;2;192;197;206msm[38;2;192;197;206m,[38;2;192;197;206m [38;2;208;135;112mSPX_BYTES[38;2;192;197;206m,[38;2;192;197;206m [38;2;192;197;206m&[38;2;192;197;206msm[38;2;192;197;206m[[38;2;208;135;112mSPX_BYTES[38;2;192;197;206m..[38;2;192;197;206m][38;2;192;197;206m,[38;2;192;197;206m mlen_usize[38;2;192;197;206m,[38;2;192;197;206m pk[38;2;192;197;206m)[38;2;192;197;206m [38;2;192;197;206m![38;2;192;197;206m=[38;2;192;197;206m [38;2;208;135;112m0[38;2;192;197;206m [38;2;192;197;206m{[K
[0m[48;2;40;67;43m[39m+    152[0m:[39m[48;2;24;38;30m [38;2;192;197;206m        [38;2;180;142;173mfor[38;2;192;197;206m i [38;2;192;197;206min[38;2;192;197;206m [38;2;208;135;112m0[38;2;192;197;206m..[38;2;192;197;206msmlen [38;2;192;197;206mas[38;2;192;197;206m [38;2;180;142;173musize[38;2;192;197;206m [38;2;192;197;206m{[38;2;192;197;206m m_out[38;2;192;197;206m[[38;2;192;197;206mi[38;2;192;197;206m][38;2;192;197;206m [38;2;192;197;206m=[38;2;192;197;206m [38;2;208;135;112m0[38;2;192;197;206m;[38;2;192;197;206m [38;2;192;197;206m}[K
[0m[48;2;40;67;43m[39m+    153[0m:[39m[48;2;24;38;30m [38;2;192;197;206m        [38;2;192;197;206m*[38;2;192;197;206mmlen [38;2;192;197;206m=[38;2;192;197;206m [38;2;208;135;112m0[38;2;192;197;206m;[K
[0m[48;2;40;67;43m[39m+    154[0m:[39m[48;2;24;38;30m [38;2;192;197;206m        [38;2;180;142;173mreturn[38;2;192;197;206m [38;2;192;197;206m-[38;2;208;135;112m1[38;2;192;197;206m;[K
[0m[48;2;40;67;43m[39m+    155[0m:[39m[48;2;24;38;30m [38;2;192;197;206m    [38;2;192;197;206m}[K
[0m[48;2;40;67;43m[39m+    156[0m:[39m[48;2;24;38;30m [38;2;192;197;206m    [38;2;101;115;126m//[38;2;101;115;126m memmove[K
[0m[48;2;40;67;43m[39m+    157[0m:[39m[48;2;24;38;30m [38;2;192;197;206m    [38;2;180;142;173mfor[38;2;192;197;206m i [38;2;192;197;206min[38;2;192;197;206m [38;2;208;135;112m0[38;2;192;197;206m..[38;2;192;197;206mmlen_usize [38;2;192;197;206m{[K
[0m[48;2;40;67;43m[39m+    158[0m:[39m[48;2;24;38;30m [38;2;192;197;206m        m_out[38;2;192;197;206m[[38;2;192;197;206mi[38;2;192;197;206m][38;2;192;197;206m [38;2;192;197;206m=[38;2;192;197;206m sm[38;2;192;197;206m[[38;2;208;135;112mSPX_BYTES[38;2;192;197;206m [38;2;192;197;206m+[38;2;192;197;206m i[38;2;192;197;206m][38;2;192;197;206m;[K
[0m[48;2;40;67;43m[39m+    159[0m:[39m[48;2;24;38;30m [38;2;192;197;206m    [38;2;192;197;206m}[K
[0m[48;2;40;67;43m[39m+    160[0m:[39m[48;2;24;38;30m [38;2;192;197;206m    [38;2;208;135;112m0[K
[0m[48;2;40;67;43m[39m+    161[0m:[39m[48;2;24;38;30m [38;2;192;197;206m}[K
[0m[K
Creating: [38;5;141m/local/home/scheschb/reserach/TRACTOR/harvest-agentic/results/P01_sphincs_plus/010_sphincs_PQCgenKAT_sign_blake_192f_robust/translated_rust/src/sign.rs[0m
[38;5;244m - Completed in 0.42s[0m
[38;5;12m[1m [1.19][0m[0m
[?25l[0m[38;5;141m> [0mNow the main.rs:[0m[0m
[?25l[0m[0mI'll create the following file: [38;5;141m/local/home/scheschb/reserach/TRACTOR/harvest-agentic/results/P01_sphincs_plus/010_sphincs_PQCgenKAT_sign_blake_192f_robust/translated_rust/src/main.rs[0m[38;5;244m (using tool: write)[0m

[48;2;40;67;43m[39m+      1[0m:[39m[48;2;24;38;30m [38;2;180;142;173mmod[38;2;192;197;206m [38;2;192;197;206mparams[38;2;192;197;206m;[K
[0m[48;2;40;67;43m[39m+      2[0m:[39m[48;2;24;38;30m [38;2;180;142;173mmod[38;2;192;197;206m [38;2;192;197;206mblake256[38;2;192;197;206m;[K
[0m[48;2;40;67;43m[39m+      3[0m:[39m[48;2;24;38;30m [38;2;180;142;173mmod[38;2;192;197;206m [38;2;192;197;206mblake512[38;2;192;197;206m;[K
[0m[48;2;40;67;43m[39m+      4[0m:[39m[48;2;24;38;30m [38;2;180;142;173mmod[38;2;192;197;206m [38;2;192;197;206mutils[38;2;192;197;206m;[K
[0m[48;2;40;67;43m[39m+      5[0m:[39m[48;2;24;38;30m [38;2;180;142;173mmod[38;2;192;197;206m [38;2;192;197;206maddress[38;2;192;197;206m;[K
[0m[48;2;40;67;43m[39m+      6[0m:[39m[48;2;24;38;30m [38;2;180;142;173mmod[38;2;192;197;206m [38;2;192;197;206mcontext[38;2;192;197;206m;[K
[0m[48;2;40;67;43m[39m+      7[0m:[39m[48;2;24;38;30m [38;2;180;142;173mmod[38;2;192;197;206m [38;2;192;197;206mhash[38;2;192;197;206m;[K
[0m[48;2;40;67;43m[39m+      8[0m:[39m[48;2;24;38;30m [38;2;180;142;173mmod[38;2;192;197;206m [38;2;192;197;206mthash[38;2;192;197;206m;[K
[0m[48;2;40;67;43m[39m+      9[0m:[39m[48;2;24;38;30m [38;2;180;142;173mmod[38;2;192;197;206m [38;2;192;197;206mwots[38;2;192;197;206m;[K
[0m[48;2;40;67;43m[39m+     10[0m:[39m[48;2;24;38;30m [38;2;180;142;173mmod[38;2;192;197;206m [38;2;192;197;206mwotsx1[38;2;192;197;206m;[K
[0m[48;2;40;67;43m[39m+     11[0m:[39m[48;2;24;38;30m [38;2;180;142;173mmod[38;2;192;197;206m [38;2;192;197;206mfors[38;2;192;197;206m;[K
[0m[48;2;40;67;43m[39m+     12[0m:[39m[48;2;24;38;30m [38;2;180;142;173mmod[38;2;192;197;206m [38;2;192;197;206mutilsx1[38;2;192;197;206m;[K
[0m[48;2;40;67;43m[39m+     13[0m:[39m[48;2;24;38;30m [38;2;180;142;173mmod[38;2;192;197;206m [38;2;192;197;206mmerkle[38;2;192;197;206m;[K
[0m[48;2;40;67;43m[39m+     14[0m:[39m[48;2;24;38;30m [38;2;180;142;173mmod[38;2;192;197;206m [38;2;192;197;206mcompute_root[38;2;192;197;206m;[K
[0m[48;2;40;67;43m[39m+     15[0m:[39m[48;2;24;38;30m [38;2;180;142;173mmod[38;2;192;197;206m [38;2;192;197;206mrng[38;2;192;197;206m;[K
[0m[48;2;40;67;43m[39m+     16[0m:[39m[48;2;24;38;30m [38;2;180;142;173mmod[38;2;192;197;206m [38;2;192;197;206msign[38;2;192;197;206m;[K
[0m[48;2;40;67;43m[39m+     17[0m:[39m[48;2;24;38;30m [K
[0m[48;2;40;67;43m[39m+     18[0m:[39m[48;2;24;38;30m [38;2;180;142;173muse[38;2;192;197;206m [38;2;192;197;206mparams[38;2;192;197;206m::[38;2;192;197;206m*[38;2;192;197;206m;[K
[0m[48;2;40;67;43m[39m+     19[0m:[39m[48;2;24;38;30m [38;2;180;142;173muse[38;2;192;197;206m [38;2;192;197;206mrng[38;2;192;197;206m::[38;2;192;197;206m{[38;2;192;197;206mrandombytes_init[38;2;192;197;206m,[38;2;192;197;206m randombytes[38;2;192;197;206m}[38;2;192;197;206m;[K
[0m[48;2;40;67;43m[39m+     20[0m:[39m[48;2;24;38;30m [38;2;180;142;173muse[38;2;192;197;206m [38;2;192;197;206msign[38;2;192;197;206m::[38;2;192;197;206m*[38;2;192;197;206m;[K
[0m[48;2;40;67;43m[39m+     21[0m:[39m[48;2;24;38;30m [38;2;180;142;173muse[38;2;192;197;206m blake512 [38;2;192;197;206mas[38;2;192;197;206m b512[38;2;192;197;206m;[K
[0m[48;2;40;67;43m[39m+     22[0m:[39m[48;2;24;38;30m [K
[0m[48;2;40;67;43m[39m+     23[0m:[39m[48;2;24;38;30m [38;2;180;142;173mconst[38;2;192;197;206m [38;2;208;135;112mBASE_MLEN[38;2;192;197;206m:[38;2;192;197;206m [38;2;180;142;173musize[38;2;192;197;206m [38;2;192;197;206m=[38;2;192;197;206m [38;2;208;135;112m33[38;2;192;197;206m;[K
[0m[48;2;40;67;43m[39m+     24[0m:[39m[48;2;24;38;30m [38;2;180;142;173mconst[38;2;192;197;206m [38;2;208;135;112mLOOP_COUNT[38;2;192;197;206m:[38;2;192;197;206m [38;2;180;142;173musize[38;2;192;197;206m [38;2;192;197;206m=[38;2;192;197;206m [38;2;208;135;112m7[38;2;192;197;206m;[K
[0m[48;2;40;67;43m[39m+     25[0m:[39m[48;2;24;38;30m [K
[0m[48;2;40;67;43m[39m+     26[0m:[39m[48;2;24;38;30m [38;2;180;142;173mfn[38;2;192;197;206m [38;2;143;161;179mmain[38;2;192;197;206m([38;2;192;197;206m)[38;2;192;197;206m [38;2;192;197;206m{[K
[0m[48;2;40;67;43m[39m+     27[0m:[39m[48;2;24;38;30m [38;2;192;197;206m    [38;2;180;142;173mlet[38;2;192;197;206m [38;2;180;142;173mmut[38;2;192;197;206m m [38;2;192;197;206m=[38;2;192;197;206m [38;2;192;197;206mvec![38;2;192;197;206m[[38;2;208;135;112m0[38;2;180;142;173mu8[38;2;192;197;206m;[38;2;192;197;206m [38;2;208;135;112mBASE_MLEN[38;2;192;197;206m [38;2;192;197;206m*[38;2;192;197;206m [38;2;208;135;112mLOOP_COUNT[38;2;192;197;206m][38;2;192;197;206m;[K
[0m[48;2;40;67;43m[39m+     28[0m:[39m[48;2;24;38;30m [38;2;192;197;206m    [38;2;180;142;173mlet[38;2;192;197;206m [38;2;180;142;173mmut[38;2;192;197;206m sm [38;2;192;197;206m=[38;2;192;197;206m [38;2;192;197;206mvec![38;2;192;197;206m[[38;2;208;135;112m0[38;2;180;142;173mu8[38;2;192;197;206m;[38;2;192;197;206m [38;2;208;135;112mBASE_MLEN[38;2;192;197;206m [38;2;192;197;206m*[38;2;192;197;206m [38;2;208;135;112mLOOP_COUNT[38;2;192;197;206m [38;2;192;197;206m+[38;2;192;197;206m [38;2;208;135;112mCRYPTO_BYTES[38;2;192;197;206m][38;2;192;197;206m;[K
[0m[48;2;40;67;43m[39m+     29[0m:[39m[48;2;24;38;30m [38;2;192;197;206m    [38;2;180;142;173mlet[38;2;192;197;206m [38;2;180;142;173mmut[38;2;192;197;206m m1 [38;2;192;197;206m=[38;2;192;197;206m [38;2;192;197;206mvec![38;2;192;197;206m[[38;2;208;135;112m0[38;2;180;142;173mu8[38;2;192;197;206m;[38;2;192;197;206m [38;2;208;135;112mBASE_MLEN[38;2;192;197;206m [38;2;192;197;206m*[38;2;192;197;206m [38;2;208;135;112mLOOP_COUNT[38;2;192;197;206m [38;2;192;197;206m+[38;2;192;197;206m [38;2;208;135;112mCRYPTO_BYTES[38;2;192;197;206m][38;2;192;197;206m;[K
[0m[48;2;40;67;43m[39m+     30[0m:[39m[48;2;24;38;30m [38;2;192;197;206m    [38;2;180;142;173mlet[38;2;192;197;206m [38;2;180;142;173mmut[38;2;192;197;206m pk [38;2;192;197;206m=[38;2;192;197;206m [38;2;192;197;206mvec![38;2;192;197;206m[[38;2;208;135;112m0[38;2;180;142;173mu8[38;2;192;197;206m;[38;2;192;197;206m [38;2;208;135;112mCRYPTO_PUBLICKEYBYTES[38;2;192;197;206m][38;2;192;197;206m;[K
[0m[48;2;40;67;43m[39m+     31[0m:[39m[48;2;24;38;30m [38;2;192;197;206m    [38;2;180;142;173mlet[38;2;192;197;206m [38;2;180;142;173mmut[38;2;192;197;206m sk [38;2;192;197;206m=[38;2;192;197;206m [38;2;192;197;206mvec![38;2;192;197;206m[[38;2;208;135;112m0[38;2;180;142;173mu8[38;2;192;197;206m;[38;2;192;197;206m [38;2;208;135;112mCRYPTO_SECRETKEYBYTES[38;2;192;197;206m][38;2;192;197;206m;[K
[0m[48;2;40;67;43m[39m+     32[0m:[39m[48;2;24;38;30m [38;2;192;197;206m    [38;2;180;142;173mlet[38;2;192;197;206m [38;2;180;142;173mmut[38;2;192;197;206m seed [38;2;192;197;206m=[38;2;192;197;206m [38;2;192;197;206m[[38;2;208;135;112m0[38;2;180;142;173mu8[38;2;192;197;206m;[38;2;192;197;206m [38;2;208;135;112m48[38;2;192;197;206m][38;2;192;197;206m;[K
[0m[48;2;40;67;43m[39m+     33[0m:[39m[48;2;24;38;30m [38;2;192;197;206m    [38;2;180;142;173mlet[38;2;192;197;206m [38;2;180;142;173mmut[38;2;192;197;206m entropy_input [38;2;192;197;206m=[38;2;192;197;206m [38;2;192;197;206m[[38;2;208;135;112m0[38;2;180;142;173mu8[38;2;192;197;206m;[38;2;192;197;206m [38;2;208;135;112m48[38;2;192;197;206m][38;2;192;197;206m;[K
[0m[48;2;40;67;43m[39m+     34[0m:[39m[48;2;24;38;30m [38;2;192;197;206m    [38;2;180;142;173mlet[38;2;192;197;206m [38;2;180;142;173mmut[38;2;192;197;206m msg [38;2;192;197;206m=[38;2;192;197;206m [38;2;192;197;206mvec![38;2;192;197;206m[[38;2;208;135;112m0[38;2;180;142;173mu8[38;2;192;197;206m;[38;2;192;197;206m [38;2;208;135;112mBASE_MLEN[38;2;192;197;206m [38;2;192;197;206m*[38;2;192;197;206m [38;2;208;135;112mLOOP_COUNT[38;2;192;197;206m][38;2;192;197;206m;[K
[0m[48;2;40;67;43m[39m+     35[0m:[39m[48;2;24;38;30m [K
[0m[48;2;40;67;43m[39m+     36[0m:[39m[48;2;24;38;30m [38;2;192;197;206m    [38;2;180;142;173mfor[38;2;192;197;206m i [38;2;192;197;206min[38;2;192;197;206m [38;2;208;135;112m0[38;2;192;197;206m..[38;2;208;135;112m48[38;2;192;197;206m [38;2;192;197;206m{[K
[0m[48;2;40;67;43m[39m+     37[0m:[39m[48;2;24;38;30m [38;2;192;197;206m        entropy_input[38;2;192;197;206m[[38;2;192;197;206mi[38;2;192;197;206m][38;2;192;197;206m [38;2;192;197;206m=[38;2;192;197;206m i [38;2;192;197;206mas[38;2;192;197;206m [38;2;180;142;173mu8[38;2;192;197;206m;[K
[0m[48;2;40;67;43m[39m+     38[0m:[39m[48;2;24;38;30m [38;2;192;197;206m    [38;2;192;197;206m}[K
[0m[48;2;40;67;43m[39m+     39[0m:[39m[48;2;24;38;30m [38;2;192;197;206m    [38;2;150;181;180mrandombytes_init[38;2;192;197;206m([38;2;192;197;206m&[38;2;192;197;206mentropy_input[38;2;192;197;206m,[38;2;192;197;206m [38;2;192;197;206mNone[38;2;192;197;206m)[38;2;192;197;206m;[K
[0m[48;2;40;67;43m[39m+     40[0m:[39m[48;2;24;38;30m [K
[0m[48;2;40;67;43m[39m+     41[0m:[39m[48;2;24;38;30m [38;2;192;197;206m    [38;2;101;115;126m//[38;2;101;115;126m Initialize transcript (BLAKE_TR with SPX_N>=24 => blake512)[K
[0m[48;2;40;67;43m[39m+     42[0m:[39m[48;2;24;38;30m [38;2;192;197;206m    [38;2;180;142;173mlet[38;2;192;197;206m [38;2;180;142;173mmut[38;2;192;197;206m tctx [38;2;192;197;206m=[38;2;192;197;206m [38;2;192;197;206mb512[38;2;192;197;206m::[38;2;192;197;206mBlake512State[38;2;192;197;206m::[38;2;192;197;206mdefault[38;2;192;197;206m([38;2;192;197;206m)[38;2;192;197;206m;[K
[0m[48;2;40;67;43m[39m+     43[0m:[39m[48;2;24;38;30m [38;2;192;197;206m    [38;2;192;197;206mb512[38;2;192;197;206m::[38;2;192;197;206mblake512_init[38;2;192;197;206m([38;2;192;197;206m&[38;2;180;142;173mmut[38;2;192;197;206m tctx[38;2;192;197;206m)[38;2;192;197;206m;[K
[0m[48;2;40;67;43m[39m+     44[0m:[39m[48;2;24;38;30m [K
[0m[48;2;40;67;43m[39m+     45[0m:[39m[48;2;24;38;30m [38;2;192;197;206m    [38;2;101;115;126m//[38;2;101;115;126m kat_tr_init[K
[0m[48;2;40;67;43m[39m+     46[0m:[39m[48;2;24;38;30m [38;2;192;197;206m    [38;2;192;197;206m{[K
[0m[48;2;40;67;43m[39m+     47[0m:[39m[48;2;24;38;30m [38;2;192;197;206m        [38;2;180;142;173mlet[38;2;192;197;206m tag [38;2;192;197;206m=[38;2;192;197;206m [38;2;180;142;173mb[38;2;192;197;206m"[38;2;163;190;140mKAT-TRANSCRIPT-v1-BLAKE[38;2;192;197;206m"[38;2;192;197;206m;[K
[0m[48;2;40;67;43m[39m+     48[0m:[39m[48;2;24;38;30m [38;2;192;197;206m        [38;2;192;197;206mb512[38;2;192;197;206m::[38;2;192;197;206mblake512_update[38;2;192;197;206m([38;2;192;197;206m&[38;2;180;142;173mmut[38;2;192;197;206m tctx[38;2;192;197;206m,[38;2;192;197;206m tag[38;2;192;197;206m,[38;2;192;197;206m [38;2;192;197;206m([38;2;192;197;206mtag.[38;2;150;181;180mlen[38;2;192;197;206m([38;2;192;197;206m)[38;2;192;197;206m [38;2;192;197;206mas[38;2;192;197;206m [38;2;180;142;173mu64[38;2;192;197;206m)[38;2;192;197;206m [38;2;192;197;206m*[38;2;192;197;206m [38;2;208;135;112m8[38;2;192;197;206m)[38;2;192;197;206m;[K
[0m[48;2;40;67;43m[39m+     49[0m:[39m[48;2;24;38;30m [38;2;192;197;206m        [38;2;192;197;206mb512[38;2;192;197;206m::[38;2;192;197;206mblake512_update[38;2;192;197;206m([38;2;192;197;206m&[38;2;180;142;173mmut[38;2;192;197;206m tctx[38;2;192;197;206m,[38;2;192;197;206m [38;2;192;197;206m&[38;2;192;197;206m[[38;2;208;135;112m0x00[38;2;192;197;206m][38;2;192;197;206m,[38;2;192;197;206m [38;2;208;135;112m8[38;2;192;197;206m)[38;2;192;197;206m;[K
[0m[48;2;40;67;43m[39m+     50[0m:[39m[48;2;24;38;30m [38;2;192;197;206m    [38;2;192;197;206m}[K
[0m[48;2;40;67;43m[39m+     51[0m:[39m[48;2;24;38;30m [K
[0m[48;2;40;67;43m[39m+     52[0m:[39m[48;2;24;38;30m [38;2;192;197;206m    [38;2;101;115;126m//[38;2;101;115;126m Helper closures[K
[0m[48;2;40;67;43m[39m+     53[0m:[39m[48;2;24;38;30m [38;2;192;197;206m    [38;2;180;142;173mfn[38;2;192;197;206m [38;2;143;161;179mtr_absorb_label[38;2;192;197;206m([38;2;191;97;106mtctx[38;2;192;197;206m:[38;2;192;197;206m [38;2;192;197;206m&[38;2;180;142;173mmut[38;2;192;197;206m [38;2;192;197;206mb512[38;2;192;197;206m::[38;2;192;197;206mBlake512State, [38;2;191;97;106mlabel[38;2;192;197;206m:[38;2;192;197;206m [38;2;192;197;206m&[38;2;192;197;206m[[38;2;180;142;173mu8[38;2;192;197;206m][38;2;192;197;206m)[38;2;192;197;206m [38;2;192;197;206m{[K
[0m[48;2;40;67;43m[39m+     54[0m:[39m[48;2;24;38;30m [38;2;192;197;206m        [38;2;192;197;206mb512[38;2;192;197;206m::[38;2;192;197;206mblake512_update[38;2;192;197;206m([38;2;192;197;206mtctx[38;2;192;197;206m,[38;2;192;197;206m label[38;2;192;197;206m,[38;2;192;197;206m [38;2;192;197;206m([38;2;192;197;206mlabel.[38;2;150;181;180mlen[38;2;192;197;206m([38;2;192;197;206m)[38;2;192;197;206m [38;2;192;197;206mas[38;2;192;197;206m [38;2;180;142;173mu64[38;2;192;197;206m)[38;2;192;197;206m [38;2;192;197;206m*[38;2;192;197;206m [38;2;208;135;112m8[38;2;192;197;206m)[38;2;192;197;206m;[K
[0m[48;2;40;67;43m[39m+     55[0m:[39m[48;2;24;38;30m [38;2;192;197;206m        [38;2;192;197;206mb512[38;2;192;197;206m::[38;2;192;197;206mblake512_update[38;2;192;197;206m([38;2;192;197;206mtctx[38;2;192;197;206m,[38;2;192;197;206m [38;2;192;197;206m&[38;2;192;197;206m[[38;2;208;135;112m0x00[38;2;192;197;206m][38;2;192;197;206m,[38;2;192;197;206m [38;2;208;135;112m8[38;2;192;197;206m)[38;2;192;197;206m;[K
[0m[48;2;40;67;43m[39m+     56[0m:[39m[48;2;24;38;30m [38;2;192;197;206m    [38;2;192;197;206m}[K
[0m[48;2;40;67;43m[39m+     57[0m:[39m[48;2;24;38;30m [K
[0m[48;2;40;67;43m[39m+     58[0m:[39m[48;2;24;38;30m [38;2;192;197;206m    [38;2;180;142;173mfn[38;2;192;197;206m [38;2;143;161;179mtr_absorb_u64[38;2;192;197;206m([38;2;191;97;106mtctx[38;2;192;197;206m:[38;2;192;197;206m [38;2;192;197;206m&[38;2;180;142;173mmut[38;2;192;197;206m [38;2;192;197;206mb512[38;2;192;197;206m::[38;2;192;197;206mBlake512State, [38;2;191;97;106mx[38;2;192;197;206m:[38;2;192;197;206m [38;2;180;142;173mu64[38;2;192;197;206m)[38;2;192;197;206m [38;2;192;197;206m{[K
[0m[48;2;40;67;43m[39m+     59[0m:[39m[48;2;24;38;30m [38;2;192;197;206m        [38;2;180;142;173mlet[38;2;192;197;206m [38;2;180;142;173mmut[38;2;192;197;206m le [38;2;192;197;206m=[38;2;192;197;206m [38;2;192;197;206m[[38;2;208;135;112m0[38;2;180;142;173mu8[38;2;192;197;206m;[38;2;192;197;206m [38;2;208;135;112m8[38;2;192;197;206m][38;2;192;197;206m;[K
[0m[48;2;40;67;43m[39m+     60[0m:[39m[48;2;24;38;30m [38;2;192;197;206m        [38;2;180;142;173mfor[38;2;192;197;206m i [38;2;192;197;206min[38;2;192;197;206m [38;2;208;135;112m0[38;2;192;197;206m..[38;2;208;135;112m8[38;2;192;197;206m [38;2;192;197;206m{[38;2;192;197;206m le[38;2;192;197;206m[[38;2;192;197;206mi[38;2;192;197;206m][38;2;192;197;206m [38;2;192;197;206m=[38;2;192;197;206m [38;2;192;197;206m([38;2;192;197;206m([38;2;192;197;206mx [38;2;192;197;206m>[38;2;192;197;206m>[38;2;192;197;206m [38;2;192;197;206m([38;2;208;135;112m8[38;2;192;197;206m [38;2;192;197;206m*[38;2;192;197;206m i[38;2;192;197;206m)[38;2;192;197;206m)[38;2;192;197;206m [38;2;192;197;206m&[38;2;192;197;206m [38;2;208;135;112m0xFF[38;2;192;197;206m)[38;2;192;197;206m [38;2;192;197;206mas[38;2;192;197;206m [38;2;180;142;173mu8[38;2;192;197;206m;[38;2;192;197;206m [38;2;192;197;206m}[K
[0m[48;2;40;67;43m[39m+     61[0m:[39m[48;2;24;38;30m [38;2;192;197;206m        [38;2;180;142;173mlet[38;2;192;197;206m [38;2;180;142;173mmut[38;2;192;197;206m lenle [38;2;192;197;206m=[38;2;192;197;206m [38;2;192;197;206m[[38;2;208;135;112m0[38;2;180;142;173mu8[38;2;192;197;206m;[38;2;192;197;206m [38;2;208;135;112m8[38;2;192;197;206m][38;2;192;197;206m;[K
[0m[48;2;40;67;43m[39m+     62[0m:[39m[48;2;24;38;30m [38;2;192;197;206m        [38;2;180;142;173mlet[38;2;192;197;206m l[38;2;192;197;206m:[38;2;192;197;206m [38;2;180;142;173mu64[38;2;192;197;206m [38;2;192;197;206m=[38;2;192;197;206m [38;2;208;135;112m8[38;2;192;197;206m;[K
[0m[48;2;40;67;43m[39m+     63[0m:[39m[48;2;24;38;30m [38;2;192;197;206m        [38;2;180;142;173mfor[38;2;192;197;206m i [38;2;192;197;206min[38;2;192;197;206m [38;2;208;135;112m0[38;2;192;197;206m..[38;2;208;135;112m8[38;2;192;197;206m [38;2;192;197;206m{[38;2;192;197;206m lenle[38;2;192;197;206m[[38;2;192;197;206mi[38;2;192;197;206m][38;2;192;197;206m [38;2;192;197;206m=[38;2;192;197;206m [38;2;192;197;206m([38;2;192;197;206m([38;2;192;197;206ml [38;2;192;197;206m>[38;2;192;197;206m>[38;2;192;197;206m [38;2;192;197;206m([38;2;208;135;112m8[38;2;192;197;206m [38;2;192;197;206m*[38;2;192;197;206m i[38;2;192;197;206m)[38;2;192;197;206m)[38;2;192;197;206m [38;2;192;197;206m&[38;2;192;197;206m [38;2;208;135;112m0xFF[38;2;192;197;206m)[38;2;192;197;206m [38;2;192;197;206mas[38;2;192;197;206m [38;2;180;142;173mu8[38;2;192;197;206m;[38;2;192;197;206m [38;2;192;197;206m}[K
[0m[48;2;40;67;43m[39m+     64[0m:[39m[48;2;24;38;30m [38;2;192;197;206m        [38;2;192;197;206mb512[38;2;192;197;206m::[38;2;192;197;206mblake512_update[38;2;192;197;206m([38;2;192;197;206mtctx[38;2;192;197;206m,[38;2;192;197;206m [38;2;192;197;206m&[38;2;192;197;206mlenle[38;2;192;197;206m,[38;2;192;197;206m [38;2;208;135;112m64[38;2;192;197;206m)[38;2;192;197;206m;[K
[0m[48;2;40;67;43m[39m+     65[0m:[39m[48;2;24;38;30m [38;2;192;197;206m        [38;2;192;197;206mb512[38;2;192;197;206m::[38;2;192;197;206mblake512_update[38;2;192;197;206m([38;2;192;197;206mtctx[38;2;192;197;206m,[38;2;192;197;206m [38;2;192;197;206m&[38;2;192;197;206mle[38;2;192;197;206m,[38;2;192;197;206m [38;2;208;135;112m64[38;2;192;197;206m)[38;2;192;197;206m;[K
[0m[48;2;40;67;43m[39m+     66[0m:[39m[48;2;24;38;30m [38;2;192;197;206m    [38;2;192;197;206m}[K
[0m[48;2;40;67;43m[39m+     67[0m:[39m[48;2;24;38;30m [K
[0m[48;2;40;67;43m[39m+     68[0m:[39m[48;2;24;38;30m [38;2;192;197;206m    [38;2;180;142;173mfn[38;2;192;197;206m [38;2;143;161;179mtr_absorb_bytes[38;2;192;197;206m([38;2;191;97;106mtctx[38;2;192;197;206m:[38;2;192;197;206m [38;2;192;197;206m&[38;2;180;142;173mmut[38;2;192;197;206m [38;2;192;197;206mb512[38;2;192;197;206m::[38;2;192;197;206mBlake512State, [38;2;191;97;106mbuf[38;2;192;197;206m:[38;2;192;197;206m [38;2;192;197;206m&[38;2;192;197;206m[[38;2;180;142;173mu8[38;2;192;197;206m], [38;2;191;97;106mlen[38;2;192;197;206m:[38;2;192;197;206m [38;2;180;142;173musize[38;2;192;197;206m)[38;2;192;197;206m [38;2;192;197;206m{[K
[0m[48;2;40;67;43m[39m+     69[0m:[39m[48;2;24;38;30m [38;2;192;197;206m        [38;2;180;142;173mlet[38;2;192;197;206m [38;2;180;142;173mmut[38;2;192;197;206m lenle [38;2;192;197;206m=[38;2;192;197;206m [38;2;192;197;206m[[38;2;208;135;112m0[38;2;180;142;173mu8[38;2;192;197;206m;[38;2;192;197;206m [38;2;208;135;112m8[38;2;192;197;206m][38;2;192;197;206m;[K
[0m[48;2;40;67;43m[39m+     70[0m:[39m[48;2;24;38;30m [38;2;192;197;206m        [38;2;180;142;173mlet[38;2;192;197;206m l [38;2;192;197;206m=[38;2;192;197;206m len [38;2;192;197;206mas[38;2;192;197;206m [38;2;180;142;173mu64[38;2;192;197;206m;[K
[0m[48;2;40;67;43m[39m+     71[0m:[39m[48;2;24;38;30m [38;2;192;197;206m        [38;2;180;142;173mfor[38;2;192;197;206m i [38;2;192;197;206min[38;2;192;197;206m [38;2;208;135;112m0[38;2;192;197;206m..[38;2;208;135;112m8[38;2;192;197;206m [38;2;192;197;206m{[38;2;192;197;206m lenle[38;2;192;197;206m[[38;2;192;197;206mi[38;2;192;197;206m][38;2;192;197;206m [38;2;192;197;206m=[38;2;192;197;206m [38;2;192;197;206m([38;2;192;197;206m([38;2;192;197;206ml [38;2;192;197;206m>[38;2;192;197;206m>[38;2;192;197;206m [38;2;192;197;206m([38;2;208;135;112m8[38;2;192;197;206m [38;2;192;197;206m*[38;2;192;197;206m i[38;2;192;197;206m)[38;2;192;197;206m)[38;2;192;197;206m [38;2;192;197;206m&[38;2;192;197;206m [38;2;208;135;112m0xFF[38;2;192;197;206m)[38;2;192;197;206m [38;2;192;197;206mas[38;2;192;197;206m [38;2;180;142;173mu8[38;2;192;197;206m;[38;2;192;197;206m [38;2;192;197;206m}[K
[0m[48;2;40;67;43m[39m+     72[0m:[39m[48;2;24;38;30m [38;2;192;197;206m        [38;2;192;197;206mb512[38;2;192;197;206m::[38;2;192;197;206mblake512_update[38;2;192;197;206m([38;2;192;197;206mtctx[38;2;192;197;206m,[38;2;192;197;206m [38;2;192;197;206m&[38;2;192;197;206mlenle[38;2;192;197;206m,[38;2;192;197;206m [38;2;208;135;112m64[38;2;192;197;206m)[38;2;192;197;206m;[K
[0m[48;2;40;67;43m[39m+     73[0m:[39m[48;2;24;38;30m [38;2;192;197;206m        [38;2;180;142;173mif[38;2;192;197;206m len [38;2;192;197;206m>[38;2;192;197;206m [38;2;208;135;112m0[38;2;192;197;206m [38;2;192;197;206m{[K
[0m[48;2;40;67;43m[39m+     74[0m:[39m[48;2;24;38;30m [38;2;192;197;206m            [38;2;192;197;206mb512[38;2;192;197;206m::[38;2;192;197;206mblake512_update[38;2;192;197;206m([38;2;192;197;206mtctx[38;2;192;197;206m,[38;2;192;197;206m [38;2;192;197;206m&[38;2;192;197;206mbuf[38;2;192;197;206m[[38;2;192;197;206m..[38;2;192;197;206mlen[38;2;192;197;206m][38;2;192;197;206m,[38;2;192;197;206m [38;2;192;197;206m([38;2;192;197;206mlen [38;2;192;197;206mas[38;2;192;197;206m [38;2;180;142;173mu64[38;2;192;197;206m)[38;2;192;197;206m [38;2;192;197;206m*[38;2;192;197;206m [38;2;208;135;112m8[38;2;192;197;206m)[38;2;192;197;206m;[K
[0m[48;2;40;67;43m[39m+     75[0m:[39m[48;2;24;38;30m [38;2;192;197;206m        [38;2;192;197;206m}[K
[0m[48;2;40;67;43m[39m+     76[0m:[39m[48;2;24;38;30m [38;2;192;197;206m    [38;2;192;197;206m}[K
[0m[48;2;40;67;43m[39m+     77[0m:[39m[48;2;24;38;30m [K
[0m[48;2;40;67;43m[39m+     78[0m:[39m[48;2;24;38;30m [38;2;192;197;206m    [38;2;150;181;180mtr_absorb_label[38;2;192;197;206m([38;2;192;197;206m&[38;2;180;142;173mmut[38;2;192;197;206m tctx[38;2;192;197;206m,[38;2;192;197;206m [38;2;180;142;173mb[38;2;192;197;206m"[38;2;163;190;140mCRYPTO_ALGNAME[38;2;192;197;206m"[38;2;192;197;206m)[38;2;192;197;206m;[K
[0m[48;2;40;67;43m[39m+     79[0m:[39m[48;2;24;38;30m [38;2;192;197;206m    [38;2;150;181;180mtr_absorb_bytes[38;2;192;197;206m([38;2;192;197;206m&[38;2;180;142;173mmut[38;2;192;197;206m tctx[38;2;192;197;206m,[38;2;192;197;206m [38;2;208;135;112mCRYPTO_ALGNAME[38;2;192;197;206m,[38;2;192;197;206m [38;2;208;135;112mCRYPTO_ALGNAME[38;2;192;197;206m.[38;2;150;181;180mlen[38;2;192;197;206m([38;2;192;197;206m)[38;2;192;197;206m)[38;2;192;197;206m;[K
[0m[48;2;40;67;43m[39m+     80[0m:[39m[48;2;24;38;30m [38;2;192;197;206m    [38;2;150;181;180mtr_absorb_label[38;2;192;197;206m([38;2;192;197;206m&[38;2;180;142;173mmut[38;2;192;197;206m tctx[38;2;192;197;206m,[38;2;192;197;206m [38;2;180;142;173mb[38;2;192;197;206m"[38;2;163;190;140mSKBYTES[38;2;192;197;206m"[38;2;192;197;206m)[38;2;192;197;206m;[K
[0m[48;2;40;67;43m[39m+     81[0m:[39m[48;2;24;38;30m [38;2;192;197;206m    [38;2;150;181;180mtr_absorb_u64[38;2;192;197;206m([38;2;192;197;206m&[38;2;180;142;173mmut[38;2;192;197;206m tctx[38;2;192;197;206m,[38;2;192;197;206m [38;2;208;135;112mCRYPTO_SECRETKEYBYTES[38;2;192;197;206m [38;2;192;197;206mas[38;2;192;197;206m [38;2;180;142;173mu64[38;2;192;197;206m)[38;2;192;197;206m;[K
[0m[48;2;40;67;43m[39m+     82[0m:[39m[48;2;24;38;30m [38;2;192;197;206m    [38;2;150;181;180mtr_absorb_label[38;2;192;197;206m([38;2;192;197;206m&[38;2;180;142;173mmut[38;2;192;197;206m tctx[38;2;192;197;206m,[38;2;192;197;206m [38;2;180;142;173mb[38;2;192;197;206m"[38;2;163;190;140mPKBYTES[38;2;192;197;206m"[38;2;192;197;206m)[38;2;192;197;206m;[K
[0m[48;2;40;67;43m[39m+     83[0m:[39m[48;2;24;38;30m [38;2;192;197;206m    [38;2;150;181;180mtr_absorb_u64[38;2;192;197;206m([38;2;192;197;206m&[38;2;180;142;173mmut[38;2;192;197;206m tctx[38;2;192;197;206m,[38;2;192;197;206m [38;2;208;135;112mCRYPTO_PUBLICKEYBYTES[38;2;192;197;206m [38;2;192;197;206mas[38;2;192;197;206m [38;2;180;142;173mu64[38;2;192;197;206m)[38;2;192;197;206m;[K
[0m[48;2;40;67;43m[39m+     84[0m:[39m[48;2;24;38;30m [38;2;192;197;206m    [38;2;150;181;180mtr_absorb_label[38;2;192;197;206m([38;2;192;197;206m&[38;2;180;142;173mmut[38;2;192;197;206m tctx[38;2;192;197;206m,[38;2;192;197;206m [38;2;180;142;173mb[38;2;192;197;206m"[38;2;163;190;140mSIGBYTES[38;2;192;197;206m"[38;2;192;197;206m)[38;2;192;197;206m;[K
[0m[48;2;40;67;43m[39m+     85[0m:[39m[48;2;24;38;30m [38;2;192;197;206m    [38;2;150;181;180mtr_absorb_u64[38;2;192;197;206m([38;2;192;197;206m&[38;2;180;142;173mmut[38;2;192;197;206m tctx[38;2;192;197;206m,[38;2;192;197;206m [38;2;208;135;112mCRYPTO_BYTES[38;2;192;197;206m [38;2;192;197;206mas[38;2;192;197;206m [38;2;180;142;173mu64[38;2;192;197;206m)[38;2;192;197;206m;[K
[0m[48;2;40;67;43m[39m+     86[0m:[39m[48;2;24;38;30m [K
[0m[48;2;40;67;43m[39m+     87[0m:[39m[48;2;24;38;30m [38;2;192;197;206m    [38;2;180;142;173mfor[38;2;192;197;206m i [38;2;192;197;206min[38;2;192;197;206m [38;2;208;135;112m0[38;2;192;197;206m..[38;2;208;135;112mLOOP_COUNT[38;2;192;197;206m [38;2;192;197;206m{[K
[0m[48;2;40;67;43m[39m+     88[0m:[39m[48;2;24;38;30m [38;2;192;197;206m        [38;2;150;181;180mrandombytes[38;2;192;197;206m([38;2;192;197;206m&[38;2;180;142;173mmut[38;2;192;197;206m seed[38;2;192;197;206m,[38;2;192;197;206m [38;2;208;135;112m48[38;2;192;197;206m)[38;2;192;197;206m;[K
[0m[48;2;40;67;43m[39m+     89[0m:[39m[48;2;24;38;30m [K
[0m[48;2;40;67;43m[39m+     90[0m:[39m[48;2;24;38;30m [38;2;192;197;206m        [38;2;150;181;180mtr_absorb_label[38;2;192;197;206m([38;2;192;197;206m&[38;2;180;142;173mmut[38;2;192;197;206m tctx[38;2;192;197;206m,[38;2;192;197;206m [38;2;180;142;173mb[38;2;192;197;206m"[38;2;163;190;140mcount[38;2;192;197;206m"[38;2;192;197;206m)[38;2;192;197;206m;[K
[0m[48;2;40;67;43m[39m+     91[0m:[39m[48;2;24;38;30m [38;2;192;197;206m        [38;2;150;181;180mtr_absorb_u64[38;2;192;197;206m([38;2;192;197;206m&[38;2;180;142;173mmut[38;2;192;197;206m tctx[38;2;192;197;206m,[38;2;192;197;206m i [38;2;192;197;206mas[38;2;192;197;206m [38;2;180;142;173mu64[38;2;192;197;206m)[38;2;192;197;206m;[K
[0m[48;2;40;67;43m[39m+     92[0m:[39m[48;2;24;38;30m [38;2;192;197;206m        [38;2;150;181;180mtr_absorb_label[38;2;192;197;206m([38;2;192;197;206m&[38;2;180;142;173mmut[38;2;192;197;206m tctx[38;2;192;197;206m,[38;2;192;197;206m [38;2;180;142;173mb[38;2;192;197;206m"[38;2;163;190;140mseed[38;2;192;197;206m"[38;2;192;197;206m)[38;2;192;197;206m;[K
[0m[48;2;40;67;43m[39m+     93[0m:[39m[48;2;24;38;30m [38;2;192;197;206m        [38;2;150;181;180mtr_absorb_bytes[38;2;192;197;206m([38;2;192;197;206m&[38;2;180;142;173mmut[38;2;192;197;206m tctx[38;2;192;197;206m,[38;2;192;197;206m [38;2;192;197;206m&[38;2;192;197;206mseed[38;2;192;197;206m,[38;2;192;197;206m [38;2;208;135;112m48[38;2;192;197;206m)[38;2;192;197;206m;[K
[0m[48;2;40;67;43m[39m+     94[0m:[39m[48;2;24;38;30m [K
[0m[48;2;40;67;43m[39m+     95[0m:[39m[48;2;24;38;30m [38;2;192;197;206m        [38;2;180;142;173mlet[38;2;192;197;206m mlen[38;2;192;197;206m:[38;2;192;197;206m [38;2;180;142;173mu64[38;2;192;197;206m [38;2;192;197;206m=[38;2;192;197;206m [38;2;192;197;206m([38;2;208;135;112mBASE_MLEN[38;2;192;197;206m [38;2;192;197;206m*[38;2;192;197;206m [38;2;192;197;206m([38;2;192;197;206mi [38;2;192;197;206m+[38;2;192;197;206m [38;2;208;135;112m1[38;2;192;197;206m)[38;2;192;197;206m)[38;2;192;197;206m [38;2;192;197;206mas[38;2;192;197;206m [38;2;180;142;173mu64[38;2;192;197;206m;[K
[0m[48;2;40;67;43m[39m+     96[0m:[39m[48;2;24;38;30m [38;2;192;197;206m        [38;2;180;142;173mif[38;2;192;197;206m mlen [38;2;192;197;206m>[38;2;192;197;206m [38;2;192;197;206m([38;2;208;135;112mBASE_MLEN[38;2;192;197;206m [38;2;192;197;206m*[38;2;192;197;206m [38;2;208;135;112mLOOP_COUNT[38;2;192;197;206m)[38;2;192;197;206m [38;2;192;197;206mas[38;2;192;197;206m [38;2;180;142;173mu64[38;2;192;197;206m [38;2;192;197;206m{[K
[0m[48;2;40;67;43m[39m+     97[0m:[39m[48;2;24;38;30m [38;2;192;197;206m            [38;2;192;197;206meprintln![38;2;192;197;206m([38;2;192;197;206m"[38;2;163;190;140mmlen overflow[38;2;192;197;206m"[38;2;192;197;206m)[38;2;192;197;206m;[K
[0m[48;2;40;67;43m[39m+     98[0m:[39m[48;2;24;38;30m [38;2;192;197;206m            [38;2;192;197;206mstd[38;2;192;197;206m::[38;2;192;197;206mprocess[38;2;192;197;206m::[38;2;192;197;206mexit[38;2;192;197;206m([38;2;192;197;206m-[38;2;208;135;112m1[38;2;192;197;206m)[38;2;192;197;206m;[K
[0m[48;2;40;67;43m[39m+     99[0m:[39m[48;2;24;38;30m [38;2;192;197;206m        [38;2;192;197;206m}[K
[0m[48;2;40;67;43m[39m+    100[0m:[39m[48;2;24;38;30m [K
[0m[48;2;40;67;43m[39m+    101[0m:[39m[48;2;24;38;30m [38;2;192;197;206m        [38;2;150;181;180mtr_absorb_label[38;2;192;197;206m([38;2;192;197;206m&[38;2;180;142;173mmut[38;2;192;197;206m tctx[38;2;192;197;206m,[38;2;192;197;206m [38;2;180;142;173mb[38;2;192;197;206m"[38;2;163;190;140mmlen[38;2;192;197;206m"[38;2;192;197;206m)[38;2;192;197;206m;[K
[0m[48;2;40;67;43m[39m+    102[0m:[39m[48;2;24;38;30m [38;2;192;197;206m        [38;2;150;181;180mtr_absorb_u64[38;2;192;197;206m([38;2;192;197;206m&[38;2;180;142;173mmut[38;2;192;197;206m tctx[38;2;192;197;206m,[38;2;192;197;206m mlen[38;2;192;197;206m)[38;2;192;197;206m;[K
[0m[48;2;40;67;43m[39m+    103[0m:[39m[48;2;24;38;30m [K
[0m[48;2;40;67;43m[39m+    104[0m:[39m[48;2;24;38;30m [38;2;192;197;206m        [38;2;150;181;180mrandombytes[38;2;192;197;206m([38;2;192;197;206m&[38;2;180;142;173mmut[38;2;192;197;206m msg[38;2;192;197;206m,[38;2;192;197;206m mlen[38;2;192;197;206m)[38;2;192;197;206m;[K
[0m[48;2;40;67;43m[39m+    105[0m:[39m[48;2;24;38;30m [38;2;192;197;206m        [38;2;150;181;180mtr_absorb_label[38;2;192;197;206m([38;2;192;197;206m&[38;2;180;142;173mmut[38;2;192;197;206m tctx[38;2;192;197;206m,[38;2;192;197;206m [38;2;180;142;173mb[38;2;192;197;206m"[38;2;163;190;140mmsg[38;2;192;197;206m"[38;2;192;197;206m)[38;2;192;197;206m;[K
[0m[48;2;40;67;43m[39m+    106[0m:[39m[48;2;24;38;30m [38;2;192;197;206m        [38;2;150;181;180mtr_absorb_bytes[38;2;192;197;206m([38;2;192;197;206m&[38;2;180;142;173mmut[38;2;192;197;206m tctx[38;2;192;197;206m,[38;2;192;197;206m [38;2;192;197;206m&[38;2;192;197;206mmsg[38;2;192;197;206m,[38;2;192;197;206m mlen [38;2;192;197;206mas[38;2;192;197;206m [38;2;180;142;173musize[38;2;192;197;206m)[38;2;192;197;206m;[K
[0m[48;2;40;67;43m[39m+    107[0m:[39m[48;2;24;38;30m [K
[0m[48;2;40;67;43m[39m+    108[0m:[39m[48;2;24;38;30m [38;2;192;197;206m        [38;2;180;142;173mlet[38;2;192;197;206m ml [38;2;192;197;206m=[38;2;192;197;206m mlen [38;2;192;197;206mas[38;2;192;197;206m [38;2;180;142;173musize[38;2;192;197;206m;[K
[0m[48;2;40;67;43m[39m+    109[0m:[39m[48;2;24;38;30m [38;2;192;197;206m        [38;2;180;142;173mfor[38;2;192;197;206m j [38;2;192;197;206min[38;2;192;197;206m [38;2;208;135;112m0[38;2;192;197;206m..[38;2;192;197;206mml [38;2;192;197;206m{[38;2;192;197;206m m[38;2;192;197;206m[[38;2;192;197;206mj[38;2;192;197;206m][38;2;192;197;206m [38;2;192;197;206m=[38;2;192;197;206m [38;2;208;135;112m0[38;2;192;197;206m;[38;2;192;197;206m [38;2;192;197;206m}[K
[0m[48;2;40;67;43m[39m+    110[0m:[39m[48;2;24;38;30m [38;2;192;197;206m        [38;2;180;142;173mfor[38;2;192;197;206m j [38;2;192;197;206min[38;2;192;197;206m [38;2;208;135;112m0[38;2;192;197;206m..[38;2;192;197;206mml [38;2;192;197;206m+[38;2;192;197;206m [38;2;208;135;112mCRYPTO_BYTES[38;2;192;197;206m [38;2;192;197;206m{[38;2;192;197;206m m1[38;2;192;197;206m[[38;2;192;197;206mj[38;2;192;197;206m][38;2;192;197;206m [38;2;192;197;206m=[38;2;192;197;206m [38;2;208;135;112m0[38;2;192;197;206m;[38;2;192;197;206m [38;2;192;197;206m}[K
[0m[48;2;40;67;43m[39m+    111[0m:[39m[48;2;24;38;30m [38;2;192;197;206m        [38;2;180;142;173mfor[38;2;192;197;206m j [38;2;192;197;206min[38;2;192;197;206m [38;2;208;135;112m0[38;2;192;197;206m..[38;2;192;197;206mml [38;2;192;197;206m+[38;2;192;197;206m [38;2;208;135;112mCRYPTO_BYTES[38;2;192;197;206m [38;2;192;197;206m{[38;2;192;197;206m sm[38;2;192;197;206m[[38;2;192;197;206mj[38;2;192;197;206m][38;2;192;197;206m [38;2;192;197;206m=[38;2;192;197;206m [38;2;208;135;112m0[38;2;192;197;206m;[38;2;192;197;206m [38;2;192;197;206m}[K
[0m[48;2;40;67;43m[39m+    112[0m:[39m[48;2;24;38;30m [38;2;192;197;206m        m[38;2;192;197;206m[[38;2;192;197;206m..[38;2;192;197;206mml[38;2;192;197;206m][38;2;192;197;206m.[38;2;150;181;180mcopy_from_slice[38;2;192;197;206m([38;2;192;197;206m&[38;2;192;197;206mmsg[38;2;192;197;206m[[38;2;192;197;206m..[38;2;192;197;206mml[38;2;192;197;206m][38;2;192;197;206m)[38;2;192;197;206m;[K
[0m[48;2;40;67;43m[39m+    113[0m:[39m[48;2;24;38;30m [K
[0m[48;2;40;67;43m[39m+    114[0m:[39m[48;2;24;38;30m [38;2;192;197;206m        [38;2;101;115;126m//[38;2;101;115;126m Keypair[K
[0m[48;2;40;67;43m[39m+    115[0m:[39m[48;2;24;38;30m [38;2;192;197;206m        [38;2;180;142;173mlet[38;2;192;197;206m ret [38;2;192;197;206m=[38;2;192;197;206m [38;2;192;197;206m{[38;2;192;197;206m [38;2;150;181;180mcrypto_sign_keypair[38;2;192;197;206m([38;2;192;197;206m&[38;2;180;142;173mmut[38;2;192;197;206m pk[38;2;192;197;206m,[38;2;192;197;206m [38;2;192;197;206m&[38;2;180;142;173mmut[38;2;192;197;206m sk[38;2;192;197;206m)[38;2;192;197;206m;[38;2;192;197;206m [38;2;208;135;112m0[38;2;180;142;173mi32[38;2;192;197;206m [38;2;192;197;206m}[38;2;192;197;206m;[K
[0m[48;2;40;67;43m[39m+    116[0m:[39m[48;2;24;38;30m [38;2;192;197;206m        [38;2;180;142;173mif[38;2;192;197;206m ret [38;2;192;197;206m![38;2;192;197;206m=[38;2;192;197;206m [38;2;208;135;112m0[38;2;192;197;206m [38;2;192;197;206m{[K
[0m[48;2;40;67;43m[39m+    117[0m:[39m[48;2;24;38;30m [38;2;192;197;206m            [38;2;192;197;206meprintln![38;2;192;197;206m([38;2;192;197;206m"[38;2;163;190;140mcrypto_sign_keypair={}[38;2;192;197;206m"[38;2;192;197;206m,[38;2;192;197;206m ret[38;2;192;197;206m)[38;2;192;197;206m;[K
[0m[48;2;40;67;43m[39m+    118[0m:[39m[48;2;24;38;30m [38;2;192;197;206m            [38;2;192;197;206mstd[38;2;192;197;206m::[38;2;192;197;206mprocess[38;2;192;197;206m::[38;2;192;197;206mexit[38;2;192;197;206m([38;2;192;197;206m-[38;2;208;135;112m2[38;2;192;197;206m)[38;2;192;197;206m;[K
[0m[48;2;40;67;43m[39m+    119[0m:[39m[48;2;24;38;30m [38;2;192;197;206m        [38;2;192;197;206m}[K
[0m[48;2;40;67;43m[39m+    120[0m:[39m[48;2;24;38;30m [38;2;192;197;206m        [38;2;150;181;180mtr_absorb_label[38;2;192;197;206m([38;2;192;197;206m&[38;2;180;142;173mmut[38;2;192;197;206m tctx[38;2;192;197;206m,[38;2;192;197;206m [38;2;180;142;173mb[38;2;192;197;206m"[38;2;163;190;140mpk[38;2;192;197;206m"[38;2;192;197;206m)[38;2;192;197;206m;[K
[0m[48;2;40;67;43m[39m+    121[0m:[39m[48;2;24;38;30m [38;2;192;197;206m        [38;2;150;181;180mtr_absorb_bytes[38;2;192;197;206m([38;2;192;197;206m&[38;2;180;142;173mmut[38;2;192;197;206m tctx[38;2;192;197;206m,[38;2;192;197;206m [38;2;192;197;206m&[38;2;192;197;206mpk[38;2;192;197;206m,[38;2;192;197;206m [38;2;208;135;112mCRYPTO_PUBLICKEYBYTES[38;2;192;197;206m)[38;2;192;197;206m;[K
[0m[48;2;40;67;43m[39m+    122[0m:[39m[48;2;24;38;30m [38;2;192;197;206m        [38;2;150;181;180mtr_absorb_label[38;2;192;197;206m([38;2;192;197;206m&[38;2;180;142;173mmut[38;2;192;197;206m tctx[38;2;192;197;206m,[38;2;192;197;206m [38;2;180;142;173mb[38;2;192;197;206m"[38;2;163;190;140msk[38;2;192;197;206m"[38;2;192;197;206m)[38;2;192;197;206m;[K
[0m[48;2;40;67;43m[39m+    123[0m:[39m[48;2;24;38;30m [38;2;192;197;206m        [38;2;150;181;180mtr_absorb_bytes[38;2;192;197;206m([38;2;192;197;206m&[38;2;180;142;173mmut[38;2;192;197;206m tctx[38;2;192;197;206m,[38;2;192;197;206m [38;2;192;197;206m&[38;2;192;197;206msk[38;2;192;197;206m,[38;2;192;197;206m [38;2;208;135;112mCRYPTO_SECRETKEYBYTES[38;2;192;197;206m)[38;2;192;197;206m;[K
[0m[48;2;40;67;43m[39m+    124[0m:[39m[48;2;24;38;30m [K
[0m[48;2;40;67;43m[39m+    125[0m:[39m[48;2;24;38;30m [38;2;192;197;206m        [38;2;101;115;126m//[38;2;101;115;126m Sign[K
[0m[48;2;40;67;43m[39m+    126[0m:[39m[48;2;24;38;30m [38;2;192;197;206m        [38;2;180;142;173mlet[38;2;192;197;206m [38;2;180;142;173mmut[38;2;192;197;206m smlen[38;2;192;197;206m:[38;2;192;197;206m [38;2;180;142;173mu64[38;2;192;197;206m [38;2;192;197;206m=[38;2;192;197;206m [38;2;208;135;112m0[38;2;192;197;206m;[K
[0m[48;2;40;67;43m[39m+    127[0m:[39m[48;2;24;38;30m [38;2;192;197;206m        [38;2;180;142;173mlet[38;2;192;197;206m ret [38;2;192;197;206m=[38;2;192;197;206m [38;2;150;181;180mcrypto_sign[38;2;192;197;206m([38;2;192;197;206m&[38;2;180;142;173mmut[38;2;192;197;206m sm[38;2;192;197;206m,[38;2;192;197;206m [38;2;192;197;206m&[38;2;180;142;173mmut[38;2;192;197;206m smlen[38;2;192;197;206m,[38;2;192;197;206m [38;2;192;197;206m&[38;2;192;197;206mm[38;2;192;197;206m[[38;2;192;197;206m..[38;2;192;197;206mml[38;2;192;197;206m][38;2;192;197;206m,[38;2;192;197;206m mlen[38;2;192;197;206m,[38;2;192;197;206m [38;2;192;197;206m&[38;2;192;197;206msk[38;2;192;197;206m)[38;2;192;197;206m;[K
[0m[48;2;40;67;43m[39m+    128[0m:[39m[48;2;24;38;30m [38;2;192;197;206m        [38;2;180;142;173mif[38;2;192;197;206m ret [38;2;192;197;206m![38;2;192;197;206m=[38;2;192;197;206m [38;2;208;135;112m0[38;2;192;197;206m [38;2;192;197;206m{[K
[0m[48;2;40;67;43m[39m+    129[0m:[39m[48;2;24;38;30m [38;2;192;197;206m            [38;2;192;197;206meprintln![38;2;192;197;206m([38;2;192;197;206m"[38;2;163;190;140mcrypto_sign={}[38;2;192;197;206m"[38;2;192;197;206m,[38;2;192;197;206m ret[38;2;192;197;206m)[38;2;192;197;206m;[K
[0m[48;2;40;67;43m[39m+    130[0m:[39m[48;2;24;38;30m [38;2;192;197;206m            [38;2;192;197;206mstd[38;2;192;197;206m::[38;2;192;197;206mprocess[38;2;192;197;206m::[38;2;192;197;206mexit[38;2;192;197;206m([38;2;192;197;206m-[38;2;208;135;112m2[38;2;192;197;206m)[38;2;192;197;206m;[K
[0m[48;2;40;67;43m[39m+    131[0m:[39m[48;2;24;38;30m [38;2;192;197;206m        [38;2;192;197;206m}[K
[0m[48;2;40;67;43m[39m+    132[0m:[39m[48;2;24;38;30m [38;2;192;197;206m        [38;2;150;181;180mtr_absorb_label[38;2;192;197;206m([38;2;192;197;206m&[38;2;180;142;173mmut[38;2;192;197;206m tctx[38;2;192;197;206m,[38;2;192;197;206m [38;2;180;142;173mb[38;2;192;197;206m"[38;2;163;190;140msmlen[38;2;192;197;206m"[38;2;192;197;206m)[38;2;192;197;206m;[K
[0m[48;2;40;67;43m[39m+    133[0m:[39m[48;2;24;38;30m [38;2;192;197;206m        [38;2;150;181;180mtr_absorb_u64[38;2;192;197;206m([38;2;192;197;206m&[38;2;180;142;173mmut[38;2;192;197;206m tctx[38;2;192;197;206m,[38;2;192;197;206m smlen[38;2;192;197;206m)[38;2;192;197;206m;[K
[0m[48;2;40;67;43m[39m+    134[0m:[39m[48;2;24;38;30m [38;2;192;197;206m        [38;2;150;181;180mtr_absorb_label[38;2;192;197;206m([38;2;192;197;206m&[38;2;180;142;173mmut[38;2;192;197;206m tctx[38;2;192;197;206m,[38;2;192;197;206m [38;2;180;142;173mb[38;2;192;197;206m"[38;2;163;190;140msm[38;2;192;197;206m"[38;2;192;197;206m)[38;2;192;197;206m;[K
[0m[48;2;40;67;43m[39m+    135[0m:[39m[48;2;24;38;30m [38;2;192;197;206m        [38;2;150;181;180mtr_absorb_bytes[38;2;192;197;206m([38;2;192;197;206m&[38;2;180;142;173mmut[38;2;192;197;206m tctx[38;2;192;197;206m,[38;2;192;197;206m [38;2;192;197;206m&[38;2;192;197;206msm[38;2;192;197;206m,[38;2;192;197;206m smlen [38;2;192;197;206mas[38;2;192;197;206m [38;2;180;142;173musize[38;2;192;197;206m)[38;2;192;197;206m;[K
[0m[48;2;40;67;43m[39m+    136[0m:[39m[48;2;24;38;30m [K
[0m[48;2;40;67;43m[39m+    137[0m:[39m[48;2;24;38;30m [38;2;192;197;206m        [38;2;101;115;126m//[38;2;101;115;126m Verify[K
[0m[48;2;40;67;43m[39m+    138[0m:[39m[48;2;24;38;30m [38;2;192;197;206m        [38;2;180;142;173mlet[38;2;192;197;206m [38;2;180;142;173mmut[38;2;192;197;206m mlen1[38;2;192;197;206m:[38;2;192;197;206m [38;2;180;142;173mu64[38;2;192;197;206m [38;2;192;197;206m=[38;2;192;197;206m [38;2;208;135;112m0[38;2;192;197;206m;[K
[0m[48;2;40;67;43m[39m+    139[0m:[39m[48;2;24;38;30m [38;2;192;197;206m        [38;2;180;142;173mlet[38;2;192;197;206m ret [38;2;192;197;206m=[38;2;192;197;206m [38;2;150;181;180mcrypto_sign_open[38;2;192;197;206m([38;2;192;197;206m&[38;2;180;142;173mmut[38;2;192;197;206m m1[38;2;192;197;206m,[38;2;192;197;206m [38;2;192;197;206m&[38;2;180;142;173mmut[38;2;192;197;206m mlen1[38;2;192;197;206m,[38;2;192;197;206m [38;2;192;197;206m&[38;2;192;197;206msm[38;2;192;197;206m,[38;2;192;197;206m smlen[38;2;192;197;206m,[38;2;192;197;206m [38;2;192;197;206m&[38;2;192;197;206mpk[38;2;192;197;206m)[38;2;192;197;206m;[K
[0m[48;2;40;67;43m[39m+    140[0m:[39m[48;2;24;38;30m [38;2;192;197;206m        [38;2;180;142;173mif[38;2;192;197;206m ret [38;2;192;197;206m![38;2;192;197;206m=[38;2;192;197;206m [38;2;208;135;112m0[38;2;192;197;206m [38;2;192;197;206m{[K
[0m[48;2;40;67;43m[39m+    141[0m:[39m[48;2;24;38;30m [38;2;192;197;206m            [38;2;192;197;206meprintln![38;2;192;197;206m([38;2;192;197;206m"[38;2;163;190;140mcrypto_sign_open={}[38;2;192;197;206m"[38;2;192;197;206m,[38;2;192;197;206m ret[38;2;192;197;206m)[38;2;192;197;206m;[K
[0m[48;2;40;67;43m[39m+    142[0m:[39m[48;2;24;38;30m [38;2;192;197;206m            [38;2;192;197;206mstd[38;2;192;197;206m::[38;2;192;197;206mprocess[38;2;192;197;206m::[38;2;192;197;206mexit[38;2;192;197;206m([38;2;192;197;206m-[38;2;208;135;112m2[38;2;192;197;206m)[38;2;192;197;206m;[K
[0m[48;2;40;67;43m[39m+    143[0m:[39m[48;2;24;38;30m [38;2;192;197;206m        [38;2;192;197;206m}[K
[0m[48;2;40;67;43m[39m+    144[0m:[39m[48;2;24;38;30m [38;2;192;197;206m        [38;2;180;142;173mif[38;2;192;197;206m mlen1 [38;2;192;197;206m![38;2;192;197;206m=[38;2;192;197;206m mlen [38;2;192;197;206m{[K
[0m[48;2;40;67;43m[39m+    145[0m:[39m[48;2;24;38;30m [38;2;192;197;206m            [38;2;192;197;206meprintln![38;2;192;197;206m([38;2;192;197;206m"[38;2;163;190;140mmlen mismatch[38;2;192;197;206m"[38;2;192;197;206m)[38;2;192;197;206m;[K
[0m[48;2;40;67;43m[39m+    146[0m:[39m[48;2;24;38;30m [38;2;192;197;206m            [38;2;192;197;206mstd[38;2;192;197;206m::[38;2;192;197;206mprocess[38;2;192;197;206m::[38;2;192;197;206mexit[38;2;192;197;206m([38;2;192;197;206m-[38;2;208;135;112m2[38;2;192;197;206m)[38;2;192;197;206m;[K
[0m[48;2;40;67;43m[39m+    147[0m:[39m[48;2;24;38;30m [38;2;192;197;206m        [38;2;192;197;206m}[K
[0m[48;2;40;67;43m[39m+    148[0m:[39m[48;2;24;38;30m [38;2;192;197;206m        [38;2;180;142;173mif[38;2;192;197;206m m[38;2;192;197;206m[[38;2;192;197;206m..[38;2;192;197;206mml[38;2;192;197;206m][38;2;192;197;206m [38;2;192;197;206m![38;2;192;197;206m=[38;2;192;197;206m m1[38;2;192;197;206m[[38;2;192;197;206m..[38;2;192;197;206mml[38;2;192;197;206m][38;2;192;197;206m [38;2;192;197;206m{[K
[0m[48;2;40;67;43m[39m+    149[0m:[39m[48;2;24;38;30m [38;2;192;197;206m            [38;2;192;197;206meprintln![38;2;192;197;206m([38;2;192;197;206m"[38;2;163;190;140mm mismatch[38;2;192;197;206m"[38;2;192;197;206m)[38;2;192;197;206m;[K
[0m[48;2;40;67;43m[39m+    150[0m:[39m[48;2;24;38;30m [38;2;192;197;206m            [38;2;192;197;206mstd[38;2;192;197;206m::[38;2;192;197;206mprocess[38;2;192;197;206m::[38;2;192;197;206mexit[38;2;192;197;206m([38;2;192;197;206m-[38;2;208;135;112m2[38;2;192;197;206m)[38;2;192;197;206m;[K
[0m[48;2;40;67;43m[39m+    151[0m:[39m[48;2;24;38;30m [38;2;192;197;206m        [38;2;192;197;206m}[K
[0m[48;2;40;67;43m[39m+    152[0m:[39m[48;2;24;38;30m [38;2;192;197;206m    [38;2;192;197;206m}[K
[0m[48;2;40;67;43m[39m+    153[0m:[39m[48;2;24;38;30m [K
[0m[48;2;40;67;43m[39m+    154[0m:[39m[48;2;24;38;30m [38;2;192;197;206m    [38;2;101;115;126m//[38;2;101;115;126m Finalize transcript digest[K
[0m[48;2;40;67;43m[39m+    155[0m:[39m[48;2;24;38;30m [38;2;192;197;206m    [38;2;180;142;173mlet[38;2;192;197;206m [38;2;180;142;173mmut[38;2;192;197;206m outbuf [38;2;192;197;206m=[38;2;192;197;206m [38;2;192;197;206m[[38;2;208;135;112m0[38;2;180;142;173mu8[38;2;192;197;206m;[38;2;192;197;206m [38;2;208;135;112m64[38;2;192;197;206m][38;2;192;197;206m;[K
[0m[48;2;40;67;43m[39m+    156[0m:[39m[48;2;24;38;30m [38;2;192;197;206m    [38;2;192;197;206mb512[38;2;192;197;206m::[38;2;192;197;206mblake512_final[38;2;192;197;206m([38;2;192;197;206m&[38;2;180;142;173mmut[38;2;192;197;206m tctx[38;2;192;197;206m,[38;2;192;197;206m [38;2;192;197;206m&[38;2;180;142;173mmut[38;2;192;197;206m outbuf[38;2;192;197;206m)[38;2;192;197;206m;[K
[0m[48;2;40;67;43m[39m+    157[0m:[39m[48;2;24;38;30m [38;2;192;197;206m    [38;2;180;142;173mlet[38;2;192;197;206m [38;2;180;142;173mmut[38;2;192;197;206m digest [38;2;192;197;206m=[38;2;192;197;206m [38;2;192;197;206m[[38;2;208;135;112m0[38;2;180;142;173mu8[38;2;192;197;206m;[38;2;192;197;206m [38;2;208;135;112m32[38;2;192;197;206m][38;2;192;197;206m;[K
[0m[48;2;40;67;43m[39m+    158[0m:[39m[48;2;24;38;30m [38;2;192;197;206m    digest.[38;2;150;181;180mcopy_from_slice[38;2;192;197;206m([38;2;192;197;206m&[38;2;192;197;206moutbuf[38;2;192;197;206m[[38;2;192;197;206m..[38;2;208;135;112m32[38;2;192;197;206m][38;2;192;197;206m)[38;2;192;197;206m;[K
[0m[48;2;40;67;43m[39m+    159[0m:[39m[48;2;24;38;30m [K
[0m[48;2;40;67;43m[39m+    160[0m:[39m[48;2;24;38;30m [38;2;192;197;206m    [38;2;192;197;206mprint![38;2;192;197;206m([38;2;192;197;206m"[38;2;163;190;140mKAT transcript digest = [38;2;192;197;206m"[38;2;192;197;206m)[38;2;192;197;206m;[K
[0m[48;2;40;67;43m[39m+    161[0m:[39m[48;2;24;38;30m [38;2;192;197;206m    [38;2;180;142;173mfor[38;2;192;197;206m b [38;2;192;197;206min[38;2;192;197;206m [38;2;192;197;206m&[38;2;192;197;206mdigest [38;2;192;197;206m{[K
[0m[48;2;40;67;43m[39m+    162[0m:[39m[48;2;24;38;30m [38;2;192;197;206m        [38;2;192;197;206mprint![38;2;192;197;206m([38;2;192;197;206m"[38;2;208;135;112m{:02X}[38;2;192;197;206m"[38;2;192;197;206m,[38;2;192;197;206m b[38;2;192;197;206m)[38;2;192;197;206m;[K
[0m[48;2;40;67;43m[39m+    163[0m:[39m[48;2;24;38;30m [38;2;192;197;206m    [38;2;192;197;206m}[K
[0m[48;2;40;67;43m[39m+    164[0m:[39m[48;2;24;38;30m [38;2;192;197;206m    [38;2;192;197;206mprintln![38;2;192;197;206m([38;2;192;197;206m)[38;2;192;197;206m;[K
[0m[48;2;40;67;43m[39m+    165[0m:[39m[48;2;24;38;30m [38;2;192;197;206m}[K
[0m[K
Creating: [38;5;141m/local/home/scheschb/reserach/TRACTOR/harvest-agentic/results/P01_sphincs_plus/010_sphincs_PQCgenKAT_sign_blake_192f_robust/translated_rust/src/main.rs[0m
[38;5;244m - Completed in 0.40s[0m
[38;5;12m[1m [1.20][0m[0m
[?25l[0m[38;5;141m> [0mNow let's try to build:[0m[0m
[?25l[0m[0mI will run the following command: [38;5;141mcd /local/home/scheschb/reserach/TRACTOR/harvest-agentic/results/P01_sphincs_plus/010_sphincs_PQCgenKAT_sign_blake_192f_robust/translated_rust && cargo build --release 2>&1 | head -80[0m[38;5;244m (using tool: shell)[0m

    Updating crates.io index
     Locking 10 packages to latest compatible versions
      Adding generic-array v0.14.7 (available: v0.14.9)
   Compiling version_check v0.9.5
   Compiling typenum v1.19.0
   Compiling cfg-if v1.0.4
   Compiling cpufeatures v0.2.17
   Compiling generic-array v0.14.7
   Compiling inout v0.1.4
   Compiling crypto-common v0.1.7
   Compiling cipher v0.4.4
   Compiling aes v0.8.4
   Compiling sphincs-blake-192f-robust v0.1.0 (/local/home/scheschb/reserach/TRACTOR/harvest-agentic/results/P01_sphincs_plus/010_sphincs_PQCgenKAT_sign_blake_192f_robust/translated_rust)
warning: unused import: `crate::params::*`
 --> src/utils.rs:1:5
  |
1 | use crate::params::*;
  |     ^^^^^^^^^^^^^^^^
  |
  = note: `#[warn(unused_imports)]` (part of `#[warn(unused)]`) on by default

warning: unused import: `crate::hash::prf_addr`
 --> src/wots.rs:4:5
  |
4 | use crate::hash::prf_addr;
  |     ^^^^^^^^^^^^^^^^^^^^^

warning: unused import: `crate::wots::chain_lengths`
 --> src/wotsx1.rs:6:5
  |
6 | use crate::wots::chain_lengths;
  |     ^^^^^^^^^^^^^^^^^^^^^^^^^^

error[E0502]: cannot borrow `*lengths` as immutable because it is also borrowed as mutable
  --> src/wots.rs:47:51
   |
47 |     wots_checksum(&mut lengths[SPX_WOTS_LEN1..], &lengths[..SPX_WOTS_LEN1].to_vec());
   |     -------------      -------                    ^^^^^^^ immutable borrow occurs here
   |     |                  |
   |     |                  mutable borrow occurs here
   |     mutable borrow later used by call
   |
   = help: use `.split_at_mut(position)` to obtain two mutable non-overlapping sub-slices

error[E0502]: cannot borrow `buffer` as immutable because it is also borrowed as mutable
  --> src/compute_root.rs:27:41
   |
27 |             thash(&mut buffer[SPX_N..], &buffer, 2, ctx, addr);
   |             -----      ------           ^^^^^^^ immutable borrow occurs here
   |             |          |
   |             |          mutable borrow occurs here
   |             mutable borrow later used by call

error[E0502]: cannot borrow `buffer` as immutable because it is also borrowed as mutable
  --> src/compute_root.rs:30:41
   |
30 |             thash(&mut buffer[..SPX_N], &buffer, 2, ctx, addr);
   |             -----      ------           ^^^^^^^ immutable borrow occurs here
   |             |          |
   |             |          mutable borrow occurs here
   |             mutable borrow later used by call

For more information about this error, try `rustc --explain E0502`.
warning: `sphincs-blake-192f-robust` (bin "sphincs-blake-192f-robust") generated 3 warnings
error: could not compile `sphincs-blake-192f-robust` (bin "sphincs-blake-192f-robust") due to 3 previous errors; 3 warnings emitted
[38;5;244m - Completed in 2.213s[0m
[38;5;12m[1m [1.21][0m[0m
[?25l[0m[38;5;141m> [0mThree borrow checker issues. Let me fix them:[0m[0m
[?25l[0m[0mI'll modify the following file: [38;5;141msrc/wots.rs[0m[38;5;244m (using tool: write)[0m

[48;2;43;48;59m[39m  45, 45[0m:[39m[48;2;43;48;59m [38;2;180;142;173mpub[38;2;192;197;206m [38;2;180;142;173mfn[38;2;192;197;206m [38;2;143;161;179mchain_lengths[38;2;192;197;206m([38;2;191;97;106mlengths[38;2;192;197;206m:[38;2;192;197;206m [38;2;192;197;206m&[38;2;180;142;173mmut[38;2;192;197;206m [[38;2;180;142;173mu32[38;2;192;197;206m; SPX_WOTS_LEN], [38;2;191;97;106mmsg[38;2;192;197;206m:[38;2;192;197;206m [38;2;192;197;206m&[38;2;192;197;206m[[38;2;180;142;173mu8[38;2;192;197;206m][38;2;192;197;206m)[38;2;192;197;206m [38;2;192;197;206m{[K
[0m[48;2;43;48;59m[39m  46, 46[0m:[39m[48;2;43;48;59m [38;2;192;197;206m    [38;2;150;181;180mbase_w[38;2;192;197;206m([38;2;192;197;206m&[38;2;180;142;173mmut[38;2;192;197;206m lengths[38;2;192;197;206m[[38;2;192;197;206m..[38;2;208;135;112mSPX_WOTS_LEN1[38;2;192;197;206m][38;2;192;197;206m,[38;2;192;197;206m [38;2;208;135;112mSPX_WOTS_LEN1[38;2;192;197;206m,[38;2;192;197;206m msg[38;2;192;197;206m)[38;2;192;197;206m;[K
[0m[48;2;79;40;40m[39m- 47    [0m:[39m[48;2;36;25;28m [38;2;192;197;206m    [38;2;150;181;180mwots_checksum[38;2;192;197;206m([38;2;192;197;206m&[38;2;180;142;173mmut[38;2;192;197;206m lengths[38;2;192;197;206m[[38;2;208;135;112mSPX_WOTS_LEN1[38;2;192;197;206m..[38;2;192;197;206m][38;2;192;197;206m,[38;2;192;197;206m [38;2;192;197;206m&[38;2;192;197;206mlengths[38;2;192;197;206m[[38;2;192;197;206m..[38;2;208;135;112mSPX_WOTS_LEN1[38;2;192;197;206m][38;2;192;197;206m.[38;2;150;181;180mto_vec[38;2;192;197;206m([38;2;192;197;206m)[38;2;192;197;206m)[38;2;192;197;206m;[K
[0m[48;2;40;67;43m[39m+     47[0m:[39m[48;2;24;38;30m [38;2;192;197;206m    [38;2;180;142;173mlet[38;2;192;197;206m msg_base_w[38;2;192;197;206m:[38;2;192;197;206m [38;2;192;197;206mVec[38;2;192;197;206m<[38;2;180;142;173mu32[38;2;192;197;206m>[38;2;192;197;206m [38;2;192;197;206m=[38;2;192;197;206m lengths[38;2;192;197;206m[[38;2;192;197;206m..[38;2;208;135;112mSPX_WOTS_LEN1[38;2;192;197;206m][38;2;192;197;206m.[38;2;150;181;180mto_vec[38;2;192;197;206m([38;2;192;197;206m)[38;2;192;197;206m;[K
[0m[48;2;40;67;43m[39m+     48[0m:[39m[48;2;24;38;30m [38;2;192;197;206m    [38;2;150;181;180mwots_checksum[38;2;192;197;206m([38;2;192;197;206m&[38;2;180;142;173mmut[38;2;192;197;206m lengths[38;2;192;197;206m[[38;2;208;135;112mSPX_WOTS_LEN1[38;2;192;197;206m..[38;2;192;197;206m][38;2;192;197;206m,[38;2;192;197;206m [38;2;192;197;206m&[38;2;192;197;206mmsg_base_w[38;2;192;197;206m)[38;2;192;197;206m;[K
[0m[48;2;43;48;59m[39m  48, 49[0m:[39m[48;2;43;48;59m [38;2;192;197;206m}[K
[0m[K
Updating: [38;5;141msrc/wots.rs[0m
[38;5;244m - Completed in 0.54s[0m
[38;5;12m[1m [1.22][0m[0m
[?25l[0m[38;5;141m> [0mNow fix compute_root.rs borrow issues:[0m[0m
[?25l[0m[0mI'll modify the following file: [38;5;141msrc/compute_root.rs[0m[38;5;244m (using tool: write)[0m

[48;2;43;48;59m[39m  26, 26[0m:[39m[48;2;43;48;59m [38;2;192;197;206m        [38;2;180;142;173mif[38;2;192;197;206m leaf_idx [38;2;192;197;206m&[38;2;192;197;206m [38;2;208;135;112m1[38;2;192;197;206m [38;2;192;197;206m![38;2;192;197;206m=[38;2;192;197;206m [38;2;208;135;112m0[38;2;192;197;206m [38;2;192;197;206m{[K
[0m[48;2;79;40;40m[39m- 27    [0m:[39m[48;2;36;25;28m [38;2;192;197;206m            [38;2;150;181;180mthash[38;2;192;197;206m([38;2;192;197;206m&[38;2;180;142;173mmut[38;2;192;197;206m buffer[38;2;192;197;206m[[38;2;208;135;112mSPX_N[38;2;192;197;206m..[38;2;192;197;206m][38;2;192;197;206m,[38;2;192;197;206m [38;2;192;197;206m&[38;2;192;197;206mbuffer[38;2;192;197;206m,[38;2;192;197;206m [38;2;208;135;112m2[38;2;192;197;206m,[38;2;192;197;206m ctx[38;2;192;197;206m,[38;2;192;197;206m addr[38;2;192;197;206m)[38;2;192;197;206m;[K
[0m[48;2;40;67;43m[39m+     27[0m:[39m[48;2;24;38;30m [38;2;192;197;206m            [38;2;180;142;173mlet[38;2;192;197;206m tmp [38;2;192;197;206m=[38;2;192;197;206m buffer.[38;2;150;181;180mto_vec[38;2;192;197;206m([38;2;192;197;206m)[38;2;192;197;206m;[K
[0m[48;2;40;67;43m[39m+     28[0m:[39m[48;2;24;38;30m [38;2;192;197;206m            [38;2;150;181;180mthash[38;2;192;197;206m([38;2;192;197;206m&[38;2;180;142;173mmut[38;2;192;197;206m buffer[38;2;192;197;206m[[38;2;208;135;112mSPX_N[38;2;192;197;206m..[38;2;192;197;206m][38;2;192;197;206m,[38;2;192;197;206m [38;2;192;197;206m&[38;2;192;197;206mtmp[38;2;192;197;206m,[38;2;192;197;206m [38;2;208;135;112m2[38;2;192;197;206m,[38;2;192;197;206m ctx[38;2;192;197;206m,[38;2;192;197;206m addr[38;2;192;197;206m)[38;2;192;197;206m;[K
[0m[48;2;43;48;59m[39m  28, 29[0m:[39m[48;2;43;48;59m [38;2;192;197;206m            buffer[38;2;192;197;206m[[38;2;192;197;206m..[38;2;208;135;112mSPX_N[38;2;192;197;206m][38;2;192;197;206m.[38;2;150;181;180mcopy_from_slice[38;2;192;197;206m([38;2;192;197;206m&[38;2;192;197;206mauth_path[38;2;192;197;206m[[38;2;192;197;206map_off[38;2;192;197;206m..[38;2;192;197;206map_off [38;2;192;197;206m+[38;2;192;197;206m [38;2;208;135;112mSPX_N[38;2;192;197;206m][38;2;192;197;206m)[38;2;192;197;206m;[K
[0m[48;2;43;48;59m[39m  29, 30[0m:[39m[48;2;43;48;59m [38;2;192;197;206m        [38;2;192;197;206m}[38;2;192;197;206m [38;2;180;142;173melse[38;2;192;197;206m [38;2;192;197;206m{[K
[0m[48;2;79;40;40m[39m- 30    [0m:[39m[48;2;36;25;28m [38;2;192;197;206m            [38;2;150;181;180mthash[38;2;192;197;206m([38;2;192;197;206m&[38;2;180;142;173mmut[38;2;192;197;206m buffer[38;2;192;197;206m[[38;2;192;197;206m..[38;2;208;135;112mSPX_N[38;2;192;197;206m][38;2;192;197;206m,[38;2;192;197;206m [38;2;192;197;206m&[38;2;192;197;206mbuffer[38;2;192;197;206m,[38;2;192;197;206m [38;2;208;135;112m2[38;2;192;197;206m,[38;2;192;197;206m ctx[38;2;192;197;206m,[38;2;192;197;206m addr[38;2;192;197;206m)[38;2;192;197;206m;[K
[0m[48;2;40;67;43m[39m+     31[0m:[39m[48;2;24;38;30m [38;2;192;197;206m            [38;2;180;142;173mlet[38;2;192;197;206m tmp [38;2;192;197;206m=[38;2;192;197;206m buffer.[38;2;150;181;180mto_vec[38;2;192;197;206m([38;2;192;197;206m)[38;2;192;197;206m;[K
[0m[48;2;40;67;43m[39m+     32[0m:[39m[48;2;24;38;30m [38;2;192;197;206m            [38;2;150;181;180mthash[38;2;192;197;206m([38;2;192;197;206m&[38;2;180;142;173mmut[38;2;192;197;206m buffer[38;2;192;197;206m[[38;2;192;197;206m..[38;2;208;135;112mSPX_N[38;2;192;197;206m][38;2;192;197;206m,[38;2;192;197;206m [38;2;192;197;206m&[38;2;192;197;206mtmp[38;2;192;197;206m,[38;2;192;197;206m [38;2;208;135;112m2[38;2;192;197;206m,[38;2;192;197;206m ctx[38;2;192;197;206m,[38;2;192;197;206m addr[38;2;192;197;206m)[38;2;192;197;206m;[K
[0m[48;2;43;48;59m[39m  31, 33[0m:[39m[48;2;43;48;59m [38;2;192;197;206m            buffer[38;2;192;197;206m[[38;2;208;135;112mSPX_N[38;2;192;197;206m..[38;2;208;135;112m2[38;2;192;197;206m [38;2;192;197;206m*[38;2;192;197;206m [38;2;208;135;112mSPX_N[38;2;192;197;206m][38;2;192;197;206m.[38;2;150;181;180mcopy_from_slice[38;2;192;197;206m([38;2;192;197;206m&[38;2;192;197;206mauth_path[38;2;192;197;206m[[38;2;192;197;206map_off[38;2;192;197;206m..[38;2;192;197;206map_off [38;2;192;197;206m+[38;2;192;197;206m [38;2;208;135;112mSPX_N[38;2;192;197;206m][38;2;192;197;206m)[38;2;192;197;206m;[K
[0m[48;2;43;48;59m[39m  32, 34[0m:[39m[48;2;43;48;59m [38;2;192;197;206m        [38;2;192;197;206m}[K
[0m[K
Updating: [38;5;141msrc/compute_root.rs[0m
[38;5;244m - Completed in 0.46s[0m
[38;5;12m[1m [1.23][0m[0m
[?25l[0m[?25l[0m[0mI will run the following command: [38;5;141mcd /local/home/scheschb/reserach/TRACTOR/harvest-agentic/results/P01_sphincs_plus/010_sphincs_PQCgenKAT_sign_blake_192f_robust/translated_rust && cargo build --release 2>&1 | tail -20[0m[38;5;244m (using tool: shell)[0m

help: use `&raw mut` instead to create a raw pointer
   |
88 |         aes256_ctr_drbg_update(None, &raw mut DRBG_CTX.key, &mut DRBG_CTX.v);
   |                                       +++

warning: creating a mutable reference to mutable static
  --> src/rng.rs:88:57
   |
88 |         aes256_ctr_drbg_update(None, &mut DRBG_CTX.key, &mut DRBG_CTX.v);
   |                                                         ^^^^^^^^^^^^^^^ mutable reference to mutable static
   |
   = note: for more information, see <https://doc.rust-lang.org/edition-guide/rust-2024/static-mut-references.html>
   = note: mutable references to mutable statics are dangerous; it's undefined behavior if any other pointer to the static is used or if any other reference is created for the static while the mutable reference lives
help: use `&raw mut` instead to create a raw pointer
   |
88 |         aes256_ctr_drbg_update(None, &mut DRBG_CTX.key, &raw mut DRBG_CTX.v);
   |                                                          +++

warning: `sphincs-blake-192f-robust` (bin "sphincs-blake-192f-robust") generated 9 warnings (run `cargo fix --bin "sphincs-blake-192f-robust" -p sphincs-blake-192f-robust` to apply 3 suggestions)
    Finished `release` profile [optimized] target(s) in 0.43s
[38;5;244m - Completed in 0.551s[0m
[38;5;12m[1m [1.24][0m[0m
[?25l[0m[38;5;141m> [0mIt compiles. Now let me test it:[0m[0m
[?25l[0m[0mI will run the following command: [38;5;141mcd /local/home/scheschb/reserach/TRACTOR/harvest-agentic/results/P01_sphincs_plus/010_sphincs_PQCgenKAT_sign_blake_192f_robust/translated_rust && timeout 600 ./target/release/sphincs-blake-192f-robust 2>&1[0m[38;5;244m (using tool: shell)[0m

KAT transcript digest = 84DD599B654D1155AAC1E358F8A409F2B37C7C8F135B91FB4F8D1A42E8ABD052
[38;5;244m - Completed in 1.664s[0m

[?25l[0m[38;5;141m> [0mIt runs and produces output. Now let me verify against the C reference. Let me build and run the C version:[0m[0m
[?25l[0m[0mI will run the following command: [38;5;141mcd /local/home/scheschb/reserach/TRACTOR/harvest-agentic/results/P01_sphincs_plus/010_sphincs_PQCgenKAT_sign_blake_192f_robust/translated_rust/c_src && mkdir -p build && cd build && cmake .. -DHASH_BACKEND=blake -DSECPAR=192f -DCMAKE_BUILD_TYPE=Release 2>&1 | tail -5 && make -j$(nproc) 2>&1 | tail -10[0m (in [38;5;141mc_src[0m)[38;5;244m (using tool: shell)[0m

-- Detecting C compile features
-- Detecting C compile features - done
-- Configuring done
-- Generating done
-- Build files have been written to: /local/home/scheschb/reserach/TRACTOR/harvest-agentic/results/P01_sphincs_plus/010_sphincs_PQCgenKAT_sign_blake_192f_robust/translated_rust/c_src/build
make[1]: *** Waiting for unfinished jobs....
[ 85%] Linking C shared library libsphincs_core_det.so
[ 90%] Linking C shared library libblake.so
/usr/bin/ld: CMakeFiles/sphincs_obj.dir/src/address.c.o: relocation R_X86_64_PC32 against symbol `SPX_ull_to_bytes' can not be used when making a shared object; recompile with -fPIC
/usr/bin/ld: final link failed: Bad value
collect2: error: ld returned 1 exit status
make[2]: *** [app/libsphincs_core_det.so] Error 1
make[1]: *** [app/CMakeFiles/sphincs_core_det.dir/all] Error 2
[ 90%] Built target blake
make: *** [all] Error 2
[38;5;244m - Completed in 0.697s[0m
[38;5;12m[1m [1.25][0m[0m
[?25l[0m[?25l[0m[0mI will run the following command: [38;5;141mcd /local/home/scheschb/reserach/TRACTOR/harvest-agentic/results/P01_sphincs_plus/010_sphincs_PQCgenKAT_sign_blake_192f_robust/translated_rust/c_src/build && cmake .. -DHASH_BACKEND=blake -DSECPAR=192f -DCMAKE_BUILD_TYPE=Release -DCMAKE_C_FLAGS="-fPIC" 2>&1 | tail -3 && make -j$(nproc) 2>&1 | tail -10[0m (in [38;5;141mc_src/build[0m)[38;5;244m (using tool: shell)[0m

-- Configuring done
-- Generating done
-- Build files have been written to: /local/home/scheschb/reserach/TRACTOR/harvest-agentic/results/P01_sphincs_plus/010_sphincs_PQCgenKAT_sign_blake_192f_robust/translated_rust/c_src/build
[ 80%] Linking C shared library libsphincs_core.so
[ 80%] Built target sphincs_core
[ 85%] Linking C shared library libsphincs_core_det.so
[ 90%] Linking C shared library libblake.so
[ 90%] Built target sphincs_core_det
[ 90%] Built target blake
Scanning dependencies of target driver
[ 95%] Building C object app/CMakeFiles/driver.dir/src/PQCgenKAT_sign.c.o
[100%] Linking C executable driver
[100%] Built target driver
[38;5;244m - Completed in 0.610s[0m
[38;5;12m[1m [1.26][0m[0m
[?25l[0m[?25l[0m[0mI will run the following command: [38;5;141mcd /local/home/scheschb/reserach/TRACTOR/harvest-agentic/results/P01_sphincs_plus/010_sphincs_PQCgenKAT_sign_blake_192f_robust/translated_rust/c_src/build && LD_LIBRARY_PATH=./app:./lib/blake timeout 600 ./app/driver 2>&1[0m (in [38;5;141mc_src/build[0m)[38;5;244m (using tool: shell)[0m

KAT transcript digest = 47F429DBFC6328EF47D705EEE9DDC6C57E602287739F7C07481D4C4803C92E44
[38;5;244m - Completed in 0.955s[0m

[?25l[0m[38;5;141m> [0mThe digests don't match. The Rust produces [38;5;10m84DD599B...[0m while C produces [38;5;10m47F429DB...[0m. I need to debug this. The issue is likely in the BLAKE implementation. Let me check the blake256 update function more carefully - the C code uses [38;5;10mdatalen[0m in bits, and the [38;5;10mleft[0m calculation uses [38;5;10mbuflen >> 3[0m (buflen is in bits). Let me re-examine the blake256_update logic more carefully.[0m[0m
[0m[0m
Looking at the C code:[0m[0m
[1mc
[0m[38;5;10mvoid blake256_update( blakestate256 *S, const u8 *data, u64 datalen ) {
  int left=S->buflen >> 3; 
  int fill=64 - left;
  if( left && ( ((datalen >> 3) & 0x3F) >= fill ) ) {
[0m[0m[0m
[0m[0m
The issue is that [38;5;10mdatalen[0m is in bits, and [38;5;10mleft[0m is in bytes. The condition checks [38;5;10m(datalen >> 3) & 0x3F >= fill[0m which is the number of data bytes masked to 0-63 vs fill.[0m[0m
[0m[0m
But in my Rust code, after the first [38;5;10mif[0m block, I recalculate [38;5;10mnew_left[0m incorrectly. The C code doesn't recalculate - after the first block, [38;5;10mleft[0m becomes 0 and [38;5;10mdata[0m pointer advances. Let me look more carefully at the flow.[0m[0m
[0m[0m
Actually the issue is simpler - in the C code, [38;5;10mleft[0m is computed once at the start and used throughout. After the first [38;5;10mif[0m block processes, [38;5;10mdata[0m advances and [38;5;10mdatalen[0m decreases, and [38;5;10mleft[0m is set to 0. Then the while loop runs. Then the final [38;5;10mif[0m checks the remaining datalen.[0m[0m
[0m[0m
In my Rust code, the [38;5;10mnew_left[0m calculation is wrong. After the first if block runs, left should be 0 for the final copy. Let me fix this:[0m[0m
[?25l[0m[0mI'll modify the following file: [38;5;141msrc/blake256.rs[0m[38;5;244m (using tool: write)[0m

[48;2;43;48;59m[39m  106, 106[0m:[39m[48;2;43;48;59m [38;2;180;142;173mpub[38;2;192;197;206m [38;2;180;142;173mfn[38;2;192;197;206m [38;2;143;161;179mblake256_update[38;2;192;197;206m([38;2;191;97;106ms[38;2;192;197;206m:[38;2;192;197;206m [38;2;192;197;206m&[38;2;180;142;173mmut[38;2;192;197;206m Blake256State, [38;2;191;97;106mdata[38;2;192;197;206m:[38;2;192;197;206m [38;2;192;197;206m&[38;2;192;197;206m[[38;2;180;142;173mu8[38;2;192;197;206m], [38;2;191;97;106mdatalen_bits[38;2;192;197;206m:[38;2;192;197;206m [38;2;180;142;173mu64[38;2;192;197;206m)[38;2;192;197;206m [38;2;192;197;206m{[K
[0m[48;2;43;48;59m[39m  107, 107[0m:[39m[48;2;43;48;59m [38;2;192;197;206m    [38;2;180;142;173mlet[38;2;192;197;206m [38;2;180;142;173mmut[38;2;192;197;206m data [38;2;192;197;206m=[38;2;192;197;206m data[38;2;192;197;206m;[K
[0m[48;2;43;48;59m[39m  108, 108[0m:[39m[48;2;43;48;59m [38;2;192;197;206m    [38;2;180;142;173mlet[38;2;192;197;206m [38;2;180;142;173mmut[38;2;192;197;206m datalen [38;2;192;197;206m=[38;2;192;197;206m datalen_bits[38;2;192;197;206m;[K
[0m[48;2;79;40;40m[39m- 109     [0m:[39m[48;2;36;25;28m [38;2;192;197;206m    [38;2;180;142;173mlet[38;2;192;197;206m left [38;2;192;197;206m=[38;2;192;197;206m [38;2;192;197;206m([38;2;192;197;206ms.buflen [38;2;192;197;206m>[38;2;192;197;206m>[38;2;192;197;206m [38;2;208;135;112m3[38;2;192;197;206m)[38;2;192;197;206m [38;2;192;197;206mas[38;2;192;197;206m [38;2;180;142;173musize[38;2;192;197;206m;[K
[0m[48;2;40;67;43m[39m+      109[0m:[39m[48;2;24;38;30m [38;2;192;197;206m    [38;2;180;142;173mlet[38;2;192;197;206m [38;2;180;142;173mmut[38;2;192;197;206m left [38;2;192;197;206m=[38;2;192;197;206m [38;2;192;197;206m([38;2;192;197;206ms.buflen [38;2;192;197;206m>[38;2;192;197;206m>[38;2;192;197;206m [38;2;208;135;112m3[38;2;192;197;206m)[38;2;192;197;206m [38;2;192;197;206mas[38;2;192;197;206m [38;2;180;142;173musize[38;2;192;197;206m;[K
[0m[48;2;43;48;59m[39m  110, 110[0m:[39m[48;2;43;48;59m [38;2;192;197;206m    [38;2;180;142;173mlet[38;2;192;197;206m fill [38;2;192;197;206m=[38;2;192;197;206m [38;2;208;135;112m64[38;2;192;197;206m [38;2;192;197;206m-[38;2;192;197;206m left[38;2;192;197;206m;[K
[0m[48;2;43;48;59m[39m  111, 111[0m:[39m[48;2;43;48;59m [K
[0m[48;2;43;48;59m[39m  112, 112[0m:[39m[48;2;43;48;59m [38;2;192;197;206m    [38;2;180;142;173mif[38;2;192;197;206m left [38;2;192;197;206m![38;2;192;197;206m=[38;2;192;197;206m [38;2;208;135;112m0[38;2;192;197;206m [38;2;192;197;206m&[38;2;192;197;206m&[38;2;192;197;206m [38;2;192;197;206m([38;2;192;197;206m([38;2;192;197;206mdatalen [38;2;192;197;206m>[38;2;192;197;206m>[38;2;192;197;206m [38;2;208;135;112m3[38;2;192;197;206m)[38;2;192;197;206m [38;2;192;197;206m&[38;2;192;197;206m [38;2;208;135;112m0x3F[38;2;192;197;206m)[38;2;192;197;206m [38;2;192;197;206m>[38;2;192;197;206m=[38;2;192;197;206m fill [38;2;192;197;206mas[38;2;192;197;206m [38;2;180;142;173mu64[38;2;192;197;206m [38;2;192;197;206m{[K
[0m[48;2;43;48;59m[39m  113, 113[0m:[39m[48;2;43;48;59m [38;2;192;197;206m        s.buf[38;2;192;197;206m[[38;2;192;197;206mleft[38;2;192;197;206m..[38;2;192;197;206mleft[38;2;192;197;206m+[38;2;192;197;206mfill[38;2;192;197;206m][38;2;192;197;206m.[38;2;150;181;180mcopy_from_slice[38;2;192;197;206m([38;2;192;197;206m&[38;2;192;197;206mdata[38;2;192;197;206m[[38;2;192;197;206m..[38;2;192;197;206mfill[38;2;192;197;206m][38;2;192;197;206m)[38;2;192;197;206m;[K
[0m[48;2;43;48;59m[39m  114, 114[0m:[39m[48;2;43;48;59m [38;2;192;197;206m        s.t[38;2;192;197;206m[[38;2;208;135;112m0[38;2;192;197;206m][38;2;192;197;206m [38;2;192;197;206m=[38;2;192;197;206m s.t[38;2;192;197;206m[[38;2;208;135;112m0[38;2;192;197;206m][38;2;192;197;206m.[38;2;150;181;180mwrapping_add[38;2;192;197;206m([38;2;208;135;112m512[38;2;192;197;206m)[38;2;192;197;206m;[K
[0m[48;2;43;48;59m[39m  115, 115[0m:[39m[48;2;43;48;59m [38;2;192;197;206m        [38;2;180;142;173mif[38;2;192;197;206m s.t[38;2;192;197;206m[[38;2;208;135;112m0[38;2;192;197;206m][38;2;192;197;206m [38;2;192;197;206m=[38;2;192;197;206m=[38;2;192;197;206m [38;2;208;135;112m0[38;2;192;197;206m [38;2;192;197;206m{[38;2;192;197;206m s.t[38;2;192;197;206m[[38;2;208;135;112m1[38;2;192;197;206m][38;2;192;197;206m [38;2;192;197;206m=[38;2;192;197;206m s.t[38;2;192;197;206m[[38;2;208;135;112m1[38;2;192;197;206m][38;2;192;197;206m.[38;2;150;181;180mwrapping_add[38;2;192;197;206m([38;2;208;135;112m1[38;2;192;197;206m)[38;2;192;197;206m;[38;2;192;197;206m [38;2;192;197;206m}[K
[0m[48;2;43;48;59m[39m  116, 116[0m:[39m[48;2;43;48;59m [38;2;192;197;206m        [38;2;150;181;180mblake256_compress[38;2;192;197;206m([38;2;192;197;206ms[38;2;192;197;206m,[38;2;192;197;206m [38;2;192;197;206m&[38;2;192;197;206ms.buf.[38;2;150;181;180mclone[38;2;192;197;206m([38;2;192;197;206m)[38;2;192;197;206m)[38;2;192;197;206m;[K
[0m[48;2;43;48;59m[39m  117, 117[0m:[39m[48;2;43;48;59m [38;2;192;197;206m        data [38;2;192;197;206m=[38;2;192;197;206m [38;2;192;197;206m&[38;2;192;197;206mdata[38;2;192;197;206m[[38;2;192;197;206mfill[38;2;192;197;206m..[38;2;192;197;206m][38;2;192;197;206m;[K
[0m[48;2;43;48;59m[39m  118, 118[0m:[39m[48;2;43;48;59m [38;2;192;197;206m        datalen [38;2;192;197;206m-[38;2;192;197;206m=[38;2;192;197;206m [38;2;192;197;206m([38;2;192;197;206mfill [38;2;192;197;206mas[38;2;192;197;206m [38;2;180;142;173mu64[38;2;192;197;206m)[38;2;192;197;206m [38;2;192;197;206m<[38;2;192;197;206m<[38;2;192;197;206m [38;2;208;135;112m3[38;2;192;197;206m;[K
[0m[48;2;40;67;43m[39m+      119[0m:[39m[48;2;24;38;30m [38;2;192;197;206m        left [38;2;192;197;206m=[38;2;192;197;206m [38;2;208;135;112m0[38;2;192;197;206m;[K
[0m[48;2;43;48;59m[39m  119, 120[0m:[39m[48;2;43;48;59m [38;2;192;197;206m    [38;2;192;197;206m}[K
[0m[48;2;43;48;59m[39m  120, 121[0m:[39m[48;2;43;48;59m [K
[0m[48;2;43;48;59m[39m  121, 122[0m:[39m[48;2;43;48;59m [38;2;192;197;206m    [38;2;180;142;173mwhile[38;2;192;197;206m datalen [38;2;192;197;206m>[38;2;192;197;206m=[38;2;192;197;206m [38;2;208;135;112m512[38;2;192;197;206m [38;2;192;197;206m{[K
[0m[48;2;43;48;59m[39m  122, 123[0m:[39m[48;2;43;48;59m [38;2;192;197;206m        s.t[38;2;192;197;206m[[38;2;208;135;112m0[38;2;192;197;206m][38;2;192;197;206m [38;2;192;197;206m=[38;2;192;197;206m s.t[38;2;192;197;206m[[38;2;208;135;112m0[38;2;192;197;206m][38;2;192;197;206m.[38;2;150;181;180mwrapping_add[38;2;192;197;206m([38;2;208;135;112m512[38;2;192;197;206m)[38;2;192;197;206m;[K
[0m[48;2;43;48;59m[39m  123, 124[0m:[39m[48;2;43;48;59m [38;2;192;197;206m        [38;2;180;142;173mif[38;2;192;197;206m s.t[38;2;192;197;206m[[38;2;208;135;112m0[38;2;192;197;206m][38;2;192;197;206m [38;2;192;197;206m=[38;2;192;197;206m=[38;2;192;197;206m [38;2;208;135;112m0[38;2;192;197;206m [38;2;192;197;206m{[38;2;192;197;206m s.t[38;2;192;197;206m[[38;2;208;135;112m1[38;2;192;197;206m][38;2;192;197;206m [38;2;192;197;206m=[38;2;192;197;206m s.t[38;2;192;197;206m[[38;2;208;135;112m1[38;2;192;197;206m][38;2;192;197;206m.[38;2;150;181;180mwrapping_add[38;2;192;197;206m([38;2;208;135;112m1[38;2;192;197;206m)[38;2;192;197;206m;[38;2;192;197;206m [38;2;192;197;206m}[K
[0m[48;2;43;48;59m[39m  124, 125[0m:[39m[48;2;43;48;59m [38;2;192;197;206m        [38;2;150;181;180mblake256_compress[38;2;192;197;206m([38;2;192;197;206ms[38;2;192;197;206m,[38;2;192;197;206m data[38;2;192;197;206m)[38;2;192;197;206m;[K
[0m[48;2;43;48;59m[39m  125, 126[0m:[39m[48;2;43;48;59m [38;2;192;197;206m        data [38;2;192;197;206m=[38;2;192;197;206m [38;2;192;197;206m&[38;2;192;197;206mdata[38;2;192;197;206m[[38;2;208;135;112m64[38;2;192;197;206m..[38;2;192;197;206m][38;2;192;197;206m;[K
[0m[48;2;43;48;59m[39m  126, 127[0m:[39m[48;2;43;48;59m [38;2;192;197;206m        datalen [38;2;192;197;206m-[38;2;192;197;206m=[38;2;192;197;206m [38;2;208;135;112m512[38;2;192;197;206m;[K
[0m[48;2;43;48;59m[39m  127, 128[0m:[39m[48;2;43;48;59m [38;2;192;197;206m    [38;2;192;197;206m}[K
[0m[48;2;43;48;59m[39m  128, 129[0m:[39m[48;2;43;48;59m [K
[0m[48;2;43;48;59m[39m  129, 130[0m:[39m[48;2;43;48;59m [38;2;192;197;206m    [38;2;180;142;173mif[38;2;192;197;206m datalen [38;2;192;197;206m>[38;2;192;197;206m [38;2;208;135;112m0[38;2;192;197;206m [38;2;192;197;206m{[K
[0m[48;2;79;40;40m[39m- 130     [0m:[39m[48;2;36;25;28m [38;2;192;197;206m        [38;2;180;142;173mlet[38;2;192;197;206m new_left [38;2;192;197;206m=[38;2;192;197;206m [38;2;180;142;173mif[38;2;192;197;206m left [38;2;192;197;206m![38;2;192;197;206m=[38;2;192;197;206m [38;2;208;135;112m0[38;2;192;197;206m [38;2;192;197;206m&[38;2;192;197;206m&[38;2;192;197;206m [38;2;192;197;206m([38;2;192;197;206m([38;2;192;197;206mdatalen_bits [38;2;192;197;206m>[38;2;192;197;206m>[38;2;192;197;206m [38;2;208;135;112m3[38;2;192;197;206m)[38;2;192;197;206m [38;2;192;197;206m&[38;2;192;197;206m [38;2;208;135;112m0x3F[38;2;192;197;206m)[38;2;192;197;206m [38;2;192;197;206m>[38;2;192;197;206m=[38;2;192;197;206m fill [38;2;192;197;206mas[38;2;192;197;206m [38;2;180;142;173mu64[38;2;192;197;206m [38;2;192;197;206m{[38;2;192;197;206m [38;2;208;135;112m0[38;2;192;197;206m [38;2;192;197;206m}[38;2;192;197;206m [38;2;180;142;173melse[38;2;192;197;206m [38;2;192;197;206m{[38;2;192;197;206m left [38;2;192;197;206m}[38;2;192;197;206m;[K
[0m[48;2;43;48;59m[39m  131, 131[0m:[39m[48;2;43;48;59m [38;2;192;197;206m        [38;2;180;142;173mlet[38;2;192;197;206m bytes [38;2;192;197;206m=[38;2;192;197;206m [38;2;192;197;206m([38;2;192;197;206mdatalen [38;2;192;197;206m>[38;2;192;197;206m>[38;2;192;197;206m [38;2;208;135;112m3[38;2;192;197;206m)[38;2;192;197;206m [38;2;192;197;206mas[38;2;192;197;206m [38;2;180;142;173musize[38;2;192;197;206m;[K
[0m[48;2;79;40;40m[39m- 132     [0m:[39m[48;2;36;25;28m [38;2;192;197;206m        s.buf[38;2;192;197;206m[[38;2;192;197;206mnew_left[38;2;192;197;206m..[38;2;192;197;206mnew_left[38;2;192;197;206m+[38;2;192;197;206mbytes[38;2;192;197;206m][38;2;192;197;206m.[38;2;150;181;180mcopy_from_slice[38;2;192;197;206m([38;2;192;197;206m&[38;2;192;197;206mdata[38;2;192;197;206m[[38;2;192;197;206m..[38;2;192;197;206mbytes[38;2;192;197;206m][38;2;192;197;206m)[38;2;192;197;206m;[K
[0m[48;2;79;40;40m[39m- 133     [0m:[39m[48;2;36;25;28m [38;2;192;197;206m        s.buflen [38;2;192;197;206m=[38;2;192;197;206m [38;2;192;197;206m([38;2;192;197;206m([38;2;192;197;206mnew_left [38;2;192;197;206mas[38;2;192;197;206m [38;2;180;142;173mi32[38;2;192;197;206m)[38;2;192;197;206m [38;2;192;197;206m<[38;2;192;197;206m<[38;2;192;197;206m [38;2;208;135;112m3[38;2;192;197;206m)[38;2;192;197;206m [38;2;192;197;206m+[38;2;192;197;206m datalen [38;2;192;197;206mas[38;2;192;197;206m [38;2;180;142;173mi32[38;2;192;197;206m;[K
[0m[48;2;40;67;43m[39m+      132[0m:[39m[48;2;24;38;30m [38;2;192;197;206m        s.buf[38;2;192;197;206m[[38;2;192;197;206mleft[38;2;192;197;206m..[38;2;192;197;206mleft[38;2;192;197;206m+[38;2;192;197;206mbytes[38;2;192;197;206m][38;2;192;197;206m.[38;2;150;181;180mcopy_from_slice[38;2;192;197;206m([38;2;192;197;206m&[38;2;192;197;206mdata[38;2;192;197;206m[[38;2;192;197;206m..[38;2;192;197;206mbytes[38;2;192;197;206m][38;2;192;197;206m)[38;2;192;197;206m;[K
[0m[48;2;40;67;43m[39m+      133[0m:[39m[48;2;24;38;30m [38;2;192;197;206m        s.buflen [38;2;192;197;206m=[38;2;192;197;206m [38;2;192;197;206m([38;2;192;197;206m([38;2;192;197;206mleft [38;2;192;197;206mas[38;2;192;197;206m [38;2;180;142;173mi32[38;2;192;197;206m)[38;2;192;197;206m [38;2;192;197;206m<[38;2;192;197;206m<[38;2;192;197;206m [38;2;208;135;112m3[38;2;192;197;206m)[38;2;192;197;206m [38;2;192;197;206m+[38;2;192;197;206m datalen [38;2;192;197;206mas[38;2;192;197;206m [38;2;180;142;173mi32[38;2;192;197;206m;[K
[0m[48;2;43;48;59m[39m  134, 134[0m:[39m[48;2;43;48;59m [38;2;192;197;206m    [38;2;192;197;206m}[38;2;192;197;206m [38;2;180;142;173melse[38;2;192;197;206m [38;2;192;197;206m{[K
[0m[48;2;43;48;59m[39m  135, 135[0m:[39m[48;2;43;48;59m [38;2;192;197;206m        s.buflen [38;2;192;197;206m=[38;2;192;197;206m [38;2;208;135;112m0[38;2;192;197;206m;[K
[0m[48;2;43;48;59m[39m  136, 136[0m:[39m[48;2;43;48;59m [38;2;192;197;206m    [38;2;192;197;206m}[K
[0m[48;2;43;48;59m[39m  137, 137[0m:[39m[48;2;43;48;59m [38;2;192;197;206m}[K
[0m[K
Updating: [38;5;141msrc/blake256.rs[0m
[38;5;244m - Completed in 0.51s[0m
[38;5;12m[1m [1.27][0m[0m
[?25l[0m[38;5;141m> [0mSame fix for blake512:[0m[0m
[?25l[0m[0mI'll modify the following file: [38;5;141msrc/blake512.rs[0m[38;5;244m (using tool: write)[0m

[48;2;43;48;59m[39m   0,  0[0m:[39m[48;2;43;48;59m [38;2;180;142;173mpub[38;2;192;197;206m [38;2;180;142;173mfn[38;2;192;197;206m [38;2;143;161;179mblake512_update[38;2;192;197;206m([38;2;191;97;106ms[38;2;192;197;206m:[38;2;192;197;206m [38;2;192;197;206m&[38;2;180;142;173mmut[38;2;192;197;206m Blake512State, [38;2;191;97;106mdata[38;2;192;197;206m:[38;2;192;197;206m [38;2;192;197;206m&[38;2;192;197;206m[[38;2;180;142;173mu8[38;2;192;197;206m], [38;2;191;97;106mdatalen_bits[38;2;192;197;206m:[38;2;192;197;206m [38;2;180;142;173mu64[38;2;192;197;206m)[38;2;192;197;206m [38;2;192;197;206m{[K
[0m[48;2;43;48;59m[39m   1,  1[0m:[39m[48;2;43;48;59m [38;2;192;197;206m    [38;2;180;142;173mlet[38;2;192;197;206m [38;2;180;142;173mmut[38;2;192;197;206m data [38;2;192;197;206m=[38;2;192;197;206m data[38;2;192;197;206m;[K
[0m[48;2;43;48;59m[39m   2,  2[0m:[39m[48;2;43;48;59m [38;2;192;197;206m    [38;2;180;142;173mlet[38;2;192;197;206m [38;2;180;142;173mmut[38;2;192;197;206m datalen [38;2;192;197;206m=[38;2;192;197;206m datalen_bits[38;2;192;197;206m;[K
[0m[48;2;79;40;40m[39m-  3    [0m:[39m[48;2;36;25;28m [38;2;192;197;206m    [38;2;180;142;173mlet[38;2;192;197;206m left [38;2;192;197;206m=[38;2;192;197;206m [38;2;192;197;206m([38;2;192;197;206ms.buflen [38;2;192;197;206m>[38;2;192;197;206m>[38;2;192;197;206m [38;2;208;135;112m3[38;2;192;197;206m)[38;2;192;197;206m [38;2;192;197;206mas[38;2;192;197;206m [38;2;180;142;173musize[38;2;192;197;206m;[K
[0m[48;2;40;67;43m[39m+      3[0m:[39m[48;2;24;38;30m [38;2;192;197;206m    [38;2;180;142;173mlet[38;2;192;197;206m [38;2;180;142;173mmut[38;2;192;197;206m left [38;2;192;197;206m=[38;2;192;197;206m [38;2;192;197;206m([38;2;192;197;206ms.buflen [38;2;192;197;206m>[38;2;192;197;206m>[38;2;192;197;206m [38;2;208;135;112m3[38;2;192;197;206m)[38;2;192;197;206m [38;2;192;197;206mas[38;2;192;197;206m [38;2;180;142;173musize[38;2;192;197;206m;[K
[0m[48;2;43;48;59m[39m   4,  4[0m:[39m[48;2;43;48;59m [38;2;192;197;206m    [38;2;180;142;173mlet[38;2;192;197;206m fill [38;2;192;197;206m=[38;2;192;197;206m [38;2;208;135;112m128[38;2;192;197;206m [38;2;192;197;206m-[38;2;192;197;206m left[38;2;192;197;206m;[K
[0m[48;2;43;48;59m[39m   5,  5[0m:[39m[48;2;43;48;59m [K
[0m[48;2;43;48;59m[39m   6,  6[0m:[39m[48;2;43;48;59m [38;2;192;197;206m    [38;2;180;142;173mif[38;2;192;197;206m left [38;2;192;197;206m![38;2;192;197;206m=[38;2;192;197;206m [38;2;208;135;112m0[38;2;192;197;206m [38;2;192;197;206m&[38;2;192;197;206m&[38;2;192;197;206m [38;2;192;197;206m([38;2;192;197;206m([38;2;192;197;206mdatalen [38;2;192;197;206m>[38;2;192;197;206m>[38;2;192;197;206m [38;2;208;135;112m3[38;2;192;197;206m)[38;2;192;197;206m [38;2;192;197;206m&[38;2;192;197;206m [38;2;208;135;112m0x7F[38;2;192;197;206m)[38;2;192;197;206m [38;2;192;197;206m>[38;2;192;197;206m=[38;2;192;197;206m fill [38;2;192;197;206mas[38;2;192;197;206m [38;2;180;142;173mu64[38;2;192;197;206m [38;2;192;197;206m{[K
[0m[48;2;43;48;59m[39m   7,  7[0m:[39m[48;2;43;48;59m [38;2;192;197;206m        s.buf[38;2;192;197;206m[[38;2;192;197;206mleft[38;2;192;197;206m..[38;2;192;197;206mleft[38;2;192;197;206m+[38;2;192;197;206mfill[38;2;192;197;206m][38;2;192;197;206m.[38;2;150;181;180mcopy_from_slice[38;2;192;197;206m([38;2;192;197;206m&[38;2;192;197;206mdata[38;2;192;197;206m[[38;2;192;197;206m..[38;2;192;197;206mfill[38;2;192;197;206m][38;2;192;197;206m)[38;2;192;197;206m;[K
[0m[48;2;43;48;59m[39m   8,  8[0m:[39m[48;2;43;48;59m [38;2;192;197;206m        s.t[38;2;192;197;206m[[38;2;208;135;112m0[38;2;192;197;206m][38;2;192;197;206m [38;2;192;197;206m=[38;2;192;197;206m s.t[38;2;192;197;206m[[38;2;208;135;112m0[38;2;192;197;206m][38;2;192;197;206m.[38;2;150;181;180mwrapping_add[38;2;192;197;206m([38;2;208;135;112m1024[38;2;192;197;206m)[38;2;192;197;206m;[K
[0m[48;2;43;48;59m[39m   9,  9[0m:[39m[48;2;43;48;59m [38;2;192;197;206m        [38;2;150;181;180mblake512_compress[38;2;192;197;206m([38;2;192;197;206ms[38;2;192;197;206m,[38;2;192;197;206m [38;2;192;197;206m&[38;2;192;197;206ms.buf.[38;2;150;181;180mclone[38;2;192;197;206m([38;2;192;197;206m)[38;2;192;197;206m)[38;2;192;197;206m;[K
[0m[48;2;43;48;59m[39m  10, 10[0m:[39m[48;2;43;48;59m [38;2;192;197;206m        data [38;2;192;197;206m=[38;2;192;197;206m [38;2;192;197;206m&[38;2;192;197;206mdata[38;2;192;197;206m[[38;2;192;197;206mfill[38;2;192;197;206m..[38;2;192;197;206m][38;2;192;197;206m;[K
[0m[48;2;43;48;59m[39m  11, 11[0m:[39m[48;2;43;48;59m [38;2;192;197;206m        datalen [38;2;192;197;206m-[38;2;192;197;206m=[38;2;192;197;206m [38;2;192;197;206m([38;2;192;197;206mfill [38;2;192;197;206mas[38;2;192;197;206m [38;2;180;142;173mu64[38;2;192;197;206m)[38;2;192;197;206m [38;2;192;197;206m<[38;2;192;197;206m<[38;2;192;197;206m [38;2;208;135;112m3[38;2;192;197;206m;[K
[0m[48;2;43;48;59m[39m  12, 12[0m:[39m[48;2;43;48;59m [38;2;192;197;206m        left [38;2;192;197;206m=[38;2;192;197;206m [38;2;208;135;112m0[38;2;192;197;206m;[K
[0m[48;2;43;48;59m[39m  13, 13[0m:[39m[48;2;43;48;59m [38;2;192;197;206m    [38;2;192;197;206m}[K
[0m[48;2;43;48;59m[39m  14, 14[0m:[39m[48;2;43;48;59m [K
[0m[48;2;43;48;59m[39m  15, 15[0m:[39m[48;2;43;48;59m [38;2;192;197;206m    [38;2;180;142;173mwhile[38;2;192;197;206m datalen [38;2;192;197;206m>[38;2;192;197;206m=[38;2;192;197;206m [38;2;208;135;112m1024[38;2;192;197;206m [38;2;192;197;206m{[K
[0m[48;2;43;48;59m[39m  16, 16[0m:[39m[48;2;43;48;59m [38;2;192;197;206m        s.t[38;2;192;197;206m[[38;2;208;135;112m0[38;2;192;197;206m][38;2;192;197;206m [38;2;192;197;206m=[38;2;192;197;206m s.t[38;2;192;197;206m[[38;2;208;135;112m0[38;2;192;197;206m][38;2;192;197;206m.[38;2;150;181;180mwrapping_add[38;2;192;197;206m([38;2;208;135;112m1024[38;2;192;197;206m)[38;2;192;197;206m;[K
[0m[48;2;43;48;59m[39m  17, 17[0m:[39m[48;2;43;48;59m [38;2;192;197;206m        [38;2;150;181;180mblake512_compress[38;2;192;197;206m([38;2;192;197;206ms[38;2;192;197;206m,[38;2;192;197;206m data[38;2;192;197;206m)[38;2;192;197;206m;[K
[0m[48;2;43;48;59m[39m  18, 18[0m:[39m[48;2;43;48;59m [38;2;192;197;206m        data [38;2;192;197;206m=[38;2;192;197;206m [38;2;192;197;206m&[38;2;192;197;206mdata[38;2;192;197;206m[[38;2;208;135;112m128[38;2;192;197;206m..[38;2;192;197;206m][38;2;192;197;206m;[K
[0m[48;2;43;48;59m[39m  19, 19[0m:[39m[48;2;43;48;59m [38;2;192;197;206m        datalen [38;2;192;197;206m-[38;2;192;197;206m=[38;2;192;197;206m [38;2;208;135;112m1024[38;2;192;197;206m;[K
[0m[48;2;43;48;59m[39m  20, 20[0m:[39m[48;2;43;48;59m [38;2;192;197;206m    [38;2;192;197;206m}[K
[0m[48;2;43;48;59m[39m  21, 21[0m:[39m[48;2;43;48;59m [K
[0m[48;2;43;48;59m[39m  22, 22[0m:[39m[48;2;43;48;59m [38;2;192;197;206m    [38;2;180;142;173mif[38;2;192;197;206m datalen [38;2;192;197;206m>[38;2;192;197;206m [38;2;208;135;112m0[38;2;192;197;206m [38;2;192;197;206m{[K
[0m[48;2;79;40;40m[39m- 23    [0m:[39m[48;2;36;25;28m [38;2;192;197;206m        [38;2;180;142;173mlet[38;2;192;197;206m new_left [38;2;192;197;206m=[38;2;192;197;206m [38;2;180;142;173mif[38;2;192;197;206m left [38;2;192;197;206m![38;2;192;197;206m=[38;2;192;197;206m [38;2;208;135;112m0[38;2;192;197;206m [38;2;192;197;206m&[38;2;192;197;206m&[38;2;192;197;206m [38;2;192;197;206m([38;2;192;197;206m([38;2;192;197;206mdatalen_bits [38;2;192;197;206m>[38;2;192;197;206m>[38;2;192;197;206m [38;2;208;135;112m3[38;2;192;197;206m)[38;2;192;197;206m [38;2;192;197;206m&[38;2;192;197;206m [38;2;208;135;112m0x7F[38;2;192;197;206m)[38;2;192;197;206m [38;2;192;197;206m>[38;2;192;197;206m=[38;2;192;197;206m fill [38;2;192;197;206mas[38;2;192;197;206m [38;2;180;142;173mu64[38;2;192;197;206m [38;2;192;197;206m{[38;2;192;197;206m [38;2;208;135;112m0[38;2;192;197;206m [38;2;192;197;206m}[38;2;192;197;206m [38;2;180;142;173melse[38;2;192;197;206m [38;2;192;197;206m{[38;2;192;197;206m left [38;2;192;197;206m}[38;2;192;197;206m;[K
[0m[48;2;43;48;59m[39m  24, 23[0m:[39m[48;2;43;48;59m [38;2;192;197;206m        [38;2;180;142;173mlet[38;2;192;197;206m bytes [38;2;192;197;206m=[38;2;192;197;206m [38;2;192;197;206m([38;2;192;197;206m([38;2;192;197;206mdatalen [38;2;192;197;206m>[38;2;192;197;206m>[38;2;192;197;206m [38;2;208;135;112m3[38;2;192;197;206m)[38;2;192;197;206m [38;2;192;197;206m&[38;2;192;197;206m [38;2;208;135;112m0x7F[38;2;192;197;206m)[38;2;192;197;206m [38;2;192;197;206mas[38;2;192;197;206m [38;2;180;142;173musize[38;2;192;197;206m;[K
[0m[48;2;79;40;40m[39m- 25    [0m:[39m[48;2;36;25;28m [38;2;192;197;206m        s.buf[38;2;192;197;206m[[38;2;192;197;206mnew_left[38;2;192;197;206m..[38;2;192;197;206mnew_left[38;2;192;197;206m+[38;2;192;197;206mbytes[38;2;192;197;206m][38;2;192;197;206m.[38;2;150;181;180mcopy_from_slice[38;2;192;197;206m([38;2;192;197;206m&[38;2;192;197;206mdata[38;2;192;197;206m[[38;2;192;197;206m..[38;2;192;197;206mbytes[38;2;192;197;206m][38;2;192;197;206m)[38;2;192;197;206m;[K
[0m[48;2;79;40;40m[39m- 26    [0m:[39m[48;2;36;25;28m [38;2;192;197;206m        s.buflen [38;2;192;197;206m=[38;2;192;197;206m [38;2;192;197;206m([38;2;192;197;206m([38;2;192;197;206mnew_left [38;2;192;197;206mas[38;2;192;197;206m [38;2;180;142;173mi32[38;2;192;197;206m)[38;2;192;197;206m [38;2;192;197;206m<[38;2;192;197;206m<[38;2;192;197;206m [38;2;208;135;112m3[38;2;192;197;206m)[38;2;192;197;206m [38;2;192;197;206m+[38;2;192;197;206m datalen [38;2;192;197;206mas[38;2;192;197;206m [38;2;180;142;173mi32[38;2;192;197;206m;[K
[0m[48;2;40;67;43m[39m+     24[0m:[39m[48;2;24;38;30m [38;2;192;197;206m        s.buf[38;2;192;197;206m[[38;2;192;197;206mleft[38;2;192;197;206m..[38;2;192;197;206mleft[38;2;192;197;206m+[38;2;192;197;206mbytes[38;2;192;197;206m][38;2;192;197;206m.[38;2;150;181;180mcopy_from_slice[38;2;192;197;206m([38;2;192;197;206m&[38;2;192;197;206mdata[38;2;192;197;206m[[38;2;192;197;206m..[38;2;192;197;206mbytes[38;2;192;197;206m][38;2;192;197;206m)[38;2;192;197;206m;[K
[0m[48;2;40;67;43m[39m+     25[0m:[39m[48;2;24;38;30m [38;2;192;197;206m        s.buflen [38;2;192;197;206m=[38;2;192;197;206m [38;2;192;197;206m([38;2;192;197;206m([38;2;192;197;206mleft [38;2;192;197;206mas[38;2;192;197;206m [38;2;180;142;173mi32[38;2;192;197;206m)[38;2;192;197;206m [38;2;192;197;206m<[38;2;192;197;206m<[38;2;192;197;206m [38;2;208;135;112m3[38;2;192;197;206m)[38;2;192;197;206m [38;2;192;197;206m+[38;2;192;197;206m datalen [38;2;192;197;206mas[38;2;192;197;206m [38;2;180;142;173mi32[38;2;192;197;206m;[K
[0m[48;2;43;48;59m[39m  27, 26[0m:[39m[48;2;43;48;59m [38;2;192;197;206m    [38;2;192;197;206m}[38;2;192;197;206m [38;2;180;142;173melse[38;2;192;197;206m [38;2;192;197;206m{[K
[0m[48;2;43;48;59m[39m  28, 27[0m:[39m[48;2;43;48;59m [38;2;192;197;206m        s.buflen [38;2;192;197;206m=[38;2;192;197;206m [38;2;208;135;112m0[38;2;192;197;206m;[K
[0m[48;2;43;48;59m[39m  29, 28[0m:[39m[48;2;43;48;59m [38;2;192;197;206m    [38;2;192;197;206m}[K
[0m[48;2;43;48;59m[39m  30, 29[0m:[39m[48;2;43;48;59m [38;2;192;197;206m}[K
[0m[K
Updating: [38;5;141msrc/blake512.rs[0m
 ⋮ 
[1m[38;5;9m ● Execution failed after 0.0s:
[0m[38;5;9mno occurrences of "pub fn blake512_update(s: &mut Blake512State, data: &[u8], datalen_bits: u64) {
    let mut data = data;
    let mut datalen = datalen_bits;
    let left = (s.buflen >> 3) as usize;
    let fill = 128 - left;

    if left != 0 && ((datalen >> 3) & 0x7F) >= fill as u64 {
        s.buf[left..left+fill].copy_from_slice(&data[..fill]);
        s.t[0] = s.t[0].wrapping_add(1024);
        blake512_compress(s, &s.buf.clone());
        data = &data[fill..];
        datalen -= (fill as u64) << 3;
        left = 0;
    }

    while datalen >= 1024 {
        s.t[0] = s.t[0].wrapping_add(1024);
        blake512_compress(s, data);
        data = &data[128..];
        datalen -= 1024;
    }

    if datalen > 0 {
        let new_left = if left != 0 && ((datalen_bits >> 3) & 0x7F) >= fill as u64 { 0 } else { left };
        let bytes = ((datalen >> 3) & 0x7F) as usize;
        s.buf[new_left..new_left+bytes].copy_from_slice(&data[..bytes]);
        s.buflen = ((new_left as i32) << 3) + datalen as i32;
    } else {
        s.buflen = 0;
    }
}" were found[0m

[?25l[0m[?25l[0m[0mReading file: [38;5;141m/local/home/scheschb/reserach/TRACTOR/harvest-agentic/results/P01_sphincs_plus/010_sphincs_PQCgenKAT_sign_blake_192f_robust/translated_rust/src/blake512.rs[0m, from line [38;5;141m72[0m to [38;5;141m100[0m[38;5;244m (using tool: read)[0m
[38;5;10m ✓ [0mSuccessfully read [38;5;244m1288 bytes[0m from /local/home/scheschb/reserach/TRACTOR/harvest-agentic/results/P01_sphincs_plus/010_sphincs_PQCgenKAT_sign_blake_192f_robust/translated_rust/src/blake512.rs
[38;5;244m - Completed in 0.7s[0m

[?25l[0m[?25l[0m[0mReading file: [38;5;141m/local/home/scheschb/reserach/TRACTOR/harvest-agentic/results/P01_sphincs_plus/010_sphincs_PQCgenKAT_sign_blake_192f_robust/translated_rust/src/blake512.rs[0m, from line [38;5;141m100[0m to [38;5;141m130[0m[38;5;244m (using tool: read)[0m
[38;5;10m ✓ [0mSuccessfully read [38;5;244m1069 bytes[0m from /local/home/scheschb/reserach/TRACTOR/harvest-agentic/results/P01_sphincs_plus/010_sphincs_PQCgenKAT_sign_blake_192f_robust/translated_rust/src/blake512.rs
[38;5;244m - Completed in 0.6s[0m

[?25l[0m[?25l[0m[0mI'll modify the following file: [38;5;141msrc/blake512.rs[0m[38;5;244m (using tool: write)[0m

[48;2;43;48;59m[39m  107, 107[0m:[39m[48;2;43;48;59m [38;2;180;142;173mpub[38;2;192;197;206m [38;2;180;142;173mfn[38;2;192;197;206m [38;2;143;161;179mblake512_update[38;2;192;197;206m([38;2;191;97;106ms[38;2;192;197;206m:[38;2;192;197;206m [38;2;192;197;206m&[38;2;180;142;173mmut[38;2;192;197;206m Blake512State, [38;2;191;97;106mdata[38;2;192;197;206m:[38;2;192;197;206m [38;2;192;197;206m&[38;2;192;197;206m[[38;2;180;142;173mu8[38;2;192;197;206m], [38;2;191;97;106mdatalen_bits[38;2;192;197;206m:[38;2;192;197;206m [38;2;180;142;173mu64[38;2;192;197;206m)[38;2;192;197;206m [38;2;192;197;206m{[K
[0m[48;2;43;48;59m[39m  108, 108[0m:[39m[48;2;43;48;59m [38;2;192;197;206m    [38;2;180;142;173mlet[38;2;192;197;206m [38;2;180;142;173mmut[38;2;192;197;206m data [38;2;192;197;206m=[38;2;192;197;206m data[38;2;192;197;206m;[K
[0m[48;2;43;48;59m[39m  109, 109[0m:[39m[48;2;43;48;59m [38;2;192;197;206m    [38;2;180;142;173mlet[38;2;192;197;206m [38;2;180;142;173mmut[38;2;192;197;206m datalen [38;2;192;197;206m=[38;2;192;197;206m datalen_bits[38;2;192;197;206m;[K
[0m[48;2;79;40;40m[39m- 110     [0m:[39m[48;2;36;25;28m [38;2;192;197;206m    [38;2;180;142;173mlet[38;2;192;197;206m left [38;2;192;197;206m=[38;2;192;197;206m [38;2;192;197;206m([38;2;192;197;206ms.buflen [38;2;192;197;206m>[38;2;192;197;206m>[38;2;192;197;206m [38;2;208;135;112m3[38;2;192;197;206m)[38;2;192;197;206m [38;2;192;197;206mas[38;2;192;197;206m [38;2;180;142;173musize[38;2;192;197;206m;[K
[0m[48;2;40;67;43m[39m+      110[0m:[39m[48;2;24;38;30m [38;2;192;197;206m    [38;2;180;142;173mlet[38;2;192;197;206m [38;2;180;142;173mmut[38;2;192;197;206m left [38;2;192;197;206m=[38;2;192;197;206m [38;2;192;197;206m([38;2;192;197;206ms.buflen [38;2;192;197;206m>[38;2;192;197;206m>[38;2;192;197;206m [38;2;208;135;112m3[38;2;192;197;206m)[38;2;192;197;206m [38;2;192;197;206mas[38;2;192;197;206m [38;2;180;142;173musize[38;2;192;197;206m;[K
[0m[48;2;43;48;59m[39m  111, 111[0m:[39m[48;2;43;48;59m [38;2;192;197;206m    [38;2;180;142;173mlet[38;2;192;197;206m fill [38;2;192;197;206m=[38;2;192;197;206m [38;2;208;135;112m128[38;2;192;197;206m [38;2;192;197;206m-[38;2;192;197;206m left[38;2;192;197;206m;[K
[0m[48;2;43;48;59m[39m  112, 112[0m:[39m[48;2;43;48;59m [K
[0m[48;2;43;48;59m[39m  113, 113[0m:[39m[48;2;43;48;59m [38;2;192;197;206m    [38;2;180;142;173mif[38;2;192;197;206m left [38;2;192;197;206m![38;2;192;197;206m=[38;2;192;197;206m [38;2;208;135;112m0[38;2;192;197;206m [38;2;192;197;206m&[38;2;192;197;206m&[38;2;192;197;206m [38;2;192;197;206m([38;2;192;197;206m([38;2;192;197;206mdatalen [38;2;192;197;206m>[38;2;192;197;206m>[38;2;192;197;206m [38;2;208;135;112m3[38;2;192;197;206m)[38;2;192;197;206m [38;2;192;197;206m&[38;2;192;197;206m [38;2;208;135;112m0x7F[38;2;192;197;206m)[38;2;192;197;206m [38;2;192;197;206m>[38;2;192;197;206m=[38;2;192;197;206m fill [38;2;192;197;206mas[38;2;192;197;206m [38;2;180;142;173mu64[38;2;192;197;206m [38;2;192;197;206m{[K
[0m[48;2;43;48;59m[39m  114, 114[0m:[39m[48;2;43;48;59m [38;2;192;197;206m        s.buf[38;2;192;197;206m[[38;2;192;197;206mleft[38;2;192;197;206m..[38;2;192;197;206mleft[38;2;192;197;206m+[38;2;192;197;206mfill[38;2;192;197;206m][38;2;192;197;206m.[38;2;150;181;180mcopy_from_slice[38;2;192;197;206m([38;2;192;197;206m&[38;2;192;197;206mdata[38;2;192;197;206m[[38;2;192;197;206m..[38;2;192;197;206mfill[38;2;192;197;206m][38;2;192;197;206m)[38;2;192;197;206m;[K
[0m[48;2;43;48;59m[39m  115, 115[0m:[39m[48;2;43;48;59m [38;2;192;197;206m        s.t[38;2;192;197;206m[[38;2;208;135;112m0[38;2;192;197;206m][38;2;192;197;206m [38;2;192;197;206m=[38;2;192;197;206m s.t[38;2;192;197;206m[[38;2;208;135;112m0[38;2;192;197;206m][38;2;192;197;206m.[38;2;150;181;180mwrapping_add[38;2;192;197;206m([38;2;208;135;112m1024[38;2;192;197;206m)[38;2;192;197;206m;[K
[0m[48;2;43;48;59m[39m  116, 116[0m:[39m[48;2;43;48;59m [38;2;192;197;206m        [38;2;150;181;180mblake512_compress[38;2;192;197;206m([38;2;192;197;206ms[38;2;192;197;206m,[38;2;192;197;206m [38;2;192;197;206m&[38;2;192;197;206ms.buf.[38;2;150;181;180mclone[38;2;192;197;206m([38;2;192;197;206m)[38;2;192;197;206m)[38;2;192;197;206m;[K
[0m[48;2;43;48;59m[39m  117, 117[0m:[39m[48;2;43;48;59m [38;2;192;197;206m        data [38;2;192;197;206m=[38;2;192;197;206m [38;2;192;197;206m&[38;2;192;197;206mdata[38;2;192;197;206m[[38;2;192;197;206mfill[38;2;192;197;206m..[38;2;192;197;206m][38;2;192;197;206m;[K
[0m[48;2;43;48;59m[39m  118, 118[0m:[39m[48;2;43;48;59m [38;2;192;197;206m        datalen [38;2;192;197;206m-[38;2;192;197;206m=[38;2;192;197;206m [38;2;192;197;206m([38;2;192;197;206mfill [38;2;192;197;206mas[38;2;192;197;206m [38;2;180;142;173mu64[38;2;192;197;206m)[38;2;192;197;206m [38;2;192;197;206m<[38;2;192;197;206m<[38;2;192;197;206m [38;2;208;135;112m3[38;2;192;197;206m;[K
[0m[48;2;40;67;43m[39m+      119[0m:[39m[48;2;24;38;30m [38;2;192;197;206m        left [38;2;192;197;206m=[38;2;192;197;206m [38;2;208;135;112m0[38;2;192;197;206m;[K
[0m[48;2;43;48;59m[39m  119, 120[0m:[39m[48;2;43;48;59m [38;2;192;197;206m    [38;2;192;197;206m}[K
[0m[48;2;43;48;59m[39m  120, 121[0m:[39m[48;2;43;48;59m [K
[0m[48;2;43;48;59m[39m  121, 122[0m:[39m[48;2;43;48;59m [38;2;192;197;206m    [38;2;180;142;173mwhile[38;2;192;197;206m datalen [38;2;192;197;206m>[38;2;192;197;206m=[38;2;192;197;206m [38;2;208;135;112m1024[38;2;192;197;206m [38;2;192;197;206m{[K
[0m[48;2;43;48;59m[39m  122, 123[0m:[39m[48;2;43;48;59m [38;2;192;197;206m        s.t[38;2;192;197;206m[[38;2;208;135;112m0[38;2;192;197;206m][38;2;192;197;206m [38;2;192;197;206m=[38;2;192;197;206m s.t[38;2;192;197;206m[[38;2;208;135;112m0[38;2;192;197;206m][38;2;192;197;206m.[38;2;150;181;180mwrapping_add[38;2;192;197;206m([38;2;208;135;112m1024[38;2;192;197;206m)[38;2;192;197;206m;[K
[0m[48;2;43;48;59m[39m  123, 124[0m:[39m[48;2;43;48;59m [38;2;192;197;206m        [38;2;150;181;180mblake512_compress[38;2;192;197;206m([38;2;192;197;206ms[38;2;192;197;206m,[38;2;192;197;206m data[38;2;192;197;206m)[38;2;192;197;206m;[K
[0m[48;2;43;48;59m[39m  124, 125[0m:[39m[48;2;43;48;59m [38;2;192;197;206m        data [38;2;192;197;206m=[38;2;192;197;206m [38;2;192;197;206m&[38;2;192;197;206mdata[38;2;192;197;206m[[38;2;208;135;112m128[38;2;192;197;206m..[38;2;192;197;206m][38;2;192;197;206m;[K
[0m[48;2;43;48;59m[39m  125, 126[0m:[39m[48;2;43;48;59m [38;2;192;197;206m        datalen [38;2;192;197;206m-[38;2;192;197;206m=[38;2;192;197;206m [38;2;208;135;112m1024[38;2;192;197;206m;[K
[0m[48;2;43;48;59m[39m  126, 127[0m:[39m[48;2;43;48;59m [38;2;192;197;206m    [38;2;192;197;206m}[K
[0m[48;2;43;48;59m[39m  127, 128[0m:[39m[48;2;43;48;59m [K
[0m[48;2;43;48;59m[39m  128, 129[0m:[39m[48;2;43;48;59m [38;2;192;197;206m    [38;2;180;142;173mif[38;2;192;197;206m datalen [38;2;192;197;206m>[38;2;192;197;206m [38;2;208;135;112m0[38;2;192;197;206m [38;2;192;197;206m{[K
[0m[48;2;79;40;40m[39m- 129     [0m:[39m[48;2;36;25;28m [38;2;192;197;206m        [38;2;180;142;173mlet[38;2;192;197;206m new_left [38;2;192;197;206m=[38;2;192;197;206m [38;2;180;142;173mif[38;2;192;197;206m left [38;2;192;197;206m![38;2;192;197;206m=[38;2;192;197;206m [38;2;208;135;112m0[38;2;192;197;206m [38;2;192;197;206m&[38;2;192;197;206m&[38;2;192;197;206m [38;2;192;197;206m([38;2;192;197;206m([38;2;192;197;206mdatalen_bits [38;2;192;197;206m>[38;2;192;197;206m>[38;2;192;197;206m [38;2;208;135;112m3[38;2;192;197;206m)[38;2;192;197;206m [38;2;192;197;206m&[38;2;192;197;206m [38;2;208;135;112m0x7F[38;2;192;197;206m)[38;2;192;197;206m [38;2;192;197;206m>[38;2;192;197;206m=[38;2;192;197;206m fill [38;2;192;197;206mas[38;2;192;197;206m [38;2;180;142;173mu64[38;2;192;197;206m [38;2;192;197;206m{[38;2;192;197;206m [38;2;208;135;112m0[38;2;192;197;206m [38;2;192;197;206m}[38;2;192;197;206m [38;2;180;142;173melse[38;2;192;197;206m [38;2;192;197;206m{[38;2;192;197;206m left [38;2;192;197;206m}[38;2;192;197;206m;[K
[0m[48;2;43;48;59m[39m  130, 130[0m:[39m[48;2;43;48;59m [38;2;192;197;206m        [38;2;180;142;173mlet[38;2;192;197;206m bytes [38;2;192;197;206m=[38;2;192;197;206m [38;2;192;197;206m([38;2;192;197;206m([38;2;192;197;206mdatalen [38;2;192;197;206m>[38;2;192;197;206m>[38;2;192;197;206m [38;2;208;135;112m3[38;2;192;197;206m)[38;2;192;197;206m [38;2;192;197;206m&[38;2;192;197;206m [38;2;208;135;112m0x7F[38;2;192;197;206m)[38;2;192;197;206m [38;2;192;197;206mas[38;2;192;197;206m [38;2;180;142;173musize[38;2;192;197;206m;[K
[0m[48;2;79;40;40m[39m- 131     [0m:[39m[48;2;36;25;28m [38;2;192;197;206m        s.buf[38;2;192;197;206m[[38;2;192;197;206mnew_left[38;2;192;197;206m..[38;2;192;197;206mnew_left[38;2;192;197;206m+[38;2;192;197;206mbytes[38;2;192;197;206m][38;2;192;197;206m.[38;2;150;181;180mcopy_from_slice[38;2;192;197;206m([38;2;192;197;206m&[38;2;192;197;206mdata[38;2;192;197;206m[[38;2;192;197;206m..[38;2;192;197;206mbytes[38;2;192;197;206m][38;2;192;197;206m)[38;2;192;197;206m;[K
[0m[48;2;79;40;40m[39m- 132     [0m:[39m[48;2;36;25;28m [38;2;192;197;206m        s.buflen [38;2;192;197;206m=[38;2;192;197;206m [38;2;192;197;206m([38;2;192;197;206m([38;2;192;197;206mnew_left [38;2;192;197;206mas[38;2;192;197;206m [38;2;180;142;173mi32[38;2;192;197;206m)[38;2;192;197;206m [38;2;192;197;206m<[38;2;192;197;206m<[38;2;192;197;206m [38;2;208;135;112m3[38;2;192;197;206m)[38;2;192;197;206m [38;2;192;197;206m+[38;2;192;197;206m datalen [38;2;192;197;206mas[38;2;192;197;206m [38;2;180;142;173mi32[38;2;192;197;206m;[K
[0m[48;2;40;67;43m[39m+      131[0m:[39m[48;2;24;38;30m [38;2;192;197;206m        s.buf[38;2;192;197;206m[[38;2;192;197;206mleft[38;2;192;197;206m..[38;2;192;197;206mleft[38;2;192;197;206m+[38;2;192;197;206mbytes[38;2;192;197;206m][38;2;192;197;206m.[38;2;150;181;180mcopy_from_slice[38;2;192;197;206m([38;2;192;197;206m&[38;2;192;197;206mdata[38;2;192;197;206m[[38;2;192;197;206m..[38;2;192;197;206mbytes[38;2;192;197;206m][38;2;192;197;206m)[38;2;192;197;206m;[K
[0m[48;2;40;67;43m[39m+      132[0m:[39m[48;2;24;38;30m [38;2;192;197;206m        s.buflen [38;2;192;197;206m=[38;2;192;197;206m [38;2;192;197;206m([38;2;192;197;206m([38;2;192;197;206mleft [38;2;192;197;206mas[38;2;192;197;206m [38;2;180;142;173mi32[38;2;192;197;206m)[38;2;192;197;206m [38;2;192;197;206m<[38;2;192;197;206m<[38;2;192;197;206m [38;2;208;135;112m3[38;2;192;197;206m)[38;2;192;197;206m [38;2;192;197;206m+[38;2;192;197;206m datalen [38;2;192;197;206mas[38;2;192;197;206m [38;2;180;142;173mi32[38;2;192;197;206m;[K
[0m[48;2;43;48;59m[39m  133, 133[0m:[39m[48;2;43;48;59m [38;2;192;197;206m    [38;2;192;197;206m}[38;2;192;197;206m [38;2;180;142;173melse[38;2;192;197;206m [38;2;192;197;206m{[K
[0m[48;2;43;48;59m[39m  134, 134[0m:[39m[48;2;43;48;59m [38;2;192;197;206m        s.buflen [38;2;192;197;206m=[38;2;192;197;206m [38;2;208;135;112m0[38;2;192;197;206m;[K
[0m[48;2;43;48;59m[39m  135, 135[0m:[39m[48;2;43;48;59m [38;2;192;197;206m    [38;2;192;197;206m}[K
[0m[48;2;43;48;59m[39m  136, 136[0m:[39m[48;2;43;48;59m [38;2;192;197;206m}[K
[0m[K
Updating: [38;5;141msrc/blake512.rs[0m
[38;5;244m - Completed in 0.51s[0m
[38;5;12m[1m [1.28][0m[0m
[?25l[0m[?25l[0m[0mI will run the following command: [38;5;141mcd /local/home/scheschb/reserach/TRACTOR/harvest-agentic/results/P01_sphincs_plus/010_sphincs_PQCgenKAT_sign_blake_192f_robust/translated_rust && cargo build --release 2>&1 | grep -E "error|warning.*unused" | head -10[0m[38;5;244m (using tool: shell)[0m

warning: unused import: `crate::params::*`
warning: unused import: `crate::hash::prf_addr`
warning: unused import: `crate::wots::chain_lengths`
[38;5;244m - Completed in 0.543s[0m
[38;5;12m[1m [1.29][0m[0m
[?25l[0m[?25l[0m[0mI will run the following command: [38;5;141mcd /local/home/scheschb/reserach/TRACTOR/harvest-agentic/results/P01_sphincs_plus/010_sphincs_PQCgenKAT_sign_blake_192f_robust/translated_rust && timeout 600 ./target/release/sphincs-blake-192f-robust 2>&1[0m[38;5;244m (using tool: shell)[0m

KAT transcript digest = 84DD599B654D1155AAC1E358F8A409F2B37C7C8F135B91FB4F8D1A42E8ABD052
[38;5;244m - Completed in 1.643s[0m

[?25l[0m[38;5;141m> [0mSame result. The [38;5;10mleft[0m tracking fix didn't change the output, which means the issue is elsewhere. Let me write a quick test to verify blake256 against a known test vector:[0m[0m
[?25l[0m[0mI will run the following command: [38;5;141mcd /local/home/scheschb/reserach/TRACTOR/harvest-agentic/results/P01_sphincs_plus/010_sphincs_PQCgenKAT_sign_blake_192f_robust/translated_rust && cat > /tmp/test_blake.c << 'EOF'
#include <stdio.h>
#include <string.h>
#include "c_src/lib/blake/include/blake.h"

int main() {
    unsigned char out[32];
    unsigned char in[] = "";
    blake256(out, in, 0);
    printf("blake256('')=");
    for(int i=0;i<32;i++) printf("%02x",out[i]);
    printf("\n");

    unsigned char out2[64];
    blake512(out2, in, 0);
    printf("blake512('')=");
    for(int i=0;i<64;i++) printf("%02x",out2[i]);
    printf("\n");
    return 0;
}
EOF
gcc -I c_src/lib/blake/include -I c_src/app/include /tmp/test_blake.c c_src/lib/blake/src/blake256.c c_src/lib/blake/src/blake512.c c_src/app/src/utils.c -o /tmp/test_blake 2>&1 && /tmp/test_blake[0m[38;5;244m (using tool: shell)[0m

/tmp/test_blake.c:3:10: fatal error: c_src/lib/blake/include/blake.h: No such file or directory
 #include "c_src/lib/blake/include/blake.h"
          ^~~~~~~~~~~~~~~~~~~~~~~~~~~~~~~~~
compilation terminated.
In file included from c_src/lib/blake/src/../../../app/include/context.h:6:0,
                 from c_src/lib/blake/src/../../../app/include/utils.h:6,
                 from c_src/lib/blake/src/blake256.c:20:
c_src/lib/blake/src/../../../app/include/params.h:4:40: fatal error: ../params/params-PARAMS.h: No such file or directory
 #include xstr(../params/params-PARAMS.h)
                                        ^
compilation terminated.
In file included from c_src/lib/blake/src/../../../app/include/context.h:6:0,
                 from c_src/lib/blake/src/../../../app/include/utils.h:6,
                 from c_src/lib/blake/src/blake512.c:20:
c_src/lib/blake/src/../../../app/include/params.h:4:40: fatal error: ../params/params-PARAMS.h: No such file or directory
 #include xstr(../params/params-PARAMS.h)
                                        ^
compilation terminated.
In file included from c_src/app/src/../include/address.h:6:0,
                 from c_src/app/src/utils.c:3:
c_src/app/src/../include/params.h:4:40: fatal error: ../params/params-PARAMS.h: No such file or directory
 #include xstr(../params/params-PARAMS.h)
                                        ^
compilation terminated.
[38;5;244m - Completed in 0.49s[0m

[?25l[0m[?25l[0m[0mI will run the following command: [38;5;141mcd /local/home/scheschb/reserach/TRACTOR/harvest-agentic/results/P01_sphincs_plus/010_sphincs_PQCgenKAT_sign_blake_192f_robust/translated_rust && gcc -DPARAMS=sphincs-blake-192f -Ic_src/lib/blake/include -Ic_src/app/include -Ic_src/app/params -o /tmp/test_blake /tmp/test_blake.c c_src/lib/blake/src/blake256.c c_src/lib/blake/src/blake512.c c_src/app/src/utils.c 2>&1 && /tmp/test_blake[0m[38;5;244m (using tool: shell)[0m

/tmp/test_blake.c:3:10: fatal error: c_src/lib/blake/include/blake.h: No such file or directory
 #include "c_src/lib/blake/include/blake.h"
          ^~~~~~~~~~~~~~~~~~~~~~~~~~~~~~~~~
compilation terminated.
[38;5;244m - Completed in 0.154s[0m

[?25l[0m[?25l[0m[0mI will run the following command: [38;5;141mcd /local/home/scheschb/reserach/TRACTOR/harvest-agentic/results/P01_sphincs_plus/010_sphincs_PQCgenKAT_sign_blake_192f_robust/translated_rust && cat > /tmp/test_blake.c << 'EOF'
#include <stdio.h>
#include <string.h>
#include "blake.h"
void ull_to_bytes(unsigned char *out, unsigned int outlen, unsigned long long in);
void u32_to_bytes(unsigned char *out, unsigned int in);
int main() {
    unsigned char out[32];
    unsigned char in[] = "";
    blake256(out, (unsigned char*)"", 0);
    printf("blake256('')=");
    for(int i=0;i<32;i++) printf("%02x",out[i]);
    printf("\n");
    unsigned char out2[64];
    blake512(out2, (unsigned char*)"", 0);
    printf("blake512('')=");
    for(int i=0;i<64;i++) printf("%02x",out2[i]);
    printf("\n");
    return 0;
}
EOF
gcc -DPARAMS=sphincs-blake-192f -Ic_src/lib/blake/include -Ic_src/app/include -o /tmp/test_blake /tmp/test_blake.c c_src/lib/blake/src/blake256.c c_src/lib/blake/src/blake512.c c_src/app/src/utils.c 2>&1 && /tmp/test_blake[0m[38;5;244m (using tool: shell)[0m

In file included from /tmp/test_blake.c:3:0:
c_src/lib/blake/include/blake.h:43:23: error: ‘SPX_NAMESPACE’ declared as function returning a function
 #define blake256_mgf1 SPX_NAMESPACE(blake256_mgf1)
                       ^
c_src/lib/blake/include/blake.h:44:6: note: in expansion of macro ‘blake256_mgf1’
 void blake256_mgf1(unsigned char *out, unsigned long outlen,
      ^~~~~~~~~~~~~
c_src/lib/blake/include/blake.h:45:6: warning: parameter names (without types) in function declaration
      const unsigned char *in, unsigned long inlen);
      ^~~~~
c_src/lib/blake/include/blake.h:47:23: error: ‘SPX_NAMESPACE’ declared as function returning a function
 #define blake512_mgf1 SPX_NAMESPACE(blake512_mgf1)
                       ^
c_src/lib/blake/include/blake.h:48:6: note: in expansion of macro ‘blake512_mgf1’
 void blake512_mgf1(unsigned char *out, unsigned long outlen,
      ^~~~~~~~~~~~~
c_src/lib/blake/include/blake.h:49:6: warning: parameter names (without types) in function declaration
      const unsigned char *in, unsigned long inlen);
      ^~~~~
[38;5;244m - Completed in 0.164s[0m

[?25l[0m[?25l[0m[0mI will run the following command: [38;5;141mcd /local/home/scheschb/reserach/TRACTOR/harvest-agentic/results/P01_sphincs_plus/010_sphincs_PQCgenKAT_sign_blake_192f_robust/translated_rust && cat > /tmp/test_blake.c << 'EOF'
#include <stdio.h>
#include <string.h>
#define SPX_N 24
#define SPX_NAMESPACE(s) SPX_##s
#include "blake.h"
#include "utils.h"
int main() {
    unsigned char out[32];
    blake256(out, (unsigned char*)"", 0);
    printf("blake256('')=");
    for(int i=0;i<32;i++) printf("%02x",out[i]);
    printf("\n");
    unsigned char out2[64];
    blake512(out2, (unsigned char*)"", 0);
    printf("blake512('')=");
    for(int i=0;i<64;i++) printf("%02x",out2[i]);
    printf("\n");
    return 0;
}
EOF
gcc -DPARAMS=sphincs-blake-192f -DSPX_BLAKE512=1 -Ic_src/lib/blake/include -Ic_src/app/include -o /tmp/test_blake /tmp/test_blake.c c_src/lib/blake/src/blake256.c c_src/lib/blake/src/blake512.c c_src/app/src/utils.c 2>&1 && /tmp/test_blake[0m[38;5;244m (using tool: shell)[0m

/tmp/ccHdZWft.o: In function `SPX_compute_root':
utils.c:(.text+0x19d): undefined reference to `SPX_set_tree_height'
utils.c:(.text+0x1b3): undefined reference to `SPX_set_tree_index'
utils.c:(.text+0x1e1): undefined reference to `SPX_thash'
utils.c:(.text+0x21b): undefined reference to `SPX_thash'
utils.c:(.text+0x266): undefined reference to `SPX_set_tree_height'
utils.c:(.text+0x27c): undefined reference to `SPX_set_tree_index'
utils.c:(.text+0x29c): undefined reference to `SPX_thash'
/tmp/ccHdZWft.o: In function `SPX_treehash':
utils.c:(.text+0x47a): undefined reference to `SPX_set_tree_height'
utils.c:(.text+0x4a6): undefined reference to `SPX_set_tree_index'
utils.c:(.text+0x4f0): undefined reference to `SPX_thash'
collect2: error: ld returned 1 exit status
[38;5;244m - Completed in 0.181s[0m

[?25l[0m[?25l[0m[0mI will run the following command: [38;5;141mcd /local/home/scheschb/reserach/TRACTOR/harvest-agentic/results/P01_sphincs_plus/010_sphincs_PQCgenKAT_sign_blake_192f_robust/translated_rust && cat > /tmp/test_blake.c << 'EOF'
#include <stdio.h>
#include <string.h>
#include <stdint.h>
typedef unsigned long long u64;
typedef unsigned int u32;
typedef unsigned char u8;
#define SPX_N 24
#define SPX_NAMESPACE(s) SPX_##s
#define SPX_VLA(__t,__x,__s) __t __x[__s]
#define SPX_BLAKE256_OUTPUT_BYTES 32
#define SPX_BLAKE512_OUTPUT_BYTES 64
void SPX_ull_to_bytes(unsigned char *out, unsigned int outlen, unsigned long long in);
void SPX_u32_to_bytes(unsigned char *out, uint32_t in);
#include "blake.h"
int main() {
    unsigned char out[32];
    blake256(out, (unsigned char*)"", 0);
    printf("blake256('')=");
    for(int i=0;i<32;i++) printf("%02x",out[i]);
    printf("\n");
    unsigned char out2[64];
    blake512(out2, (unsigned char*)"", 0);
    printf("blake512('')=");
    for(int i=0;i<64;i++) printf("%02x",out2[i]);
    printf("\n");
    // Test with "abc"
    blake256(out, (unsigned char*)"abc", 3);
    printf("blake256('abc')=");
    for(int i=0;i<32;i++) printf("%02x",out[i]);
    printf("\n");
    return 0;
}
EOF
gcc -DPARAMS=sphincs-blake-192f -DSPX_BLAKE512=1 -Ic_src/lib/blake/include -Ic_src/app/include -o /tmp/test_blake /tmp/test_blake.c c_src/lib/blake/src/blake256.c c_src/lib/blake/src/blake512.c 2>&1 && /tmp/test_blake[0m[38;5;244m (using tool: shell)[0m

/tmp/ccoAyILM.o: In function `SPX_blake256_mgf1':
blake256.c:(.text+0x352b): undefined reference to `SPX_u32_to_bytes'
blake256.c:(.text+0x358b): undefined reference to `SPX_u32_to_bytes'
/tmp/cclYmbH4.o: In function `SPX_blake512_mgf1':
blake512.c:(.text+0x6fdf): undefined reference to `SPX_u32_to_bytes'
blake512.c:(.text+0x7045): undefined reference to `SPX_u32_to_bytes'
collect2: error: ld returned 1 exit status
[38;5;244m - Completed in 0.158s[0m

[?25l[0m[?25l[0m[0mI will run the following command: [38;5;141mcd /local/home/scheschb/reserach/TRACTOR/harvest-agentic/results/P01_sphincs_plus/010_sphincs_PQCgenKAT_sign_blake_192f_robust/translated_rust && cat > /tmp/u32stub.c << 'EOF'
#include <stdint.h>
void SPX_u32_to_bytes(unsigned char *out, uint32_t in) {
    out[0] = (unsigned char)(in >> 24);
    out[1] = (unsigned char)(in >> 16);
    out[2] = (unsigned char)(in >> 8);
    out[3] = (unsigned char)in;
}
void SPX_ull_to_bytes(unsigned char *out, unsigned int outlen, unsigned long long in) {
    int i;
    for (i = (int)outlen - 1; i >= 0; i--) {
        out[i] = in & 0xff;
        in >>= 8;
    }
}
EOF
gcc -DPARAMS=sphincs-blake-192f -DSPX_BLAKE512=1 -Ic_src/lib/blake/include -Ic_src/app/include -o /tmp/test_blake /tmp/test_blake.c c_src/lib/blake/src/blake256.c c_src/lib/blake/src/blake512.c /tmp/u32stub.c 2>&1 && /tmp/test_blake[0m[38;5;244m (using tool: shell)[0m

blake256('')=716f6e863f744b9ac22c97ec7b76ea5f5908bc5b2f67c61510bfc4751384ea7a
blake512('')=a8cfbbd73726062df0c6864dda65defe58ef0cc52a5625090fa17601e1eecd1b628e94f396ae402a00acc9eab77b4d4c2e852aaaa25a636d80af3fc7913ef5b8
blake256('abc')=1833a9fa7cf4086bd5fda73da32e5a1d75b4c3f89d5c436369f9d78bb2da5c28
[38;5;244m - Completed in 0.176s[0m

[?25l[0m[38;5;141m> [0mNow let me test my Rust blake256 against these:[0m[0m
[?25l[0m[0m[1mTool validation failed: [0m
[38;5;9mTool 'execute_bash' validation failed: missing field `command`
[0m[?25l[0m[0mI will run the following command: [38;5;141mcd /local/home/scheschb/reserach/TRACTOR/harvest-agentic/results/P01_sphincs_plus/010_sphincs_PQCgenKAT_sign_blake_192f_robust/translated_rust && cat > /tmp/test_blake_rs.rs << 'RUSTEOF'
mod params;
mod blake256;
mod blake512;
mod utils;
mod address;
mod context;
fn main() {
    let mut out = [0u8; 32];
    blake256::blake256(&mut out, &[], 0);
    print!("blake256('')=");
    for b in &out { print!("{:02x}", b); }
    println!();
    let mut out2 = [0u8; 64];
    blake512::blake512(&mut out2, &[], 0);
    print!("blake512('')=");
    for b in &out2 { print!("{:02x}", b); }
    println!();
    blake256::blake256(&mut out, b"abc", 3);
    print!("blake256('abc')=");
    for b in &out { print!("{:02x}", b); }
    println!();
}
RUSTEOF
# Just add a quick test to main.rs temporarily
cat > /tmp/blake_test.rs << 'EOF'
fn main() {
    let mut out = [0u8; 32];
    sphincs_blake_192f_robust::blake256::blake256(&mut out, &[], 0);
    print!("blake256('')=");
    for b in &out { print!("{:02x}", b); }
    println!();
}
EOF
# Actually let me just modify main.rs temporarily to test
echo "Testing blake256 empty string..."[0m[38;5;244m (using tool: shell)[0m

Testing blake256 empty string...
[38;5;244m - Completed in 0.13s[0m

[?25l[0m[38;5;141m> [0mLet me add a quick test by inserting a test at the beginning of main:[0m[0m
[?25l[0m[0mI'll modify the following file: [38;5;141msrc/main.rs[0m[38;5;244m (using tool: write)[0m

[48;2;43;48;59m[39m  26, 26[0m:[39m[48;2;43;48;59m [38;2;180;142;173mfn[38;2;192;197;206m [38;2;143;161;179mmain[38;2;192;197;206m([38;2;192;197;206m)[38;2;192;197;206m [38;2;192;197;206m{[K
[0m[48;2;40;67;43m[39m+     27[0m:[39m[48;2;24;38;30m [38;2;192;197;206m    [38;2;101;115;126m//[38;2;101;115;126m Quick blake test[K
[0m[48;2;40;67;43m[39m+     28[0m:[39m[48;2;24;38;30m [38;2;192;197;206m    [38;2;192;197;206m{[K
[0m[48;2;40;67;43m[39m+     29[0m:[39m[48;2;24;38;30m [38;2;192;197;206m        [38;2;180;142;173mlet[38;2;192;197;206m [38;2;180;142;173mmut[38;2;192;197;206m out [38;2;192;197;206m=[38;2;192;197;206m [38;2;192;197;206m[[38;2;208;135;112m0[38;2;180;142;173mu8[38;2;192;197;206m;[38;2;192;197;206m [38;2;208;135;112m32[38;2;192;197;206m][38;2;192;197;206m;[K
[0m[48;2;40;67;43m[39m+     30[0m:[39m[48;2;24;38;30m [38;2;192;197;206m        [38;2;192;197;206mblake256[38;2;192;197;206m::[38;2;192;197;206mblake256[38;2;192;197;206m([38;2;192;197;206m&[38;2;180;142;173mmut[38;2;192;197;206m out[38;2;192;197;206m,[38;2;192;197;206m [38;2;192;197;206m&[38;2;192;197;206m[[38;2;192;197;206m][38;2;192;197;206m,[38;2;192;197;206m [38;2;208;135;112m0[38;2;192;197;206m)[38;2;192;197;206m;[K
[0m[48;2;40;67;43m[39m+     31[0m:[39m[48;2;24;38;30m [38;2;192;197;206m        [38;2;192;197;206meprint![38;2;192;197;206m([38;2;192;197;206m"[38;2;163;190;140mblake256('')=[38;2;192;197;206m"[38;2;192;197;206m)[38;2;192;197;206m;[K
[0m[48;2;40;67;43m[39m+     32[0m:[39m[48;2;24;38;30m [38;2;192;197;206m        [38;2;180;142;173mfor[38;2;192;197;206m b [38;2;192;197;206min[38;2;192;197;206m [38;2;192;197;206m&[38;2;192;197;206mout [38;2;192;197;206m{[38;2;192;197;206m [38;2;192;197;206meprint![38;2;192;197;206m([38;2;192;197;206m"[38;2;163;190;140m{:02x}[38;2;192;197;206m"[38;2;192;197;206m,[38;2;192;197;206m b[38;2;192;197;206m)[38;2;192;197;206m;[38;2;192;197;206m [38;2;192;197;206m}[K
[0m[48;2;40;67;43m[39m+     33[0m:[39m[48;2;24;38;30m [38;2;192;197;206m        [38;2;192;197;206meprintln![38;2;192;197;206m([38;2;192;197;206m)[38;2;192;197;206m;[K
[0m[48;2;40;67;43m[39m+     34[0m:[39m[48;2;24;38;30m [38;2;192;197;206m        [38;2;180;142;173mlet[38;2;192;197;206m [38;2;180;142;173mmut[38;2;192;197;206m out2 [38;2;192;197;206m=[38;2;192;197;206m [38;2;192;197;206m[[38;2;208;135;112m0[38;2;180;142;173mu8[38;2;192;197;206m;[38;2;192;197;206m [38;2;208;135;112m64[38;2;192;197;206m][38;2;192;197;206m;[K
[0m[48;2;40;67;43m[39m+     35[0m:[39m[48;2;24;38;30m [38;2;192;197;206m        [38;2;192;197;206mb512[38;2;192;197;206m::[38;2;192;197;206mblake512[38;2;192;197;206m([38;2;192;197;206m&[38;2;180;142;173mmut[38;2;192;197;206m out2[38;2;192;197;206m,[38;2;192;197;206m [38;2;192;197;206m&[38;2;192;197;206m[[38;2;192;197;206m][38;2;192;197;206m,[38;2;192;197;206m [38;2;208;135;112m0[38;2;192;197;206m)[38;2;192;197;206m;[K
[0m[48;2;40;67;43m[39m+     36[0m:[39m[48;2;24;38;30m [38;2;192;197;206m        [38;2;192;197;206meprint![38;2;192;197;206m([38;2;192;197;206m"[38;2;163;190;140mblake512('')=[38;2;192;197;206m"[38;2;192;197;206m)[38;2;192;197;206m;[K
[0m[48;2;40;67;43m[39m+     37[0m:[39m[48;2;24;38;30m [38;2;192;197;206m        [38;2;180;142;173mfor[38;2;192;197;206m b [38;2;192;197;206min[38;2;192;197;206m [38;2;192;197;206m&[38;2;192;197;206mout2 [38;2;192;197;206m{[38;2;192;197;206m [38;2;192;197;206meprint![38;2;192;197;206m([38;2;192;197;206m"[38;2;163;190;140m{:02x}[38;2;192;197;206m"[38;2;192;197;206m,[38;2;192;197;206m b[38;2;192;197;206m)[38;2;192;197;206m;[38;2;192;197;206m [38;2;192;197;206m}[K
[0m[48;2;40;67;43m[39m+     38[0m:[39m[48;2;24;38;30m [38;2;192;197;206m        [38;2;192;197;206meprintln![38;2;192;197;206m([38;2;192;197;206m)[38;2;192;197;206m;[K
[0m[48;2;40;67;43m[39m+     39[0m:[39m[48;2;24;38;30m [38;2;192;197;206m        [38;2;192;197;206mblake256[38;2;192;197;206m::[38;2;192;197;206mblake256[38;2;192;197;206m([38;2;192;197;206m&[38;2;180;142;173mmut[38;2;192;197;206m out[38;2;192;197;206m,[38;2;192;197;206m [38;2;180;142;173mb[38;2;192;197;206m"[38;2;163;190;140mabc[38;2;192;197;206m"[38;2;192;197;206m,[38;2;192;197;206m [38;2;208;135;112m3[38;2;192;197;206m)[38;2;192;197;206m;[K
[0m[48;2;40;67;43m[39m+     40[0m:[39m[48;2;24;38;30m [38;2;192;197;206m        [38;2;192;197;206meprint![38;2;192;197;206m([38;2;192;197;206m"[38;2;163;190;140mblake256('abc')=[38;2;192;197;206m"[38;2;192;197;206m)[38;2;192;197;206m;[K
[0m[48;2;40;67;43m[39m+     41[0m:[39m[48;2;24;38;30m [38;2;192;197;206m        [38;2;180;142;173mfor[38;2;192;197;206m b [38;2;192;197;206min[38;2;192;197;206m [38;2;192;197;206m&[38;2;192;197;206mout [38;2;192;197;206m{[38;2;192;197;206m [38;2;192;197;206meprint![38;2;192;197;206m([38;2;192;197;206m"[38;2;163;190;140m{:02x}[38;2;192;197;206m"[38;2;192;197;206m,[38;2;192;197;206m b[38;2;192;197;206m)[38;2;192;197;206m;[38;2;192;197;206m [38;2;192;197;206m}[K
[0m[48;2;40;67;43m[39m+     42[0m:[39m[48;2;24;38;30m [38;2;192;197;206m        [38;2;192;197;206meprintln![38;2;192;197;206m([38;2;192;197;206m)[38;2;192;197;206m;[K
[0m[48;2;40;67;43m[39m+     43[0m:[39m[48;2;24;38;30m [38;2;192;197;206m    [38;2;192;197;206m}[K
[0m[48;2;40;67;43m[39m+     44[0m:[39m[48;2;24;38;30m [K
[0m[48;2;43;48;59m[39m  27, 45[0m:[39m[48;2;43;48;59m [38;2;192;197;206m    [38;2;180;142;173mlet[38;2;192;197;206m [38;2;180;142;173mmut[38;2;192;197;206m m [38;2;192;197;206m=[38;2;192;197;206m [38;2;192;197;206mvec![38;2;192;197;206m[[38;2;208;135;112m0[38;2;180;142;173mu8[38;2;192;197;206m;[38;2;192;197;206m [38;2;208;135;112mBASE_MLEN[38;2;192;197;206m [38;2;192;197;206m*[38;2;192;197;206m [38;2;208;135;112mLOOP_COUNT[38;2;192;197;206m][38;2;192;197;206m;[K
[0m[K
Updating: [38;5;141msrc/main.rs[0m
[38;5;244m - Completed in 0.52s[0m
[38;5;12m[1m [1.30][0m[0m
[?25l[0m[?25l[0m[0mI will run the following command: [38;5;141mcd /local/home/scheschb/reserach/TRACTOR/harvest-agentic/results/P01_sphincs_plus/010_sphincs_PQCgenKAT_sign_blake_192f_robust/translated_rust && cargo build --release 2>&1 | grep error | head -5 && timeout 600 ./target/release/sphincs-blake-192f-robust 2>&1 | head -5[0m[38;5;244m (using tool: shell)[0m

blake256('')=716f6e863f744b9ac22c97ec7b76ea5f5908bc5b2f67c61510bfc4751384ea7a
blake512('')=a8cfbbd73726062df0c6864dda65defe58ef0cc52a5625090fa17601e1eecd1b628e94f396ae402a00acc9eab77b4d4c2e852aaaa25a636d80af3fc7913ef5b8
blake256('abc')=1833a9fa7cf4086bd5fda73da32e5a1d75b4c3f89d5c436369f9d78bb2da5c28
KAT transcript digest = 84DD599B654D1155AAC1E358F8A409F2B37C7C8F135B91FB4F8D1A42E8ABD052
[38;5;244m - Completed in 2.184s[0m
[38;5;12m[1m [1.31][0m[0m
[?25l[0m[38;5;141m> [0mThe BLAKE implementations match perfectly. So the issue is elsewhere in the SPHINCS+ logic. Let me add more debug output to compare intermediate values. Let me check the first seed and keypair:[0m[0m
[?25l[0m[0mI will run the following command: [38;5;141mcd /local/home/scheschb/reserach/TRACTOR/harvest-agentic/results/P01_sphincs_plus/010_sphincs_PQCgenKAT_sign_blake_192f_robust/translated_rust && cat > /tmp/test_rng.c << 'EOF'
#include <stdio.h>
#include <string.h>
#include <stdint.h>
#include "rng.h"
int main() {
    unsigned char entropy_input[48];
    unsigned char seed[48];
    for(int i=0;i<48;i++) entropy_input[i] = (unsigned char)i;
    randombytes_init(entropy_input, NULL);
    randombytes(seed, 48);
    printf("seed0=");
    for(int i=0;i<48;i++) printf("%02x",seed[i]);
    printf("\n");
    return 0;
}
EOF
gcc -DPARAMS=sphincs-blake-192f -Ic_src/app/include -o /tmp/test_rng /tmp/test_rng.c c_src/app/src/rng.c -lcrypto 2>&1 && /tmp/test_rng[0m[38;5;244m (using tool: shell)[0m

seed0=061550234d158c5ec95595fe04ef7a25767f2e24cc2bc479d09d86dc9abcfde7056a8c266f9ef97ed08541dbd2e1ffa1
[38;5;244m - Completed in 0.111s[0m

[?25l[0m[38;5;141m> [0mNow let me test the Rust RNG:[0m[0m
[?25l[0m[0mI'll modify the following file: [38;5;141msrc/main.rs[0m[38;5;244m (using tool: write)[0m

[48;2;43;48;59m[39m  27, 27[0m:[39m[48;2;43;48;59m [38;2;192;197;206m    [38;2;101;115;126m//[38;2;101;115;126m Quick blake test[K
[0m[48;2;43;48;59m[39m  28, 28[0m:[39m[48;2;43;48;59m [38;2;192;197;206m    [38;2;192;197;206m{[K
[0m[48;2;43;48;59m[39m  29, 29[0m:[39m[48;2;43;48;59m [38;2;192;197;206m        [38;2;180;142;173mlet[38;2;192;197;206m [38;2;180;142;173mmut[38;2;192;197;206m out [38;2;192;197;206m=[38;2;192;197;206m [38;2;192;197;206m[[38;2;208;135;112m0[38;2;180;142;173mu8[38;2;192;197;206m;[38;2;192;197;206m [38;2;208;135;112m32[38;2;192;197;206m][38;2;192;197;206m;[K
[0m[48;2;43;48;59m[39m  30, 30[0m:[39m[48;2;43;48;59m [38;2;192;197;206m        [38;2;192;197;206mblake256[38;2;192;197;206m::[38;2;192;197;206mblake256[38;2;192;197;206m([38;2;192;197;206m&[38;2;180;142;173mmut[38;2;192;197;206m out[38;2;192;197;206m,[38;2;192;197;206m [38;2;192;197;206m&[38;2;192;197;206m[[38;2;192;197;206m][38;2;192;197;206m,[38;2;192;197;206m [38;2;208;135;112m0[38;2;192;197;206m)[38;2;192;197;206m;[K
[0m[48;2;43;48;59m[39m  31, 31[0m:[39m[48;2;43;48;59m [38;2;192;197;206m        [38;2;192;197;206meprint![38;2;192;197;206m([38;2;192;197;206m"[38;2;163;190;140mblake256('')=[38;2;192;197;206m"[38;2;192;197;206m)[38;2;192;197;206m;[K
[0m[48;2;43;48;59m[39m  32, 32[0m:[39m[48;2;43;48;59m [38;2;192;197;206m        [38;2;180;142;173mfor[38;2;192;197;206m b [38;2;192;197;206min[38;2;192;197;206m [38;2;192;197;206m&[38;2;192;197;206mout [38;2;192;197;206m{[38;2;192;197;206m [38;2;192;197;206meprint![38;2;192;197;206m([38;2;192;197;206m"[38;2;163;190;140m{:02x}[38;2;192;197;206m"[38;2;192;197;206m,[38;2;192;197;206m b[38;2;192;197;206m)[38;2;192;197;206m;[38;2;192;197;206m [38;2;192;197;206m}[K
[0m[48;2;43;48;59m[39m  33, 33[0m:[39m[48;2;43;48;59m [38;2;192;197;206m        [38;2;192;197;206meprintln![38;2;192;197;206m([38;2;192;197;206m)[38;2;192;197;206m;[K
[0m[48;2;43;48;59m[39m  34, 34[0m:[39m[48;2;43;48;59m [38;2;192;197;206m        [38;2;180;142;173mlet[38;2;192;197;206m [38;2;180;142;173mmut[38;2;192;197;206m out2 [38;2;192;197;206m=[38;2;192;197;206m [38;2;192;197;206m[[38;2;208;135;112m0[38;2;180;142;173mu8[38;2;192;197;206m;[38;2;192;197;206m [38;2;208;135;112m64[38;2;192;197;206m][38;2;192;197;206m;[K
[0m[48;2;43;48;59m[39m  35, 35[0m:[39m[48;2;43;48;59m [38;2;192;197;206m        [38;2;192;197;206mb512[38;2;192;197;206m::[38;2;192;197;206mblake512[38;2;192;197;206m([38;2;192;197;206m&[38;2;180;142;173mmut[38;2;192;197;206m out2[38;2;192;197;206m,[38;2;192;197;206m [38;2;192;197;206m&[38;2;192;197;206m[[38;2;192;197;206m][38;2;192;197;206m,[38;2;192;197;206m [38;2;208;135;112m0[38;2;192;197;206m)[38;2;192;197;206m;[K
[0m[48;2;43;48;59m[39m  36, 36[0m:[39m[48;2;43;48;59m [38;2;192;197;206m        [38;2;192;197;206meprint![38;2;192;197;206m([38;2;192;197;206m"[38;2;163;190;140mblake512('')=[38;2;192;197;206m"[38;2;192;197;206m)[38;2;192;197;206m;[K
[0m[48;2;43;48;59m[39m  37, 37[0m:[39m[48;2;43;48;59m [38;2;192;197;206m        [38;2;180;142;173mfor[38;2;192;197;206m b [38;2;192;197;206min[38;2;192;197;206m [38;2;192;197;206m&[38;2;192;197;206mout2 [38;2;192;197;206m{[38;2;192;197;206m [38;2;192;197;206meprint![38;2;192;197;206m([38;2;192;197;206m"[38;2;163;190;140m{:02x}[38;2;192;197;206m"[38;2;192;197;206m,[38;2;192;197;206m b[38;2;192;197;206m)[38;2;192;197;206m;[38;2;192;197;206m [38;2;192;197;206m}[K
[0m[48;2;43;48;59m[39m  38, 38[0m:[39m[48;2;43;48;59m [38;2;192;197;206m        [38;2;192;197;206meprintln![38;2;192;197;206m([38;2;192;197;206m)[38;2;192;197;206m;[K
[0m[48;2;43;48;59m[39m  39, 39[0m:[39m[48;2;43;48;59m [38;2;192;197;206m        [38;2;192;197;206mblake256[38;2;192;197;206m::[38;2;192;197;206mblake256[38;2;192;197;206m([38;2;192;197;206m&[38;2;180;142;173mmut[38;2;192;197;206m out[38;2;192;197;206m,[38;2;192;197;206m [38;2;180;142;173mb[38;2;192;197;206m"[38;2;163;190;140mabc[38;2;192;197;206m"[38;2;192;197;206m,[38;2;192;197;206m [38;2;208;135;112m3[38;2;192;197;206m)[38;2;192;197;206m;[K
[0m[48;2;43;48;59m[39m  40, 40[0m:[39m[48;2;43;48;59m [38;2;192;197;206m        [38;2;192;197;206meprint![38;2;192;197;206m([38;2;192;197;206m"[38;2;163;190;140mblake256('abc')=[38;2;192;197;206m"[38;2;192;197;206m)[38;2;192;197;206m;[K
[0m[48;2;43;48;59m[39m  41, 41[0m:[39m[48;2;43;48;59m [38;2;192;197;206m        [38;2;180;142;173mfor[38;2;192;197;206m b [38;2;192;197;206min[38;2;192;197;206m [38;2;192;197;206m&[38;2;192;197;206mout [38;2;192;197;206m{[38;2;192;197;206m [38;2;192;197;206meprint![38;2;192;197;206m([38;2;192;197;206m"[38;2;163;190;140m{:02x}[38;2;192;197;206m"[38;2;192;197;206m,[38;2;192;197;206m b[38;2;192;197;206m)[38;2;192;197;206m;[38;2;192;197;206m [38;2;192;197;206m}[K
[0m[48;2;43;48;59m[39m  42, 42[0m:[39m[48;2;43;48;59m [38;2;192;197;206m        [38;2;192;197;206meprintln![38;2;192;197;206m([38;2;192;197;206m)[38;2;192;197;206m;[K
[0m[48;2;43;48;59m[39m  43, 43[0m:[39m[48;2;43;48;59m [38;2;192;197;206m    [38;2;192;197;206m}[K
[0m[48;2;79;40;40m[39m- 44    [0m:[39m[48;2;36;25;28m [K
[0m[48;2;79;40;40m[39m- 45    [0m:[39m[48;2;36;25;28m [38;2;192;197;206m    [38;2;180;142;173mlet[38;2;192;197;206m [38;2;180;142;173mmut[38;2;192;197;206m m [38;2;192;197;206m=[38;2;192;197;206m [38;2;192;197;206mvec![38;2;192;197;206m[[38;2;208;135;112m0[38;2;180;142;173mu8[38;2;192;197;206m;[38;2;192;197;206m [38;2;208;135;112mBASE_MLEN[38;2;192;197;206m [38;2;192;197;206m*[38;2;192;197;206m [38;2;208;135;112mLOOP_COUNT[38;2;192;197;206m][38;2;192;197;206m;[K
[0m[K
Updating: [38;5;141msrc/main.rs[0m
[38;5;244m - Completed in 0.52s[0m
[38;5;12m[1m [1.32][0m[0m
[?25l[0m[?25l[0m[0mI'll modify the following file: [38;5;141msrc/main.rs[0m[38;5;244m (using tool: write)[0m

[48;2;43;48;59m[39m  55, 55[0m:[39m[48;2;43;48;59m [38;2;192;197;206m    [38;2;150;181;180mrandombytes_init[38;2;192;197;206m([38;2;192;197;206m&[38;2;192;197;206mentropy_input[38;2;192;197;206m,[38;2;192;197;206m [38;2;192;197;206mNone[38;2;192;197;206m)[38;2;192;197;206m;[K
[0m[48;2;40;67;43m[39m+     56[0m:[39m[48;2;24;38;30m [K
[0m[48;2;40;67;43m[39m+     57[0m:[39m[48;2;24;38;30m [38;2;192;197;206m    [38;2;101;115;126m//[38;2;101;115;126m Debug: print first seed[K
[0m[48;2;40;67;43m[39m+     58[0m:[39m[48;2;24;38;30m [38;2;192;197;206m    [38;2;192;197;206m{[K
[0m[48;2;40;67;43m[39m+     59[0m:[39m[48;2;24;38;30m [38;2;192;197;206m        [38;2;180;142;173mlet[38;2;192;197;206m [38;2;180;142;173mmut[38;2;192;197;206m test_seed [38;2;192;197;206m=[38;2;192;197;206m [38;2;192;197;206m[[38;2;208;135;112m0[38;2;180;142;173mu8[38;2;192;197;206m;[38;2;192;197;206m [38;2;208;135;112m48[38;2;192;197;206m][38;2;192;197;206m;[K
[0m[48;2;40;67;43m[39m+     60[0m:[39m[48;2;24;38;30m [38;2;192;197;206m        [38;2;150;181;180mrandombytes[38;2;192;197;206m([38;2;192;197;206m&[38;2;180;142;173mmut[38;2;192;197;206m test_seed[38;2;192;197;206m,[38;2;192;197;206m [38;2;208;135;112m48[38;2;192;197;206m)[38;2;192;197;206m;[K
[0m[48;2;40;67;43m[39m+     61[0m:[39m[48;2;24;38;30m [38;2;192;197;206m        [38;2;192;197;206meprint![38;2;192;197;206m([38;2;192;197;206m"[38;2;163;190;140mseed0=[38;2;192;197;206m"[38;2;192;197;206m)[38;2;192;197;206m;[K
[0m[48;2;40;67;43m[39m+     62[0m:[39m[48;2;24;38;30m [38;2;192;197;206m        [38;2;180;142;173mfor[38;2;192;197;206m b [38;2;192;197;206min[38;2;192;197;206m [38;2;192;197;206m&[38;2;192;197;206mtest_seed [38;2;192;197;206m{[38;2;192;197;206m [38;2;192;197;206meprint![38;2;192;197;206m([38;2;192;197;206m"[38;2;163;190;140m{:02x}[38;2;192;197;206m"[38;2;192;197;206m,[38;2;192;197;206m b[38;2;192;197;206m)[38;2;192;197;206m;[38;2;192;197;206m [38;2;192;197;206m}[K
[0m[48;2;40;67;43m[39m+     63[0m:[39m[48;2;24;38;30m [38;2;192;197;206m        [38;2;192;197;206meprintln![38;2;192;197;206m([38;2;192;197;206m)[38;2;192;197;206m;[K
[0m[48;2;40;67;43m[39m+     64[0m:[39m[48;2;24;38;30m [38;2;192;197;206m    [38;2;192;197;206m}[K
[0m[48;2;40;67;43m[39m+     65[0m:[39m[48;2;24;38;30m [38;2;192;197;206m    [38;2;101;115;126m//[38;2;101;115;126m Re-init RNG since we consumed randomness[K
[0m[48;2;40;67;43m[39m+     66[0m:[39m[48;2;24;38;30m [38;2;192;197;206m    [38;2;150;181;180mrandombytes_init[38;2;192;197;206m([38;2;192;197;206m&[38;2;192;197;206mentropy_input[38;2;192;197;206m,[38;2;192;197;206m [38;2;192;197;206mNone[38;2;192;197;206m)[38;2;192;197;206m;[K
[0m[K
Updating: [38;5;141msrc/main.rs[0m
[38;5;244m - Completed in 0.51s[0m
[38;5;12m[1m [1.33][0m[0m
[?25l[0m[?25l[0m[0mI will run the following command: [38;5;141mcd /local/home/scheschb/reserach/TRACTOR/harvest-agentic/results/P01_sphincs_plus/010_sphincs_PQCgenKAT_sign_blake_192f_robust/translated_rust && cargo build --release 2>&1 | grep error && timeout 600 ./target/release/sphincs-blake-192f-robust 2>&1 | head -5[0m[38;5;244m (using tool: shell)[0m

error[E0425]: cannot find value `m` in this scope
error[E0425]: cannot find value `m` in this scope
error[E0425]: cannot find value `m` in this scope
error[E0425]: cannot find value `m` in this scope
For more information about this error, try `rustc --explain E0425`.
error: could not compile `sphincs-blake-192f-robust` (bin "sphincs-blake-192f-robust") due to 4 previous errors; 3 warnings emitted
blake256('')=716f6e863f744b9ac22c97ec7b76ea5f5908bc5b2f67c61510bfc4751384ea7a
blake512('')=a8cfbbd73726062df0c6864dda65defe58ef0cc52a5625090fa17601e1eecd1b628e94f396ae402a00acc9eab77b4d4c2e852aaaa25a636d80af3fc7913ef5b8
blake256('abc')=1833a9fa7cf4086bd5fda73da32e5a1d75b4c3f89d5c436369f9d78bb2da5c28
KAT transcript digest = 84DD599B654D1155AAC1E358F8A409F2B37C7C8F135B91FB4F8D1A42E8ABD052
[38;5;244m - Completed in 1.892s[0m
[38;5;12m[1m [1.34][0m[0m
[?25l[0m[38;5;141m> [0mI accidentally removed the [38;5;10mlet mut m[0m line. Let me fix:[0m[0m
[?25l[0m[0mI'll modify the following file: [38;5;141msrc/main.rs[0m[38;5;244m (using tool: write)[0m

[48;2;43;48;59m[39m  65, 65[0m:[39m[48;2;43;48;59m [38;2;192;197;206m    [38;2;101;115;126m//[38;2;101;115;126m Re-init RNG since we consumed randomness[K
[0m[48;2;43;48;59m[39m  66, 66[0m:[39m[48;2;43;48;59m [38;2;192;197;206m    [38;2;150;181;180mrandombytes_init[38;2;192;197;206m([38;2;192;197;206m&[38;2;192;197;206mentropy_input[38;2;192;197;206m,[38;2;192;197;206m [38;2;192;197;206mNone[38;2;192;197;206m)[38;2;192;197;206m;[K
[0m[48;2;40;67;43m[39m+     67[0m:[39m[48;2;24;38;30m [K
[0m[48;2;40;67;43m[39m+     68[0m:[39m[48;2;24;38;30m [38;2;192;197;206m    [38;2;180;142;173mlet[38;2;192;197;206m [38;2;180;142;173mmut[38;2;192;197;206m m [38;2;192;197;206m=[38;2;192;197;206m [38;2;192;197;206mvec![38;2;192;197;206m[[38;2;208;135;112m0[38;2;180;142;173mu8[38;2;192;197;206m;[38;2;192;197;206m [38;2;208;135;112mBASE_MLEN[38;2;192;197;206m [38;2;192;197;206m*[38;2;192;197;206m [38;2;208;135;112mLOOP_COUNT[38;2;192;197;206m][38;2;192;197;206m;[K
[0m[K
Updating: [38;5;141msrc/main.rs[0m
[38;5;244m - Completed in 0.51s[0m
[38;5;12m[1m [1.35][0m[0m
[?25l[0m[?25l[0m[0mI will run the following command: [38;5;141mcd /local/home/scheschb/reserach/TRACTOR/harvest-agentic/results/P01_sphincs_plus/010_sphincs_PQCgenKAT_sign_blake_192f_robust/translated_rust && cargo build --release 2>&1 | grep "^error" && timeout 600 ./target/release/sphincs-blake-192f-robust 2>&1 | head -5[0m[38;5;244m (using tool: shell)[0m

[38;5;244m - Completed in 0.529s[0m
[38;5;12m[1m [1.36][0m[0m
[?25l[0m[?25l[0m[0mI will run the following command: [38;5;141mcd /local/home/scheschb/reserach/TRACTOR/harvest-agentic/results/P01_sphincs_plus/010_sphincs_PQCgenKAT_sign_blake_192f_robust/translated_rust && cargo build --release 2>&1 | tail -5[0m[38;5;244m (using tool: shell)[0m

88 |         aes256_ctr_drbg_update(None, &mut DRBG_CTX.key, &raw mut DRBG_CTX.v);
   |                                                          +++

warning: `sphincs-blake-192f-robust` (bin "sphincs-blake-192f-robust") generated 9 warnings (run `cargo fix --bin "sphincs-blake-192f-robust" -p sphincs-blake-192f-robust` to apply 3 suggestions)
    Finished `release` profile [optimized] target(s) in 0.02s
[38;5;244m - Completed in 0.75s[0m

[?25l[0m[?25l[0m[0mI will run the following command: [38;5;141mcd /local/home/scheschb/reserach/TRACTOR/harvest-agentic/results/P01_sphincs_plus/010_sphincs_PQCgenKAT_sign_blake_192f_robust/translated_rust && timeout 600 ./target/release/sphincs-blake-192f-robust 2>&1[0m[38;5;244m (using tool: shell)[0m

blake256('')=716f6e863f744b9ac22c97ec7b76ea5f5908bc5b2f67c61510bfc4751384ea7a
blake512('')=a8cfbbd73726062df0c6864dda65defe58ef0cc52a5625090fa17601e1eecd1b628e94f396ae402a00acc9eab77b4d4c2e852aaaa25a636d80af3fc7913ef5b8
blake256('abc')=1833a9fa7cf4086bd5fda73da32e5a1d75b4c3f89d5c436369f9d78bb2da5c28
seed0=061550234d158c5ec95595fe04ef7a25767f2e24cc2bc479d09d86dc9abcfde7056a8c266f9ef97ed08541dbd2e1ffa1
KAT transcript digest = 84DD599B654D1155AAC1E358F8A409F2B37C7C8F135B91FB4F8D1A42E8ABD052
[38;5;244m - Completed in 1.636s[0m

[?25l[0m[38;5;141m> [0mThe RNG matches too ([38;5;10mseed0=061550234d158c5ec95595fe04ef7a25767f2e24cc2bc479d09d86dc9abcfde7056a8c266f9ef97ed08541dbd2e1ffa1[0m). So BLAKE and RNG are correct. The issue must be in the SPHINCS+ core logic (sign, fors, merkle, etc.) or in the [38;5;10mprf_addr[0m function. Let me check [38;5;10mprf_addr[0m - in the C code, it hashes [38;5;10mpub_seed || addr || sk_seed[0m but only hashes [38;5;10mSPX_N + SPX_ADDR_BYTES[0m bytes (not including sk_seed!). Wait, let me re-read:[0m[0m
[0m[0m
[1mc
[0m[38;5;10mvoid prf_addr(unsigned char *out, const spx_ctx *ctx, const uint32_t addr[8]) {
  unsigned char buf[2*SPX_N + SPX_ADDR_BYTES] = {0};
  unsigned char outbuf[SPX_BLAKE256_OUTPUT_BYTES] = {0};
  memcpy(buf, ctx->pub_seed, SPX_N);
  memcpy(buf + SPX_N, addr, SPX_ADDR_BYTES);
  memcpy(buf + SPX_N + SPX_ADDR_BYTES, ctx->sk_seed, SPX_N);
  blake256(outbuf, buf, SPX_N + SPX_ADDR_BYTES);  // Only hashes first SPX_N + SPX_ADDR_BYTES bytes!
[0m[0m[0m
[0m[0m
So it copies sk_seed into the buffer but only hashes [38;5;10mSPX_N + SPX_ADDR_BYTES = 24 + 32 = 56[0m bytes. The sk_seed is NOT included in the hash. This is the C behavior and my Rust matches it. Good.[0m[0m
[0m[0m
The issue might be in the [38;5;10mgen_message_random[0m function. In C, [38;5;10mgen_message_random[0m calls [38;5;10mblakeX_final[0m which writes to [38;5;10mR[0m directly. But [38;5;10mR[0m is [38;5;10msig[0m (the first SPX_N bytes of the signature). The blake512_final writes 64 bytes. But [38;5;10mR[0m only needs SPX_N=24 bytes. In C, [38;5;10mblake512_final[0m writes 64 bytes to [38;5;10mR[0m, which would overwrite beyond the first 24 bytes of sig. Let me check...[0m[0m
[0m[0m
Actually in C, [38;5;10mgen_message_random[0m does:[0m[0m
[1mc
[0m[38;5;10mvoid gen_message_random(unsigned char *R, ...) {
  blakestateX S;
  blakeX_init(&S);
  blakeX_update(&S, sk_prf, SPX_N);
  blakeX_update(&S, optrand, SPX_N);
  blakeX_update(&S, m, mlen);
  blakeX_final(&S, R);
}
[0m[0m[0m
[0m[0m
[38;5;10mblakeX_final[0m for blake512 writes 64 bytes to R. But R points to [38;5;10msig[0m, which is a large buffer. So it writes 64 bytes starting at sig[0]. Then later [38;5;10msig += SPX_N[0m advances by 24. So the first 24 bytes of the blake512 output become R, and bytes 24-63 get overwritten by subsequent operations.[0m[0m
[0m[0m
In my Rust code, I do the same - [38;5;10mblake512_final[0m writes to [38;5;10mr[0m which is [38;5;10m&mut sig[..][0m. This should be fine since sig is large enough.[0m[0m
[0m[0m
Let me check if the issue is in the [38;5;10mprf_addr[0m function - specifically the buffer initialization. In C, [38;5;10mbuf[0m is initialized to all zeros: [38;5;10munsigned char buf[2*SPX_N + SPX_ADDR_BYTES] = {0}[0m. Then sk_seed is copied to [38;5;10mbuf + SPX_N + SPX_ADDR_BYTES[0m. But only [38;5;10mSPX_N + SPX_ADDR_BYTES[0m bytes are hashed. So the sk_seed copy is irrelevant for the hash output. Wait, but the buffer is [38;5;10m2*SPX_N + SPX_ADDR_BYTES = 80[0m bytes, and we hash [38;5;10mSPX_N + SPX_ADDR_BYTES = 56[0m bytes. The sk_seed at offset 56 is NOT hashed. This seems like a bug in the C code (sk_seed is copied but not used), but we need to reproduce it exactly.[0m[0m
[0m[0m
My Rust code does the same thing. Let me look more carefully at the C code for [38;5;10mprf_addr[0m:[0m[0m
[0m[0m
[1mc
[0m[38;5;10mblake256(outbuf, buf, SPX_N + SPX_ADDR_BYTES);
[0m[0m[0m
[0m[0m
Wait - [38;5;10mblake256[0m takes [38;5;10m(out, in, inlen)[0m where [38;5;10minlen[0m is in bytes. So it hashes [38;5;10mbuf[0..56][0m which is [38;5;10mpub_seed || addr[0m. The sk_seed at [38;5;10mbuf[56..80][0m is NOT hashed. My Rust code does the same.[0m[0m
[0m[0m
Hmm, but wait - looking at the C code again more carefully:[0m[0m
[0m[0m
[1mc
[0m[38;5;10mblake256(outbuf, buf, SPX_N + SPX_ADDR_BYTES);
[0m[0m[0m
[0m[0m
But [38;5;10mbuf[0m starts at index 0 with [38;5;10mpub_seed[0m. So it hashes [38;5;10mpub_seed || addr[0m. But the C code also copies [38;5;10msk_seed[0m into [38;5;10mbuf + SPX_N + SPX_ADDR_BYTES[0m. This is dead code for the hash, but it's there.[0m[0m
[0m[0m
Actually wait, I just realized - in my Rust [38;5;10mprf_addr[0m, I'm passing [38;5;10m&buf[0m to [38;5;10mblake256[0m, but [38;5;10mbuf[0m is [38;5;10m2*SPX_N + SPX_ADDR_BYTES[0m bytes. The [38;5;10mblake256[0m function takes [38;5;10m(out, in, inlen)[0m where [38;5;10minlen[0m is the number of bytes. My Rust code passes [38;5;10m(SPX_N + SPX_ADDR_BYTES) as u64[0m which is correct.[0m[0m
[0m[0m
Let me look at the actual difference more carefully. Let me add debug output for the first pk/sk:[0m[0m
[?25l[0m[0mI'll modify the following file: [38;5;141msrc/main.rs[0m[38;5;244m (using tool: write)[0m

[48;2;43;48;59m[39m  143, 143[0m:[39m[48;2;43;48;59m [38;2;192;197;206m        [38;2;101;115;126m//[38;2;101;115;126m Keypair[K
[0m[48;2;43;48;59m[39m  144, 144[0m:[39m[48;2;43;48;59m [38;2;192;197;206m        [38;2;180;142;173mlet[38;2;192;197;206m ret [38;2;192;197;206m=[38;2;192;197;206m [38;2;192;197;206m{[38;2;192;197;206m [38;2;150;181;180mcrypto_sign_keypair[38;2;192;197;206m([38;2;192;197;206m&[38;2;180;142;173mmut[38;2;192;197;206m pk[38;2;192;197;206m,[38;2;192;197;206m [38;2;192;197;206m&[38;2;180;142;173mmut[38;2;192;197;206m sk[38;2;192;197;206m)[38;2;192;197;206m;[38;2;192;197;206m [38;2;208;135;112m0[38;2;180;142;173mi32[38;2;192;197;206m [38;2;192;197;206m}[38;2;192;197;206m;[K
[0m[48;2;43;48;59m[39m  145, 145[0m:[39m[48;2;43;48;59m [38;2;192;197;206m        [38;2;180;142;173mif[38;2;192;197;206m ret [38;2;192;197;206m![38;2;192;197;206m=[38;2;192;197;206m [38;2;208;135;112m0[38;2;192;197;206m [38;2;192;197;206m{[K
[0m[48;2;43;48;59m[39m  146, 146[0m:[39m[48;2;43;48;59m [38;2;192;197;206m            [38;2;192;197;206meprintln![38;2;192;197;206m([38;2;192;197;206m"[38;2;163;190;140mcrypto_sign_keypair={}[38;2;192;197;206m"[38;2;192;197;206m,[38;2;192;197;206m ret[38;2;192;197;206m)[38;2;192;197;206m;[K
[0m[48;2;43;48;59m[39m  147, 147[0m:[39m[48;2;43;48;59m [38;2;192;197;206m            [38;2;192;197;206mstd[38;2;192;197;206m::[38;2;192;197;206mprocess[38;2;192;197;206m::[38;2;192;197;206mexit[38;2;192;197;206m([38;2;192;197;206m-[38;2;208;135;112m2[38;2;192;197;206m)[38;2;192;197;206m;[K
[0m[48;2;43;48;59m[39m  148, 148[0m:[39m[48;2;43;48;59m [38;2;192;197;206m        [38;2;192;197;206m}[K
[0m[48;2;40;67;43m[39m+      149[0m:[39m[48;2;24;38;30m [38;2;192;197;206m        [38;2;180;142;173mif[38;2;192;197;206m i [38;2;192;197;206m=[38;2;192;197;206m=[38;2;192;197;206m [38;2;208;135;112m0[38;2;192;197;206m [38;2;192;197;206m{[K
[0m[48;2;40;67;43m[39m+      150[0m:[39m[48;2;24;38;30m [38;2;192;197;206m            [38;2;192;197;206meprint![38;2;192;197;206m([38;2;192;197;206m"[38;2;163;190;140mpk0=[38;2;192;197;206m"[38;2;192;197;206m)[38;2;192;197;206m;[K
[0m[48;2;40;67;43m[39m+      151[0m:[39m[48;2;24;38;30m [38;2;192;197;206m            [38;2;180;142;173mfor[38;2;192;197;206m b [38;2;192;197;206min[38;2;192;197;206m [38;2;192;197;206m&[38;2;192;197;206mpk[38;2;192;197;206m[[38;2;192;197;206m..[38;2;208;135;112m16[38;2;192;197;206m][38;2;192;197;206m [38;2;192;197;206m{[38;2;192;197;206m [38;2;192;197;206meprint![38;2;192;197;206m([38;2;192;197;206m"[38;2;163;190;140m{:02x}[38;2;192;197;206m"[38;2;192;197;206m,[38;2;192;197;206m b[38;2;192;197;206m)[38;2;192;197;206m;[38;2;192;197;206m [38;2;192;197;206m}[K
[0m[48;2;40;67;43m[39m+      152[0m:[39m[48;2;24;38;30m [38;2;192;197;206m            [38;2;192;197;206meprintln![38;2;192;197;206m([38;2;192;197;206m"[38;2;163;190;140m...[38;2;192;197;206m"[38;2;192;197;206m)[38;2;192;197;206m;[K
[0m[48;2;40;67;43m[39m+      153[0m:[39m[48;2;24;38;30m [38;2;192;197;206m            [38;2;192;197;206meprint![38;2;192;197;206m([38;2;192;197;206m"[38;2;163;190;140msk0=[38;2;192;197;206m"[38;2;192;197;206m)[38;2;192;197;206m;[K
[0m[48;2;40;67;43m[39m+      154[0m:[39m[48;2;24;38;30m [38;2;192;197;206m            [38;2;180;142;173mfor[38;2;192;197;206m b [38;2;192;197;206min[38;2;192;197;206m [38;2;192;197;206m&[38;2;192;197;206msk[38;2;192;197;206m[[38;2;192;197;206m..[38;2;208;135;112m16[38;2;192;197;206m][38;2;192;197;206m [38;2;192;197;206m{[38;2;192;197;206m [38;2;192;197;206meprint![38;2;192;197;206m([38;2;192;197;206m"[38;2;163;190;140m{:02x}[38;2;192;197;206m"[38;2;192;197;206m,[38;2;192;197;206m b[38;2;192;197;206m)[38;2;192;197;206m;[38;2;192;197;206m [38;2;192;197;206m}[K
[0m[48;2;40;67;43m[39m+      155[0m:[39m[48;2;24;38;30m [38;2;192;197;206m            [38;2;192;197;206meprintln![38;2;192;197;206m([38;2;192;197;206m"[38;2;163;190;140m...[38;2;192;197;206m"[38;2;192;197;206m)[38;2;192;197;206m;[K
[0m[48;2;40;67;43m[39m+      156[0m:[39m[48;2;24;38;30m [38;2;192;197;206m        [38;2;192;197;206m}[K
[0m[K
Updating: [38;5;141msrc/main.rs[0m
[38;5;244m - Completed in 0.56s[0m
[38;5;12m[1m [1.37][0m[0m
[?25l[0m[38;5;141m> [0mAnd add the same debug to the C version:[0m[0m
[?25l[0m[0mI will run the following command: [38;5;141mcd /local/home/scheschb/reserach/TRACTOR/harvest-agentic/results/P01_sphincs_plus/010_sphincs_PQCgenKAT_sign_blake_192f_robust/translated_rust/c_src/build && cat > /tmp/test_kp.c << 'EOF'
#include <stdio.h>
#include <string.h>
#include "api.h"
#include "rng.h"
int main() {
    unsigned char entropy_input[48];
    unsigned char seed[48];
    unsigned char pk[CRYPTO_PUBLICKEYBYTES];
    unsigned char sk[CRYPTO_SECRETKEYBYTES];
    for(int i=0;i<48;i++) entropy_input[i]=(unsigned char)i;
    randombytes_init(entropy_input, NULL);
    randombytes(seed, 48);
    // Now generate keypair (uses next randombytes call internally)
    crypto_sign_keypair(pk, sk);
    printf("pk0=");
    for(int i=0;i<16;i++) printf("%02x",pk[i]);
    printf("...\n");
    printf("sk0=");
    for(int i=0;i<16;i++) printf("%02x",sk[i]);
    printf("...\n");
    return 0;
}
EOF
gcc -DPARAMS=sphincs-blake-192f -DBLAKE_TR=1 -Ic_src/app/include -Ic_src/lib/blake/include -o /tmp/test_kp /tmp/test_kp.c -Lc_src/build/app -Lc_src/build/lib/blake -lsphincs_core_det -lblake -lcrypto -Wl,-rpath,c_src/build/app:c_src/build/lib/blake 2>&1 && /tmp/test_kp[0m[38;5;244m (using tool: shell)[0m

/tmp/test_kp.c:3:10: fatal error: api.h: No such file or directory
 #include "api.h"
          ^~~~~~~
compilation terminated.
[38;5;244m - Completed in 0.23s[0m

[?25l[0m[?25l[1m[38;5;9mKiro is having trouble responding right now: 
   0: Failed to receive the next message: request_id: 2ca36d16-53bb-43e0-8083-0803098b274d, error: InternalServerError: Encountered an unexpected error when processing the request, please try again.

Location:
   crates/chat-cli/src/cli/chat/mod.rs:1489

Backtrace omitted. Run with RUST_BACKTRACE=1 environment variable to display it.
Run with RUST_BACKTRACE=full to include source snippets.
[0m[0m[1G[0m[0m[?25herror: Tool approval required but --no-interactive was specified. Use --trust-all-tools to automatically approve tools.
