[32mAll tools are now trusted ([0m[31m![0m[32m). Kiro will execute tools without asking for confirmation.[0m
Agents can sometimes do unexpected things so understand the risks.

Learn more at [38;5;141mhttps://kiro.dev/docs/cli/chat/security/#using-tools-trust-all-safely[0m

[38;5;12mCheckpoints are not available in this directory. Use '/checkpoint init' to enable checkpoints.

[39m
[38;5;252m[0m[?25l[38;5;141m> [0m[0m[0m
[0m[0m
I'll start by reading all the C source files and Rust source files to understand the project.[0m[0m
[?25l[0m[0mBatch fs_read operation with [38;5;141m3[0m operations[38;5;244m (using tool: read)[0m

↱ Operation 1: Reading directory: [38;5;141m/tmp/harvest-crust-ZFxHri/project[0m
↱ Operation 2: Reading directory: [38;5;141m/tmp/harvest-crust-ZFxHri/project/c_src[0m
↱ Operation 3: Reading directory: [38;5;141m/tmp/harvest-crust-ZFxHri/project/src[0m
[38;5;10m ✓ [0mSuccessfully read directory [38;5;141m/tmp/harvest-crust-ZFxHri/project[0m [38;5;244m(32 entries)[0m

[38;5;10m ✓ [0mSuccessfully read directory [38;5;141m/tmp/harvest-crust-ZFxHri/project/c_src[0m [38;5;244m(26 entries)[0m

[38;5;10m ✓ [0mSuccessfully read directory [38;5;141m/tmp/harvest-crust-ZFxHri/project/src[0m [38;5;244m(2 entries)[0m

 ⋮ 

[38;5;244m- [0mSummary: 3 operations processed, 3 successful, 0 failed
[38;5;244m - Completed in 0.2s[0m

[?25l[0m[38;5;141m> [0mNow let me read all the key files:[0m[0m
[?25l[0m[0mBatch fs_read operation with [38;5;141m4[0m operations[38;5;244m (using tool: read)[0m

↱ Operation 1: Reading file: [38;5;141m/tmp/harvest-crust-ZFxHri/project/Cargo.toml[0m, all lines
↱ Operation 2: Reading file: [38;5;141m/tmp/harvest-crust-ZFxHri/project/src/lib.rs[0m, all lines
↱ Operation 3: Reading file: [38;5;141m/tmp/harvest-crust-ZFxHri/project/src/cjson.rs[0m, all lines
↱ Operation 4: Reading file: [38;5;141m/tmp/harvest-crust-ZFxHri/project/c_src/src/cJSON.h[0m, all lines
[38;5;10m ✓ [0mSuccessfully read [38;5;244m226 bytes[0m from /tmp/harvest-crust-ZFxHri/project/Cargo.toml

[38;5;10m ✓ [0mSuccessfully read [38;5;244m14 bytes[0m from /tmp/harvest-crust-ZFxHri/project/src/lib.rs

[38;5;10m ✓ [0mSuccessfully read [38;5;244m3689 bytes[0m from /tmp/harvest-crust-ZFxHri/project/src/cjson.rs

[38;5;10m ✓ [0mSuccessfully read [38;5;244m7525 bytes[0m from /tmp/harvest-crust-ZFxHri/project/c_src/src/cJSON.h

 ⋮ 

[38;5;244m- [0mSummary: 4 operations processed, 4 successful, 0 failed
[38;5;244m - Completed in 0.0s[0m

[?25l[0m[38;5;141m> [0mNow let me read the C implementation:[0m[0m
[?25l[0m[0mReading file: [38;5;141m/tmp/harvest-crust-ZFxHri/project/c_src/src/cJSON.c[0m, all lines[38;5;244m (using tool: read)[0m
[38;5;10m ✓ [0mSuccessfully read [38;5;244m27790 bytes[0m from /tmp/harvest-crust-ZFxHri/project/c_src/src/cJSON.c
[38;5;244m - Completed in 0.0s[0m

[?25l[0m[38;5;141m> [0mNow let me check if there are test files:[0m[0m
[?25l[0m[0mBatch fs_read operation with [38;5;141m2[0m operations[38;5;244m (using tool: read)[0m

↱ Operation 1: Reading file: [38;5;141m/tmp/harvest-crust-ZFxHri/project/c_src/tests/main.c[0m, all lines
↱ Operation 2: Reading file: [38;5;141m/tmp/harvest-crust-ZFxHri/project/c_src/tests/example.c[0m, all lines
[38;5;10m ✓ [0mSuccessfully read [38;5;244m6765 bytes[0m from /tmp/harvest-crust-ZFxHri/project/c_src/tests/main.c

[38;5;10m ✓ [0mSuccessfully read [38;5;244m924 bytes[0m from /tmp/harvest-crust-ZFxHri/project/c_src/tests/example.c

 ⋮ 

[38;5;244m- [0mSummary: 2 operations processed, 2 successful, 0 failed
[38;5;244m - Completed in 0.0s[0m

[?25l[0m[38;5;141m> [0mNow let me check if there are Rust test files:[0m[0m
[?25l[0m[0mSearching for files: [38;5;141msrc/bin/**/*.rs[0m in [38;5;141m/tmp/harvest-crust-ZFxHri/project[0m[38;5;244m (using tool: glob)[0m
[38;5;9m ❗ [0mNo files found matching pattern: [38;5;244msrc/bin/**/*.rs[0m under /tmp/harvest-crust-ZFxHri/project
[38;5;244m - Completed in 0.1s[0m

[?25l[0m[38;5;141m> [0mThe test files referenced in Cargo.toml don't exist yet. Let me now create the full implementation. I have a thorough understanding of the C cJSON library and the Rust interface. Let me implement it.[0m[0m
[?25l[0m[0m[38;5;11mTODO:
[39m[0m[ ] Implement all unimplemented!() bodies in src/cjson.rs
[0m[ ] Run cargo build and fix any errors[38;5;244m - Completed in 0.0s[0m

[?25l[0m[38;5;141m> [0mNow let me implement the full cjson.rs file. I need to carefully match the C behavior for parsing and printing:[0m[0m
[?25l[0m[0mI'll create the following file: [38;5;141msrc/cjson.rs[0m[38;5;244m (using tool: write)[0m
Purpose: Implement all unimplemented!() bodies in cjson.rs with full cJSON parsing and printing logic

[48;2;43;48;59m[39m    1,   1[0m:[39m[48;2;43;48;59m [38;2;180;142;173muse[38;2;192;197;206m [38;2;192;197;206mstd[38;2;192;197;206m::[38;2;192;197;206mcollections[38;2;192;197;206m::[38;2;192;197;206mHashMap[38;2;192;197;206m;[K
[0m[48;2;43;48;59m[39m    2,   2[0m:[39m[48;2;43;48;59m [38;2;180;142;173muse[38;2;192;197;206m [38;2;192;197;206mstd[38;2;192;197;206m::[38;2;192;197;206mfmt[38;2;192;197;206m;[K
[0m[48;2;43;48;59m[39m    3,   3[0m:[39m[48;2;43;48;59m [38;2;192;197;206m#[38;2;192;197;206m[[38;2;191;97;106mderive[38;2;192;197;206m([38;2;192;197;206mDebug[38;2;192;197;206m,[38;2;192;197;206m Clone[38;2;192;197;206m,[38;2;192;197;206m PartialEq[38;2;192;197;206m)[38;2;192;197;206m][K
[0m[48;2;43;48;59m[39m    4,   4[0m:[39m[48;2;43;48;59m [38;2;180;142;173mpub[38;2;192;197;206m [38;2;180;142;173menum[38;2;192;197;206m [38;2;192;197;206mCJson[38;2;192;197;206m [38;2;192;197;206m{[K
[0m[48;2;43;48;59m[39m    5,   5[0m:[39m[48;2;43;48;59m [38;2;192;197;206m    Null[38;2;192;197;206m,[K
[0m[48;2;43;48;59m[39m    6,   6[0m:[39m[48;2;43;48;59m [38;2;192;197;206m    Bool[38;2;192;197;206m([38;2;180;142;173mbool[38;2;192;197;206m)[38;2;192;197;206m,[K
[0m[48;2;43;48;59m[39m    7,   7[0m:[39m[48;2;43;48;59m [38;2;192;197;206m    Number[38;2;192;197;206m([38;2;180;142;173mf64[38;2;192;197;206m)[38;2;192;197;206m,[K
[0m[48;2;43;48;59m[39m    8,   8[0m:[39m[48;2;43;48;59m [38;2;192;197;206m    [38;2;192;197;206mString[38;2;192;197;206m([38;2;192;197;206mString[38;2;192;197;206m)[38;2;192;197;206m,[K
[0m[48;2;43;48;59m[39m    9,   9[0m:[39m[48;2;43;48;59m [38;2;192;197;206m    Array[38;2;192;197;206m([38;2;192;197;206mVec[38;2;192;197;206m<[38;2;192;197;206mCJson[38;2;192;197;206m>[38;2;192;197;206m)[38;2;192;197;206m,[K
[0m[48;2;43;48;59m[39m   10,  10[0m:[39m[48;2;43;48;59m [38;2;192;197;206m    Object[38;2;192;197;206m([38;2;192;197;206mHashMap[38;2;192;197;206m<[38;2;192;197;206mString, CJson[38;2;192;197;206m>[38;2;192;197;206m)[38;2;192;197;206m,[K
[0m[48;2;43;48;59m[39m   11,  11[0m:[39m[48;2;43;48;59m [38;2;192;197;206m}[K
[0m[48;2;43;48;59m[39m   12,  12[0m:[39m[48;2;43;48;59m [38;2;192;197;206m#[38;2;192;197;206m[[38;2;191;97;106mderive[38;2;192;197;206m([38;2;192;197;206mDebug[38;2;192;197;206m,[38;2;192;197;206m Clone[38;2;192;197;206m)[38;2;192;197;206m][K
[0m[48;2;43;48;59m[39m   13,  13[0m:[39m[48;2;43;48;59m [38;2;180;142;173mpub[38;2;192;197;206m [38;2;180;142;173menum[38;2;192;197;206m [38;2;192;197;206mCJsonError[38;2;192;197;206m [38;2;192;197;206m{[K
[0m[48;2;43;48;59m[39m   14,  14[0m:[39m[48;2;43;48;59m [38;2;192;197;206m    UnexpectedEOF [38;2;192;197;206m{[38;2;192;197;206m pos[38;2;192;197;206m:[38;2;192;197;206m [38;2;180;142;173musize[38;2;192;197;206m [38;2;192;197;206m}[38;2;192;197;206m,[K
[0m[48;2;43;48;59m[39m   15,  15[0m:[39m[48;2;43;48;59m [38;2;192;197;206m    UnexpectedToken [38;2;192;197;206m{[38;2;192;197;206m ch[38;2;192;197;206m:[38;2;192;197;206m [38;2;180;142;173mchar[38;2;192;197;206m,[38;2;192;197;206m pos[38;2;192;197;206m:[38;2;192;197;206m [38;2;180;142;173musize[38;2;192;197;206m [38;2;192;197;206m}[38;2;192;197;206m,[K
[0m[48;2;43;48;59m[39m   16,  16[0m:[39m[48;2;43;48;59m [38;2;192;197;206m    InvalidLiteral [38;2;192;197;206m{[38;2;192;197;206m expected[38;2;192;197;206m:[38;2;192;197;206m [38;2;192;197;206m&[38;2;180;142;173m'static[38;2;192;197;206m [38;2;180;142;173mstr[38;2;192;197;206m,[38;2;192;197;206m pos[38;2;192;197;206m:[38;2;192;197;206m [38;2;180;142;173musize[38;2;192;197;206m [38;2;192;197;206m}[38;2;192;197;206m,[K
[0m[48;2;43;48;59m[39m   17,  17[0m:[39m[48;2;43;48;59m [38;2;192;197;206m    InvalidNumber [38;2;192;197;206m{[38;2;192;197;206m pos[38;2;192;197;206m:[38;2;192;197;206m [38;2;180;142;173musize[38;2;192;197;206m [38;2;192;197;206m}[38;2;192;197;206m,[K
[0m[48;2;43;48;59m[39m   18,  18[0m:[39m[48;2;43;48;59m [38;2;192;197;206m    InvalidEscape [38;2;192;197;206m{[38;2;192;197;206m pos[38;2;192;197;206m:[38;2;192;197;206m [38;2;180;142;173musize[38;2;192;197;206m [38;2;192;197;206m}[38;2;192;197;206m,[K
[0m[48;2;43;48;59m[39m   19,  19[0m:[39m[48;2;43;48;59m [38;2;192;197;206m    InvalidUnicodeEscape [38;2;192;197;206m{[38;2;192;197;206m pos[38;2;192;197;206m:[38;2;192;197;206m [38;2;180;142;173musize[38;2;192;197;206m [38;2;192;197;206m}[38;2;192;197;206m,[K
[0m[48;2;43;48;59m[39m   20,  20[0m:[39m[48;2;43;48;59m [38;2;192;197;206m    ExpectedColon [38;2;192;197;206m{[38;2;192;197;206m pos[38;2;192;197;206m:[38;2;192;197;206m [38;2;180;142;173musize[38;2;192;197;206m [38;2;192;197;206m}[38;2;192;197;206m,[K
[0m[48;2;43;48;59m[39m   21,  21[0m:[39m[48;2;43;48;59m [38;2;192;197;206m    ExpectedCommaOrEnd [38;2;192;197;206m{[38;2;192;197;206m pos[38;2;192;197;206m:[38;2;192;197;206m [38;2;180;142;173musize[38;2;192;197;206m [38;2;192;197;206m}[38;2;192;197;206m,[K
[0m[48;2;43;48;59m[39m   22,  22[0m:[39m[48;2;43;48;59m [38;2;192;197;206m}[K
[0m[48;2;43;48;59m[39m   23,  23[0m:[39m[48;2;43;48;59m [38;2;180;142;173mimpl[38;2;192;197;206m [38;2;192;197;206mfmt[38;2;192;197;206m::[38;2;192;197;206mDisplay [38;2;180;142;173mfor[38;2;192;197;206m [38;2;192;197;206mCJsonError[38;2;192;197;206m [38;2;192;197;206m{[K
[0m[48;2;43;48;59m[39m   24,  24[0m:[39m[48;2;43;48;59m [38;2;192;197;206m    [38;2;180;142;173mfn[38;2;192;197;206m [38;2;143;161;179mfmt[38;2;192;197;206m([38;2;192;197;206m&[38;2;191;97;106mself[38;2;192;197;206m, [38;2;191;97;106mf[38;2;192;197;206m:[38;2;192;197;206m [38;2;192;197;206m&[38;2;180;142;173mmut[38;2;192;197;206m [38;2;192;197;206mfmt[38;2;192;197;206m::[38;2;192;197;206mFormatter[38;2;192;197;206m<[38;2;192;197;206m'[38;2;192;197;206m_[38;2;192;197;206m>[38;2;192;197;206m)[38;2;192;197;206m [38;2;192;197;206m->[38;2;192;197;206m [38;2;192;197;206mfmt[38;2;192;197;206m::[38;2;192;197;206mResult[38;2;192;197;206m [38;2;192;197;206m{[K
[0m[48;2;79;40;40m[39m-  25     [0m:[39m[48;2;36;25;28m [38;2;192;197;206m        [38;2;192;197;206munimplemented![38;2;192;197;206m([38;2;192;197;206m)[K
[0m[48;2;40;67;43m[39m+       25[0m:[39m[48;2;24;38;30m [38;2;192;197;206m        [38;2;180;142;173mmatch[38;2;192;197;206m [38;2;191;97;106mself[38;2;192;197;206m [38;2;192;197;206m{[K
[0m[48;2;40;67;43m[39m+       26[0m:[39m[48;2;24;38;30m [38;2;192;197;206m            [38;2;192;197;206mCJsonError[38;2;192;197;206m::[38;2;192;197;206mUnexpectedEOF [38;2;192;197;206m{[38;2;192;197;206m pos [38;2;192;197;206m}[38;2;192;197;206m [38;2;192;197;206m=>[38;2;192;197;206m [38;2;192;197;206mwrite![38;2;192;197;206m([38;2;192;197;206mf,[38;2;192;197;206m [38;2;192;197;206m"[38;2;163;190;140mUnexpected end of input at position [38;2;208;135;112m{}[38;2;192;197;206m"[38;2;192;197;206m,[38;2;192;197;206m pos[38;2;192;197;206m)[38;2;192;197;206m,[K
[0m[48;2;40;67;43m[39m+       27[0m:[39m[48;2;24;38;30m [38;2;192;197;206m            [38;2;192;197;206mCJsonError[38;2;192;197;206m::[38;2;192;197;206mUnexpectedToken [38;2;192;197;206m{[38;2;192;197;206m ch[38;2;192;197;206m,[38;2;192;197;206m pos [38;2;192;197;206m}[38;2;192;197;206m [38;2;192;197;206m=>[38;2;192;197;206m [38;2;192;197;206mwrite![38;2;192;197;206m([38;2;192;197;206mf,[38;2;192;197;206m [38;2;192;197;206m"[38;2;163;190;140mUnexpected token '[38;2;208;135;112m{}[38;2;163;190;140m' at position [38;2;208;135;112m{}[38;2;192;197;206m"[38;2;192;197;206m,[38;2;192;197;206m ch[38;2;192;197;206m,[38;2;192;197;206m pos[38;2;192;197;206m)[38;2;192;197;206m,[K
[0m[48;2;40;67;43m[39m+       28[0m:[39m[48;2;24;38;30m [38;2;192;197;206m            [38;2;192;197;206mCJsonError[38;2;192;197;206m::[38;2;192;197;206mInvalidLiteral [38;2;192;197;206m{[38;2;192;197;206m expected[38;2;192;197;206m,[38;2;192;197;206m pos [38;2;192;197;206m}[38;2;192;197;206m [38;2;192;197;206m=>[38;2;192;197;206m [38;2;192;197;206mwrite![38;2;192;197;206m([38;2;192;197;206mf,[38;2;192;197;206m [38;2;192;197;206m"[38;2;163;190;140mInvalid literal, expected '[38;2;208;135;112m{}[38;2;163;190;140m' at position [38;2;208;135;112m{}[38;2;192;197;206m"[38;2;192;197;206m,[38;2;192;197;206m expected[38;2;192;197;206m,[38;2;192;197;206m pos[38;2;192;197;206m)[38;2;192;197;206m,[K
[0m[48;2;40;67;43m[39m+       29[0m:[39m[48;2;24;38;30m [38;2;192;197;206m            [38;2;192;197;206mCJsonError[38;2;192;197;206m::[38;2;192;197;206mInvalidNumber [38;2;192;197;206m{[38;2;192;197;206m pos [38;2;192;197;206m}[38;2;192;197;206m [38;2;192;197;206m=>[38;2;192;197;206m [38;2;192;197;206mwrite![38;2;192;197;206m([38;2;192;197;206mf,[38;2;192;197;206m [38;2;192;197;206m"[38;2;163;190;140mInvalid number at position [38;2;208;135;112m{}[38;2;192;197;206m"[38;2;192;197;206m,[38;2;192;197;206m pos[38;2;192;197;206m)[38;2;192;197;206m,[K
[0m[48;2;40;67;43m[39m+       30[0m:[39m[48;2;24;38;30m [38;2;192;197;206m            [38;2;192;197;206mCJsonError[38;2;192;197;206m::[38;2;192;197;206mInvalidEscape [38;2;192;197;206m{[38;2;192;197;206m pos [38;2;192;197;206m}[38;2;192;197;206m [38;2;192;197;206m=>[38;2;192;197;206m [38;2;192;197;206mwrite![38;2;192;197;206m([38;2;192;197;206mf,[38;2;192;197;206m [38;2;192;197;206m"[38;2;163;190;140mInvalid escape sequence at position [38;2;208;135;112m{}[38;2;192;197;206m"[38;2;192;197;206m,[38;2;192;197;206m pos[38;2;192;197;206m)[38;2;192;197;206m,[K
[0m[48;2;40;67;43m[39m+       31[0m:[39m[48;2;24;38;30m [38;2;192;197;206m            [38;2;192;197;206mCJsonError[38;2;192;197;206m::[38;2;192;197;206mInvalidUnicodeEscape [38;2;192;197;206m{[38;2;192;197;206m pos [38;2;192;197;206m}[38;2;192;197;206m [38;2;192;197;206m=>[38;2;192;197;206m [38;2;192;197;206mwrite![38;2;192;197;206m([38;2;192;197;206mf,[38;2;192;197;206m [38;2;192;197;206m"[38;2;163;190;140mInvalid unicode escape at position [38;2;208;135;112m{}[38;2;192;197;206m"[38;2;192;197;206m,[38;2;192;197;206m pos[38;2;192;197;206m)[38;2;192;197;206m,[K
[0m[48;2;40;67;43m[39m+       32[0m:[39m[48;2;24;38;30m [38;2;192;197;206m            [38;2;192;197;206mCJsonError[38;2;192;197;206m::[38;2;192;197;206mExpectedColon [38;2;192;197;206m{[38;2;192;197;206m pos [38;2;192;197;206m}[38;2;192;197;206m [38;2;192;197;206m=>[38;2;192;197;206m [38;2;192;197;206mwrite![38;2;192;197;206m([38;2;192;197;206mf,[38;2;192;197;206m [38;2;192;197;206m"[38;2;163;190;140mExpected ':' at position [38;2;208;135;112m{}[38;2;192;197;206m"[38;2;192;197;206m,[38;2;192;197;206m pos[38;2;192;197;206m)[38;2;192;197;206m,[K
[0m[48;2;40;67;43m[39m+       33[0m:[39m[48;2;24;38;30m [38;2;192;197;206m            [38;2;192;197;206mCJsonError[38;2;192;197;206m::[38;2;192;197;206mExpectedCommaOrEnd [38;2;192;197;206m{[38;2;192;197;206m pos [38;2;192;197;206m}[38;2;192;197;206m [38;2;192;197;206m=>[38;2;192;197;206m [38;2;192;197;206mwrite![38;2;192;197;206m([38;2;192;197;206mf,[38;2;192;197;206m [38;2;192;197;206m"[38;2;163;190;140mExpected ',' or closing bracket at position [38;2;208;135;112m{}[38;2;192;197;206m"[38;2;192;197;206m,[38;2;192;197;206m pos[38;2;192;197;206m)[38;2;192;197;206m,[K
[0m[48;2;40;67;43m[39m+       34[0m:[39m[48;2;24;38;30m [38;2;192;197;206m        [38;2;192;197;206m}[K
[0m[48;2;43;48;59m[39m   26,  35[0m:[39m[48;2;43;48;59m [38;2;192;197;206m    [38;2;192;197;206m}[K
[0m[48;2;43;48;59m[39m   27,  36[0m:[39m[48;2;43;48;59m [38;2;192;197;206m}[K
[0m[48;2;43;48;59m[39m   28,  37[0m:[39m[48;2;43;48;59m [38;2;180;142;173mimpl[38;2;192;197;206m [38;2;192;197;206mstd[38;2;192;197;206m::[38;2;192;197;206merror[38;2;192;197;206m::[38;2;192;197;206mError [38;2;180;142;173mfor[38;2;192;197;206m [38;2;192;197;206mCJsonError[38;2;192;197;206m [38;2;192;197;206m{[38;2;192;197;206m}[K
[0m[48;2;43;48;59m[39m   29,  38[0m:[39m[48;2;43;48;59m [38;2;180;142;173mstruct[38;2;192;197;206m [38;2;192;197;206mParser[38;2;192;197;206m<[38;2;180;142;173m'a[38;2;192;197;206m>[38;2;192;197;206m [38;2;192;197;206m{[K
[0m[48;2;43;48;59m[39m   30,  39[0m:[39m[48;2;43;48;59m [38;2;192;197;206m    [38;2;191;97;106minput[38;2;192;197;206m:[38;2;192;197;206m [38;2;192;197;206m&[38;2;180;142;173m'a[38;2;192;197;206m [38;2;180;142;173mstr[38;2;192;197;206m,[K
[0m[48;2;43;48;59m[39m   31,  40[0m:[39m[48;2;43;48;59m [38;2;192;197;206m    [38;2;191;97;106mpos[38;2;192;197;206m:[38;2;192;197;206m [38;2;180;142;173musize[38;2;192;197;206m,[K
[0m[48;2;43;48;59m[39m   32,  41[0m:[39m[48;2;43;48;59m [38;2;192;197;206m}[K
[0m[48;2;43;48;59m[39m   33,  42[0m:[39m[48;2;43;48;59m [38;2;180;142;173mimpl[38;2;192;197;206m<[38;2;180;142;173m'a[38;2;192;197;206m>[38;2;192;197;206m [38;2;192;197;206mParser[38;2;192;197;206m<[38;2;180;142;173m'a[38;2;192;197;206m>[38;2;192;197;206m [38;2;192;197;206m{[K
[0m[48;2;43;48;59m[39m   34,  43[0m:[39m[48;2;43;48;59m [38;2;192;197;206m    [38;2;180;142;173mfn[38;2;192;197;206m [38;2;143;161;179mnew[38;2;192;197;206m([38;2;191;97;106minput[38;2;192;197;206m:[38;2;192;197;206m [38;2;192;197;206m&[38;2;180;142;173m'a[38;2;192;197;206m [38;2;180;142;173mstr[38;2;192;197;206m)[38;2;192;197;206m [38;2;192;197;206m->[38;2;192;197;206m [38;2;180;142;173mSelf[38;2;192;197;206m [38;2;192;197;206m{[K
[0m[48;2;79;40;40m[39m-  35     [0m:[39m[48;2;36;25;28m [38;2;192;197;206m        [38;2;192;197;206munimplemented![38;2;192;197;206m([38;2;192;197;206m)[K
[0m[48;2;40;67;43m[39m+       44[0m:[39m[48;2;24;38;30m [38;2;192;197;206m        Parser [38;2;192;197;206m{[38;2;192;197;206m input[38;2;192;197;206m,[38;2;192;197;206m pos[38;2;192;197;206m:[38;2;192;197;206m [38;2;208;135;112m0[38;2;192;197;206m [38;2;192;197;206m}[K
[0m[48;2;43;48;59m[39m   36,  45[0m:[39m[48;2;43;48;59m [38;2;192;197;206m    [38;2;192;197;206m}[K
[0m[48;2;43;48;59m[39m   37,  46[0m:[39m[48;2;43;48;59m [38;2;192;197;206m    [38;2;180;142;173mfn[38;2;192;197;206m [38;2;143;161;179mpeek[38;2;192;197;206m([38;2;192;197;206m&[38;2;191;97;106mself[38;2;192;197;206m)[38;2;192;197;206m [38;2;192;197;206m->[38;2;192;197;206m [38;2;192;197;206mOption[38;2;192;197;206m<[38;2;180;142;173mchar[38;2;192;197;206m>[38;2;192;197;206m [38;2;192;197;206m{[K
[0m[48;2;79;40;40m[39m-  38     [0m:[39m[48;2;36;25;28m [38;2;192;197;206m        [38;2;192;197;206munimplemented![38;2;192;197;206m([38;2;192;197;206m)[K
[0m[48;2;40;67;43m[39m+       47[0m:[39m[48;2;24;38;30m [38;2;192;197;206m        [38;2;191;97;106mself[38;2;192;197;206m.input[38;2;192;197;206m[[38;2;191;97;106mself[38;2;192;197;206m.pos[38;2;192;197;206m..[38;2;192;197;206m][38;2;192;197;206m.[38;2;150;181;180mchars[38;2;192;197;206m([38;2;192;197;206m)[38;2;192;197;206m.[38;2;150;181;180mnext[38;2;192;197;206m([38;2;192;197;206m)[K
[0m[48;2;43;48;59m[39m   39,  48[0m:[39m[48;2;43;48;59m [38;2;192;197;206m    [38;2;192;197;206m}[K
[0m[48;2;43;48;59m[39m   40,  49[0m:[39m[48;2;43;48;59m [38;2;192;197;206m    [38;2;180;142;173mfn[38;2;192;197;206m [38;2;143;161;179mnext_char[38;2;192;197;206m([38;2;192;197;206m&[38;2;180;142;173mmut[38;2;192;197;206m [38;2;191;97;106mself[38;2;192;197;206m)[38;2;192;197;206m [38;2;192;197;206m->[38;2;192;197;206m [38;2;192;197;206mOption[38;2;192;197;206m<[38;2;180;142;173mchar[38;2;192;197;206m>[38;2;192;197;206m [38;2;192;197;206m{[K
[0m[48;2;79;40;40m[39m-  41     [0m:[39m[48;2;36;25;28m [38;2;192;197;206m        [38;2;192;197;206munimplemented![38;2;192;197;206m([38;2;192;197;206m)[K
[0m[48;2;40;67;43m[39m+       50[0m:[39m[48;2;24;38;30m [38;2;192;197;206m        [38;2;180;142;173mlet[38;2;192;197;206m ch [38;2;192;197;206m=[38;2;192;197;206m [38;2;191;97;106mself[38;2;192;197;206m.input[38;2;192;197;206m[[38;2;191;97;106mself[38;2;192;197;206m.pos[38;2;192;197;206m..[38;2;192;197;206m][38;2;192;197;206m.[38;2;150;181;180mchars[38;2;192;197;206m([38;2;192;197;206m)[38;2;192;197;206m.[38;2;150;181;180mnext[38;2;192;197;206m([38;2;192;197;206m)[38;2;192;197;206m?[38;2;192;197;206m;[K
[0m[48;2;40;67;43m[39m+       51[0m:[39m[48;2;24;38;30m [38;2;192;197;206m        [38;2;191;97;106mself[38;2;192;197;206m.pos [38;2;192;197;206m+[38;2;192;197;206m=[38;2;192;197;206m ch.[38;2;150;181;180mlen_utf8[38;2;192;197;206m([38;2;192;197;206m)[38;2;192;197;206m;[K
[0m[48;2;40;67;43m[39m+       52[0m:[39m[48;2;24;38;30m [38;2;192;197;206m        [38;2;192;197;206mSome[38;2;192;197;206m([38;2;192;197;206mch[38;2;192;197;206m)[K
[0m[48;2;43;48;59m[39m   42,  53[0m:[39m[48;2;43;48;59m [38;2;192;197;206m    [38;2;192;197;206m}[K
[0m[48;2;43;48;59m[39m   43,  54[0m:[39m[48;2;43;48;59m [38;2;192;197;206m    [38;2;180;142;173mfn[38;2;192;197;206m [38;2;143;161;179mtake_while[38;2;192;197;206m<[38;2;192;197;206mF[38;2;192;197;206m>[38;2;192;197;206m([38;2;192;197;206m&[38;2;180;142;173mmut[38;2;192;197;206m [38;2;191;97;106mself[38;2;192;197;206m, [38;2;180;142;173mmut[38;2;192;197;206m [38;2;191;97;106mpredicate[38;2;192;197;206m:[38;2;192;197;206m F[38;2;192;197;206m)[38;2;192;197;206m [38;2;192;197;206m->[38;2;192;197;206m [38;2;192;197;206m&[38;2;180;142;173m'a[38;2;192;197;206m [38;2;180;142;173mstr[K
[0m[48;2;43;48;59m[39m   44,  55[0m:[39m[48;2;43;48;59m [38;2;192;197;206m    [38;2;180;142;173mwhere[K
[0m[48;2;43;48;59m[39m   45,  56[0m:[39m[48;2;43;48;59m [38;2;192;197;206m        F[38;2;192;197;206m:[38;2;192;197;206m FnMut[38;2;192;197;206m([38;2;180;142;173mchar[38;2;192;197;206m)[38;2;192;197;206m -> [38;2;180;142;173mbool[38;2;192;197;206m,[K
[0m[48;2;43;48;59m[39m   46,  57[0m:[39m[48;2;43;48;59m [38;2;192;197;206m    [38;2;192;197;206m{[K
[0m[48;2;79;40;40m[39m-  47     [0m:[39m[48;2;36;25;28m [38;2;192;197;206m        [38;2;192;197;206munimplemented![38;2;192;197;206m([38;2;192;197;206m)[K
[0m[48;2;40;67;43m[39m+       58[0m:[39m[48;2;24;38;30m [38;2;192;197;206m        [38;2;180;142;173mlet[38;2;192;197;206m start [38;2;192;197;206m=[38;2;192;197;206m [38;2;191;97;106mself[38;2;192;197;206m.pos[38;2;192;197;206m;[K
[0m[48;2;40;67;43m[39m+       59[0m:[39m[48;2;24;38;30m [38;2;192;197;206m        [38;2;180;142;173mwhile[38;2;192;197;206m [38;2;180;142;173mlet[38;2;192;197;206m [38;2;192;197;206mSome[38;2;192;197;206m([38;2;192;197;206mch[38;2;192;197;206m)[38;2;192;197;206m [38;2;192;197;206m=[38;2;192;197;206m [38;2;191;97;106mself[38;2;192;197;206m.[38;2;150;181;180mpeek[38;2;192;197;206m([38;2;192;197;206m)[38;2;192;197;206m [38;2;192;197;206m{[K
[0m[48;2;40;67;43m[39m+       60[0m:[39m[48;2;24;38;30m [38;2;192;197;206m            [38;2;180;142;173mif[38;2;192;197;206m [38;2;150;181;180mpredicate[38;2;192;197;206m([38;2;192;197;206mch[38;2;192;197;206m)[38;2;192;197;206m [38;2;192;197;206m{[K
[0m[48;2;40;67;43m[39m+       61[0m:[39m[48;2;24;38;30m [38;2;192;197;206m                [38;2;191;97;106mself[38;2;192;197;206m.pos [38;2;192;197;206m+[38;2;192;197;206m=[38;2;192;197;206m ch.[38;2;150;181;180mlen_utf8[38;2;192;197;206m([38;2;192;197;206m)[38;2;192;197;206m;[K
[0m[48;2;40;67;43m[39m+       62[0m:[39m[48;2;24;38;30m [38;2;192;197;206m            [38;2;192;197;206m}[38;2;192;197;206m [38;2;180;142;173melse[38;2;192;197;206m [38;2;192;197;206m{[K
[0m[48;2;40;67;43m[39m+       63[0m:[39m[48;2;24;38;30m [38;2;192;197;206m                [38;2;180;142;173mbreak[38;2;192;197;206m;[K
[0m[48;2;40;67;43m[39m+       64[0m:[39m[48;2;24;38;30m [38;2;192;197;206m            [38;2;192;197;206m}[K
[0m[48;2;40;67;43m[39m+       65[0m:[39m[48;2;24;38;30m [38;2;192;197;206m        [38;2;192;197;206m}[K
[0m[48;2;40;67;43m[39m+       66[0m:[39m[48;2;24;38;30m [38;2;192;197;206m        [38;2;192;197;206m&[38;2;191;97;106mself[38;2;192;197;206m.input[38;2;192;197;206m[[38;2;192;197;206mstart[38;2;192;197;206m..[38;2;191;97;106mself[38;2;192;197;206m.pos[38;2;192;197;206m][K
[0m[48;2;43;48;59m[39m   48,  67[0m:[39m[48;2;43;48;59m [38;2;192;197;206m    [38;2;192;197;206m}[K
[0m[48;2;43;48;59m[39m   49,  68[0m:[39m[48;2;43;48;59m [38;2;192;197;206m    [38;2;180;142;173mfn[38;2;192;197;206m [38;2;143;161;179mskip_whitespace[38;2;192;197;206m([38;2;192;197;206m&[38;2;180;142;173mmut[38;2;192;197;206m [38;2;191;97;106mself[38;2;192;197;206m)[38;2;192;197;206m [38;2;192;197;206m{[K
[0m[48;2;79;40;40m[39m-  50     [0m:[39m[48;2;36;25;28m [38;2;192;197;206m        [38;2;192;197;206munimplemented![38;2;192;197;206m([38;2;192;197;206m)[K
[0m[48;2;40;67;43m[39m+       69[0m:[39m[48;2;24;38;30m [38;2;192;197;206m        [38;2;191;97;106mself[38;2;192;197;206m.[38;2;150;181;180mtake_while[38;2;192;197;206m([38;2;192;197;206m|[38;2;191;97;106mc[38;2;192;197;206m|[38;2;192;197;206m [38;2;192;197;206mc.[38;2;150;181;180mis_ascii_whitespace[38;2;192;197;206m([38;2;192;197;206m)[38;2;192;197;206m)[38;2;192;197;206m;[K
[0m[48;2;43;48;59m[39m   51,  70[0m:[39m[48;2;43;48;59m [38;2;192;197;206m    [38;2;192;197;206m}[K
[0m[48;2;43;48;59m[39m   52,  71[0m:[39m[48;2;43;48;59m [38;2;192;197;206m    [38;2;180;142;173mfn[38;2;192;197;206m [38;2;143;161;179mexpect_char[38;2;192;197;206m([38;2;192;197;206m&[38;2;180;142;173mmut[38;2;192;197;206m [38;2;191;97;106mself[38;2;192;197;206m, [38;2;191;97;106mexpected[38;2;192;197;206m:[38;2;192;197;206m [38;2;180;142;173mchar[38;2;192;197;206m)[38;2;192;197;206m [38;2;192;197;206m->[38;2;192;197;206m [38;2;192;197;206mResult[38;2;192;197;206m<[38;2;192;197;206m([38;2;192;197;206m)[38;2;192;197;206m, CJsonError[38;2;192;197;206m>[38;2;192;197;206m [38;2;192;197;206m{[K
[0m[48;2;79;40;40m[39m-  53     [0m:[39m[48;2;36;25;28m [38;2;192;197;206m        [38;2;192;197;206munimplemented![38;2;192;197;206m([38;2;192;197;206m)[K
[0m[48;2;40;67;43m[39m+       72[0m:[39m[48;2;24;38;30m [38;2;192;197;206m        [38;2;180;142;173mmatch[38;2;192;197;206m [38;2;191;97;106mself[38;2;192;197;206m.[38;2;150;181;180mnext_char[38;2;192;197;206m([38;2;192;197;206m)[38;2;192;197;206m [38;2;192;197;206m{[K
[0m[48;2;40;67;43m[39m+       73[0m:[39m[48;2;24;38;30m [38;2;192;197;206m            [38;2;192;197;206mSome[38;2;192;197;206m([38;2;192;197;206mch[38;2;192;197;206m)[38;2;192;197;206m [38;2;180;142;173mif[38;2;192;197;206m ch [38;2;192;197;206m=[38;2;192;197;206m=[38;2;192;197;206m expected [38;2;192;197;206m=>[38;2;192;197;206m [38;2;192;197;206mOk[38;2;192;197;206m([38;2;192;197;206m([38;2;192;197;206m)[38;2;192;197;206m)[38;2;192;197;206m,[K
[0m[48;2;40;67;43m[39m+       74[0m:[39m[48;2;24;38;30m [38;2;192;197;206m            [38;2;192;197;206mSome[38;2;192;197;206m([38;2;192;197;206mch[38;2;192;197;206m)[38;2;192;197;206m [38;2;192;197;206m=>[38;2;192;197;206m [38;2;192;197;206mErr[38;2;192;197;206m([38;2;192;197;206mCJsonError[38;2;192;197;206m::[38;2;192;197;206mUnexpectedToken [38;2;192;197;206m{[38;2;192;197;206m ch[38;2;192;197;206m,[38;2;192;197;206m pos[38;2;192;197;206m:[38;2;192;197;206m [38;2;191;97;106mself[38;2;192;197;206m.pos [38;2;192;197;206m-[38;2;192;197;206m ch.[38;2;150;181;180mlen_utf8[38;2;192;197;206m([38;2;192;197;206m)[38;2;192;197;206m [38;2;192;197;206m}[38;2;192;197;206m)[38;2;192;197;206m,[K
[0m[48;2;40;67;43m[39m+       75[0m:[39m[48;2;24;38;30m [38;2;192;197;206m            [38;2;192;197;206mNone[38;2;192;197;206m [38;2;192;197;206m=>[38;2;192;197;206m [38;2;192;197;206mErr[38;2;192;197;206m([38;2;192;197;206mCJsonError[38;2;192;197;206m::[38;2;192;197;206mUnexpectedEOF [38;2;192;197;206m{[38;2;192;197;206m pos[38;2;192;197;206m:[38;2;192;197;206m [38;2;191;97;106mself[38;2;192;197;206m.pos [38;2;192;197;206m}[38;2;192;197;206m)[38;2;192;197;206m,[K
[0m[48;2;40;67;43m[39m+       76[0m:[39m[48;2;24;38;30m [38;2;192;197;206m        [38;2;192;197;206m}[K
[0m[48;2;43;48;59m[39m   54,  77[0m:[39m[48;2;43;48;59m [38;2;192;197;206m    [38;2;192;197;206m}[K
[0m[48;2;43;48;59m[39m   55,  78[0m:[39m[48;2;43;48;59m [38;2;192;197;206m    [38;2;180;142;173mfn[38;2;192;197;206m [38;2;143;161;179mparse_value[38;2;192;197;206m([38;2;192;197;206m&[38;2;180;142;173mmut[38;2;192;197;206m [38;2;191;97;106mself[38;2;192;197;206m)[38;2;192;197;206m [38;2;192;197;206m->[38;2;192;197;206m [38;2;192;197;206mResult[38;2;192;197;206m<[38;2;192;197;206mCJson, CJsonError[38;2;192;197;206m>[38;2;192;197;206m [38;2;192;197;206m{[K
[0m[48;2;79;40;40m[39m-  56     [0m:[39m[48;2;36;25;28m [38;2;192;197;206m        [38;2;192;197;206munimplemented![38;2;192;197;206m([38;2;192;197;206m)[K
[0m[48;2;40;67;43m[39m+       79[0m:[39m[48;2;24;38;30m [38;2;192;197;206m        [38;2;191;97;106mself[38;2;192;197;206m.[38;2;150;181;180mskip_whitespace[38;2;192;197;206m([38;2;192;197;206m)[38;2;192;197;206m;[K
[0m[48;2;40;67;43m[39m+       80[0m:[39m[48;2;24;38;30m [38;2;192;197;206m        [38;2;180;142;173mmatch[38;2;192;197;206m [38;2;191;97;106mself[38;2;192;197;206m.[38;2;150;181;180mpeek[38;2;192;197;206m([38;2;192;197;206m)[38;2;192;197;206m [38;2;192;197;206m{[K
[0m[48;2;40;67;43m[39m+       81[0m:[39m[48;2;24;38;30m [38;2;192;197;206m            [38;2;192;197;206mNone[38;2;192;197;206m [38;2;192;197;206m=>[38;2;192;197;206m [38;2;192;197;206mErr[38;2;192;197;206m([38;2;192;197;206mCJsonError[38;2;192;197;206m::[38;2;192;197;206mUnexpectedEOF [38;2;192;197;206m{[38;2;192;197;206m pos[38;2;192;197;206m:[38;2;192;197;206m [38;2;191;97;106mself[38;2;192;197;206m.pos [38;2;192;197;206m}[38;2;192;197;206m)[38;2;192;197;206m,[K
[0m[48;2;40;67;43m[39m+       82[0m:[39m[48;2;24;38;30m [38;2;192;197;206m            [38;2;192;197;206mSome[38;2;192;197;206m([38;2;192;197;206m'[38;2;163;190;140mn[38;2;192;197;206m'[38;2;192;197;206m)[38;2;192;197;206m [38;2;192;197;206m=>[38;2;192;197;206m [38;2;191;97;106mself[38;2;192;197;206m.[38;2;150;181;180mparse_null[38;2;192;197;206m([38;2;192;197;206m)[38;2;192;197;206m,[K
[0m[48;2;40;67;43m[39m+       83[0m:[39m[48;2;24;38;30m [38;2;192;197;206m            [38;2;192;197;206mSome[38;2;192;197;206m([38;2;192;197;206m'[38;2;163;190;140mt[38;2;192;197;206m'[38;2;192;197;206m)[38;2;192;197;206m [38;2;192;197;206m|[38;2;192;197;206m [38;2;192;197;206mSome[38;2;192;197;206m([38;2;192;197;206m'[38;2;163;190;140mf[38;2;192;197;206m'[38;2;192;197;206m)[38;2;192;197;206m [38;2;192;197;206m=>[38;2;192;197;206m [38;2;191;97;106mself[38;2;192;197;206m.[38;2;150;181;180mparse_bool[38;2;192;197;206m([38;2;192;197;206m)[38;2;192;197;206m,[K
[0m[48;2;40;67;43m[39m+       84[0m:[39m[48;2;24;38;30m [38;2;192;197;206m            [38;2;192;197;206mSome[38;2;192;197;206m([38;2;192;197;206m'[38;2;163;190;140m"[38;2;192;197;206m'[38;2;192;197;206m)[38;2;192;197;206m [38;2;192;197;206m=>[38;2;192;197;206m [38;2;192;197;206mOk[38;2;192;197;206m([38;2;192;197;206mCJson[38;2;192;197;206m::[38;2;192;197;206mString[38;2;192;197;206m([38;2;191;97;106mself[38;2;192;197;206m.[38;2;150;181;180mparse_string[38;2;192;197;206m([38;2;192;197;206m)[38;2;192;197;206m?[38;2;192;197;206m)[38;2;192;197;206m)[38;2;192;197;206m,[K
[0m[48;2;40;67;43m[39m+       85[0m:[39m[48;2;24;38;30m [38;2;192;197;206m            [38;2;192;197;206mSome[38;2;192;197;206m([38;2;192;197;206m'[38;2;163;190;140m-[38;2;192;197;206m'[38;2;192;197;206m)[38;2;192;197;206m [38;2;192;197;206m|[38;2;192;197;206m [38;2;192;197;206mSome[38;2;192;197;206m([38;2;192;197;206m'[38;2;163;190;140m0[38;2;192;197;206m'[38;2;192;197;206m..[38;2;192;197;206m=[38;2;192;197;206m'[38;2;163;190;140m9[38;2;192;197;206m'[38;2;192;197;206m)[38;2;192;197;206m [38;2;192;197;206m=>[38;2;192;197;206m [38;2;191;97;106mself[38;2;192;197;206m.[38;2;150;181;180mparse_number[38;2;192;197;206m([38;2;192;197;206m)[38;2;192;197;206m,[K
[0m[48;2;40;67;43m[39m+       86[0m:[39m[48;2;24;38;30m [38;2;192;197;206m            [38;2;192;197;206mSome[38;2;192;197;206m([38;2;192;197;206m'[38;2;163;190;140m[[38;2;192;197;206m'[38;2;192;197;206m)[38;2;192;197;206m [38;2;192;197;206m=>[38;2;192;197;206m [38;2;191;97;106mself[38;2;192;197;206m.[38;2;150;181;180mparse_array[38;2;192;197;206m([38;2;192;197;206m)[38;2;192;197;206m,[K
[0m[48;2;40;67;43m[39m+       87[0m:[39m[48;2;24;38;30m [38;2;192;197;206m            [38;2;192;197;206mSome[38;2;192;197;206m([38;2;192;197;206m'[38;2;163;190;140m{[38;2;192;197;206m'[38;2;192;197;206m)[38;2;192;197;206m [38;2;192;197;206m=>[38;2;192;197;206m [38;2;191;97;106mself[38;2;192;197;206m.[38;2;150;181;180mparse_object[38;2;192;197;206m([38;2;192;197;206m)[38;2;192;197;206m,[K
[0m[48;2;40;67;43m[39m+       88[0m:[39m[48;2;24;38;30m [38;2;192;197;206m            [38;2;192;197;206mSome[38;2;192;197;206m([38;2;192;197;206mch[38;2;192;197;206m)[38;2;192;197;206m [38;2;192;197;206m=>[38;2;192;197;206m [38;2;192;197;206mErr[38;2;192;197;206m([38;2;192;197;206mCJsonError[38;2;192;197;206m::[38;2;192;197;206mUnexpectedToken [38;2;192;197;206m{[38;2;192;197;206m ch[38;2;192;197;206m,[38;2;192;197;206m pos[38;2;192;197;206m:[38;2;192;197;206m [38;2;191;97;106mself[38;2;192;197;206m.pos [38;2;192;197;206m}[38;2;192;197;206m)[38;2;192;197;206m,[K
[0m[48;2;40;67;43m[39m+       89[0m:[39m[48;2;24;38;30m [38;2;192;197;206m        [38;2;192;197;206m}[K
[0m[48;2;43;48;59m[39m   57,  90[0m:[39m[48;2;43;48;59m [38;2;192;197;206m    [38;2;192;197;206m}[K
[0m[48;2;43;48;59m[39m   58,  91[0m:[39m[48;2;43;48;59m [38;2;192;197;206m    [38;2;180;142;173mfn[38;2;192;197;206m [38;2;143;161;179mparse_null[38;2;192;197;206m([38;2;192;197;206m&[38;2;180;142;173mmut[38;2;192;197;206m [38;2;191;97;106mself[38;2;192;197;206m)[38;2;192;197;206m [38;2;192;197;206m->[38;2;192;197;206m [38;2;192;197;206mResult[38;2;192;197;206m<[38;2;192;197;206mCJson, CJsonError[38;2;192;197;206m>[38;2;192;197;206m [38;2;192;197;206m{[K
[0m[48;2;79;40;40m[39m-  59     [0m:[39m[48;2;36;25;28m [38;2;192;197;206m        [38;2;192;197;206munimplemented![38;2;192;197;206m([38;2;192;197;206m)[K
[0m[48;2;40;67;43m[39m+       92[0m:[39m[48;2;24;38;30m [38;2;192;197;206m        [38;2;180;142;173mlet[38;2;192;197;206m pos [38;2;192;197;206m=[38;2;192;197;206m [38;2;191;97;106mself[38;2;192;197;206m.pos[38;2;192;197;206m;[K
[0m[48;2;40;67;43m[39m+       93[0m:[39m[48;2;24;38;30m [38;2;192;197;206m        [38;2;180;142;173mif[38;2;192;197;206m [38;2;191;97;106mself[38;2;192;197;206m.input[38;2;192;197;206m[[38;2;191;97;106mself[38;2;192;197;206m.pos[38;2;192;197;206m..[38;2;192;197;206m][38;2;192;197;206m.[38;2;150;181;180mstarts_with[38;2;192;197;206m([38;2;192;197;206m"[38;2;163;190;140mnull[38;2;192;197;206m"[38;2;192;197;206m)[38;2;192;197;206m [38;2;192;197;206m{[K
[0m[48;2;40;67;43m[39m+       94[0m:[39m[48;2;24;38;30m [38;2;192;197;206m            [38;2;191;97;106mself[38;2;192;197;206m.pos [38;2;192;197;206m+[38;2;192;197;206m=[38;2;192;197;206m [38;2;208;135;112m4[38;2;192;197;206m;[K
[0m[48;2;40;67;43m[39m+       95[0m:[39m[48;2;24;38;30m [38;2;192;197;206m            [38;2;192;197;206mOk[38;2;192;197;206m([38;2;192;197;206mCJson[38;2;192;197;206m::[38;2;192;197;206mNull[38;2;192;197;206m)[K
[0m[48;2;40;67;43m[39m+       96[0m:[39m[48;2;24;38;30m [38;2;192;197;206m        [38;2;192;197;206m}[38;2;192;197;206m [38;2;180;142;173melse[38;2;192;197;206m [38;2;192;197;206m{[K
[0m[48;2;40;67;43m[39m+       97[0m:[39m[48;2;24;38;30m [38;2;192;197;206m            [38;2;192;197;206mErr[38;2;192;197;206m([38;2;192;197;206mCJsonError[38;2;192;197;206m::[38;2;192;197;206mInvalidLiteral [38;2;192;197;206m{[38;2;192;197;206m expected[38;2;192;197;206m:[38;2;192;197;206m [38;2;192;197;206m"[38;2;163;190;140mnull[38;2;192;197;206m"[38;2;192;197;206m,[38;2;192;197;206m pos [38;2;192;197;206m}[38;2;192;197;206m)[K
[0m[48;2;40;67;43m[39m+       98[0m:[39m[48;2;24;38;30m [38;2;192;197;206m        [38;2;192;197;206m}[K
[0m[48;2;43;48;59m[39m   60,  99[0m:[39m[48;2;43;48;59m [38;2;192;197;206m    [38;2;192;197;206m}[K
[0m[48;2;43;48;59m[39m   61, 100[0m:[39m[48;2;43;48;59m [38;2;192;197;206m    [38;2;180;142;173mfn[38;2;192;197;206m [38;2;143;161;179mparse_bool[38;2;192;197;206m([38;2;192;197;206m&[38;2;180;142;173mmut[38;2;192;197;206m [38;2;191;97;106mself[38;2;192;197;206m)[38;2;192;197;206m [38;2;192;197;206m->[38;2;192;197;206m [38;2;192;197;206mResult[38;2;192;197;206m<[38;2;192;197;206mCJson, CJsonError[38;2;192;197;206m>[38;2;192;197;206m [38;2;192;197;206m{[K
[0m[48;2;79;40;40m[39m-  62     [0m:[39m[48;2;36;25;28m [38;2;192;197;206m        [38;2;192;197;206munimplemented![38;2;192;197;206m([38;2;192;197;206m)[K
[0m[48;2;40;67;43m[39m+      101[0m:[39m[48;2;24;38;30m [38;2;192;197;206m        [38;2;180;142;173mlet[38;2;192;197;206m pos [38;2;192;197;206m=[38;2;192;197;206m [38;2;191;97;106mself[38;2;192;197;206m.pos[38;2;192;197;206m;[K
[0m[48;2;40;67;43m[39m+      102[0m:[39m[48;2;24;38;30m [38;2;192;197;206m        [38;2;180;142;173mif[38;2;192;197;206m [38;2;191;97;106mself[38;2;192;197;206m.input[38;2;192;197;206m[[38;2;191;97;106mself[38;2;192;197;206m.pos[38;2;192;197;206m..[38;2;192;197;206m][38;2;192;197;206m.[38;2;150;181;180mstarts_with[38;2;192;197;206m([38;2;192;197;206m"[38;2;163;190;140mtrue[38;2;192;197;206m"[38;2;192;197;206m)[38;2;192;197;206m [38;2;192;197;206m{[K
[0m[48;2;40;67;43m[39m+      103[0m:[39m[48;2;24;38;30m [38;2;192;197;206m            [38;2;191;97;106mself[38;2;192;197;206m.pos [38;2;192;197;206m+[38;2;192;197;206m=[38;2;192;197;206m [38;2;208;135;112m4[38;2;192;197;206m;[K
[0m[48;2;40;67;43m[39m+      104[0m:[39m[48;2;24;38;30m [38;2;192;197;206m            [38;2;192;197;206mOk[38;2;192;197;206m([38;2;192;197;206mCJson[38;2;192;197;206m::[38;2;192;197;206mBool[38;2;192;197;206m([38;2;208;135;112mtrue[38;2;192;197;206m)[38;2;192;197;206m)[K
[0m[48;2;40;67;43m[39m+      105[0m:[39m[48;2;24;38;30m [38;2;192;197;206m        [38;2;192;197;206m}[38;2;192;197;206m [38;2;180;142;173melse[38;2;192;197;206m [38;2;180;142;173mif[38;2;192;197;206m [38;2;191;97;106mself[38;2;192;197;206m.input[38;2;192;197;206m[[38;2;191;97;106mself[38;2;192;197;206m.pos[38;2;192;197;206m..[38;2;192;197;206m][38;2;192;197;206m.[38;2;150;181;180mstarts_with[38;2;192;197;206m([38;2;192;197;206m"[38;2;163;190;140mfalse[38;2;192;197;206m"[38;2;192;197;206m)[38;2;192;197;206m [38;2;192;197;206m{[K
[0m[48;2;40;67;43m[39m+      106[0m:[39m[48;2;24;38;30m [38;2;192;197;206m            [38;2;191;97;106mself[38;2;192;197;206m.pos [38;2;192;197;206m+[38;2;192;197;206m=[38;2;192;197;206m [38;2;208;135;112m5[38;2;192;197;206m;[K
[0m[48;2;40;67;43m[39m+      107[0m:[39m[48;2;24;38;30m [38;2;192;197;206m            [38;2;192;197;206mOk[38;2;192;197;206m([38;2;192;197;206mCJson[38;2;192;197;206m::[38;2;192;197;206mBool[38;2;192;197;206m([38;2;208;135;112mfalse[38;2;192;197;206m)[38;2;192;197;206m)[K
[0m[48;2;40;67;43m[39m+      108[0m:[39m[48;2;24;38;30m [38;2;192;197;206m        [38;2;192;197;206m}[38;2;192;197;206m [38;2;180;142;173melse[38;2;192;197;206m [38;2;192;197;206m{[K
[0m[48;2;40;67;43m[39m+      109[0m:[39m[48;2;24;38;30m [38;2;192;197;206m            [38;2;192;197;206mErr[38;2;192;197;206m([38;2;192;197;206mCJsonError[38;2;192;197;206m::[38;2;192;197;206mInvalidLiteral [38;2;192;197;206m{[38;2;192;197;206m expected[38;2;192;197;206m:[38;2;192;197;206m [38;2;192;197;206m"[38;2;163;190;140mtrue or false[38;2;192;197;206m"[38;2;192;197;206m,[38;2;192;197;206m pos [38;2;192;197;206m}[38;2;192;197;206m)[K
[0m[48;2;40;67;43m[39m+      110[0m:[39m[48;2;24;38;30m [38;2;192;197;206m        [38;2;192;197;206m}[K
[0m[48;2;43;48;59m[39m   63, 111[0m:[39m[48;2;43;48;59m [38;2;192;197;206m    [38;2;192;197;206m}[K
[0m[48;2;43;48;59m[39m   64, 112[0m:[39m[48;2;43;48;59m [38;2;192;197;206m    [38;2;180;142;173mfn[38;2;192;197;206m [38;2;143;161;179mparse_number[38;2;192;197;206m([38;2;192;197;206m&[38;2;180;142;173mmut[38;2;192;197;206m [38;2;191;97;106mself[38;2;192;197;206m)[38;2;192;197;206m [38;2;192;197;206m->[38;2;192;197;206m [38;2;192;197;206mResult[38;2;192;197;206m<[38;2;192;197;206mCJson, CJsonError[38;2;192;197;206m>[38;2;192;197;206m [38;2;192;197;206m{[K
[0m[48;2;79;40;40m[39m-  65     [0m:[39m[48;2;36;25;28m [38;2;192;197;206m        [38;2;192;197;206munimplemented![38;2;192;197;206m([38;2;192;197;206m)[K
[0m[48;2;40;67;43m[39m+      113[0m:[39m[48;2;24;38;30m [38;2;192;197;206m        [38;2;180;142;173mlet[38;2;192;197;206m start [38;2;192;197;206m=[38;2;192;197;206m [38;2;191;97;106mself[38;2;192;197;206m.pos[38;2;192;197;206m;[K
[0m[48;2;40;67;43m[39m+      114[0m:[39m[48;2;24;38;30m [38;2;192;197;206m        [38;2;101;115;126m//[38;2;101;115;126m Match the C parse_number logic exactly[K
[0m[48;2;40;67;43m[39m+      115[0m:[39m[48;2;24;38;30m [38;2;192;197;206m        [38;2;180;142;173mlet[38;2;192;197;206m [38;2;180;142;173mmut[38;2;192;197;206m n[38;2;192;197;206m:[38;2;192;197;206m [38;2;180;142;173mf64[38;2;192;197;206m [38;2;192;197;206m=[38;2;192;197;206m [38;2;208;135;112m0.[38;2;208;135;112m0[38;2;192;197;206m;[K
[0m[48;2;40;67;43m[39m+      116[0m:[39m[48;2;24;38;30m [38;2;192;197;206m        [38;2;180;142;173mlet[38;2;192;197;206m [38;2;180;142;173mmut[38;2;192;197;206m sign[38;2;192;197;206m:[38;2;192;197;206m [38;2;180;142;173mf64[38;2;192;197;206m [38;2;192;197;206m=[38;2;192;197;206m [38;2;208;135;112m1.[38;2;208;135;112m0[38;2;192;197;206m;[K
[0m[48;2;40;67;43m[39m+      117[0m:[39m[48;2;24;38;30m [38;2;192;197;206m        [38;2;180;142;173mlet[38;2;192;197;206m [38;2;180;142;173mmut[38;2;192;197;206m scale[38;2;192;197;206m:[38;2;192;197;206m [38;2;180;142;173mf64[38;2;192;197;206m [38;2;192;197;206m=[38;2;192;197;206m [38;2;208;135;112m0.[38;2;208;135;112m0[38;2;192;197;206m;[K
[0m[48;2;40;67;43m[39m+      118[0m:[39m[48;2;24;38;30m [38;2;192;197;206m        [38;2;180;142;173mlet[38;2;192;197;206m [38;2;180;142;173mmut[38;2;192;197;206m subscale[38;2;192;197;206m:[38;2;192;197;206m [38;2;180;142;173mi32[38;2;192;197;206m [38;2;192;197;206m=[38;2;192;197;206m [38;2;208;135;112m0[38;2;192;197;206m;[K
[0m[48;2;40;67;43m[39m+      119[0m:[39m[48;2;24;38;30m [38;2;192;197;206m        [38;2;180;142;173mlet[38;2;192;197;206m [38;2;180;142;173mmut[38;2;192;197;206m signsubscale[38;2;192;197;206m:[38;2;192;197;206m [38;2;180;142;173mi32[38;2;192;197;206m [38;2;192;197;206m=[38;2;192;197;206m [38;2;208;135;112m1[38;2;192;197;206m;[K
[0m[48;2;40;67;43m[39m+      120[0m:[39m[48;2;24;38;30m [K
[0m[48;2;40;67;43m[39m+      121[0m:[39m[48;2;24;38;30m [38;2;192;197;206m        [38;2;180;142;173mif[38;2;192;197;206m [38;2;191;97;106mself[38;2;192;197;206m.[38;2;150;181;180mpeek[38;2;192;197;206m([38;2;192;197;206m)[38;2;192;197;206m [38;2;192;197;206m=[38;2;192;197;206m=[38;2;192;197;206m [38;2;192;197;206mSome[38;2;192;197;206m([38;2;192;197;206m'[38;2;163;190;140m-[38;2;192;197;206m'[38;2;192;197;206m)[38;2;192;197;206m [38;2;192;197;206m{[K
[0m[48;2;40;67;43m[39m+      122[0m:[39m[48;2;24;38;30m [38;2;192;197;206m            sign [38;2;192;197;206m=[38;2;192;197;206m [38;2;192;197;206m-[38;2;208;135;112m1.[38;2;208;135;112m0[38;2;192;197;206m;[K
[0m[48;2;40;67;43m[39m+      123[0m:[39m[48;2;24;38;30m [38;2;192;197;206m            [38;2;191;97;106mself[38;2;192;197;206m.pos [38;2;192;197;206m+[38;2;192;197;206m=[38;2;192;197;206m [38;2;208;135;112m1[38;2;192;197;206m;[K
[0m[48;2;40;67;43m[39m+      124[0m:[39m[48;2;24;38;30m [38;2;192;197;206m        [38;2;192;197;206m}[K
[0m[48;2;40;67;43m[39m+      125[0m:[39m[48;2;24;38;30m [38;2;192;197;206m        [38;2;180;142;173mif[38;2;192;197;206m [38;2;191;97;106mself[38;2;192;197;206m.[38;2;150;181;180mpeek[38;2;192;197;206m([38;2;192;197;206m)[38;2;192;197;206m [38;2;192;197;206m=[38;2;192;197;206m=[38;2;192;197;206m [38;2;192;197;206mSome[38;2;192;197;206m([38;2;192;197;206m'[38;2;163;190;140m0[38;2;192;197;206m'[38;2;192;197;206m)[38;2;192;197;206m [38;2;192;197;206m{[K
[0m[48;2;40;67;43m[39m+      126[0m:[39m[48;2;24;38;30m [38;2;192;197;206m            [38;2;191;97;106mself[38;2;192;197;206m.pos [38;2;192;197;206m+[38;2;192;197;206m=[38;2;192;197;206m [38;2;208;135;112m1[38;2;192;197;206m;[K
[0m[48;2;40;67;43m[39m+      127[0m:[39m[48;2;24;38;30m [38;2;192;197;206m        [38;2;192;197;206m}[38;2;192;197;206m [38;2;180;142;173melse[38;2;192;197;206m [38;2;180;142;173mif[38;2;192;197;206m [38;2;192;197;206mmatches![38;2;192;197;206m([38;2;191;97;106mself[38;2;192;197;206m.[38;2;150;181;180mpeek[38;2;192;197;206m([38;2;192;197;206m)[38;2;192;197;206m,[38;2;192;197;206m [38;2;192;197;206mSome[38;2;192;197;206m([38;2;192;197;206m'[38;2;163;190;140m1[38;2;192;197;206m'[38;2;192;197;206m..[38;2;192;197;206m=[38;2;192;197;206m'[38;2;163;190;140m9[38;2;192;197;206m'[38;2;192;197;206m)[38;2;192;197;206m)[38;2;192;197;206m [38;2;192;197;206m{[K
[0m[48;2;40;67;43m[39m+      128[0m:[39m[48;2;24;38;30m [38;2;192;197;206m            [38;2;180;142;173mwhile[38;2;192;197;206m [38;2;180;142;173mlet[38;2;192;197;206m [38;2;192;197;206mSome[38;2;192;197;206m([38;2;192;197;206mch [38;2;192;197;206m@[38;2;192;197;206m [38;2;192;197;206m'[38;2;163;190;140m0[38;2;192;197;206m'[38;2;192;197;206m..[38;2;192;197;206m=[38;2;192;197;206m'[38;2;163;190;140m9[38;2;192;197;206m'[38;2;192;197;206m)[38;2;192;197;206m [38;2;192;197;206m=[38;2;192;197;206m [38;2;191;97;106mself[38;2;192;197;206m.[38;2;150;181;180mpeek[38;2;192;197;206m([38;2;192;197;206m)[38;2;192;197;206m [38;2;192;197;206m{[K
[0m[48;2;40;67;43m[39m+      129[0m:[39m[48;2;24;38;30m [38;2;192;197;206m                n [38;2;192;197;206m=[38;2;192;197;206m n [38;2;192;197;206m*[38;2;192;197;206m [38;2;208;135;112m10.[38;2;208;135;112m0[38;2;192;197;206m [38;2;192;197;206m+[38;2;192;197;206m [38;2;192;197;206m([38;2;192;197;206mch [38;2;192;197;206mas[38;2;192;197;206m [38;2;180;142;173mu8[38;2;192;197;206m [38;2;192;197;206m-[38;2;192;197;206m [38;2;180;142;173mb[38;2;192;197;206m'[38;2;163;190;140m0[38;2;192;197;206m'[38;2;192;197;206m)[38;2;192;197;206m [38;2;192;197;206mas[38;2;192;197;206m [38;2;180;142;173mf64[38;2;192;197;206m;[K
[0m[48;2;40;67;43m[39m+      130[0m:[39m[48;2;24;38;30m [38;2;192;197;206m                [38;2;191;97;106mself[38;2;192;197;206m.pos [38;2;192;197;206m+[38;2;192;197;206m=[38;2;192;197;206m [38;2;208;135;112m1[38;2;192;197;206m;[K
[0m[48;2;40;67;43m[39m+      131[0m:[39m[48;2;24;38;30m [38;2;192;197;206m            [38;2;192;197;206m}[K
[0m[48;2;40;67;43m[39m+      132[0m:[39m[48;2;24;38;30m [38;2;192;197;206m        [38;2;192;197;206m}[K
[0m[48;2;40;67;43m[39m+      133[0m:[39m[48;2;24;38;30m [38;2;192;197;206m        [38;2;180;142;173mif[38;2;192;197;206m [38;2;191;97;106mself[38;2;192;197;206m.[38;2;150;181;180mpeek[38;2;192;197;206m([38;2;192;197;206m)[38;2;192;197;206m [38;2;192;197;206m=[38;2;192;197;206m=[38;2;192;197;206m [38;2;192;197;206mSome[38;2;192;197;206m([38;2;192;197;206m'[38;2;163;190;140m.[38;2;192;197;206m'[38;2;192;197;206m)[38;2;192;197;206m [38;2;192;197;206m{[K
[0m[48;2;40;67;43m[39m+      134[0m:[39m[48;2;24;38;30m [38;2;192;197;206m            [38;2;180;142;173mlet[38;2;192;197;206m next [38;2;192;197;206m=[38;2;192;197;206m [38;2;191;97;106mself[38;2;192;197;206m.input[38;2;192;197;206m[[38;2;191;97;106mself[38;2;192;197;206m.pos [38;2;192;197;206m+[38;2;192;197;206m [38;2;208;135;112m1[38;2;192;197;206m..[38;2;192;197;206m][38;2;192;197;206m.[38;2;150;181;180mchars[38;2;192;197;206m([38;2;192;197;206m)[38;2;192;197;206m.[38;2;150;181;180mnext[38;2;192;197;206m([38;2;192;197;206m)[38;2;192;197;206m;[K
[0m[48;2;40;67;43m[39m+      135[0m:[39m[48;2;24;38;30m [38;2;192;197;206m            [38;2;180;142;173mif[38;2;192;197;206m [38;2;192;197;206mmatches![38;2;192;197;206m([38;2;192;197;206mnext[38;2;192;197;206m,[38;2;192;197;206m [38;2;192;197;206mSome[38;2;192;197;206m([38;2;192;197;206m'[38;2;163;190;140m0[38;2;192;197;206m'[38;2;192;197;206m..[38;2;192;197;206m=[38;2;192;197;206m'[38;2;163;190;140m9[38;2;192;197;206m'[38;2;192;197;206m)[38;2;192;197;206m)[38;2;192;197;206m [38;2;192;197;206m{[K
[0m[48;2;40;67;43m[39m+      136[0m:[39m[48;2;24;38;30m [38;2;192;197;206m                [38;2;191;97;106mself[38;2;192;197;206m.pos [38;2;192;197;206m+[38;2;192;197;206m=[38;2;192;197;206m [38;2;208;135;112m1[38;2;192;197;206m;[38;2;192;197;206m [38;2;101;115;126m//[38;2;101;115;126m skip '.'[K
[0m[48;2;40;67;43m[39m+      137[0m:[39m[48;2;24;38;30m [38;2;192;197;206m                [38;2;180;142;173mwhile[38;2;192;197;206m [38;2;180;142;173mlet[38;2;192;197;206m [38;2;192;197;206mSome[38;2;192;197;206m([38;2;192;197;206mch [38;2;192;197;206m@[38;2;192;197;206m [38;2;192;197;206m'[38;2;163;190;140m0[38;2;192;197;206m'[38;2;192;197;206m..[38;2;192;197;206m=[38;2;192;197;206m'[38;2;163;190;140m9[38;2;192;197;206m'[38;2;192;197;206m)[38;2;192;197;206m [38;2;192;197;206m=[38;2;192;197;206m [38;2;191;97;106mself[38;2;192;197;206m.[38;2;150;181;180mpeek[38;2;192;197;206m([38;2;192;197;206m)[38;2;192;197;206m [38;2;192;197;206m{[K
[0m[48;2;40;67;43m[39m+      138[0m:[39m[48;2;24;38;30m [38;2;192;197;206m                    n [38;2;192;197;206m=[38;2;192;197;206m n [38;2;192;197;206m*[38;2;192;197;206m [38;2;208;135;112m10.[38;2;208;135;112m0[38;2;192;197;206m [38;2;192;197;206m+[38;2;192;197;206m [38;2;192;197;206m([38;2;192;197;206mch [38;2;192;197;206mas[38;2;192;197;206m [38;2;180;142;173mu8[38;2;192;197;206m [38;2;192;197;206m-[38;2;192;197;206m [38;2;180;142;173mb[38;2;192;197;206m'[38;2;163;190;140m0[38;2;192;197;206m'[38;2;192;197;206m)[38;2;192;197;206m [38;2;192;197;206mas[38;2;192;197;206m [38;2;180;142;173mf64[38;2;192;197;206m;[K
[0m[48;2;40;67;43m[39m+      139[0m:[39m[48;2;24;38;30m [38;2;192;197;206m                    scale [38;2;192;197;206m-[38;2;192;197;206m=[38;2;192;197;206m [38;2;208;135;112m1.[38;2;208;135;112m0[38;2;192;197;206m;[K
[0m[48;2;40;67;43m[39m+      140[0m:[39m[48;2;24;38;30m [38;2;192;197;206m                    [38;2;191;97;106mself[38;2;192;197;206m.pos [38;2;192;197;206m+[38;2;192;197;206m=[38;2;192;197;206m [38;2;208;135;112m1[38;2;192;197;206m;[K
[0m[48;2;40;67;43m[39m+      141[0m:[39m[48;2;24;38;30m [38;2;192;197;206m                [38;2;192;197;206m}[K
[0m[48;2;40;67;43m[39m+      142[0m:[39m[48;2;24;38;30m [38;2;192;197;206m            [38;2;192;197;206m}[K
[0m[48;2;40;67;43m[39m+      143[0m:[39m[48;2;24;38;30m [38;2;192;197;206m        [38;2;192;197;206m}[K
[0m[48;2;40;67;43m[39m+      144[0m:[39m[48;2;24;38;30m [38;2;192;197;206m        [38;2;180;142;173mif[38;2;192;197;206m [38;2;192;197;206mmatches![38;2;192;197;206m([38;2;191;97;106mself[38;2;192;197;206m.[38;2;150;181;180mpeek[38;2;192;197;206m([38;2;192;197;206m)[38;2;192;197;206m,[38;2;192;197;206m [38;2;192;197;206mSome[38;2;192;197;206m([38;2;192;197;206m'[38;2;163;190;140me[38;2;192;197;206m'[38;2;192;197;206m)[38;2;192;197;206m [38;2;192;197;206m|[38;2;192;197;206m [38;2;192;197;206mSome[38;2;192;197;206m([38;2;192;197;206m'[38;2;163;190;140mE[38;2;192;197;206m'[38;2;192;197;206m)[38;2;192;197;206m)[38;2;192;197;206m [38;2;192;197;206m{[K
[0m[48;2;40;67;43m[39m+      145[0m:[39m[48;2;24;38;30m [38;2;192;197;206m            [38;2;191;97;106mself[38;2;192;197;206m.pos [38;2;192;197;206m+[38;2;192;197;206m=[38;2;192;197;206m [38;2;208;135;112m1[38;2;192;197;206m;[K
[0m[48;2;40;67;43m[39m+      146[0m:[39m[48;2;24;38;30m [38;2;192;197;206m            [38;2;180;142;173mif[38;2;192;197;206m [38;2;191;97;106mself[38;2;192;197;206m.[38;2;150;181;180mpeek[38;2;192;197;206m([38;2;192;197;206m)[38;2;192;197;206m [38;2;192;197;206m=[38;2;192;197;206m=[38;2;192;197;206m [38;2;192;197;206mSome[38;2;192;197;206m([38;2;192;197;206m'[38;2;163;190;140m+[38;2;192;197;206m'[38;2;192;197;206m)[38;2;192;197;206m [38;2;192;197;206m{[K
[0m[48;2;40;67;43m[39m+      147[0m:[39m[48;2;24;38;30m [38;2;192;197;206m                [38;2;191;97;106mself[38;2;192;197;206m.pos [38;2;192;197;206m+[38;2;192;197;206m=[38;2;192;197;206m [38;2;208;135;112m1[38;2;192;197;206m;[K
[0m[48;2;40;67;43m[39m+      148[0m:[39m[48;2;24;38;30m [38;2;192;197;206m            [38;2;192;197;206m}[38;2;192;197;206m [38;2;180;142;173melse[38;2;192;197;206m [38;2;180;142;173mif[38;2;192;197;206m [38;2;191;97;106mself[38;2;192;197;206m.[38;2;150;181;180mpeek[38;2;192;197;206m([38;2;192;197;206m)[38;2;192;197;206m [38;2;192;197;206m=[38;2;192;197;206m=[38;2;192;197;206m [38;2;192;197;206mSome[38;2;192;197;206m([38;2;192;197;206m'[38;2;163;190;140m-[38;2;192;197;206m'[38;2;192;197;206m)[38;2;192;197;206m [38;2;192;197;206m{[K
[0m[48;2;40;67;43m[39m+      149[0m:[39m[48;2;24;38;30m [38;2;192;197;206m                signsubscale [38;2;192;197;206m=[38;2;192;197;206m [38;2;192;197;206m-[38;2;208;135;112m1[38;2;192;197;206m;[K
[0m[48;2;40;67;43m[39m+      150[0m:[39m[48;2;24;38;30m [38;2;192;197;206m                [38;2;191;97;106mself[38;2;192;197;206m.pos [38;2;192;197;206m+[38;2;192;197;206m=[38;2;192;197;206m [38;2;208;135;112m1[38;2;192;197;206m;[K
[0m[48;2;40;67;43m[39m+      151[0m:[39m[48;2;24;38;30m [38;2;192;197;206m            [38;2;192;197;206m}[K
[0m[48;2;40;67;43m[39m+      152[0m:[39m[48;2;24;38;30m [38;2;192;197;206m            [38;2;180;142;173mwhile[38;2;192;197;206m [38;2;180;142;173mlet[38;2;192;197;206m [38;2;192;197;206mSome[38;2;192;197;206m([38;2;192;197;206mch [38;2;192;197;206m@[38;2;192;197;206m [38;2;192;197;206m'[38;2;163;190;140m0[38;2;192;197;206m'[38;2;192;197;206m..[38;2;192;197;206m=[38;2;192;197;206m'[38;2;163;190;140m9[38;2;192;197;206m'[38;2;192;197;206m)[38;2;192;197;206m [38;2;192;197;206m=[38;2;192;197;206m [38;2;191;97;106mself[38;2;192;197;206m.[38;2;150;181;180mpeek[38;2;192;197;206m([38;2;192;197;206m)[38;2;192;197;206m [38;2;192;197;206m{[K
[0m[48;2;40;67;43m[39m+      153[0m:[39m[48;2;24;38;30m [38;2;192;197;206m                subscale [38;2;192;197;206m=[38;2;192;197;206m subscale [38;2;192;197;206m*[38;2;192;197;206m [38;2;208;135;112m10[38;2;192;197;206m [38;2;192;197;206m+[38;2;192;197;206m [38;2;192;197;206m([38;2;192;197;206mch [38;2;192;197;206mas[38;2;192;197;206m [38;2;180;142;173mu8[38;2;192;197;206m [38;2;192;197;206m-[38;2;192;197;206m [38;2;180;142;173mb[38;2;192;197;206m'[38;2;163;190;140m0[38;2;192;197;206m'[38;2;192;197;206m)[38;2;192;197;206m [38;2;192;197;206mas[38;2;192;197;206m [38;2;180;142;173mi32[38;2;192;197;206m;[K
[0m[48;2;40;67;43m[39m+      154[0m:[39m[48;2;24;38;30m [38;2;192;197;206m                [38;2;191;97;106mself[38;2;192;197;206m.pos [38;2;192;197;206m+[38;2;192;197;206m=[38;2;192;197;206m [38;2;208;135;112m1[38;2;192;197;206m;[K
[0m[48;2;40;67;43m[39m+      155[0m:[39m[48;2;24;38;30m [38;2;192;197;206m            [38;2;192;197;206m}[K
[0m[48;2;40;67;43m[39m+      156[0m:[39m[48;2;24;38;30m [38;2;192;197;206m        [38;2;192;197;206m}[K
[0m[48;2;40;67;43m[39m+      157[0m:[39m[48;2;24;38;30m [K
[0m[48;2;40;67;43m[39m+      158[0m:[39m[48;2;24;38;30m [38;2;192;197;206m        [38;2;180;142;173mif[38;2;192;197;206m [38;2;191;97;106mself[38;2;192;197;206m.pos [38;2;192;197;206m=[38;2;192;197;206m=[38;2;192;197;206m start [38;2;192;197;206m|[38;2;192;197;206m|[38;2;192;197;206m [38;2;192;197;206m([38;2;191;97;106mself[38;2;192;197;206m.pos [38;2;192;197;206m=[38;2;192;197;206m=[38;2;192;197;206m start [38;2;192;197;206m+[38;2;192;197;206m [38;2;208;135;112m1[38;2;192;197;206m [38;2;192;197;206m&[38;2;192;197;206m&[38;2;192;197;206m sign [38;2;192;197;206m<[38;2;192;197;206m [38;2;208;135;112m0.[38;2;208;135;112m0[38;2;192;197;206m [38;2;192;197;206m&[38;2;192;197;206m&[38;2;192;197;206m n [38;2;192;197;206m=[38;2;192;197;206m=[38;2;192;197;206m [38;2;208;135;112m0.[38;2;208;135;112m0[38;2;192;197;206m [38;2;192;197;206m&[38;2;192;197;206m&[38;2;192;197;206m scale [38;2;192;197;206m=[38;2;192;197;206m=[38;2;192;197;206m [38;2;208;135;112m0.[38;2;208;135;112m0[38;2;192;197;206m [38;2;192;197;206m&[38;2;192;197;206m&[38;2;192;197;206m subscale [38;2;192;197;206m=[38;2;192;197;206m=[38;2;192;197;206m [38;2;208;135;112m0[38;2;192;197;206m)[38;2;192;197;206m [38;2;192;197;206m{[K
[0m[48;2;40;67;43m[39m+      159[0m:[39m[48;2;24;38;30m [38;2;192;197;206m            [38;2;101;115;126m//[38;2;101;115;126m Check we actually consumed something meaningful[K
[0m[48;2;40;67;43m[39m+      160[0m:[39m[48;2;24;38;30m [38;2;192;197;206m            [38;2;180;142;173mif[38;2;192;197;206m [38;2;191;97;106mself[38;2;192;197;206m.pos [38;2;192;197;206m=[38;2;192;197;206m=[38;2;192;197;206m start [38;2;192;197;206m{[K
[0m[48;2;40;67;43m[39m+      161[0m:[39m[48;2;24;38;30m [38;2;192;197;206m                [38;2;180;142;173mreturn[38;2;192;197;206m [38;2;192;197;206mErr[38;2;192;197;206m([38;2;192;197;206mCJsonError[38;2;192;197;206m::[38;2;192;197;206mInvalidNumber [38;2;192;197;206m{[38;2;192;197;206m pos[38;2;192;197;206m:[38;2;192;197;206m start [38;2;192;197;206m}[38;2;192;197;206m)[38;2;192;197;206m;[K
[0m[48;2;40;67;43m[39m+      162[0m:[39m[48;2;24;38;30m [38;2;192;197;206m            [38;2;192;197;206m}[K
[0m[48;2;40;67;43m[39m+      163[0m:[39m[48;2;24;38;30m [38;2;192;197;206m        [38;2;192;197;206m}[K
[0m[48;2;40;67;43m[39m+      164[0m:[39m[48;2;24;38;30m [K
[0m[48;2;40;67;43m[39m+      165[0m:[39m[48;2;24;38;30m [38;2;192;197;206m        [38;2;180;142;173mlet[38;2;192;197;206m result [38;2;192;197;206m=[38;2;192;197;206m sign [38;2;192;197;206m*[38;2;192;197;206m n [38;2;192;197;206m*[38;2;192;197;206m [38;2;208;135;112m10.[38;2;208;135;112m0_[38;2;180;142;173mf64[38;2;192;197;206m.[38;2;150;181;180mpowf[38;2;192;197;206m([38;2;192;197;206mscale [38;2;192;197;206m+[38;2;192;197;206m [38;2;192;197;206m([38;2;192;197;206msubscale [38;2;192;197;206m*[38;2;192;197;206m signsubscale[38;2;192;197;206m)[38;2;192;197;206m [38;2;192;197;206mas[38;2;192;197;206m [38;2;180;142;173mf64[38;2;192;197;206m)[38;2;192;197;206m;[K
[0m[48;2;40;67;43m[39m+      166[0m:[39m[48;2;24;38;30m [38;2;192;197;206m        [38;2;192;197;206mOk[38;2;192;197;206m([38;2;192;197;206mCJson[38;2;192;197;206m::[38;2;192;197;206mNumber[38;2;192;197;206m([38;2;192;197;206mresult[38;2;192;197;206m)[38;2;192;197;206m)[K
[0m[48;2;43;48;59m[39m   66, 167[0m:[39m[48;2;43;48;59m [38;2;192;197;206m    [38;2;192;197;206m}[K
[0m[48;2;43;48;59m[39m   67, 168[0m:[39m[48;2;43;48;59m [38;2;192;197;206m    [38;2;180;142;173mfn[38;2;192;197;206m [38;2;143;161;179mparse_string[38;2;192;197;206m([38;2;192;197;206m&[38;2;180;142;173mmut[38;2;192;197;206m [38;2;191;97;106mself[38;2;192;197;206m)[38;2;192;197;206m [38;2;192;197;206m->[38;2;192;197;206m [38;2;192;197;206mResult[38;2;192;197;206m<[38;2;192;197;206mString, CJsonError[38;2;192;197;206m>[38;2;192;197;206m [38;2;192;197;206m{[K
[0m[48;2;79;40;40m[39m-  68     [0m:[39m[48;2;36;25;28m [38;2;192;197;206m        [38;2;192;197;206munimplemented![38;2;192;197;206m([38;2;192;197;206m)[K
[0m[48;2;40;67;43m[39m+      169[0m:[39m[48;2;24;38;30m [38;2;192;197;206m        [38;2;180;142;173mlet[38;2;192;197;206m pos [38;2;192;197;206m=[38;2;192;197;206m [38;2;191;97;106mself[38;2;192;197;206m.pos[38;2;192;197;206m;[K
[0m[48;2;40;67;43m[39m+      170[0m:[39m[48;2;24;38;30m [38;2;192;197;206m        [38;2;191;97;106mself[38;2;192;197;206m.[38;2;150;181;180mexpect_char[38;2;192;197;206m([38;2;192;197;206m'[38;2;163;190;140m"[38;2;192;197;206m'[38;2;192;197;206m)[38;2;192;197;206m.[38;2;150;181;180mmap_err[38;2;192;197;206m([38;2;192;197;206m|[38;2;192;197;206m_[38;2;192;197;206m|[38;2;192;197;206m [38;2;192;197;206mCJsonError[38;2;192;197;206m::[38;2;192;197;206mUnexpectedToken [38;2;192;197;206m{[K
[0m[48;2;40;67;43m[39m+      171[0m:[39m[48;2;24;38;30m [38;2;192;197;206m            ch[38;2;192;197;206m:[38;2;192;197;206m [38;2;191;97;106mself[38;2;192;197;206m.input[38;2;192;197;206m[[38;2;192;197;206mpos[38;2;192;197;206m..[38;2;192;197;206m][38;2;192;197;206m.[38;2;150;181;180mchars[38;2;192;197;206m([38;2;192;197;206m)[38;2;192;197;206m.[38;2;150;181;180mnext[38;2;192;197;206m([38;2;192;197;206m)[38;2;192;197;206m.[38;2;150;181;180munwrap_or[38;2;192;197;206m([38;2;192;197;206m'[38;2;150;181;180m\0[38;2;192;197;206m'[38;2;192;197;206m)[38;2;192;197;206m,[K
[0m[48;2;40;67;43m[39m+      172[0m:[39m[48;2;24;38;30m [38;2;192;197;206m            pos[38;2;192;197;206m,[K
[0m[48;2;40;67;43m[39m+      173[0m:[39m[48;2;24;38;30m [38;2;192;197;206m        [38;2;192;197;206m}[38;2;192;197;206m)[38;2;192;197;206m?[38;2;192;197;206m;[K
[0m[48;2;40;67;43m[39m+      174[0m:[39m[48;2;24;38;30m [K
[0m[48;2;40;67;43m[39m+      175[0m:[39m[48;2;24;38;30m [38;2;192;197;206m        [38;2;180;142;173mlet[38;2;192;197;206m [38;2;180;142;173mmut[38;2;192;197;206m result [38;2;192;197;206m=[38;2;192;197;206m [38;2;192;197;206mstd[38;2;192;197;206m::[38;2;192;197;206mstring[38;2;192;197;206m::[38;2;192;197;206mString[38;2;192;197;206m::[38;2;192;197;206mnew[38;2;192;197;206m([38;2;192;197;206m)[38;2;192;197;206m;[K
[0m[48;2;40;67;43m[39m+      176[0m:[39m[48;2;24;38;30m [38;2;192;197;206m        [38;2;180;142;173mloop[38;2;192;197;206m [38;2;192;197;206m{[K
[0m[48;2;40;67;43m[39m+      177[0m:[39m[48;2;24;38;30m [38;2;192;197;206m            [38;2;180;142;173mmatch[38;2;192;197;206m [38;2;191;97;106mself[38;2;192;197;206m.[38;2;150;181;180mnext_char[38;2;192;197;206m([38;2;192;197;206m)[38;2;192;197;206m [38;2;192;197;206m{[K
[0m[48;2;40;67;43m[39m+      178[0m:[39m[48;2;24;38;30m [38;2;192;197;206m                [38;2;192;197;206mNone[38;2;192;197;206m [38;2;192;197;206m=>[38;2;192;197;206m [38;2;180;142;173mreturn[38;2;192;197;206m [38;2;192;197;206mErr[38;2;192;197;206m([38;2;192;197;206mCJsonError[38;2;192;197;206m::[38;2;192;197;206mUnexpectedEOF [38;2;192;197;206m{[38;2;192;197;206m pos[38;2;192;197;206m:[38;2;192;197;206m [38;2;191;97;106mself[38;2;192;197;206m.pos [38;2;192;197;206m}[38;2;192;197;206m)[38;2;192;197;206m,[K
[0m[48;2;40;67;43m[39m+      179[0m:[39m[48;2;24;38;30m [38;2;192;197;206m                [38;2;192;197;206mSome[38;2;192;197;206m([38;2;192;197;206m'[38;2;163;190;140m"[38;2;192;197;206m'[38;2;192;197;206m)[38;2;192;197;206m [38;2;192;197;206m=>[38;2;192;197;206m [38;2;180;142;173mreturn[38;2;192;197;206m [38;2;192;197;206mOk[38;2;192;197;206m([38;2;192;197;206mresult[38;2;192;197;206m)[38;2;192;197;206m,[K
[0m[48;2;40;67;43m[39m+      180[0m:[39m[48;2;24;38;30m [38;2;192;197;206m                [38;2;192;197;206mSome[38;2;192;197;206m([38;2;192;197;206m'[38;2;150;181;180m\\[38;2;192;197;206m'[38;2;192;197;206m)[38;2;192;197;206m [38;2;192;197;206m=>[38;2;192;197;206m [38;2;192;197;206m{[K
[0m[48;2;40;67;43m[39m+      181[0m:[39m[48;2;24;38;30m [38;2;192;197;206m                    [38;2;180;142;173mlet[38;2;192;197;206m esc_pos [38;2;192;197;206m=[38;2;192;197;206m [38;2;191;97;106mself[38;2;192;197;206m.pos[38;2;192;197;206m;[K
[0m[48;2;40;67;43m[39m+      182[0m:[39m[48;2;24;38;30m [38;2;192;197;206m                    [38;2;180;142;173mmatch[38;2;192;197;206m [38;2;191;97;106mself[38;2;192;197;206m.[38;2;150;181;180mnext_char[38;2;192;197;206m([38;2;192;197;206m)[38;2;192;197;206m [38;2;192;197;206m{[K
[0m[48;2;40;67;43m[39m+      183[0m:[39m[48;2;24;38;30m [38;2;192;197;206m                        [38;2;192;197;206mNone[38;2;192;197;206m [38;2;192;197;206m=>[38;2;192;197;206m [38;2;180;142;173mreturn[38;2;192;197;206m [38;2;192;197;206mErr[38;2;192;197;206m([38;2;192;197;206mCJsonError[38;2;192;197;206m::[38;2;192;197;206mUnexpectedEOF [38;2;192;197;206m{[38;2;192;197;206m pos[38;2;192;197;206m:[38;2;192;197;206m [38;2;191;97;106mself[38;2;192;197;206m.pos [38;2;192;197;206m}[38;2;192;197;206m)[38;2;192;197;206m,[K
[0m[48;2;40;67;43m[39m+      184[0m:[39m[48;2;24;38;30m [38;2;192;197;206m                        [38;2;192;197;206mSome[38;2;192;197;206m([38;2;192;197;206m'[38;2;163;190;140mb[38;2;192;197;206m'[38;2;192;197;206m)[38;2;192;197;206m [38;2;192;197;206m=>[38;2;192;197;206m result.[38;2;150;181;180mpush[38;2;192;197;206m([38;2;192;197;206m'[38;2;150;181;180m\u{0008}[38;2;192;197;206m'[38;2;192;197;206m)[38;2;192;197;206m,[K
[0m[48;2;40;67;43m[39m+      185[0m:[39m[48;2;24;38;30m [38;2;192;197;206m                        [38;2;192;197;206mSome[38;2;192;197;206m([38;2;192;197;206m'[38;2;163;190;140mf[38;2;192;197;206m'[38;2;192;197;206m)[38;2;192;197;206m [38;2;192;197;206m=>[38;2;192;197;206m result.[38;2;150;181;180mpush[38;2;192;197;206m([38;2;192;197;206m'[38;2;150;181;180m\u{000C}[38;2;192;197;206m'[38;2;192;197;206m)[38;2;192;197;206m,[K
[0m[48;2;40;67;43m[39m+      186[0m:[39m[48;2;24;38;30m [38;2;192;197;206m                        [38;2;192;197;206mSome[38;2;192;197;206m([38;2;192;197;206m'[38;2;163;190;140mn[38;2;192;197;206m'[38;2;192;197;206m)[38;2;192;197;206m [38;2;192;197;206m=>[38;2;192;197;206m result.[38;2;150;181;180mpush[38;2;192;197;206m([38;2;192;197;206m'[38;2;150;181;180m\n[38;2;192;197;206m'[38;2;192;197;206m)[38;2;192;197;206m,[K
[0m[48;2;40;67;43m[39m+      187[0m:[39m[48;2;24;38;30m [38;2;192;197;206m                        [38;2;192;197;206mSome[38;2;192;197;206m([38;2;192;197;206m'[38;2;163;190;140mr[38;2;192;197;206m'[38;2;192;197;206m)[38;2;192;197;206m [38;2;192;197;206m=>[38;2;192;197;206m result.[38;2;150;181;180mpush[38;2;192;197;206m([38;2;192;197;206m'[38;2;150;181;180m\r[38;2;192;197;206m'[38;2;192;197;206m)[38;2;192;197;206m,[K
[0m[48;2;40;67;43m[39m+      188[0m:[39m[48;2;24;38;30m [38;2;192;197;206m                        [38;2;192;197;206mSome[38;2;192;197;206m([38;2;192;197;206m'[38;2;163;190;140mt[38;2;192;197;206m'[38;2;192;197;206m)[38;2;192;197;206m [38;2;192;197;206m=>[38;2;192;197;206m result.[38;2;150;181;180mpush[38;2;192;197;206m([38;2;192;197;206m'[38;2;150;181;180m\t[38;2;192;197;206m'[38;2;192;197;206m)[38;2;192;197;206m,[K
[0m[48;2;40;67;43m[39m+      189[0m:[39m[48;2;24;38;30m [38;2;192;197;206m                        [38;2;192;197;206mSome[38;2;192;197;206m([38;2;192;197;206m'[38;2;163;190;140m"[38;2;192;197;206m'[38;2;192;197;206m)[38;2;192;197;206m [38;2;192;197;206m=>[38;2;192;197;206m result.[38;2;150;181;180mpush[38;2;192;197;206m([38;2;192;197;206m'[38;2;163;190;140m"[38;2;192;197;206m'[38;2;192;197;206m)[38;2;192;197;206m,[K
[0m[48;2;40;67;43m[39m+      190[0m:[39m[48;2;24;38;30m [38;2;192;197;206m                        [38;2;192;197;206mSome[38;2;192;197;206m([38;2;192;197;206m'[38;2;150;181;180m\\[38;2;192;197;206m'[38;2;192;197;206m)[38;2;192;197;206m [38;2;192;197;206m=>[38;2;192;197;206m result.[38;2;150;181;180mpush[38;2;192;197;206m([38;2;192;197;206m'[38;2;150;181;180m\\[38;2;192;197;206m'[38;2;192;197;206m)[38;2;192;197;206m,[K
[0m[48;2;40;67;43m[39m+      191[0m:[39m[48;2;24;38;30m [38;2;192;197;206m                        [38;2;192;197;206mSome[38;2;192;197;206m([38;2;192;197;206m'[38;2;163;190;140m/[38;2;192;197;206m'[38;2;192;197;206m)[38;2;192;197;206m [38;2;192;197;206m=>[38;2;192;197;206m result.[38;2;150;181;180mpush[38;2;192;197;206m([38;2;192;197;206m'[38;2;163;190;140m/[38;2;192;197;206m'[38;2;192;197;206m)[38;2;192;197;206m,[K
[0m[48;2;40;67;43m[39m+      192[0m:[39m[48;2;24;38;30m [38;2;192;197;206m                        [38;2;192;197;206mSome[38;2;192;197;206m([38;2;192;197;206m'[38;2;163;190;140mu[38;2;192;197;206m'[38;2;192;197;206m)[38;2;192;197;206m [38;2;192;197;206m=>[38;2;192;197;206m [38;2;192;197;206m{[K
[0m[48;2;40;67;43m[39m+      193[0m:[39m[48;2;24;38;30m [38;2;192;197;206m                            [38;2;180;142;173mlet[38;2;192;197;206m uc [38;2;192;197;206m=[38;2;192;197;206m [38;2;191;97;106mself[38;2;192;197;206m.[38;2;150;181;180mparse_hex4[38;2;192;197;206m([38;2;192;197;206m)[38;2;192;197;206m.[38;2;150;181;180mmap_err[38;2;192;197;206m([38;2;192;197;206m|[38;2;192;197;206m_[38;2;192;197;206m|[38;2;192;197;206m [38;2;192;197;206mCJsonError[38;2;192;197;206m::[38;2;192;197;206mInvalidUnicodeEscape [38;2;192;197;206m{[38;2;192;197;206m pos[38;2;192;197;206m:[38;2;192;197;206m esc_pos [38;2;192;197;206m}[38;2;192;197;206m)[38;2;192;197;206m?[38;2;192;197;206m;[K
[0m[48;2;40;67;43m[39m+      194[0m:[39m[48;2;24;38;30m [38;2;192;197;206m                            [38;2;180;142;173mif[38;2;192;197;206m [38;2;192;197;206m([38;2;208;135;112m0xDC00[38;2;192;197;206m..[38;2;192;197;206m=[38;2;208;135;112m0xDFFF[38;2;192;197;206m)[38;2;192;197;206m.[38;2;150;181;180mcontains[38;2;192;197;206m([38;2;192;197;206m&[38;2;192;197;206muc[38;2;192;197;206m)[38;2;192;197;206m [38;2;192;197;206m|[38;2;192;197;206m|[38;2;192;197;206m uc [38;2;192;197;206m=[38;2;192;197;206m=[38;2;192;197;206m [38;2;208;135;112m0[38;2;192;197;206m [38;2;192;197;206m{[K
[0m[48;2;40;67;43m[39m+      195[0m:[39m[48;2;24;38;30m [38;2;192;197;206m                                [38;2;101;115;126m//[38;2;101;115;126m invalid lone low surrogate or null - C code just breaks (skips)[K
[0m[48;2;40;67;43m[39m+      196[0m:[39m[48;2;24;38;30m [38;2;192;197;206m                                [38;2;180;142;173mcontinue[38;2;192;197;206m;[K
[0m[48;2;40;67;43m[39m+      197[0m:[39m[48;2;24;38;30m [38;2;192;197;206m                            [38;2;192;197;206m}[K
[0m[48;2;40;67;43m[39m+      198[0m:[39m[48;2;24;38;30m [38;2;192;197;206m                            [38;2;180;142;173mlet[38;2;192;197;206m code_point[38;2;192;197;206m;[K
[0m[48;2;40;67;43m[39m+      199[0m:[39m[48;2;24;38;30m [38;2;192;197;206m                            [38;2;180;142;173mif[38;2;192;197;206m [38;2;192;197;206m([38;2;208;135;112m0xD800[38;2;192;197;206m..[38;2;192;197;206m=[38;2;208;135;112m0xDBFF[38;2;192;197;206m)[38;2;192;197;206m.[38;2;150;181;180mcontains[38;2;192;197;206m([38;2;192;197;206m&[38;2;192;197;206muc[38;2;192;197;206m)[38;2;192;197;206m [38;2;192;197;206m{[K
[0m[48;2;40;67;43m[39m+      200[0m:[39m[48;2;24;38;30m [38;2;192;197;206m                                [38;2;101;115;126m//[38;2;101;115;126m high surrogate, expect \uXXXX[K
[0m[48;2;40;67;43m[39m+      201[0m:[39m[48;2;24;38;30m [38;2;192;197;206m                                [38;2;180;142;173mif[38;2;192;197;206m [38;2;191;97;106mself[38;2;192;197;206m.[38;2;150;181;180mpeek[38;2;192;197;206m([38;2;192;197;206m)[38;2;192;197;206m [38;2;192;197;206m=[38;2;192;197;206m=[38;2;192;197;206m [38;2;192;197;206mSome[38;2;192;197;206m([38;2;192;197;206m'[38;2;150;181;180m\\[38;2;192;197;206m'[38;2;192;197;206m)[38;2;192;197;206m [38;2;192;197;206m{[K
[0m[48;2;40;67;43m[39m+      202[0m:[39m[48;2;24;38;30m [38;2;192;197;206m                                    [38;2;191;97;106mself[38;2;192;197;206m.pos [38;2;192;197;206m+[38;2;192;197;206m=[38;2;192;197;206m [38;2;208;135;112m1[38;2;192;197;206m;[K
[0m[48;2;40;67;43m[39m+      203[0m:[39m[48;2;24;38;30m [38;2;192;197;206m                                    [38;2;180;142;173mif[38;2;192;197;206m [38;2;191;97;106mself[38;2;192;197;206m.[38;2;150;181;180mpeek[38;2;192;197;206m([38;2;192;197;206m)[38;2;192;197;206m [38;2;192;197;206m=[38;2;192;197;206m=[38;2;192;197;206m [38;2;192;197;206mSome[38;2;192;197;206m([38;2;192;197;206m'[38;2;163;190;140mu[38;2;192;197;206m'[38;2;192;197;206m)[38;2;192;197;206m [38;2;192;197;206m{[K
[0m[48;2;40;67;43m[39m+      204[0m:[39m[48;2;24;38;30m [38;2;192;197;206m                                        [38;2;191;97;106mself[38;2;192;197;206m.pos [38;2;192;197;206m+[38;2;192;197;206m=[38;2;192;197;206m [38;2;208;135;112m1[38;2;192;197;206m;[K
[0m[48;2;40;67;43m[39m+      205[0m:[39m[48;2;24;38;30m [38;2;192;197;206m                                        [38;2;180;142;173mlet[38;2;192;197;206m uc2 [38;2;192;197;206m=[38;2;192;197;206m [38;2;191;97;106mself[38;2;192;197;206m.[38;2;150;181;180mparse_hex4[38;2;192;197;206m([38;2;192;197;206m)[38;2;192;197;206m.[38;2;150;181;180mmap_err[38;2;192;197;206m([38;2;192;197;206m|[38;2;192;197;206m_[38;2;192;197;206m|[38;2;192;197;206m [38;2;192;197;206mCJsonError[38;2;192;197;206m::[38;2;192;197;206mInvalidUnicodeEscape [38;2;192;197;206m{[38;2;192;197;206m pos[38;2;192;197;206m:[38;2;192;197;206m esc_pos [38;2;192;197;206m}[38;2;192;197;206m)[38;2;192;197;206m?[38;2;192;197;206m;[K
[0m[48;2;40;67;43m[39m+      206[0m:[39m[48;2;24;38;30m [38;2;192;197;206m                                        [38;2;180;142;173mif[38;2;192;197;206m [38;2;192;197;206m([38;2;208;135;112m0xDC00[38;2;192;197;206m..[38;2;192;197;206m=[38;2;208;135;112m0xDFFF[38;2;192;197;206m)[38;2;192;197;206m.[38;2;150;181;180mcontains[38;2;192;197;206m([38;2;192;197;206m&[38;2;192;197;206muc2[38;2;192;197;206m)[38;2;192;197;206m [38;2;192;197;206m{[K
[0m[48;2;40;67;43m[39m+      207[0m:[39m[48;2;24;38;30m [38;2;192;197;206m                                            code_point [38;2;192;197;206m=[38;2;192;197;206m [38;2;208;135;112m0x10000[38;2;192;197;206m [38;2;192;197;206m+[38;2;192;197;206m [38;2;192;197;206m([38;2;192;197;206m([38;2;192;197;206m([38;2;192;197;206muc [38;2;192;197;206m&[38;2;192;197;206m [38;2;208;135;112m0x3FF[38;2;192;197;206m)[38;2;192;197;206m [38;2;192;197;206m<[38;2;192;197;206m<[38;2;192;197;206m [38;2;208;135;112m10[38;2;192;197;206m)[38;2;192;197;206m [38;2;192;197;206m|[38;2;192;197;206m [38;2;192;197;206m([38;2;192;197;206muc2 [38;2;192;197;206m&[38;2;192;197;206m [38;2;208;135;112m0x3FF[38;2;192;197;206m)[38;2;192;197;206m)[38;2;192;197;206m;[K
[0m[48;2;40;67;43m[39m+      208[0m:[39m[48;2;24;38;30m [38;2;192;197;206m                                        [38;2;192;197;206m}[38;2;192;197;206m [38;2;180;142;173melse[38;2;192;197;206m [38;2;192;197;206m{[K
[0m[48;2;40;67;43m[39m+      209[0m:[39m[48;2;24;38;30m [38;2;192;197;206m                                            [38;2;101;115;126m//[38;2;101;115;126m invalid second half[K
[0m[48;2;40;67;43m[39m+      210[0m:[39m[48;2;24;38;30m [38;2;192;197;206m                                            [38;2;180;142;173mcontinue[38;2;192;197;206m;[K
[0m[48;2;40;67;43m[39m+      211[0m:[39m[48;2;24;38;30m [38;2;192;197;206m                                        [38;2;192;197;206m}[K
[0m[48;2;40;67;43m[39m+      212[0m:[39m[48;2;24;38;30m [38;2;192;197;206m                                    [38;2;192;197;206m}[38;2;192;197;206m [38;2;180;142;173melse[38;2;192;197;206m [38;2;192;197;206m{[K
[0m[48;2;40;67;43m[39m+      213[0m:[39m[48;2;24;38;30m [38;2;192;197;206m                                        [38;2;101;115;126m//[38;2;101;115;126m missing 'u' after backslash[K
[0m[48;2;40;67;43m[39m+      214[0m:[39m[48;2;24;38;30m [38;2;192;197;206m                                        [38;2;191;97;106mself[38;2;192;197;206m.pos [38;2;192;197;206m-[38;2;192;197;206m=[38;2;192;197;206m [38;2;208;135;112m1[38;2;192;197;206m;[38;2;192;197;206m [38;2;101;115;126m//[38;2;101;115;126m put back the backslash[K
[0m[48;2;40;67;43m[39m+      215[0m:[39m[48;2;24;38;30m [38;2;192;197;206m                                        [38;2;180;142;173mcontinue[38;2;192;197;206m;[K
[0m[48;2;40;67;43m[39m+      216[0m:[39m[48;2;24;38;30m [38;2;192;197;206m                                    [38;2;192;197;206m}[K
[0m[48;2;40;67;43m[39m+      217[0m:[39m[48;2;24;38;30m [38;2;192;197;206m                                [38;2;192;197;206m}[38;2;192;197;206m [38;2;180;142;173melse[38;2;192;197;206m [38;2;192;197;206m{[K
[0m[48;2;40;67;43m[39m+      218[0m:[39m[48;2;24;38;30m [38;2;192;197;206m                                    [38;2;180;142;173mcontinue[38;2;192;197;206m;[K
[0m[48;2;40;67;43m[39m+      219[0m:[39m[48;2;24;38;30m [38;2;192;197;206m                                [38;2;192;197;206m}[K
[0m[48;2;40;67;43m[39m+      220[0m:[39m[48;2;24;38;30m [38;2;192;197;206m                            [38;2;192;197;206m}[38;2;192;197;206m [38;2;180;142;173melse[38;2;192;197;206m [38;2;192;197;206m{[K
[0m[48;2;40;67;43m[39m+      221[0m:[39m[48;2;24;38;30m [38;2;192;197;206m                                code_point [38;2;192;197;206m=[38;2;192;197;206m uc[38;2;192;197;206m;[K
[0m[48;2;40;67;43m[39m+      222[0m:[39m[48;2;24;38;30m [38;2;192;197;206m                            [38;2;192;197;206m}[K
[0m[48;2;40;67;43m[39m+      223[0m:[39m[48;2;24;38;30m [38;2;192;197;206m                            [38;2;180;142;173mif[38;2;192;197;206m [38;2;180;142;173mlet[38;2;192;197;206m [38;2;192;197;206mSome[38;2;192;197;206m([38;2;192;197;206mch[38;2;192;197;206m)[38;2;192;197;206m [38;2;192;197;206m=[38;2;192;197;206m [38;2;180;142;173mchar[38;2;192;197;206m::[38;2;192;197;206mfrom_u32[38;2;192;197;206m([38;2;192;197;206mcode_point[38;2;192;197;206m)[38;2;192;197;206m [38;2;192;197;206m{[K
[0m[48;2;40;67;43m[39m+      224[0m:[39m[48;2;24;38;30m [38;2;192;197;206m                                result.[38;2;150;181;180mpush[38;2;192;197;206m([38;2;192;197;206mch[38;2;192;197;206m)[38;2;192;197;206m;[K
[0m[48;2;40;67;43m[39m+      225[0m:[39m[48;2;24;38;30m [38;2;192;197;206m                            [38;2;192;197;206m}[K
[0m[48;2;40;67;43m[39m+      226[0m:[39m[48;2;24;38;30m [38;2;192;197;206m                        [38;2;192;197;206m}[K
[0m[48;2;40;67;43m[39m+      227[0m:[39m[48;2;24;38;30m [38;2;192;197;206m                        [38;2;192;197;206mSome[38;2;192;197;206m([38;2;192;197;206mother[38;2;192;197;206m)[38;2;192;197;206m [38;2;192;197;206m=>[38;2;192;197;206m result.[38;2;150;181;180mpush[38;2;192;197;206m([38;2;192;197;206mother[38;2;192;197;206m)[38;2;192;197;206m,[K
[0m[48;2;40;67;43m[39m+      228[0m:[39m[48;2;24;38;30m [38;2;192;197;206m                    [38;2;192;197;206m}[K
[0m[48;2;40;67;43m[39m+      229[0m:[39m[48;2;24;38;30m [38;2;192;197;206m                [38;2;192;197;206m}[K
[0m[48;2;40;67;43m[39m+      230[0m:[39m[48;2;24;38;30m [38;2;192;197;206m                [38;2;192;197;206mSome[38;2;192;197;206m([38;2;192;197;206mch[38;2;192;197;206m)[38;2;192;197;206m [38;2;192;197;206m=>[38;2;192;197;206m result.[38;2;150;181;180mpush[38;2;192;197;206m([38;2;192;197;206mch[38;2;192;197;206m)[38;2;192;197;206m,[K
[0m[48;2;40;67;43m[39m+      231[0m:[39m[48;2;24;38;30m [38;2;192;197;206m            [38;2;192;197;206m}[K
[0m[48;2;40;67;43m[39m+      232[0m:[39m[48;2;24;38;30m [38;2;192;197;206m        [38;2;192;197;206m}[K
[0m[48;2;40;67;43m[39m+      233[0m:[39m[48;2;24;38;30m [38;2;192;197;206m    [38;2;192;197;206m}[K
[0m[48;2;40;67;43m[39m+      234[0m:[39m[48;2;24;38;30m [K
[0m[48;2;40;67;43m[39m+      235[0m:[39m[48;2;24;38;30m [38;2;192;197;206m    [38;2;180;142;173mfn[38;2;192;197;206m [38;2;143;161;179mparse_hex4[38;2;192;197;206m([38;2;192;197;206m&[38;2;180;142;173mmut[38;2;192;197;206m [38;2;191;97;106mself[38;2;192;197;206m)[38;2;192;197;206m [38;2;192;197;206m->[38;2;192;197;206m [38;2;192;197;206mResult[38;2;192;197;206m<[38;2;180;142;173mu32[38;2;192;197;206m, CJsonError[38;2;192;197;206m>[38;2;192;197;206m [38;2;192;197;206m{[K
[0m[48;2;40;67;43m[39m+      236[0m:[39m[48;2;24;38;30m [38;2;192;197;206m        [38;2;180;142;173mlet[38;2;192;197;206m pos [38;2;192;197;206m=[38;2;192;197;206m [38;2;191;97;106mself[38;2;192;197;206m.pos[38;2;192;197;206m;[K
[0m[48;2;40;67;43m[39m+      237[0m:[39m[48;2;24;38;30m [38;2;192;197;206m        [38;2;180;142;173mlet[38;2;192;197;206m [38;2;180;142;173mmut[38;2;192;197;206m h[38;2;192;197;206m:[38;2;192;197;206m [38;2;180;142;173mu32[38;2;192;197;206m [38;2;192;197;206m=[38;2;192;197;206m [38;2;208;135;112m0[38;2;192;197;206m;[K
[0m[48;2;40;67;43m[39m+      238[0m:[39m[48;2;24;38;30m [38;2;192;197;206m        [38;2;180;142;173mfor[38;2;192;197;206m [38;2;192;197;206m_[38;2;192;197;206m [38;2;192;197;206min[38;2;192;197;206m [38;2;208;135;112m0[38;2;192;197;206m..[38;2;208;135;112m4[38;2;192;197;206m [38;2;192;197;206m{[K
[0m[48;2;40;67;43m[39m+      239[0m:[39m[48;2;24;38;30m [38;2;192;197;206m            [38;2;180;142;173mmatch[38;2;192;197;206m [38;2;191;97;106mself[38;2;192;197;206m.[38;2;150;181;180mnext_char[38;2;192;197;206m([38;2;192;197;206m)[38;2;192;197;206m [38;2;192;197;206m{[K
[0m[48;2;40;67;43m[39m+      240[0m:[39m[48;2;24;38;30m [38;2;192;197;206m                [38;2;192;197;206mSome[38;2;192;197;206m([38;2;192;197;206mch [38;2;192;197;206m@[38;2;192;197;206m [38;2;192;197;206m'[38;2;163;190;140m0[38;2;192;197;206m'[38;2;192;197;206m..[38;2;192;197;206m=[38;2;192;197;206m'[38;2;163;190;140m9[38;2;192;197;206m'[38;2;192;197;206m)[38;2;192;197;206m [38;2;192;197;206m=>[38;2;192;197;206m h [38;2;192;197;206m=[38;2;192;197;206m [38;2;192;197;206m([38;2;192;197;206mh [38;2;192;197;206m<[38;2;192;197;206m<[38;2;192;197;206m [38;2;208;135;112m4[38;2;192;197;206m)[38;2;192;197;206m [38;2;192;197;206m+[38;2;192;197;206m [38;2;192;197;206m([38;2;192;197;206mch [38;2;192;197;206mas[38;2;192;197;206m [38;2;180;142;173mu32[38;2;192;197;206m [38;2;192;197;206m-[38;2;192;197;206m [38;2;192;197;206m'[38;2;163;190;140m0[38;2;192;197;206m'[38;2;192;197;206m [38;2;192;197;206mas[38;2;192;197;206m [38;2;180;142;173mu32[38;2;192;197;206m)[38;2;192;197;206m,[K
[0m[48;2;40;67;43m[39m+      241[0m:[39m[48;2;24;38;30m [38;2;192;197;206m                [38;2;192;197;206mSome[38;2;192;197;206m([38;2;192;197;206mch [38;2;192;197;206m@[38;2;192;197;206m [38;2;192;197;206m'[38;2;163;190;140mA[38;2;192;197;206m'[38;2;192;197;206m..[38;2;192;197;206m=[38;2;192;197;206m'[38;2;163;190;140mF[38;2;192;197;206m'[38;2;192;197;206m)[38;2;192;197;206m [38;2;192;197;206m=>[38;2;192;197;206m h [38;2;192;197;206m=[38;2;192;197;206m [38;2;192;197;206m([38;2;192;197;206mh [38;2;192;197;206m<[38;2;192;197;206m<[38;2;192;197;206m [38;2;208;135;112m4[38;2;192;197;206m)[38;2;192;197;206m [38;2;192;197;206m+[38;2;192;197;206m [38;2;208;135;112m10[38;2;192;197;206m [38;2;192;197;206m+[38;2;192;197;206m [38;2;192;197;206m([38;2;192;197;206mch [38;2;192;197;206mas[38;2;192;197;206m [38;2;180;142;173mu32[38;2;192;197;206m [38;2;192;197;206m-[38;2;192;197;206m [38;2;192;197;206m'[38;2;163;190;140mA[38;2;192;197;206m'[38;2;192;197;206m [38;2;192;197;206mas[38;2;192;197;206m [38;2;180;142;173mu32[38;2;192;197;206m)[38;2;192;197;206m,[K
[0m[48;2;40;67;43m[39m+      242[0m:[39m[48;2;24;38;30m [38;2;192;197;206m                [38;2;192;197;206mSome[38;2;192;197;206m([38;2;192;197;206mch [38;2;192;197;206m@[38;2;192;197;206m [38;2;192;197;206m'[38;2;163;190;140ma[38;2;192;197;206m'[38;2;192;197;206m..[38;2;192;197;206m=[38;2;192;197;206m'[38;2;163;190;140mf[38;2;192;197;206m'[38;2;192;197;206m)[38;2;192;197;206m [38;2;192;197;206m=>[38;2;192;197;206m h [38;2;192;197;206m=[38;2;192;197;206m [38;2;192;197;206m([38;2;192;197;206mh [38;2;192;197;206m<[38;2;192;197;206m<[38;2;192;197;206m [38;2;208;135;112m4[38;2;192;197;206m)[38;2;192;197;206m [38;2;192;197;206m+[38;2;192;197;206m [38;2;208;135;112m10[38;2;192;197;206m [38;2;192;197;206m+[38;2;192;197;206m [38;2;192;197;206m([38;2;192;197;206mch [38;2;192;197;206mas[38;2;192;197;206m [38;2;180;142;173mu32[38;2;192;197;206m [38;2;192;197;206m-[38;2;192;197;206m [38;2;192;197;206m'[38;2;163;190;140ma[38;2;192;197;206m'[38;2;192;197;206m [38;2;192;197;206mas[38;2;192;197;206m [38;2;180;142;173mu32[38;2;192;197;206m)[38;2;192;197;206m,[K
[0m[48;2;40;67;43m[39m+      243[0m:[39m[48;2;24;38;30m [38;2;192;197;206m                [38;2;192;197;206m_[38;2;192;197;206m [38;2;192;197;206m=>[38;2;192;197;206m [38;2;180;142;173mreturn[38;2;192;197;206m [38;2;192;197;206mErr[38;2;192;197;206m([38;2;192;197;206mCJsonError[38;2;192;197;206m::[38;2;192;197;206mInvalidUnicodeEscape [38;2;192;197;206m{[38;2;192;197;206m pos [38;2;192;197;206m}[38;2;192;197;206m)[38;2;192;197;206m,[K
[0m[48;2;40;67;43m[39m+      244[0m:[39m[48;2;24;38;30m [38;2;192;197;206m            [38;2;192;197;206m}[K
[0m[48;2;40;67;43m[39m+      245[0m:[39m[48;2;24;38;30m [38;2;192;197;206m        [38;2;192;197;206m}[K
[0m[48;2;40;67;43m[39m+      246[0m:[39m[48;2;24;38;30m [38;2;192;197;206m        [38;2;192;197;206mOk[38;2;192;197;206m([38;2;192;197;206mh[38;2;192;197;206m)[K
[0m[48;2;43;48;59m[39m   69, 247[0m:[39m[48;2;43;48;59m [38;2;192;197;206m    [38;2;192;197;206m}[K
[0m[48;2;40;67;43m[39m+      248[0m:[39m[48;2;24;38;30m [K
[0m[48;2;43;48;59m[39m   70, 249[0m:[39m[48;2;43;48;59m [38;2;192;197;206m    [38;2;180;142;173mfn[38;2;192;197;206m [38;2;143;161;179mparse_array[38;2;192;197;206m([38;2;192;197;206m&[38;2;180;142;173mmut[38;2;192;197;206m [38;2;191;97;106mself[38;2;192;197;206m)[38;2;192;197;206m [38;2;192;197;206m->[38;2;192;197;206m [38;2;192;197;206mResult[38;2;192;197;206m<[38;2;192;197;206mCJson, CJsonError[38;2;192;197;206m>[38;2;192;197;206m [38;2;192;197;206m{[K
[0m[48;2;79;40;40m[39m-  71     [0m:[39m[48;2;36;25;28m [38;2;192;197;206m        [38;2;192;197;206munimplemented![38;2;192;197;206m([38;2;192;197;206m)[K
[0m[48;2;40;67;43m[39m+      250[0m:[39m[48;2;24;38;30m [38;2;192;197;206m        [38;2;191;97;106mself[38;2;192;197;206m.[38;2;150;181;180mexpect_char[38;2;192;197;206m([38;2;192;197;206m'[38;2;163;190;140m[[38;2;192;197;206m'[38;2;192;197;206m)[38;2;192;197;206m?[38;2;192;197;206m;[K
[0m[48;2;40;67;43m[39m+      251[0m:[39m[48;2;24;38;30m [38;2;192;197;206m        [38;2;191;97;106mself[38;2;192;197;206m.[38;2;150;181;180mskip_whitespace[38;2;192;197;206m([38;2;192;197;206m)[38;2;192;197;206m;[K
[0m[48;2;40;67;43m[39m+      252[0m:[39m[48;2;24;38;30m [38;2;192;197;206m        [38;2;180;142;173mif[38;2;192;197;206m [38;2;191;97;106mself[38;2;192;197;206m.[38;2;150;181;180mpeek[38;2;192;197;206m([38;2;192;197;206m)[38;2;192;197;206m [38;2;192;197;206m=[38;2;192;197;206m=[38;2;192;197;206m [38;2;192;197;206mSome[38;2;192;197;206m([38;2;192;197;206m'[38;2;163;190;140m][38;2;192;197;206m'[38;2;192;197;206m)[38;2;192;197;206m [38;2;192;197;206m{[K
[0m[48;2;40;67;43m[39m+      253[0m:[39m[48;2;24;38;30m [38;2;192;197;206m            [38;2;191;97;106mself[38;2;192;197;206m.pos [38;2;192;197;206m+[38;2;192;197;206m=[38;2;192;197;206m [38;2;208;135;112m1[38;2;192;197;206m;[K
[0m[48;2;40;67;43m[39m+      254[0m:[39m[48;2;24;38;30m [38;2;192;197;206m            [38;2;180;142;173mreturn[38;2;192;197;206m [38;2;192;197;206mOk[38;2;192;197;206m([38;2;192;197;206mCJson[38;2;192;197;206m::[38;2;192;197;206mArray[38;2;192;197;206m([38;2;192;197;206mVec[38;2;192;197;206m::[38;2;192;197;206mnew[38;2;192;197;206m([38;2;192;197;206m)[38;2;192;197;206m)[38;2;192;197;206m)[38;2;192;197;206m;[K
[0m[48;2;40;67;43m[39m+      255[0m:[39m[48;2;24;38;30m [38;2;192;197;206m        [38;2;192;197;206m}[K
[0m[48;2;40;67;43m[39m+      256[0m:[39m[48;2;24;38;30m [38;2;192;197;206m        [38;2;180;142;173mlet[38;2;192;197;206m [38;2;180;142;173mmut[38;2;192;197;206m items [38;2;192;197;206m=[38;2;192;197;206m [38;2;192;197;206mVec[38;2;192;197;206m::[38;2;192;197;206mnew[38;2;192;197;206m([38;2;192;197;206m)[38;2;192;197;206m;[K
[0m[48;2;40;67;43m[39m+      257[0m:[39m[48;2;24;38;30m [38;2;192;197;206m        items.[38;2;150;181;180mpush[38;2;192;197;206m([38;2;191;97;106mself[38;2;192;197;206m.[38;2;150;181;180mparse_value[38;2;192;197;206m([38;2;192;197;206m)[38;2;192;197;206m?[38;2;192;197;206m)[38;2;192;197;206m;[K
[0m[48;2;40;67;43m[39m+      258[0m:[39m[48;2;24;38;30m [38;2;192;197;206m        [38;2;191;97;106mself[38;2;192;197;206m.[38;2;150;181;180mskip_whitespace[38;2;192;197;206m([38;2;192;197;206m)[38;2;192;197;206m;[K
[0m[48;2;40;67;43m[39m+      259[0m:[39m[48;2;24;38;30m [38;2;192;197;206m        [38;2;180;142;173mwhile[38;2;192;197;206m [38;2;191;97;106mself[38;2;192;197;206m.[38;2;150;181;180mpeek[38;2;192;197;206m([38;2;192;197;206m)[38;2;192;197;206m [38;2;192;197;206m=[38;2;192;197;206m=[38;2;192;197;206m [38;2;192;197;206mSome[38;2;192;197;206m([38;2;192;197;206m'[38;2;163;190;140m,[38;2;192;197;206m'[38;2;192;197;206m)[38;2;192;197;206m [38;2;192;197;206m{[K
[0m[48;2;40;67;43m[39m+      260[0m:[39m[48;2;24;38;30m [38;2;192;197;206m            [38;2;191;97;106mself[38;2;192;197;206m.pos [38;2;192;197;206m+[38;2;192;197;206m=[38;2;192;197;206m [38;2;208;135;112m1[38;2;192;197;206m;[K
[0m[48;2;40;67;43m[39m+      261[0m:[39m[48;2;24;38;30m [38;2;192;197;206m            items.[38;2;150;181;180mpush[38;2;192;197;206m([38;2;191;97;106mself[38;2;192;197;206m.[38;2;150;181;180mparse_value[38;2;192;197;206m([38;2;192;197;206m)[38;2;192;197;206m?[38;2;192;197;206m)[38;2;192;197;206m;[K
[0m[48;2;40;67;43m[39m+      262[0m:[39m[48;2;24;38;30m [38;2;192;197;206m            [38;2;191;97;106mself[38;2;192;197;206m.[38;2;150;181;180mskip_whitespace[38;2;192;197;206m([38;2;192;197;206m)[38;2;192;197;206m;[K
[0m[48;2;40;67;43m[39m+      263[0m:[39m[48;2;24;38;30m [38;2;192;197;206m        [38;2;192;197;206m}[K
[0m[48;2;40;67;43m[39m+      264[0m:[39m[48;2;24;38;30m [38;2;192;197;206m        [38;2;180;142;173mif[38;2;192;197;206m [38;2;191;97;106mself[38;2;192;197;206m.[38;2;150;181;180mpeek[38;2;192;197;206m([38;2;192;197;206m)[38;2;192;197;206m [38;2;192;197;206m=[38;2;192;197;206m=[38;2;192;197;206m [38;2;192;197;206mSome[38;2;192;197;206m([38;2;192;197;206m'[38;2;163;190;140m][38;2;192;197;206m'[38;2;192;197;206m)[38;2;192;197;206m [38;2;192;197;206m{[K
[0m[48;2;40;67;43m[39m+      265[0m:[39m[48;2;24;38;30m [38;2;192;197;206m            [38;2;191;97;106mself[38;2;192;197;206m.pos [38;2;192;197;206m+[38;2;192;197;206m=[38;2;192;197;206m [38;2;208;135;112m1[38;2;192;197;206m;[K
[0m[48;2;40;67;43m[39m+      266[0m:[39m[48;2;24;38;30m [38;2;192;197;206m            [38;2;192;197;206mOk[38;2;192;197;206m([38;2;192;197;206mCJson[38;2;192;197;206m::[38;2;192;197;206mArray[38;2;192;197;206m([38;2;192;197;206mitems[38;2;192;197;206m)[38;2;192;197;206m)[K
[0m[48;2;40;67;43m[39m+      267[0m:[39m[48;2;24;38;30m [38;2;192;197;206m        [38;2;192;197;206m}[38;2;192;197;206m [38;2;180;142;173melse[38;2;192;197;206m [38;2;192;197;206m{[K
[0m[48;2;40;67;43m[39m+      268[0m:[39m[48;2;24;38;30m [38;2;192;197;206m            [38;2;192;197;206mErr[38;2;192;197;206m([38;2;192;197;206mCJsonError[38;2;192;197;206m::[38;2;192;197;206mExpectedCommaOrEnd [38;2;192;197;206m{[38;2;192;197;206m pos[38;2;192;197;206m:[38;2;192;197;206m [38;2;191;97;106mself[38;2;192;197;206m.pos [38;2;192;197;206m}[38;2;192;197;206m)[K
[0m[48;2;40;67;43m[39m+      269[0m:[39m[48;2;24;38;30m [38;2;192;197;206m        [38;2;192;197;206m}[K
[0m[48;2;43;48;59m[39m   72, 270[0m:[39m[48;2;43;48;59m [38;2;192;197;206m    [38;2;192;197;206m}[K
[0m[48;2;43;48;59m[39m   73, 271[0m:[39m[48;2;43;48;59m [38;2;192;197;206m    [38;2;180;142;173mfn[38;2;192;197;206m [38;2;143;161;179mparse_object[38;2;192;197;206m([38;2;192;197;206m&[38;2;180;142;173mmut[38;2;192;197;206m [38;2;191;97;106mself[38;2;192;197;206m)[38;2;192;197;206m [38;2;192;197;206m->[38;2;192;197;206m [38;2;192;197;206mResult[38;2;192;197;206m<[38;2;192;197;206mCJson, CJsonError[38;2;192;197;206m>[38;2;192;197;206m [38;2;192;197;206m{[K
[0m[48;2;79;40;40m[39m-  74     [0m:[39m[48;2;36;25;28m [38;2;192;197;206m        [38;2;192;197;206munimplemented![38;2;192;197;206m([38;2;192;197;206m)[K
[0m[48;2;40;67;43m[39m+      272[0m:[39m[48;2;24;38;30m [38;2;192;197;206m        [38;2;191;97;106mself[38;2;192;197;206m.[38;2;150;181;180mexpect_char[38;2;192;197;206m([38;2;192;197;206m'[38;2;163;190;140m{[38;2;192;197;206m'[38;2;192;197;206m)[38;2;192;197;206m?[38;2;192;197;206m;[K
[0m[48;2;40;67;43m[39m+      273[0m:[39m[48;2;24;38;30m [38;2;192;197;206m        [38;2;191;97;106mself[38;2;192;197;206m.[38;2;150;181;180mskip_whitespace[38;2;192;197;206m([38;2;192;197;206m)[38;2;192;197;206m;[K
[0m[48;2;40;67;43m[39m+      274[0m:[39m[48;2;24;38;30m [38;2;192;197;206m        [38;2;180;142;173mif[38;2;192;197;206m [38;2;191;97;106mself[38;2;192;197;206m.[38;2;150;181;180mpeek[38;2;192;197;206m([38;2;192;197;206m)[38;2;192;197;206m [38;2;192;197;206m=[38;2;192;197;206m=[38;2;192;197;206m [38;2;192;197;206mSome[38;2;192;197;206m([38;2;192;197;206m'[38;2;163;190;140m}[38;2;192;197;206m'[38;2;192;197;206m)[38;2;192;197;206m [38;2;192;197;206m{[K
[0m[48;2;40;67;43m[39m+      275[0m:[39m[48;2;24;38;30m [38;2;192;197;206m            [38;2;191;97;106mself[38;2;192;197;206m.pos [38;2;192;197;206m+[38;2;192;197;206m=[38;2;192;197;206m [38;2;208;135;112m1[38;2;192;197;206m;[K
[0m[48;2;40;67;43m[39m+      276[0m:[39m[48;2;24;38;30m [38;2;192;197;206m            [38;2;180;142;173mreturn[38;2;192;197;206m [38;2;192;197;206mOk[38;2;192;197;206m([38;2;192;197;206mCJson[38;2;192;197;206m::[38;2;192;197;206mObject[38;2;192;197;206m([38;2;192;197;206mHashMap[38;2;192;197;206m::[38;2;192;197;206mnew[38;2;192;197;206m([38;2;192;197;206m)[38;2;192;197;206m)[38;2;192;197;206m)[38;2;192;197;206m;[K
[0m[48;2;40;67;43m[39m+      277[0m:[39m[48;2;24;38;30m [38;2;192;197;206m        [38;2;192;197;206m}[K
[0m[48;2;40;67;43m[39m+      278[0m:[39m[48;2;24;38;30m [38;2;192;197;206m        [38;2;180;142;173mlet[38;2;192;197;206m [38;2;180;142;173mmut[38;2;192;197;206m map [38;2;192;197;206m=[38;2;192;197;206m [38;2;192;197;206mHashMap[38;2;192;197;206m::[38;2;192;197;206mnew[38;2;192;197;206m([38;2;192;197;206m)[38;2;192;197;206m;[K
[0m[48;2;40;67;43m[39m+      279[0m:[39m[48;2;24;38;30m [38;2;192;197;206m        [38;2;101;115;126m//[38;2;101;115;126m Use a vec to preserve insertion order for printing (HashMap doesn't guarantee order,[K
[0m[48;2;40;67;43m[39m+      280[0m:[39m[48;2;24;38;30m [38;2;192;197;206m        [38;2;101;115;126m//[38;2;101;115;126m but the C code uses a linked list which preserves insertion order)[K
[0m[48;2;40;67;43m[39m+      281[0m:[39m[48;2;24;38;30m [38;2;192;197;206m        [38;2;180;142;173mloop[38;2;192;197;206m [38;2;192;197;206m{[K
[0m[48;2;40;67;43m[39m+      282[0m:[39m[48;2;24;38;30m [38;2;192;197;206m            [38;2;191;97;106mself[38;2;192;197;206m.[38;2;150;181;180mskip_whitespace[38;2;192;197;206m([38;2;192;197;206m)[38;2;192;197;206m;[K
[0m[48;2;40;67;43m[39m+      283[0m:[39m[48;2;24;38;30m [38;2;192;197;206m            [38;2;180;142;173mlet[38;2;192;197;206m key [38;2;192;197;206m=[38;2;192;197;206m [38;2;191;97;106mself[38;2;192;197;206m.[38;2;150;181;180mparse_string[38;2;192;197;206m([38;2;192;197;206m)[38;2;192;197;206m?[38;2;192;197;206m;[K
[0m[48;2;40;67;43m[39m+      284[0m:[39m[48;2;24;38;30m [38;2;192;197;206m            [38;2;191;97;106mself[38;2;192;197;206m.[38;2;150;181;180mskip_whitespace[38;2;192;197;206m([38;2;192;197;206m)[38;2;192;197;206m;[K
[0m[48;2;40;67;43m[39m+      285[0m:[39m[48;2;24;38;30m [38;2;192;197;206m            [38;2;191;97;106mself[38;2;192;197;206m.[38;2;150;181;180mexpect_char[38;2;192;197;206m([38;2;192;197;206m'[38;2;163;190;140m:[38;2;192;197;206m'[38;2;192;197;206m)[38;2;192;197;206m.[38;2;150;181;180mmap_err[38;2;192;197;206m([38;2;192;197;206m|[38;2;192;197;206m_[38;2;192;197;206m|[38;2;192;197;206m [38;2;192;197;206mCJsonError[38;2;192;197;206m::[38;2;192;197;206mExpectedColon [38;2;192;197;206m{[38;2;192;197;206m pos[38;2;192;197;206m:[38;2;192;197;206m [38;2;191;97;106mself[38;2;192;197;206m.pos [38;2;192;197;206m}[38;2;192;197;206m)[38;2;192;197;206m?[38;2;192;197;206m;[K
[0m[48;2;40;67;43m[39m+      286[0m:[39m[48;2;24;38;30m [38;2;192;197;206m            [38;2;180;142;173mlet[38;2;192;197;206m value [38;2;192;197;206m=[38;2;192;197;206m [38;2;191;97;106mself[38;2;192;197;206m.[38;2;150;181;180mparse_value[38;2;192;197;206m([38;2;192;197;206m)[38;2;192;197;206m?[38;2;192;197;206m;[K
[0m[48;2;40;67;43m[39m+      287[0m:[39m[48;2;24;38;30m [38;2;192;197;206m            [38;2;191;97;106mself[38;2;192;197;206m.[38;2;150;181;180mskip_whitespace[38;2;192;197;206m([38;2;192;197;206m)[38;2;192;197;206m;[K
[0m[48;2;40;67;43m[39m+      288[0m:[39m[48;2;24;38;30m [38;2;192;197;206m            map.[38;2;150;181;180minsert[38;2;192;197;206m([38;2;192;197;206mkey[38;2;192;197;206m,[38;2;192;197;206m value[38;2;192;197;206m)[38;2;192;197;206m;[K
[0m[48;2;40;67;43m[39m+      289[0m:[39m[48;2;24;38;30m [38;2;192;197;206m            [38;2;180;142;173mif[38;2;192;197;206m [38;2;191;97;106mself[38;2;192;197;206m.[38;2;150;181;180mpeek[38;2;192;197;206m([38;2;192;197;206m)[38;2;192;197;206m [38;2;192;197;206m=[38;2;192;197;206m=[38;2;192;197;206m [38;2;192;197;206mSome[38;2;192;197;206m([38;2;192;197;206m'[38;2;163;190;140m,[38;2;192;197;206m'[38;2;192;197;206m)[38;2;192;197;206m [38;2;192;197;206m{[K
[0m[48;2;40;67;43m[39m+      290[0m:[39m[48;2;24;38;30m [38;2;192;197;206m                [38;2;191;97;106mself[38;2;192;197;206m.pos [38;2;192;197;206m+[38;2;192;197;206m=[38;2;192;197;206m [38;2;208;135;112m1[38;2;192;197;206m;[K
[0m[48;2;40;67;43m[39m+      291[0m:[39m[48;2;24;38;30m [38;2;192;197;206m            [38;2;192;197;206m}[38;2;192;197;206m [38;2;180;142;173melse[38;2;192;197;206m [38;2;192;197;206m{[K
[0m[48;2;40;67;43m[39m+      292[0m:[39m[48;2;24;38;30m [38;2;192;197;206m                [38;2;180;142;173mbreak[38;2;192;197;206m;[K
[0m[48;2;40;67;43m[39m+      293[0m:[39m[48;2;24;38;30m [38;2;192;197;206m            [38;2;192;197;206m}[K
[0m[48;2;40;67;43m[39m+      294[0m:[39m[48;2;24;38;30m [38;2;192;197;206m        [38;2;192;197;206m}[K
[0m[48;2;40;67;43m[39m+      295[0m:[39m[48;2;24;38;30m [38;2;192;197;206m        [38;2;180;142;173mif[38;2;192;197;206m [38;2;191;97;106mself[38;2;192;197;206m.[38;2;150;181;180mpeek[38;2;192;197;206m([38;2;192;197;206m)[38;2;192;197;206m [38;2;192;197;206m=[38;2;192;197;206m=[38;2;192;197;206m [38;2;192;197;206mSome[38;2;192;197;206m([38;2;192;197;206m'[38;2;163;190;140m}[38;2;192;197;206m'[38;2;192;197;206m)[38;2;192;197;206m [38;2;192;197;206m{[K
[0m[48;2;40;67;43m[39m+      296[0m:[39m[48;2;24;38;30m [38;2;192;197;206m            [38;2;191;97;106mself[38;2;192;197;206m.pos [38;2;192;197;206m+[38;2;192;197;206m=[38;2;192;197;206m [38;2;208;135;112m1[38;2;192;197;206m;[K
[0m[48;2;40;67;43m[39m+      297[0m:[39m[48;2;24;38;30m [38;2;192;197;206m            [38;2;192;197;206mOk[38;2;192;197;206m([38;2;192;197;206mCJson[38;2;192;197;206m::[38;2;192;197;206mObject[38;2;192;197;206m([38;2;192;197;206mmap[38;2;192;197;206m)[38;2;192;197;206m)[K
[0m[48;2;40;67;43m[39m+      298[0m:[39m[48;2;24;38;30m [38;2;192;197;206m        [38;2;192;197;206m}[38;2;192;197;206m [38;2;180;142;173melse[38;2;192;197;206m [38;2;192;197;206m{[K
[0m[48;2;40;67;43m[39m+      299[0m:[39m[48;2;24;38;30m [38;2;192;197;206m            [38;2;192;197;206mErr[38;2;192;197;206m([38;2;192;197;206mCJsonError[38;2;192;197;206m::[38;2;192;197;206mExpectedCommaOrEnd [38;2;192;197;206m{[38;2;192;197;206m pos[38;2;192;197;206m:[38;2;192;197;206m [38;2;191;97;106mself[38;2;192;197;206m.pos [38;2;192;197;206m}[38;2;192;197;206m)[K
[0m[48;2;40;67;43m[39m+      300[0m:[39m[48;2;24;38;30m [38;2;192;197;206m        [38;2;192;197;206m}[K
[0m[48;2;43;48;59m[39m   75, 301[0m:[39m[48;2;43;48;59m [38;2;192;197;206m    [38;2;192;197;206m}[K
[0m[48;2;43;48;59m[39m   76, 302[0m:[39m[48;2;43;48;59m [38;2;192;197;206m}[K
[0m[48;2;43;48;59m[39m   77, 303[0m:[39m[48;2;43;48;59m [38;2;180;142;173mpub[38;2;192;197;206m [38;2;180;142;173mfn[38;2;192;197;206m [38;2;143;161;179mparse[38;2;192;197;206m([38;2;191;97;106minput[38;2;192;197;206m:[38;2;192;197;206m [38;2;192;197;206m&[38;2;180;142;173mstr[38;2;192;197;206m, [38;2;191;97;106mrequire_end[38;2;192;197;206m:[38;2;192;197;206m [38;2;180;142;173mbool[38;2;192;197;206m)[38;2;192;197;206m [38;2;192;197;206m->[38;2;192;197;206m [38;2;192;197;206mResult[38;2;192;197;206m<[38;2;192;197;206mCJson, CJsonError[38;2;192;197;206m>[38;2;192;197;206m [38;2;192;197;206m{[K
[0m[48;2;79;40;40m[39m-  78     [0m:[39m[48;2;36;25;28m [38;2;192;197;206m    [38;2;192;197;206munimplemented![38;2;192;197;206m([38;2;192;197;206m)[K
[0m[48;2;40;67;43m[39m+      304[0m:[39m[48;2;24;38;30m [38;2;192;197;206m    [38;2;180;142;173mlet[38;2;192;197;206m [38;2;180;142;173mmut[38;2;192;197;206m parser [38;2;192;197;206m=[38;2;192;197;206m [38;2;192;197;206mParser[38;2;192;197;206m::[38;2;192;197;206mnew[38;2;192;197;206m([38;2;192;197;206minput[38;2;192;197;206m)[38;2;192;197;206m;[K
[0m[48;2;40;67;43m[39m+      305[0m:[39m[48;2;24;38;30m [38;2;192;197;206m    [38;2;180;142;173mlet[38;2;192;197;206m value [38;2;192;197;206m=[38;2;192;197;206m parser.[38;2;150;181;180mparse_value[38;2;192;197;206m([38;2;192;197;206m)[38;2;192;197;206m?[38;2;192;197;206m;[K
[0m[48;2;40;67;43m[39m+      306[0m:[39m[48;2;24;38;30m [38;2;192;197;206m    [38;2;180;142;173mif[38;2;192;197;206m require_end [38;2;192;197;206m{[K
[0m[48;2;40;67;43m[39m+      307[0m:[39m[48;2;24;38;30m [38;2;192;197;206m        parser.[38;2;150;181;180mskip_whitespace[38;2;192;197;206m([38;2;192;197;206m)[38;2;192;197;206m;[K
[0m[48;2;40;67;43m[39m+      308[0m:[39m[48;2;24;38;30m [38;2;192;197;206m        [38;2;180;142;173mif[38;2;192;197;206m parser.pos [38;2;192;197;206m<[38;2;192;197;206m parser.input.[38;2;150;181;180mlen[38;2;192;197;206m([38;2;192;197;206m)[38;2;192;197;206m [38;2;192;197;206m{[K
[0m[48;2;40;67;43m[39m+      309[0m:[39m[48;2;24;38;30m [38;2;192;197;206m            [38;2;180;142;173mlet[38;2;192;197;206m ch [38;2;192;197;206m=[38;2;192;197;206m parser.input[38;2;192;197;206m[[38;2;192;197;206mparser.pos[38;2;192;197;206m..[38;2;192;197;206m][38;2;192;197;206m.[38;2;150;181;180mchars[38;2;192;197;206m([38;2;192;197;206m)[38;2;192;197;206m.[38;2;150;181;180mnext[38;2;192;197;206m([38;2;192;197;206m)[38;2;192;197;206m.[38;2;150;181;180munwrap[38;2;192;197;206m([38;2;192;197;206m)[38;2;192;197;206m;[K
[0m[48;2;40;67;43m[39m+      310[0m:[39m[48;2;24;38;30m [38;2;192;197;206m            [38;2;180;142;173mreturn[38;2;192;197;206m [38;2;192;197;206mErr[38;2;192;197;206m([38;2;192;197;206mCJsonError[38;2;192;197;206m::[38;2;192;197;206mUnexpectedToken [38;2;192;197;206m{[38;2;192;197;206m ch[38;2;192;197;206m,[38;2;192;197;206m pos[38;2;192;197;206m:[38;2;192;197;206m parser.pos [38;2;192;197;206m}[38;2;192;197;206m)[38;2;192;197;206m;[K
[0m[48;2;40;67;43m[39m+      311[0m:[39m[48;2;24;38;30m [38;2;192;197;206m        [38;2;192;197;206m}[K
[0m[48;2;40;67;43m[39m+      312[0m:[39m[48;2;24;38;30m [38;2;192;197;206m    [38;2;192;197;206m}[K
[0m[48;2;40;67;43m[39m+      313[0m:[39m[48;2;24;38;30m [38;2;192;197;206m    [38;2;192;197;206mOk[38;2;192;197;206m([38;2;192;197;206mvalue[38;2;192;197;206m)[K
[0m[48;2;43;48;59m[39m   79, 314[0m:[39m[48;2;43;48;59m [38;2;192;197;206m}[K
[0m[48;2;43;48;59m[39m   80, 315[0m:[39m[48;2;43;48;59m [38;2;180;142;173mfn[38;2;192;197;206m [38;2;143;161;179mescape_string[38;2;192;197;206m([38;2;191;97;106ms[38;2;192;197;206m:[38;2;192;197;206m [38;2;192;197;206m&[38;2;180;142;173mstr[38;2;192;197;206m)[38;2;192;197;206m [38;2;192;197;206m->[38;2;192;197;206m String[38;2;192;197;206m [38;2;192;197;206m{[K
[0m[48;2;79;40;40m[39m-  81     [0m:[39m[48;2;36;25;28m [38;2;192;197;206m    [38;2;192;197;206munimplemented![38;2;192;197;206m([38;2;192;197;206m)[K
[0m[48;2;40;67;43m[39m+      316[0m:[39m[48;2;24;38;30m [38;2;192;197;206m    [38;2;180;142;173mlet[38;2;192;197;206m [38;2;180;142;173mmut[38;2;192;197;206m out [38;2;192;197;206m=[38;2;192;197;206m [38;2;192;197;206mstd[38;2;192;197;206m::[38;2;192;197;206mstring[38;2;192;197;206m::[38;2;192;197;206mString[38;2;192;197;206m::[38;2;192;197;206mwith_capacity[38;2;192;197;206m([38;2;192;197;206ms.[38;2;150;181;180mlen[38;2;192;197;206m([38;2;192;197;206m)[38;2;192;197;206m [38;2;192;197;206m+[38;2;192;197;206m [38;2;208;135;112m2[38;2;192;197;206m)[38;2;192;197;206m;[K
[0m[48;2;40;67;43m[39m+      317[0m:[39m[48;2;24;38;30m [38;2;192;197;206m    out.[38;2;150;181;180mpush[38;2;192;197;206m([38;2;192;197;206m'[38;2;163;190;140m"[38;2;192;197;206m'[38;2;192;197;206m)[38;2;192;197;206m;[K
[0m[48;2;40;67;43m[39m+      318[0m:[39m[48;2;24;38;30m [38;2;192;197;206m    [38;2;180;142;173mfor[38;2;192;197;206m ch [38;2;192;197;206min[38;2;192;197;206m s.[38;2;150;181;180mchars[38;2;192;197;206m([38;2;192;197;206m)[38;2;192;197;206m [38;2;192;197;206m{[K
[0m[48;2;40;67;43m[39m+      319[0m:[39m[48;2;24;38;30m [38;2;192;197;206m        [38;2;180;142;173mmatch[38;2;192;197;206m ch [38;2;192;197;206m{[K
[0m[48;2;40;67;43m[39m+      320[0m:[39m[48;2;24;38;30m [38;2;192;197;206m            [38;2;192;197;206m'[38;2;163;190;140m"[38;2;192;197;206m'[38;2;192;197;206m [38;2;192;197;206m=>[38;2;192;197;206m out.[38;2;150;181;180mpush_str[38;2;192;197;206m([38;2;192;197;206m"[38;2;150;181;180m\\[38;2;150;181;180m\"[38;2;192;197;206m"[38;2;192;197;206m)[38;2;192;197;206m,[K
[0m[48;2;40;67;43m[39m+      321[0m:[39m[48;2;24;38;30m [38;2;192;197;206m            [38;2;192;197;206m'[38;2;150;181;180m\\[38;2;192;197;206m'[38;2;192;197;206m [38;2;192;197;206m=>[38;2;192;197;206m out.[38;2;150;181;180mpush_str[38;2;192;197;206m([38;2;192;197;206m"[38;2;150;181;180m\\[38;2;150;181;180m\\[38;2;192;197;206m"[38;2;192;197;206m)[38;2;192;197;206m,[K
[0m[48;2;40;67;43m[39m+      322[0m:[39m[48;2;24;38;30m [38;2;192;197;206m            [38;2;192;197;206m'[38;2;150;181;180m\u{0008}[38;2;192;197;206m'[38;2;192;197;206m [38;2;192;197;206m=>[38;2;192;197;206m out.[38;2;150;181;180mpush_str[38;2;192;197;206m([38;2;192;197;206m"[38;2;150;181;180m\\[38;2;163;190;140mb[38;2;192;197;206m"[38;2;192;197;206m)[38;2;192;197;206m,[K
[0m[48;2;40;67;43m[39m+      323[0m:[39m[48;2;24;38;30m [38;2;192;197;206m            [38;2;192;197;206m'[38;2;150;181;180m\u{000C}[38;2;192;197;206m'[38;2;192;197;206m [38;2;192;197;206m=>[38;2;192;197;206m out.[38;2;150;181;180mpush_str[38;2;192;197;206m([38;2;192;197;206m"[38;2;150;181;180m\\[38;2;163;190;140mf[38;2;192;197;206m"[38;2;192;197;206m)[38;2;192;197;206m,[K
[0m[48;2;40;67;43m[39m+      324[0m:[39m[48;2;24;38;30m [38;2;192;197;206m            [38;2;192;197;206m'[38;2;150;181;180m\n[38;2;192;197;206m'[38;2;192;197;206m [38;2;192;197;206m=>[38;2;192;197;206m out.[38;2;150;181;180mpush_str[38;2;192;197;206m([38;2;192;197;206m"[38;2;150;181;180m\\[38;2;163;190;140mn[38;2;192;197;206m"[38;2;192;197;206m)[38;2;192;197;206m,[K
[0m[48;2;40;67;43m[39m+      325[0m:[39m[48;2;24;38;30m [38;2;192;197;206m            [38;2;192;197;206m'[38;2;150;181;180m\r[38;2;192;197;206m'[38;2;192;197;206m [38;2;192;197;206m=>[38;2;192;197;206m out.[38;2;150;181;180mpush_str[38;2;192;197;206m([38;2;192;197;206m"[38;2;150;181;180m\\[38;2;163;190;140mr[38;2;192;197;206m"[38;2;192;197;206m)[38;2;192;197;206m,[K
[0m[48;2;40;67;43m[39m+      326[0m:[39m[48;2;24;38;30m [38;2;192;197;206m            [38;2;192;197;206m'[38;2;150;181;180m\t[38;2;192;197;206m'[38;2;192;197;206m [38;2;192;197;206m=>[38;2;192;197;206m out.[38;2;150;181;180mpush_str[38;2;192;197;206m([38;2;192;197;206m"[38;2;150;181;180m\\[38;2;163;190;140mt[38;2;192;197;206m"[38;2;192;197;206m)[38;2;192;197;206m,[K
[0m[48;2;40;67;43m[39m+      327[0m:[39m[48;2;24;38;30m [38;2;192;197;206m            c [38;2;180;142;173mif[38;2;192;197;206m [38;2;192;197;206m([38;2;192;197;206mc [38;2;192;197;206mas[38;2;192;197;206m [38;2;180;142;173mu32[38;2;192;197;206m)[38;2;192;197;206m [38;2;192;197;206m<[38;2;192;197;206m [38;2;208;135;112m32[38;2;192;197;206m [38;2;192;197;206m=>[38;2;192;197;206m [38;2;192;197;206m{[K
[0m[48;2;40;67;43m[39m+      328[0m:[39m[48;2;24;38;30m [38;2;192;197;206m                out.[38;2;150;181;180mpush_str[38;2;192;197;206m([38;2;192;197;206m&[38;2;192;197;206mformat![38;2;192;197;206m([38;2;192;197;206m"[38;2;150;181;180m\\[38;2;163;190;140mu[38;2;208;135;112m{:04x}[38;2;192;197;206m"[38;2;192;197;206m,[38;2;192;197;206m c [38;2;192;197;206mas[38;2;192;197;206m [38;2;180;142;173mu32[38;2;192;197;206m)[38;2;192;197;206m)[38;2;192;197;206m;[K
[0m[48;2;40;67;43m[39m+      329[0m:[39m[48;2;24;38;30m [38;2;192;197;206m            [38;2;192;197;206m}[K
[0m[48;2;40;67;43m[39m+      330[0m:[39m[48;2;24;38;30m [38;2;192;197;206m            c [38;2;192;197;206m=>[38;2;192;197;206m out.[38;2;150;181;180mpush[38;2;192;197;206m([38;2;192;197;206mc[38;2;192;197;206m)[38;2;192;197;206m,[K
[0m[48;2;40;67;43m[39m+      331[0m:[39m[48;2;24;38;30m [38;2;192;197;206m        [38;2;192;197;206m}[K
[0m[48;2;40;67;43m[39m+      332[0m:[39m[48;2;24;38;30m [38;2;192;197;206m    [38;2;192;197;206m}[K
[0m[48;2;40;67;43m[39m+      333[0m:[39m[48;2;24;38;30m [38;2;192;197;206m    out.[38;2;150;181;180mpush[38;2;192;197;206m([38;2;192;197;206m'[38;2;163;190;140m"[38;2;192;197;206m'[38;2;192;197;206m)[38;2;192;197;206m;[K
[0m[48;2;40;67;43m[39m+      334[0m:[39m[48;2;24;38;30m [38;2;192;197;206m    out[K
[0m[48;2;40;67;43m[39m+      335[0m:[39m[48;2;24;38;30m [38;2;192;197;206m}[K
[0m[48;2;40;67;43m[39m+      336[0m:[39m[48;2;24;38;30m [K
[0m[48;2;40;67;43m[39m+      337[0m:[39m[48;2;24;38;30m [38;2;180;142;173mfn[38;2;192;197;206m [38;2;143;161;179mprint_number[38;2;192;197;206m([38;2;191;97;106md[38;2;192;197;206m:[38;2;192;197;206m [38;2;180;142;173mf64[38;2;192;197;206m)[38;2;192;197;206m [38;2;192;197;206m->[38;2;192;197;206m String[38;2;192;197;206m [38;2;192;197;206m{[K
[0m[48;2;40;67;43m[39m+      338[0m:[39m[48;2;24;38;30m [38;2;192;197;206m    [38;2;101;115;126m//[38;2;101;115;126m Match C print_number behavior[K
[0m[48;2;40;67;43m[39m+      339[0m:[39m[48;2;24;38;30m [38;2;192;197;206m    [38;2;180;142;173mlet[38;2;192;197;206m i [38;2;192;197;206m=[38;2;192;197;206m d [38;2;192;197;206mas[38;2;192;197;206m [38;2;180;142;173mi32[38;2;192;197;206m;[K
[0m[48;2;40;67;43m[39m+      340[0m:[39m[48;2;24;38;30m [38;2;192;197;206m    [38;2;180;142;173mif[38;2;192;197;206m d [38;2;192;197;206m=[38;2;192;197;206m=[38;2;192;197;206m [38;2;208;135;112m0.[38;2;208;135;112m0[38;2;192;197;206m [38;2;192;197;206m{[K
[0m[48;2;40;67;43m[39m+      341[0m:[39m[48;2;24;38;30m [38;2;192;197;206m        [38;2;192;197;206m"[38;2;163;190;140m0[38;2;192;197;206m"[38;2;192;197;206m.[38;2;150;181;180mto_string[38;2;192;197;206m([38;2;192;197;206m)[K
[0m[48;2;40;67;43m[39m+      342[0m:[39m[48;2;24;38;30m [38;2;192;197;206m    [38;2;192;197;206m}[38;2;192;197;206m [38;2;180;142;173melse[38;2;192;197;206m [38;2;180;142;173mif[38;2;192;197;206m [38;2;192;197;206m([38;2;192;197;206mi [38;2;192;197;206mas[38;2;192;197;206m [38;2;180;142;173mf64[38;2;192;197;206m [38;2;192;197;206m-[38;2;192;197;206m d[38;2;192;197;206m)[38;2;192;197;206m.[38;2;150;181;180mabs[38;2;192;197;206m([38;2;192;197;206m)[38;2;192;197;206m [38;2;192;197;206m<[38;2;192;197;206m=[38;2;192;197;206m [38;2;180;142;173mf64[38;2;192;197;206m::[38;2;208;135;112mEPSILON[38;2;192;197;206m [38;2;192;197;206m&[38;2;192;197;206m&[38;2;192;197;206m d [38;2;192;197;206m<[38;2;192;197;206m=[38;2;192;197;206m [38;2;180;142;173mi32[38;2;192;197;206m::[38;2;208;135;112mMAX[38;2;192;197;206m [38;2;192;197;206mas[38;2;192;197;206m [38;2;180;142;173mf64[38;2;192;197;206m [38;2;192;197;206m&[38;2;192;197;206m&[38;2;192;197;206m d [38;2;192;197;206m>[38;2;192;197;206m=[38;2;192;197;206m [38;2;180;142;173mi32[38;2;192;197;206m::[38;2;208;135;112mMIN[38;2;192;197;206m [38;2;192;197;206mas[38;2;192;197;206m [38;2;180;142;173mf64[38;2;192;197;206m [38;2;192;197;206m{[K
[0m[48;2;40;67;43m[39m+      343[0m:[39m[48;2;24;38;30m [38;2;192;197;206m        [38;2;192;197;206mformat![38;2;192;197;206m([38;2;192;197;206m"[38;2;208;135;112m{}[38;2;192;197;206m"[38;2;192;197;206m,[38;2;192;197;206m i[38;2;192;197;206m)[K
[0m[48;2;40;67;43m[39m+      344[0m:[39m[48;2;24;38;30m [38;2;192;197;206m    [38;2;192;197;206m}[38;2;192;197;206m [38;2;180;142;173melse[38;2;192;197;206m [38;2;180;142;173mif[38;2;192;197;206m [38;2;192;197;206m([38;2;192;197;206md.[38;2;150;181;180mfloor[38;2;192;197;206m([38;2;192;197;206m)[38;2;192;197;206m [38;2;192;197;206m-[38;2;192;197;206m d[38;2;192;197;206m)[38;2;192;197;206m.[38;2;150;181;180mabs[38;2;192;197;206m([38;2;192;197;206m)[38;2;192;197;206m [38;2;192;197;206m<[38;2;192;197;206m=[38;2;192;197;206m [38;2;180;142;173mf64[38;2;192;197;206m::[38;2;208;135;112mEPSILON[38;2;192;197;206m [38;2;192;197;206m&[38;2;192;197;206m&[38;2;192;197;206m d.[38;2;150;181;180mabs[38;2;192;197;206m([38;2;192;197;206m)[38;2;192;197;206m [38;2;192;197;206m<[38;2;192;197;206m [38;2;208;135;112m1.[38;2;208;135;112m0e60[38;2;192;197;206m [38;2;192;197;206m{[K
[0m[48;2;40;67;43m[39m+      345[0m:[39m[48;2;24;38;30m [38;2;192;197;206m        [38;2;192;197;206mformat![38;2;192;197;206m([38;2;192;197;206m"[38;2;208;135;112m{:.0}[38;2;192;197;206m"[38;2;192;197;206m,[38;2;192;197;206m d[38;2;192;197;206m)[K
[0m[48;2;40;67;43m[39m+      346[0m:[39m[48;2;24;38;30m [38;2;192;197;206m    [38;2;192;197;206m}[38;2;192;197;206m [38;2;180;142;173melse[38;2;192;197;206m [38;2;180;142;173mif[38;2;192;197;206m d.[38;2;150;181;180mabs[38;2;192;197;206m([38;2;192;197;206m)[38;2;192;197;206m [38;2;192;197;206m<[38;2;192;197;206m [38;2;208;135;112m1.[38;2;208;135;112m0e-6[38;2;192;197;206m [38;2;192;197;206m|[38;2;192;197;206m|[38;2;192;197;206m d.[38;2;150;181;180mabs[38;2;192;197;206m([38;2;192;197;206m)[38;2;192;197;206m [38;2;192;197;206m>[38;2;192;197;206m [38;2;208;135;112m1.[38;2;208;135;112m0e9[38;2;192;197;206m [38;2;192;197;206m{[K
[0m[48;2;40;67;43m[39m+      347[0m:[39m[48;2;24;38;30m [38;2;192;197;206m        [38;2;192;197;206mformat![38;2;192;197;206m([38;2;192;197;206m"[38;2;208;135;112m{:e}[38;2;192;197;206m"[38;2;192;197;206m,[38;2;192;197;206m d[38;2;192;197;206m)[K
[0m[48;2;40;67;43m[39m+      348[0m:[39m[48;2;24;38;30m [38;2;192;197;206m    [38;2;192;197;206m}[38;2;192;197;206m [38;2;180;142;173melse[38;2;192;197;206m [38;2;192;197;206m{[K
[0m[48;2;40;67;43m[39m+      349[0m:[39m[48;2;24;38;30m [38;2;192;197;206m        [38;2;192;197;206mformat![38;2;192;197;206m([38;2;192;197;206m"[38;2;208;135;112m{}[38;2;192;197;206m"[38;2;192;197;206m,[38;2;192;197;206m d[38;2;192;197;206m)[K
[0m[48;2;40;67;43m[39m+      350[0m:[39m[48;2;24;38;30m [38;2;192;197;206m    [38;2;192;197;206m}[K
[0m[48;2;43;48;59m[39m   82, 351[0m:[39m[48;2;43;48;59m [38;2;192;197;206m}[K
[0m[48;2;40;67;43m[39m+      352[0m:[39m[48;2;24;38;30m [K
[0m[48;2;43;48;59m[39m   83, 353[0m:[39m[48;2;43;48;59m [38;2;180;142;173mfn[38;2;192;197;206m [38;2;143;161;179mwrite_json_compact[38;2;192;197;206m([38;2;191;97;106mf[38;2;192;197;206m:[38;2;192;197;206m [38;2;192;197;206m&[38;2;180;142;173mmut[38;2;192;197;206m impl [38;2;192;197;206mfmt[38;2;192;197;206m::[38;2;192;197;206mWrite, [38;2;191;97;106mvalue[38;2;192;197;206m:[38;2;192;197;206m [38;2;192;197;206m&[38;2;192;197;206mCJson[38;2;192;197;206m)[38;2;192;197;206m [38;2;192;197;206m->[38;2;192;197;206m [38;2;192;197;206mfmt[38;2;192;197;206m::[38;2;192;197;206mResult[38;2;192;197;206m [38;2;192;197;206m{[K
[0m[48;2;79;40;40m[39m-  84     [0m:[39m[48;2;36;25;28m [38;2;192;197;206m    [38;2;192;197;206munimplemented![38;2;192;197;206m([38;2;192;197;206m)[K
[0m[48;2;40;67;43m[39m+      354[0m:[39m[48;2;24;38;30m [38;2;192;197;206m    [38;2;180;142;173mmatch[38;2;192;197;206m value [38;2;192;197;206m{[K
[0m[48;2;40;67;43m[39m+      355[0m:[39m[48;2;24;38;30m [38;2;192;197;206m        [38;2;192;197;206mCJson[38;2;192;197;206m::[38;2;192;197;206mNull [38;2;192;197;206m=>[38;2;192;197;206m [38;2;192;197;206mwrite![38;2;192;197;206m([38;2;192;197;206mf,[38;2;192;197;206m [38;2;192;197;206m"[38;2;163;190;140mnull[38;2;192;197;206m"[38;2;192;197;206m)[38;2;192;197;206m,[K
[0m[48;2;40;67;43m[39m+      356[0m:[39m[48;2;24;38;30m [38;2;192;197;206m        [38;2;192;197;206mCJson[38;2;192;197;206m::[38;2;192;197;206mBool[38;2;192;197;206m([38;2;208;135;112mtrue[38;2;192;197;206m)[38;2;192;197;206m [38;2;192;197;206m=>[38;2;192;197;206m [38;2;192;197;206mwrite![38;2;192;197;206m([38;2;192;197;206mf,[38;2;192;197;206m [38;2;192;197;206m"[38;2;163;190;140mtrue[38;2;192;197;206m"[38;2;192;197;206m)[38;2;192;197;206m,[K
[0m[48;2;40;67;43m[39m+      357[0m:[39m[48;2;24;38;30m [38;2;192;197;206m        [38;2;192;197;206mCJson[38;2;192;197;206m::[38;2;192;197;206mBool[38;2;192;197;206m([38;2;208;135;112mfalse[38;2;192;197;206m)[38;2;192;197;206m [38;2;192;197;206m=>[38;2;192;197;206m [38;2;192;197;206mwrite![38;2;192;197;206m([38;2;192;197;206mf,[38;2;192;197;206m [38;2;192;197;206m"[38;2;163;190;140mfalse[38;2;192;197;206m"[38;2;192;197;206m)[38;2;192;197;206m,[K
[0m[48;2;40;67;43m[39m+      358[0m:[39m[48;2;24;38;30m [38;2;192;197;206m        [38;2;192;197;206mCJson[38;2;192;197;206m::[38;2;192;197;206mNumber[38;2;192;197;206m([38;2;192;197;206mn[38;2;192;197;206m)[38;2;192;197;206m [38;2;192;197;206m=>[38;2;192;197;206m [38;2;192;197;206mwrite![38;2;192;197;206m([38;2;192;197;206mf,[38;2;192;197;206m [38;2;192;197;206m"[38;2;208;135;112m{}[38;2;192;197;206m"[38;2;192;197;206m,[38;2;192;197;206m [38;2;150;181;180mprint_number[38;2;192;197;206m([38;2;192;197;206m*[38;2;192;197;206mn[38;2;192;197;206m)[38;2;192;197;206m)[38;2;192;197;206m,[K
[0m[48;2;40;67;43m[39m+      359[0m:[39m[48;2;24;38;30m [38;2;192;197;206m        [38;2;192;197;206mCJson[38;2;192;197;206m::[38;2;192;197;206mString[38;2;192;197;206m([38;2;192;197;206ms[38;2;192;197;206m)[38;2;192;197;206m [38;2;192;197;206m=>[38;2;192;197;206m [38;2;192;197;206mwrite![38;2;192;197;206m([38;2;192;197;206mf,[38;2;192;197;206m [38;2;192;197;206m"[38;2;208;135;112m{}[38;2;192;197;206m"[38;2;192;197;206m,[38;2;192;197;206m [38;2;150;181;180mescape_string[38;2;192;197;206m([38;2;192;197;206ms[38;2;192;197;206m)[38;2;192;197;206m)[38;2;192;197;206m,[K
[0m[48;2;40;67;43m[39m+      360[0m:[39m[48;2;24;38;30m [38;2;192;197;206m        [38;2;192;197;206mCJson[38;2;192;197;206m::[38;2;192;197;206mArray[38;2;192;197;206m([38;2;192;197;206mitems[38;2;192;197;206m)[38;2;192;197;206m [38;2;192;197;206m=>[38;2;192;197;206m [38;2;192;197;206m{[K
[0m[48;2;40;67;43m[39m+      361[0m:[39m[48;2;24;38;30m [38;2;192;197;206m            [38;2;192;197;206mwrite![38;2;192;197;206m([38;2;192;197;206mf,[38;2;192;197;206m [38;2;192;197;206m"[38;2;163;190;140m[[38;2;192;197;206m"[38;2;192;197;206m)[38;2;192;197;206m?[38;2;192;197;206m;[K
[0m[48;2;40;67;43m[39m+      362[0m:[39m[48;2;24;38;30m [38;2;192;197;206m            [38;2;180;142;173mfor[38;2;192;197;206m [38;2;192;197;206m([38;2;192;197;206mi[38;2;192;197;206m,[38;2;192;197;206m item[38;2;192;197;206m)[38;2;192;197;206m [38;2;192;197;206min[38;2;192;197;206m items.[38;2;150;181;180miter[38;2;192;197;206m([38;2;192;197;206m)[38;2;192;197;206m.[38;2;150;181;180menumerate[38;2;192;197;206m([38;2;192;197;206m)[38;2;192;197;206m [38;2;192;197;206m{[K
[0m[48;2;40;67;43m[39m+      363[0m:[39m[48;2;24;38;30m [38;2;192;197;206m                [38;2;180;142;173mif[38;2;192;197;206m i [38;2;192;197;206m>[38;2;192;197;206m [38;2;208;135;112m0[38;2;192;197;206m [38;2;192;197;206m{[K
[0m[48;2;40;67;43m[39m+      364[0m:[39m[48;2;24;38;30m [38;2;192;197;206m                    [38;2;192;197;206mwrite![38;2;192;197;206m([38;2;192;197;206mf,[38;2;192;197;206m [38;2;192;197;206m"[38;2;163;190;140m, [38;2;192;197;206m"[38;2;192;197;206m)[38;2;192;197;206m?[38;2;192;197;206m;[K
[0m[48;2;40;67;43m[39m+      365[0m:[39m[48;2;24;38;30m [38;2;192;197;206m                [38;2;192;197;206m}[K
[0m[48;2;40;67;43m[39m+      366[0m:[39m[48;2;24;38;30m [38;2;192;197;206m                [38;2;150;181;180mwrite_json_compact[38;2;192;197;206m([38;2;192;197;206mf[38;2;192;197;206m,[38;2;192;197;206m item[38;2;192;197;206m)[38;2;192;197;206m?[38;2;192;197;206m;[K
[0m[48;2;40;67;43m[39m+      367[0m:[39m[48;2;24;38;30m [38;2;192;197;206m            [38;2;192;197;206m}[K
[0m[48;2;40;67;43m[39m+      368[0m:[39m[48;2;24;38;30m [38;2;192;197;206m            [38;2;192;197;206mwrite![38;2;192;197;206m([38;2;192;197;206mf,[38;2;192;197;206m [38;2;192;197;206m"[38;2;163;190;140m][38;2;192;197;206m"[38;2;192;197;206m)[K
[0m[48;2;40;67;43m[39m+      369[0m:[39m[48;2;24;38;30m [38;2;192;197;206m        [38;2;192;197;206m}[K
[0m[48;2;40;67;43m[39m+      370[0m:[39m[48;2;24;38;30m [38;2;192;197;206m        [38;2;192;197;206mCJson[38;2;192;197;206m::[38;2;192;197;206mObject[38;2;192;197;206m([38;2;192;197;206mmap[38;2;192;197;206m)[38;2;192;197;206m [38;2;192;197;206m=>[38;2;192;197;206m [38;2;192;197;206m{[K
[0m[48;2;40;67;43m[39m+      371[0m:[39m[48;2;24;38;30m [38;2;192;197;206m            [38;2;192;197;206mwrite![38;2;192;197;206m([38;2;192;197;206mf,[38;2;192;197;206m [38;2;192;197;206m"[38;2;163;190;140m{[38;2;192;197;206m"[38;2;192;197;206m)[38;2;192;197;206m?[38;2;192;197;206m;[K
[0m[48;2;40;67;43m[39m+      372[0m:[39m[48;2;24;38;30m [38;2;192;197;206m            [38;2;180;142;173mlet[38;2;192;197;206m [38;2;180;142;173mmut[38;2;192;197;206m first [38;2;192;197;206m=[38;2;192;197;206m [38;2;208;135;112mtrue[38;2;192;197;206m;[K
[0m[48;2;40;67;43m[39m+      373[0m:[39m[48;2;24;38;30m [38;2;192;197;206m            [38;2;180;142;173mfor[38;2;192;197;206m [38;2;192;197;206m([38;2;192;197;206mkey[38;2;192;197;206m,[38;2;192;197;206m val[38;2;192;197;206m)[38;2;192;197;206m [38;2;192;197;206min[38;2;192;197;206m map [38;2;192;197;206m{[K
[0m[48;2;40;67;43m[39m+      374[0m:[39m[48;2;24;38;30m [38;2;192;197;206m                [38;2;180;142;173mif[38;2;192;197;206m [38;2;192;197;206m![38;2;192;197;206mfirst [38;2;192;197;206m{[K
[0m[48;2;40;67;43m[39m+      375[0m:[39m[48;2;24;38;30m [38;2;192;197;206m                    [38;2;192;197;206mwrite![38;2;192;197;206m([38;2;192;197;206mf,[38;2;192;197;206m [38;2;192;197;206m"[38;2;163;190;140m, [38;2;192;197;206m"[38;2;192;197;206m)[38;2;192;197;206m?[38;2;192;197;206m;[K
[0m[48;2;40;67;43m[39m+      376[0m:[39m[48;2;24;38;30m [38;2;192;197;206m                [38;2;192;197;206m}[K
[0m[48;2;40;67;43m[39m+      377[0m:[39m[48;2;24;38;30m [38;2;192;197;206m                first [38;2;192;197;206m=[38;2;192;197;206m [38;2;208;135;112mfalse[38;2;192;197;206m;[K
[0m[48;2;40;67;43m[39m+      378[0m:[39m[48;2;24;38;30m [38;2;192;197;206m                [38;2;192;197;206mwrite![38;2;192;197;206m([38;2;192;197;206mf,[38;2;192;197;206m [38;2;192;197;206m"[38;2;208;135;112m{}[38;2;163;190;140m:[38;2;192;197;206m"[38;2;192;197;206m,[38;2;192;197;206m [38;2;150;181;180mescape_string[38;2;192;197;206m([38;2;192;197;206mkey[38;2;192;197;206m)[38;2;192;197;206m)[38;2;192;197;206m?[38;2;192;197;206m;[K
[0m[48;2;40;67;43m[39m+      379[0m:[39m[48;2;24;38;30m [38;2;192;197;206m                [38;2;150;181;180mwrite_json_compact[38;2;192;197;206m([38;2;192;197;206mf[38;2;192;197;206m,[38;2;192;197;206m val[38;2;192;197;206m)[38;2;192;197;206m?[38;2;192;197;206m;[K
[0m[48;2;40;67;43m[39m+      380[0m:[39m[48;2;24;38;30m [38;2;192;197;206m            [38;2;192;197;206m}[K
[0m[48;2;40;67;43m[39m+      381[0m:[39m[48;2;24;38;30m [38;2;192;197;206m            [38;2;192;197;206mwrite![38;2;192;197;206m([38;2;192;197;206mf,[38;2;192;197;206m [38;2;192;197;206m"[38;2;150;181;180m}}[38;2;192;197;206m"[38;2;192;197;206m)[K
[0m[48;2;40;67;43m[39m+      382[0m:[39m[48;2;24;38;30m [38;2;192;197;206m        [38;2;192;197;206m}[K
[0m[48;2;40;67;43m[39m+      383[0m:[39m[48;2;24;38;30m [38;2;192;197;206m    [38;2;192;197;206m}[K
[0m[48;2;43;48;59m[39m   85, 384[0m:[39m[48;2;43;48;59m [38;2;192;197;206m}[K
[0m[48;2;43;48;59m[39m   86, 385[0m:[39m[48;2;43;48;59m [38;2;180;142;173mfn[38;2;192;197;206m [38;2;143;161;179mwrite_json_pretty[38;2;192;197;206m([38;2;191;97;106mf[38;2;192;197;206m:[38;2;192;197;206m [38;2;192;197;206m&[38;2;180;142;173mmut[38;2;192;197;206m impl [38;2;192;197;206mfmt[38;2;192;197;206m::[38;2;192;197;206mWrite, [38;2;191;97;106mvalue[38;2;192;197;206m:[38;2;192;197;206m [38;2;192;197;206m&[38;2;192;197;206mCJson, [38;2;191;97;106mindent[38;2;192;197;206m:[38;2;192;197;206m [38;2;180;142;173musize[38;2;192;197;206m)[38;2;192;197;206m [38;2;192;197;206m->[38;2;192;197;206m [38;2;192;197;206mfmt[38;2;192;197;206m::[38;2;192;197;206mResult[38;2;192;197;206m [38;2;192;197;206m{[K
[0m[48;2;79;40;40m[39m-  87     [0m:[39m[48;2;36;25;28m [38;2;192;197;206m    [38;2;192;197;206munimplemented![38;2;192;197;206m([38;2;192;197;206m)[K
[0m[48;2;40;67;43m[39m+      386[0m:[39m[48;2;24;38;30m [38;2;192;197;206m    [38;2;180;142;173mmatch[38;2;192;197;206m value [38;2;192;197;206m{[K
[0m[48;2;40;67;43m[39m+      387[0m:[39m[48;2;24;38;30m [38;2;192;197;206m        [38;2;192;197;206mCJson[38;2;192;197;206m::[38;2;192;197;206mNull [38;2;192;197;206m=>[38;2;192;197;206m [38;2;192;197;206mwrite![38;2;192;197;206m([38;2;192;197;206mf,[38;2;192;197;206m [38;2;192;197;206m"[38;2;163;190;140mnull[38;2;192;197;206m"[38;2;192;197;206m)[38;2;192;197;206m,[K
[0m[48;2;40;67;43m[39m+      388[0m:[39m[48;2;24;38;30m [38;2;192;197;206m        [38;2;192;197;206mCJson[38;2;192;197;206m::[38;2;192;197;206mBool[38;2;192;197;206m([38;2;208;135;112mtrue[38;2;192;197;206m)[38;2;192;197;206m [38;2;192;197;206m=>[38;2;192;197;206m [38;2;192;197;206mwrite![38;2;192;197;206m([38;2;192;197;206mf,[38;2;192;197;206m [38;2;192;197;206m"[38;2;163;190;140mtrue[38;2;192;197;206m"[38;2;192;197;206m)[38;2;192;197;206m,[K
[0m[48;2;40;67;43m[39m+      389[0m:[39m[48;2;24;38;30m [38;2;192;197;206m        [38;2;192;197;206mCJson[38;2;192;197;206m::[38;2;192;197;206mBool[38;2;192;197;206m([38;2;208;135;112mfalse[38;2;192;197;206m)[38;2;192;197;206m [38;2;192;197;206m=>[38;2;192;197;206m [38;2;192;197;206mwrite![38;2;192;197;206m([38;2;192;197;206mf,[38;2;192;197;206m [38;2;192;197;206m"[38;2;163;190;140mfalse[38;2;192;197;206m"[38;2;192;197;206m)[38;2;192;197;206m,[K
[0m[48;2;40;67;43m[39m+      390[0m:[39m[48;2;24;38;30m [38;2;192;197;206m        [38;2;192;197;206mCJson[38;2;192;197;206m::[38;2;192;197;206mNumber[38;2;192;197;206m([38;2;192;197;206mn[38;2;192;197;206m)[38;2;192;197;206m [38;2;192;197;206m=>[38;2;192;197;206m [38;2;192;197;206mwrite![38;2;192;197;206m([38;2;192;197;206mf,[38;2;192;197;206m [38;2;192;197;206m"[38;2;208;135;112m{}[38;2;192;197;206m"[38;2;192;197;206m,[38;2;192;197;206m [38;2;150;181;180mprint_number[38;2;192;197;206m([38;2;192;197;206m*[38;2;192;197;206mn[38;2;192;197;206m)[38;2;192;197;206m)[38;2;192;197;206m,[K
[0m[48;2;40;67;43m[39m+      391[0m:[39m[48;2;24;38;30m [38;2;192;197;206m        [38;2;192;197;206mCJson[38;2;192;197;206m::[38;2;192;197;206mString[38;2;192;197;206m([38;2;192;197;206ms[38;2;192;197;206m)[38;2;192;197;206m [38;2;192;197;206m=>[38;2;192;197;206m [38;2;192;197;206mwrite![38;2;192;197;206m([38;2;192;197;206mf,[38;2;192;197;206m [38;2;192;197;206m"[38;2;208;135;112m{}[38;2;192;197;206m"[38;2;192;197;206m,[38;2;192;197;206m [38;2;150;181;180mescape_string[38;2;192;197;206m([38;2;192;197;206ms[38;2;192;197;206m)[38;2;192;197;206m)[38;2;192;197;206m,[K
[0m[48;2;40;67;43m[39m+      392[0m:[39m[48;2;24;38;30m [38;2;192;197;206m        [38;2;192;197;206mCJson[38;2;192;197;206m::[38;2;192;197;206mArray[38;2;192;197;206m([38;2;192;197;206mitems[38;2;192;197;206m)[38;2;192;197;206m [38;2;192;197;206m=>[38;2;192;197;206m [38;2;192;197;206m{[K
[0m[48;2;40;67;43m[39m+      393[0m:[39m[48;2;24;38;30m [38;2;192;197;206m            [38;2;180;142;173mif[38;2;192;197;206m items.[38;2;150;181;180mis_empty[38;2;192;197;206m([38;2;192;197;206m)[38;2;192;197;206m [38;2;192;197;206m{[K
[0m[48;2;40;67;43m[39m+      394[0m:[39m[48;2;24;38;30m [38;2;192;197;206m                [38;2;180;142;173mreturn[38;2;192;197;206m [38;2;192;197;206mwrite![38;2;192;197;206m([38;2;192;197;206mf,[38;2;192;197;206m [38;2;192;197;206m"[38;2;163;190;140m[][38;2;192;197;206m"[38;2;192;197;206m)[38;2;192;197;206m;[K
[0m[48;2;40;67;43m[39m+      395[0m:[39m[48;2;24;38;30m [38;2;192;197;206m            [38;2;192;197;206m}[K
[0m[48;2;40;67;43m[39m+      396[0m:[39m[48;2;24;38;30m [38;2;192;197;206m            [38;2;192;197;206mwrite![38;2;192;197;206m([38;2;192;197;206mf,[38;2;192;197;206m [38;2;192;197;206m"[38;2;163;190;140m[[38;2;192;197;206m"[38;2;192;197;206m)[38;2;192;197;206m?[38;2;192;197;206m;[K
[0m[48;2;40;67;43m[39m+      397[0m:[39m[48;2;24;38;30m [38;2;192;197;206m            [38;2;180;142;173mfor[38;2;192;197;206m [38;2;192;197;206m([38;2;192;197;206mi[38;2;192;197;206m,[38;2;192;197;206m item[38;2;192;197;206m)[38;2;192;197;206m [38;2;192;197;206min[38;2;192;197;206m items.[38;2;150;181;180miter[38;2;192;197;206m([38;2;192;197;206m)[38;2;192;197;206m.[38;2;150;181;180menumerate[38;2;192;197;206m([38;2;192;197;206m)[38;2;192;197;206m [38;2;192;197;206m{[K
[0m[48;2;40;67;43m[39m+      398[0m:[39m[48;2;24;38;30m [38;2;192;197;206m                [38;2;180;142;173mif[38;2;192;197;206m i [38;2;192;197;206m>[38;2;192;197;206m [38;2;208;135;112m0[38;2;192;197;206m [38;2;192;197;206m{[K
[0m[48;2;40;67;43m[39m+      399[0m:[39m[48;2;24;38;30m [38;2;192;197;206m                    [38;2;192;197;206mwrite![38;2;192;197;206m([38;2;192;197;206mf,[38;2;192;197;206m [38;2;192;197;206m"[38;2;163;190;140m,[38;2;192;197;206m"[38;2;192;197;206m)[38;2;192;197;206m?[38;2;192;197;206m;[K
[0m[48;2;40;67;43m[39m+      400[0m:[39m[48;2;24;38;30m [38;2;192;197;206m                [38;2;192;197;206m}[K
[0m[48;2;40;67;43m[39m+      401[0m:[39m[48;2;24;38;30m [38;2;192;197;206m                [38;2;192;197;206mwrite![38;2;192;197;206m([38;2;192;197;206mf,[38;2;192;197;206m [38;2;192;197;206m"[38;2;150;181;180m\n[38;2;192;197;206m"[38;2;192;197;206m)[38;2;192;197;206m?[38;2;192;197;206m;[K
[0m[48;2;40;67;43m[39m+      402[0m:[39m[48;2;24;38;30m [38;2;192;197;206m                [38;2;180;142;173mfor[38;2;192;197;206m [38;2;192;197;206m_[38;2;192;197;206m [38;2;192;197;206min[38;2;192;197;206m [38;2;208;135;112m0[38;2;192;197;206m..[38;2;192;197;206m=[38;2;192;197;206mindent [38;2;192;197;206m{[K
[0m[48;2;40;67;43m[39m+      403[0m:[39m[48;2;24;38;30m [38;2;192;197;206m                    [38;2;192;197;206mwrite![38;2;192;197;206m([38;2;192;197;206mf,[38;2;192;197;206m [38;2;192;197;206m"[38;2;150;181;180m\t[38;2;192;197;206m"[38;2;192;197;206m)[38;2;192;197;206m?[38;2;192;197;206m;[K
[0m[48;2;40;67;43m[39m+      404[0m:[39m[48;2;24;38;30m [38;2;192;197;206m                [38;2;192;197;206m}[K
[0m[48;2;40;67;43m[39m+      405[0m:[39m[48;2;24;38;30m [38;2;192;197;206m                [38;2;150;181;180mwrite_json_pretty[38;2;192;197;206m([38;2;192;197;206mf[38;2;192;197;206m,[38;2;192;197;206m item[38;2;192;197;206m,[38;2;192;197;206m indent [38;2;192;197;206m+[38;2;192;197;206m [38;2;208;135;112m1[38;2;192;197;206m)[38;2;192;197;206m?[38;2;192;197;206m;[K
[0m[48;2;40;67;43m[39m+      406[0m:[39m[48;2;24;38;30m [38;2;192;197;206m            [38;2;192;197;206m}[K
[0m[48;2;40;67;43m[39m+      407[0m:[39m[48;2;24;38;30m [38;2;192;197;206m            [38;2;192;197;206mwrite![38;2;192;197;206m([38;2;192;197;206mf,[38;2;192;197;206m [38;2;192;197;206m"[38;2;150;181;180m\n[38;2;192;197;206m"[38;2;192;197;206m)[38;2;192;197;206m?[38;2;192;197;206m;[K
[0m[48;2;40;67;43m[39m+      408[0m:[39m[48;2;24;38;30m [38;2;192;197;206m            [38;2;180;142;173mfor[38;2;192;197;206m [38;2;192;197;206m_[38;2;192;197;206m [38;2;192;197;206min[38;2;192;197;206m [38;2;208;135;112m0[38;2;192;197;206m..[38;2;192;197;206mindent [38;2;192;197;206m{[K
[0m[48;2;40;67;43m[39m+      409[0m:[39m[48;2;24;38;30m [38;2;192;197;206m                [38;2;192;197;206mwrite![38;2;192;197;206m([38;2;192;197;206mf,[38;2;192;197;206m [38;2;192;197;206m"[38;2;150;181;180m\t[38;2;192;197;206m"[38;2;192;197;206m)[38;2;192;197;206m?[38;2;192;197;206m;[K
[0m[48;2;40;67;43m[39m+      410[0m:[39m[48;2;24;38;30m [38;2;192;197;206m            [38;2;192;197;206m}[K
[0m[48;2;40;67;43m[39m+      411[0m:[39m[48;2;24;38;30m [38;2;192;197;206m            [38;2;192;197;206mwrite![38;2;192;197;206m([38;2;192;197;206mf,[38;2;192;197;206m [38;2;192;197;206m"[38;2;163;190;140m][38;2;192;197;206m"[38;2;192;197;206m)[K
[0m[48;2;40;67;43m[39m+      412[0m:[39m[48;2;24;38;30m [38;2;192;197;206m        [38;2;192;197;206m}[K
[0m[48;2;40;67;43m[39m+      413[0m:[39m[48;2;24;38;30m [38;2;192;197;206m        [38;2;192;197;206mCJson[38;2;192;197;206m::[38;2;192;197;206mObject[38;2;192;197;206m([38;2;192;197;206mmap[38;2;192;197;206m)[38;2;192;197;206m [38;2;192;197;206m=>[38;2;192;197;206m [38;2;192;197;206m{[K
[0m[48;2;40;67;43m[39m+      414[0m:[39m[48;2;24;38;30m [38;2;192;197;206m            [38;2;180;142;173mif[38;2;192;197;206m map.[38;2;150;181;180mis_empty[38;2;192;197;206m([38;2;192;197;206m)[38;2;192;197;206m [38;2;192;197;206m{[K
[0m[48;2;40;67;43m[39m+      415[0m:[39m[48;2;24;38;30m [38;2;192;197;206m                [38;2;192;197;206mwrite![38;2;192;197;206m([38;2;192;197;206mf,[38;2;192;197;206m [38;2;192;197;206m"[38;2;150;181;180m{{[38;2;150;181;180m\n[38;2;192;197;206m"[38;2;192;197;206m)[38;2;192;197;206m?[38;2;192;197;206m;[K
[0m[48;2;40;67;43m[39m+      416[0m:[39m[48;2;24;38;30m [38;2;192;197;206m                [38;2;180;142;173mfor[38;2;192;197;206m [38;2;192;197;206m_[38;2;192;197;206m [38;2;192;197;206min[38;2;192;197;206m [38;2;208;135;112m0[38;2;192;197;206m..[38;2;192;197;206mindent.[38;2;150;181;180msaturating_sub[38;2;192;197;206m([38;2;208;135;112m1[38;2;192;197;206m)[38;2;192;197;206m [38;2;192;197;206m{[K
[0m[48;2;40;67;43m[39m+      417[0m:[39m[48;2;24;38;30m [38;2;192;197;206m                    [38;2;192;197;206mwrite![38;2;192;197;206m([38;2;192;197;206mf,[38;2;192;197;206m [38;2;192;197;206m"[38;2;150;181;180m\t[38;2;192;197;206m"[38;2;192;197;206m)[38;2;192;197;206m?[38;2;192;197;206m;[K
[0m[48;2;40;67;43m[39m+      418[0m:[39m[48;2;24;38;30m [38;2;192;197;206m                [38;2;192;197;206m}[K
[0m[48;2;40;67;43m[39m+      419[0m:[39m[48;2;24;38;30m [38;2;192;197;206m                [38;2;180;142;173mreturn[38;2;192;197;206m [38;2;192;197;206mwrite![38;2;192;197;206m([38;2;192;197;206mf,[38;2;192;197;206m [38;2;192;197;206m"[38;2;150;181;180m}}[38;2;192;197;206m"[38;2;192;197;206m)[38;2;192;197;206m;[K
[0m[48;2;40;67;43m[39m+      420[0m:[39m[48;2;24;38;30m [38;2;192;197;206m            [38;2;192;197;206m}[K
[0m[48;2;40;67;43m[39m+      421[0m:[39m[48;2;24;38;30m [38;2;192;197;206m            [38;2;192;197;206mwrite![38;2;192;197;206m([38;2;192;197;206mf,[38;2;192;197;206m [38;2;192;197;206m"[38;2;150;181;180m{{[38;2;150;181;180m\n[38;2;192;197;206m"[38;2;192;197;206m)[38;2;192;197;206m?[38;2;192;197;206m;[K
[0m[48;2;40;67;43m[39m+      422[0m:[39m[48;2;24;38;30m [38;2;192;197;206m            [38;2;180;142;173mlet[38;2;192;197;206m entries[38;2;192;197;206m:[38;2;192;197;206m [38;2;192;197;206mVec[38;2;192;197;206m<[38;2;192;197;206m_[38;2;192;197;206m>[38;2;192;197;206m [38;2;192;197;206m=[38;2;192;197;206m map.[38;2;150;181;180miter[38;2;192;197;206m([38;2;192;197;206m)[38;2;192;197;206m.[38;2;150;181;180mcollect[38;2;192;197;206m([38;2;192;197;206m)[38;2;192;197;206m;[K
[0m[48;2;40;67;43m[39m+      423[0m:[39m[48;2;24;38;30m [38;2;192;197;206m            [38;2;180;142;173mfor[38;2;192;197;206m [38;2;192;197;206m([38;2;192;197;206mi[38;2;192;197;206m,[38;2;192;197;206m [38;2;192;197;206m([38;2;192;197;206mkey[38;2;192;197;206m,[38;2;192;197;206m val[38;2;192;197;206m)[38;2;192;197;206m)[38;2;192;197;206m [38;2;192;197;206min[38;2;192;197;206m entries.[38;2;150;181;180miter[38;2;192;197;206m([38;2;192;197;206m)[38;2;192;197;206m.[38;2;150;181;180menumerate[38;2;192;197;206m([38;2;192;197;206m)[38;2;192;197;206m [38;2;192;197;206m{[K
[0m[48;2;40;67;43m[39m+      424[0m:[39m[48;2;24;38;30m [38;2;192;197;206m                [38;2;180;142;173mfor[38;2;192;197;206m [38;2;192;197;206m_[38;2;192;197;206m [38;2;192;197;206min[38;2;192;197;206m [38;2;208;135;112m0[38;2;192;197;206m..[38;2;192;197;206m=[38;2;192;197;206mindent [38;2;192;197;206m{[K
[0m[48;2;40;67;43m[39m+      425[0m:[39m[48;2;24;38;30m [38;2;192;197;206m                    [38;2;192;197;206mwrite![38;2;192;197;206m([38;2;192;197;206mf,[38;2;192;197;206m [38;2;192;197;206m"[38;2;150;181;180m\t[38;2;192;197;206m"[38;2;192;197;206m)[38;2;192;197;206m?[38;2;192;197;206m;[K
[0m[48;2;40;67;43m[39m+      426[0m:[39m[48;2;24;38;30m [38;2;192;197;206m                [38;2;192;197;206m}[K
[0m[48;2;40;67;43m[39m+      427[0m:[39m[48;2;24;38;30m [38;2;192;197;206m                [38;2;192;197;206mwrite![38;2;192;197;206m([38;2;192;197;206mf,[38;2;192;197;206m [38;2;192;197;206m"[38;2;208;135;112m{}[38;2;163;190;140m:[38;2;150;181;180m\t[38;2;192;197;206m"[38;2;192;197;206m,[38;2;192;197;206m [38;2;150;181;180mescape_string[38;2;192;197;206m([38;2;192;197;206mkey[38;2;192;197;206m)[38;2;192;197;206m)[38;2;192;197;206m?[38;2;192;197;206m;[K
[0m[48;2;40;67;43m[39m+      428[0m:[39m[48;2;24;38;30m [38;2;192;197;206m                [38;2;150;181;180mwrite_json_pretty[38;2;192;197;206m([38;2;192;197;206mf[38;2;192;197;206m,[38;2;192;197;206m val[38;2;192;197;206m,[38;2;192;197;206m indent [38;2;192;197;206m+[38;2;192;197;206m [38;2;208;135;112m1[38;2;192;197;206m)[38;2;192;197;206m?[38;2;192;197;206m;[K
[0m[48;2;40;67;43m[39m+      429[0m:[39m[48;2;24;38;30m [38;2;192;197;206m                [38;2;180;142;173mif[38;2;192;197;206m i [38;2;192;197;206m<[38;2;192;197;206m entries.[38;2;150;181;180mlen[38;2;192;197;206m([38;2;192;197;206m)[38;2;192;197;206m [38;2;192;197;206m-[38;2;192;197;206m [38;2;208;135;112m1[38;2;192;197;206m [38;2;192;197;206m{[K
[0m[48;2;40;67;43m[39m+      430[0m:[39m[48;2;24;38;30m [38;2;192;197;206m                    [38;2;192;197;206mwrite![38;2;192;197;206m([38;2;192;197;206mf,[38;2;192;197;206m [38;2;192;197;206m"[38;2;163;190;140m,[38;2;192;197;206m"[38;2;192;197;206m)[38;2;192;197;206m?[38;2;192;197;206m;[K
[0m[48;2;40;67;43m[39m+      431[0m:[39m[48;2;24;38;30m [38;2;192;197;206m                [38;2;192;197;206m}[K
[0m[48;2;40;67;43m[39m+      432[0m:[39m[48;2;24;38;30m [38;2;192;197;206m                [38;2;192;197;206mwrite![38;2;192;197;206m([38;2;192;197;206mf,[38;2;192;197;206m [38;2;192;197;206m"[38;2;150;181;180m\n[38;2;192;197;206m"[38;2;192;197;206m)[38;2;192;197;206m?[38;2;192;197;206m;[K
[0m[48;2;40;67;43m[39m+      433[0m:[39m[48;2;24;38;30m [38;2;192;197;206m            [38;2;192;197;206m}[K
[0m[48;2;40;67;43m[39m+      434[0m:[39m[48;2;24;38;30m [38;2;192;197;206m            [38;2;180;142;173mfor[38;2;192;197;206m [38;2;192;197;206m_[38;2;192;197;206m [38;2;192;197;206min[38;2;192;197;206m [38;2;208;135;112m0[38;2;192;197;206m..[38;2;192;197;206mindent [38;2;192;197;206m{[K
[0m[48;2;40;67;43m[39m+      435[0m:[39m[48;2;24;38;30m [38;2;192;197;206m                [38;2;192;197;206mwrite![38;2;192;197;206m([38;2;192;197;206mf,[38;2;192;197;206m [38;2;192;197;206m"[38;2;150;181;180m\t[38;2;192;197;206m"[38;2;192;197;206m)[38;2;192;197;206m?[38;2;192;197;206m;[K
[0m[48;2;40;67;43m[39m+      436[0m:[39m[48;2;24;38;30m [38;2;192;197;206m            [38;2;192;197;206m}[K
[0m[48;2;40;67;43m[39m+      437[0m:[39m[48;2;24;38;30m [38;2;192;197;206m            [38;2;192;197;206mwrite![38;2;192;197;206m([38;2;192;197;206mf,[38;2;192;197;206m [38;2;192;197;206m"[38;2;150;181;180m}}[38;2;192;197;206m"[38;2;192;197;206m)[K
[0m[48;2;40;67;43m[39m+      438[0m:[39m[48;2;24;38;30m [38;2;192;197;206m        [38;2;192;197;206m}[K
[0m[48;2;40;67;43m[39m+      439[0m:[39m[48;2;24;38;30m [38;2;192;197;206m    [38;2;192;197;206m}[K
[0m[48;2;43;48;59m[39m   88, 440[0m:[39m[48;2;43;48;59m [38;2;192;197;206m}[K
[0m[48;2;43;48;59m[39m   89, 441[0m:[39m[48;2;43;48;59m [38;2;180;142;173mimpl[38;2;192;197;206m [38;2;192;197;206mCJson[38;2;192;197;206m [38;2;192;197;206m{[K
[0m[48;2;43;48;59m[39m   90, 442[0m:[39m[48;2;43;48;59m [38;2;192;197;206m    [38;2;180;142;173mpub[38;2;192;197;206m [38;2;180;142;173mfn[38;2;192;197;206m [38;2;143;161;179mprint_unformatted[38;2;192;197;206m([38;2;192;197;206m&[38;2;191;97;106mself[38;2;192;197;206m)[38;2;192;197;206m [38;2;192;197;206m->[38;2;192;197;206m String[38;2;192;197;206m [38;2;192;197;206m{[K
[0m[48;2;79;40;40m[39m-  91     [0m:[39m[48;2;36;25;28m [38;2;192;197;206m        [38;2;192;197;206munimplemented![38;2;192;197;206m([38;2;192;197;206m)[K
[0m[48;2;40;67;43m[39m+      443[0m:[39m[48;2;24;38;30m [38;2;192;197;206m        [38;2;180;142;173mlet[38;2;192;197;206m [38;2;180;142;173mmut[38;2;192;197;206m s [38;2;192;197;206m=[38;2;192;197;206m [38;2;192;197;206mstd[38;2;192;197;206m::[38;2;192;197;206mstring[38;2;192;197;206m::[38;2;192;197;206mString[38;2;192;197;206m::[38;2;192;197;206mnew[38;2;192;197;206m([38;2;192;197;206m)[38;2;192;197;206m;[K
[0m[48;2;40;67;43m[39m+      444[0m:[39m[48;2;24;38;30m [38;2;192;197;206m        [38;2;150;181;180mwrite_json_compact[38;2;192;197;206m([38;2;192;197;206m&[38;2;180;142;173mmut[38;2;192;197;206m s[38;2;192;197;206m,[38;2;192;197;206m [38;2;191;97;106mself[38;2;192;197;206m)[38;2;192;197;206m.[38;2;150;181;180munwrap[38;2;192;197;206m([38;2;192;197;206m)[38;2;192;197;206m;[K
[0m[48;2;40;67;43m[39m+      445[0m:[39m[48;2;24;38;30m [38;2;192;197;206m        s[K
[0m[48;2;43;48;59m[39m   92, 446[0m:[39m[48;2;43;48;59m [38;2;192;197;206m    [38;2;192;197;206m}[K
[0m[48;2;43;48;59m[39m   93, 447[0m:[39m[48;2;43;48;59m [38;2;192;197;206m    [38;2;180;142;173mpub[38;2;192;197;206m [38;2;180;142;173mfn[38;2;192;197;206m [38;2;143;161;179mprint_formatted[38;2;192;197;206m([38;2;192;197;206m&[38;2;191;97;106mself[38;2;192;197;206m)[38;2;192;197;206m [38;2;192;197;206m->[38;2;192;197;206m String[38;2;192;197;206m [38;2;192;197;206m{[K
[0m[48;2;79;40;40m[39m-  94     [0m:[39m[48;2;36;25;28m [38;2;192;197;206m        [38;2;192;197;206munimplemented![38;2;192;197;206m([38;2;192;197;206m)[K
[0m[48;2;40;67;43m[39m+      448[0m:[39m[48;2;24;38;30m [38;2;192;197;206m        [38;2;180;142;173mlet[38;2;192;197;206m [38;2;180;142;173mmut[38;2;192;197;206m s [38;2;192;197;206m=[38;2;192;197;206m [38;2;192;197;206mstd[38;2;192;197;206m::[38;2;192;197;206mstring[38;2;192;197;206m::[38;2;192;197;206mString[38;2;192;197;206m::[38;2;192;197;206mnew[38;2;192;197;206m([38;2;192;197;206m)[38;2;192;197;206m;[K
[0m[48;2;40;67;43m[39m+      449[0m:[39m[48;2;24;38;30m [38;2;192;197;206m        [38;2;150;181;180mwrite_json_pretty[38;2;192;197;206m([38;2;192;197;206m&[38;2;180;142;173mmut[38;2;192;197;206m s[38;2;192;197;206m,[38;2;192;197;206m [38;2;191;97;106mself[38;2;192;197;206m,[38;2;192;197;206m [38;2;208;135;112m0[38;2;192;197;206m)[38;2;192;197;206m.[38;2;150;181;180munwrap[38;2;192;197;206m([38;2;192;197;206m)[38;2;192;197;206m;[K
[0m[48;2;40;67;43m[39m+      450[0m:[39m[48;2;24;38;30m [38;2;192;197;206m        s[K
[0m[48;2;43;48;59m[39m   95, 451[0m:[39m[48;2;43;48;59m [38;2;192;197;206m    [38;2;192;197;206m}[K
[0m[48;2;43;48;59m[39m   96, 452[0m:[39m[48;2;43;48;59m [38;2;192;197;206m    [38;2;180;142;173mpub[38;2;192;197;206m [38;2;180;142;173mfn[38;2;192;197;206m [38;2;143;161;179mget_array_size[38;2;192;197;206m([38;2;192;197;206m&[38;2;191;97;106mself[38;2;192;197;206m)[38;2;192;197;206m [38;2;192;197;206m->[38;2;192;197;206m [38;2;192;197;206mOption[38;2;192;197;206m<[38;2;180;142;173musize[38;2;192;197;206m>[38;2;192;197;206m [38;2;192;197;206m{[K
[0m[48;2;79;40;40m[39m-  97     [0m:[39m[48;2;36;25;28m [38;2;192;197;206m        [38;2;192;197;206munimplemented![38;2;192;197;206m([38;2;192;197;206m)[K
[0m[48;2;40;67;43m[39m+      453[0m:[39m[48;2;24;38;30m [38;2;192;197;206m        [38;2;180;142;173mmatch[38;2;192;197;206m [38;2;191;97;106mself[38;2;192;197;206m [38;2;192;197;206m{[K
[0m[48;2;40;67;43m[39m+      454[0m:[39m[48;2;24;38;30m [38;2;192;197;206m            [38;2;192;197;206mCJson[38;2;192;197;206m::[38;2;192;197;206mArray[38;2;192;197;206m([38;2;192;197;206mv[38;2;192;197;206m)[38;2;192;197;206m [38;2;192;197;206m=>[38;2;192;197;206m [38;2;192;197;206mSome[38;2;192;197;206m([38;2;192;197;206mv.[38;2;150;181;180mlen[38;2;192;197;206m([38;2;192;197;206m)[38;2;192;197;206m)[38;2;192;197;206m,[K
[0m[48;2;40;67;43m[39m+      455[0m:[39m[48;2;24;38;30m [38;2;192;197;206m            [38;2;192;197;206m_[38;2;192;197;206m [38;2;192;197;206m=>[38;2;192;197;206m [38;2;192;197;206mNone[38;2;192;197;206m,[K
[0m[48;2;40;67;43m[39m+      456[0m:[39m[48;2;24;38;30m [38;2;192;197;206m        [38;2;192;197;206m}[K
[0m[48;2;43;48;59m[39m   98, 457[0m:[39m[48;2;43;48;59m [38;2;192;197;206m    [38;2;192;197;206m}[K
[0m[48;2;43;48;59m[39m   99, 458[0m:[39m[48;2;43;48;59m [38;2;192;197;206m    [38;2;180;142;173mpub[38;2;192;197;206m [38;2;180;142;173mfn[38;2;192;197;206m [38;2;143;161;179mget_array_item[38;2;192;197;206m([38;2;192;197;206m&[38;2;191;97;106mself[38;2;192;197;206m, [38;2;191;97;106mindex[38;2;192;197;206m:[38;2;192;197;206m [38;2;180;142;173musize[38;2;192;197;206m)[38;2;192;197;206m [38;2;192;197;206m->[38;2;192;197;206m [38;2;192;197;206mOption[38;2;192;197;206m<[38;2;192;197;206m&[38;2;192;197;206mCJson[38;2;192;197;206m>[38;2;192;197;206m [38;2;192;197;206m{[K
[0m[48;2;79;40;40m[39m- 100     [0m:[39m[48;2;36;25;28m [38;2;192;197;206m        [38;2;192;197;206munimplemented![38;2;192;197;206m([38;2;192;197;206m)[K
[0m[48;2;40;67;43m[39m+      459[0m:[39m[48;2;24;38;30m [38;2;192;197;206m        [38;2;180;142;173mmatch[38;2;192;197;206m [38;2;191;97;106mself[38;2;192;197;206m [38;2;192;197;206m{[K
[0m[48;2;40;67;43m[39m+      460[0m:[39m[48;2;24;38;30m [38;2;192;197;206m            [38;2;192;197;206mCJson[38;2;192;197;206m::[38;2;192;197;206mArray[38;2;192;197;206m([38;2;192;197;206mv[38;2;192;197;206m)[38;2;192;197;206m [38;2;192;197;206m=>[38;2;192;197;206m v.[38;2;150;181;180mget[38;2;192;197;206m([38;2;192;197;206mindex[38;2;192;197;206m)[38;2;192;197;206m,[K
[0m[48;2;40;67;43m[39m+      461[0m:[39m[48;2;24;38;30m [38;2;192;197;206m            [38;2;192;197;206m_[38;2;192;197;206m [38;2;192;197;206m=>[38;2;192;197;206m [38;2;192;197;206mNone[38;2;192;197;206m,[K
[0m[48;2;40;67;43m[39m+      462[0m:[39m[48;2;24;38;30m [38;2;192;197;206m        [38;2;192;197;206m}[K
[0m[48;2;43;48;59m[39m  101, 463[0m:[39m[48;2;43;48;59m [38;2;192;197;206m    [38;2;192;197;206m}[K
[0m[48;2;43;48;59m[39m  102, 464[0m:[39m[48;2;43;48;59m [38;2;192;197;206m    [38;2;180;142;173mpub[38;2;192;197;206m [38;2;180;142;173mfn[38;2;192;197;206m [38;2;143;161;179mget_object_item[38;2;192;197;206m([38;2;192;197;206m&[38;2;191;97;106mself[38;2;192;197;206m, [38;2;191;97;106mkey[38;2;192;197;206m:[38;2;192;197;206m [38;2;192;197;206m&[38;2;180;142;173mstr[38;2;192;197;206m)[38;2;192;197;206m [38;2;192;197;206m->[38;2;192;197;206m [38;2;192;197;206mOption[38;2;192;197;206m<[38;2;192;197;206m&[38;2;192;197;206mCJson[38;2;192;197;206m>[38;2;192;197;206m [38;2;192;197;206m{[K
[0m[48;2;79;40;40m[39m- 103     [0m:[39m[48;2;36;25;28m [38;2;192;197;206m        [38;2;192;197;206munimplemented![38;2;192;197;206m([38;2;192;197;206m)[K
[0m[48;2;40;67;43m[39m+      465[0m:[39m[48;2;24;38;30m [38;2;192;197;206m        [38;2;180;142;173mmatch[38;2;192;197;206m [38;2;191;97;106mself[38;2;192;197;206m [38;2;192;197;206m{[K
[0m[48;2;40;67;43m[39m+      466[0m:[39m[48;2;24;38;30m [38;2;192;197;206m            [38;2;192;197;206mCJson[38;2;192;197;206m::[38;2;192;197;206mObject[38;2;192;197;206m([38;2;192;197;206mmap[38;2;192;197;206m)[38;2;192;197;206m [38;2;192;197;206m=>[38;2;192;197;206m [38;2;192;197;206m{[K
[0m[48;2;40;67;43m[39m+      467[0m:[39m[48;2;24;38;30m [38;2;192;197;206m                [38;2;101;115;126m//[38;2;101;115;126m C version uses case-insensitive comparison[K
[0m[48;2;40;67;43m[39m+      468[0m:[39m[48;2;24;38;30m [38;2;192;197;206m                [38;2;180;142;173mlet[38;2;192;197;206m key_lower [38;2;192;197;206m=[38;2;192;197;206m key.[38;2;150;181;180mto_ascii_lowercase[38;2;192;197;206m([38;2;192;197;206m)[38;2;192;197;206m;[K
[0m[48;2;40;67;43m[39m+      469[0m:[39m[48;2;24;38;30m [38;2;192;197;206m                map.[38;2;150;181;180miter[38;2;192;197;206m([38;2;192;197;206m)[K
[0m[48;2;40;67;43m[39m+      470[0m:[39m[48;2;24;38;30m [38;2;192;197;206m                    .[38;2;150;181;180mfind[38;2;192;197;206m([38;2;192;197;206m|[38;2;192;197;206m([38;2;191;97;106mk[38;2;192;197;206m,[38;2;192;197;206m _[38;2;192;197;206m)[38;2;192;197;206m|[38;2;192;197;206m [38;2;192;197;206mk.[38;2;150;181;180mto_ascii_lowercase[38;2;192;197;206m([38;2;192;197;206m)[38;2;192;197;206m [38;2;192;197;206m=[38;2;192;197;206m=[38;2;192;197;206m key_lower[38;2;192;197;206m)[K
[0m[48;2;40;67;43m[39m+      471[0m:[39m[48;2;24;38;30m [38;2;192;197;206m                    .[38;2;150;181;180mmap[38;2;192;197;206m([38;2;192;197;206m|[38;2;192;197;206m([38;2;192;197;206m_[38;2;192;197;206m,[38;2;192;197;206m [38;2;191;97;106mv[38;2;192;197;206m)[38;2;192;197;206m|[38;2;192;197;206m [38;2;192;197;206mv[38;2;192;197;206m)[K
[0m[48;2;40;67;43m[39m+      472[0m:[39m[48;2;24;38;30m [38;2;192;197;206m            [38;2;192;197;206m}[K
[0m[48;2;40;67;43m[39m+      473[0m:[39m[48;2;24;38;30m [38;2;192;197;206m            [38;2;192;197;206m_[38;2;192;197;206m [38;2;192;197;206m=>[38;2;192;197;206m [38;2;192;197;206mNone[38;2;192;197;206m,[K
[0m[48;2;40;67;43m[39m+      474[0m:[39m[48;2;24;38;30m [38;2;192;197;206m        [38;2;192;197;206m}[K
[0m[48;2;43;48;59m[39m  104, 475[0m:[39m[48;2;43;48;59m [38;2;192;197;206m    [38;2;192;197;206m}[K
[0m[48;2;43;48;59m[39m  105, 476[0m:[39m[48;2;43;48;59m [38;2;192;197;206m    [38;2;180;142;173mpub[38;2;192;197;206m [38;2;180;142;173mfn[38;2;192;197;206m [38;2;143;161;179mcreate_null[38;2;192;197;206m([38;2;192;197;206m)[38;2;192;197;206m [38;2;192;197;206m->[38;2;192;197;206m [38;2;180;142;173mSelf[38;2;192;197;206m [38;2;192;197;206m{[K
[0m[48;2;79;40;40m[39m- 106     [0m:[39m[48;2;36;25;28m [38;2;192;197;206m        [38;2;192;197;206munimplemented![38;2;192;197;206m([38;2;192;197;206m)[K
[0m[48;2;40;67;43m[39m+      477[0m:[39m[48;2;24;38;30m [38;2;192;197;206m        [38;2;192;197;206mCJson[38;2;192;197;206m::[38;2;192;197;206mNull[K
[0m[48;2;43;48;59m[39m  107, 478[0m:[39m[48;2;43;48;59m [38;2;192;197;206m    [38;2;192;197;206m}[K
[0m[48;2;43;48;59m[39m  108, 479[0m:[39m[48;2;43;48;59m [38;2;192;197;206m    [38;2;180;142;173mpub[38;2;192;197;206m [38;2;180;142;173mfn[38;2;192;197;206m [38;2;143;161;179mcreate_bool[38;2;192;197;206m([38;2;191;97;106mb[38;2;192;197;206m:[38;2;192;197;206m [38;2;180;142;173mbool[38;2;192;197;206m)[38;2;192;197;206m [38;2;192;197;206m->[38;2;192;197;206m [38;2;180;142;173mSelf[38;2;192;197;206m [38;2;192;197;206m{[K
[0m[48;2;79;40;40m[39m- 109     [0m:[39m[48;2;36;25;28m [38;2;192;197;206m        [38;2;192;197;206munimplemented![38;2;192;197;206m([38;2;192;197;206m)[K
[0m[48;2;40;67;43m[39m+      480[0m:[39m[48;2;24;38;30m [38;2;192;197;206m        [38;2;192;197;206mCJson[38;2;192;197;206m::[38;2;192;197;206mBool[38;2;192;197;206m([38;2;192;197;206mb[38;2;192;197;206m)[K
[0m[48;2;43;48;59m[39m  110, 481[0m:[39m[48;2;43;48;59m [38;2;192;197;206m    [38;2;192;197;206m}[K
[0m[48;2;43;48;59m[39m  111, 482[0m:[39m[48;2;43;48;59m [38;2;192;197;206m    [38;2;180;142;173mpub[38;2;192;197;206m [38;2;180;142;173mfn[38;2;192;197;206m [38;2;143;161;179mcreate_number[38;2;192;197;206m([38;2;191;97;106mn[38;2;192;197;206m:[38;2;192;197;206m [38;2;180;142;173mf64[38;2;192;197;206m)[38;2;192;197;206m [38;2;192;197;206m->[38;2;192;197;206m [38;2;180;142;173mSelf[38;2;192;197;206m [38;2;192;197;206m{[K
[0m[48;2;79;40;40m[39m- 112     [0m:[39m[48;2;36;25;28m [38;2;192;197;206m        [38;2;192;197;206munimplemented![38;2;192;197;206m([38;2;192;197;206m)[K
[0m[48;2;40;67;43m[39m+      483[0m:[39m[48;2;24;38;30m [38;2;192;197;206m        [38;2;192;197;206mCJson[38;2;192;197;206m::[38;2;192;197;206mNumber[38;2;192;197;206m([38;2;192;197;206mn[38;2;192;197;206m)[K
[0m[48;2;43;48;59m[39m  113, 484[0m:[39m[48;2;43;48;59m [38;2;192;197;206m    [38;2;192;197;206m}[K
[0m[48;2;43;48;59m[39m  114, 485[0m:[39m[48;2;43;48;59m [38;2;192;197;206m    [38;2;180;142;173mpub[38;2;192;197;206m [38;2;180;142;173mfn[38;2;192;197;206m [38;2;143;161;179mcreate_string[38;2;192;197;206m<[38;2;192;197;206mS[38;2;192;197;206m:[38;2;192;197;206m [38;2;192;197;206mInto[38;2;192;197;206m<[38;2;192;197;206mString[38;2;192;197;206m>[38;2;192;197;206m>[38;2;192;197;206m([38;2;191;97;106ms[38;2;192;197;206m:[38;2;192;197;206m S[38;2;192;197;206m)[38;2;192;197;206m [38;2;192;197;206m->[38;2;192;197;206m [38;2;180;142;173mSelf[38;2;192;197;206m [38;2;192;197;206m{[K
[0m[48;2;79;40;40m[39m- 115     [0m:[39m[48;2;36;25;28m [38;2;192;197;206m        [38;2;192;197;206munimplemented![38;2;192;197;206m([38;2;192;197;206m)[K
[0m[48;2;40;67;43m[39m+      486[0m:[39m[48;2;24;38;30m [38;2;192;197;206m        [38;2;192;197;206mCJson[38;2;192;197;206m::[38;2;192;197;206mString[38;2;192;197;206m([38;2;192;197;206ms.[38;2;150;181;180minto[38;2;192;197;206m([38;2;192;197;206m)[38;2;192;197;206m)[K
[0m[48;2;43;48;59m[39m  116, 487[0m:[39m[48;2;43;48;59m [38;2;192;197;206m    [38;2;192;197;206m}[K
[0m[48;2;43;48;59m[39m  117, 488[0m:[39m[48;2;43;48;59m [38;2;192;197;206m    [38;2;180;142;173mpub[38;2;192;197;206m [38;2;180;142;173mfn[38;2;192;197;206m [38;2;143;161;179mcreate_array[38;2;192;197;206m([38;2;192;197;206m)[38;2;192;197;206m [38;2;192;197;206m->[38;2;192;197;206m [38;2;180;142;173mSelf[38;2;192;197;206m [38;2;192;197;206m{[K
[0m[48;2;79;40;40m[39m- 118     [0m:[39m[48;2;36;25;28m [38;2;192;197;206m        [38;2;192;197;206munimplemented![38;2;192;197;206m([38;2;192;197;206m)[K
[0m[48;2;40;67;43m[39m+      489[0m:[39m[48;2;24;38;30m [38;2;192;197;206m        [38;2;192;197;206mCJson[38;2;192;197;206m::[38;2;192;197;206mArray[38;2;192;197;206m([38;2;192;197;206mVec[38;2;192;197;206m::[38;2;192;197;206mnew[38;2;192;197;206m([38;2;192;197;206m)[38;2;192;197;206m)[K
[0m[48;2;43;48;59m[39m  119, 490[0m:[39m[48;2;43;48;59m [38;2;192;197;206m    [38;2;192;197;206m}[K
[0m[48;2;43;48;59m[39m  120, 491[0m:[39m[48;2;43;48;59m [38;2;192;197;206m    [38;2;180;142;173mpub[38;2;192;197;206m [38;2;180;142;173mfn[38;2;192;197;206m [38;2;143;161;179mcreate_object[38;2;192;197;206m([38;2;192;197;206m)[38;2;192;197;206m [38;2;192;197;206m->[38;2;192;197;206m [38;2;180;142;173mSelf[38;2;192;197;206m [38;2;192;197;206m{[K
[0m[48;2;79;40;40m[39m- 121     [0m:[39m[48;2;36;25;28m [38;2;192;197;206m        [38;2;192;197;206munimplemented![38;2;192;197;206m([38;2;192;197;206m)[K
[0m[48;2;40;67;43m[39m+      492[0m:[39m[48;2;24;38;30m [38;2;192;197;206m        [38;2;192;197;206mCJson[38;2;192;197;206m::[38;2;192;197;206mObject[38;2;192;197;206m([38;2;192;197;206mHashMap[38;2;192;197;206m::[38;2;192;197;206mnew[38;2;192;197;206m([38;2;192;197;206m)[38;2;192;197;206m)[K
[0m[48;2;43;48;59m[39m  122, 493[0m:[39m[48;2;43;48;59m [38;2;192;197;206m    [38;2;192;197;206m}[K
[0m[48;2;43;48;59m[39m  123, 494[0m:[39m[48;2;43;48;59m [38;2;192;197;206m    [38;2;180;142;173mpub[38;2;192;197;206m [38;2;180;142;173mfn[38;2;192;197;206m [38;2;143;161;179madd_item_to_array[38;2;192;197;206m([38;2;192;197;206m&[38;2;180;142;173mmut[38;2;192;197;206m [38;2;191;97;106mself[38;2;192;197;206m, [38;2;191;97;106mitem[38;2;192;197;206m:[38;2;192;197;206m CJson[38;2;192;197;206m)[38;2;192;197;206m [38;2;192;197;206m->[38;2;192;197;206m [38;2;192;197;206mResult[38;2;192;197;206m<[38;2;192;197;206m([38;2;192;197;206m)[38;2;192;197;206m, [38;2;192;197;206m&[38;2;180;142;173m'static[38;2;192;197;206m [38;2;180;142;173mstr[38;2;192;197;206m>[38;2;192;197;206m [38;2;192;197;206m{[K
[0m[48;2;79;40;40m[39m- 124     [0m:[39m[48;2;36;25;28m [38;2;192;197;206m        [38;2;192;197;206munimplemented![38;2;192;197;206m([38;2;192;197;206m)[K
[0m[48;2;40;67;43m[39m+      495[0m:[39m[48;2;24;38;30m [38;2;192;197;206m        [38;2;180;142;173mmatch[38;2;192;197;206m [38;2;191;97;106mself[38;2;192;197;206m [38;2;192;197;206m{[K
[0m[48;2;40;67;43m[39m+      496[0m:[39m[48;2;24;38;30m [38;2;192;197;206m            [38;2;192;197;206mCJson[38;2;192;197;206m::[38;2;192;197;206mArray[38;2;192;197;206m([38;2;192;197;206mv[38;2;192;197;206m)[38;2;192;197;206m [38;2;192;197;206m=>[38;2;192;197;206m [38;2;192;197;206m{[K
[0m[48;2;40;67;43m[39m+      497[0m:[39m[48;2;24;38;30m [38;2;192;197;206m                v.[38;2;150;181;180mpush[38;2;192;197;206m([38;2;192;197;206mitem[38;2;192;197;206m)[38;2;192;197;206m;[K
[0m[48;2;40;67;43m[39m+      498[0m:[39m[48;2;24;38;30m [38;2;192;197;206m                [38;2;192;197;206mOk[38;2;192;197;206m([38;2;192;197;206m([38;2;192;197;206m)[38;2;192;197;206m)[K
[0m[48;2;40;67;43m[39m+      499[0m:[39m[48;2;24;38;30m [38;2;192;197;206m            [38;2;192;197;206m}[K
[0m[48;2;40;67;43m[39m+      500[0m:[39m[48;2;24;38;30m [38;2;192;197;206m            [38;2;192;197;206m_[38;2;192;197;206m [38;2;192;197;206m=>[38;2;192;197;206m [38;2;192;197;206mErr[38;2;192;197;206m([38;2;192;197;206m"[38;2;163;190;140mnot an array[38;2;192;197;206m"[38;2;192;197;206m)[38;2;192;197;206m,[K
[0m[48;2;40;67;43m[39m+      501[0m:[39m[48;2;24;38;30m [38;2;192;197;206m        [38;2;192;197;206m}[K
[0m[48;2;43;48;59m[39m  125, 502[0m:[39m[48;2;43;48;59m [38;2;192;197;206m    [38;2;192;197;206m}[K
[0m[48;2;43;48;59m[39m  126, 503[0m:[39m[48;2;43;48;59m [38;2;192;197;206m    [38;2;180;142;173mpub[38;2;192;197;206m [38;2;180;142;173mfn[38;2;192;197;206m [38;2;143;161;179madd_item_to_object[38;2;192;197;206m<[38;2;192;197;206mS[38;2;192;197;206m:[38;2;192;197;206m [38;2;192;197;206mInto[38;2;192;197;206m<[38;2;192;197;206mString[38;2;192;197;206m>[38;2;192;197;206m>[38;2;192;197;206m([K
[0m[48;2;43;48;59m[39m  127, 504[0m:[39m[48;2;43;48;59m [38;2;192;197;206m        [38;2;192;197;206m&[38;2;180;142;173mmut[38;2;192;197;206m [38;2;191;97;106mself[38;2;192;197;206m,[K
[0m[48;2;43;48;59m[39m  128, 505[0m:[39m[48;2;43;48;59m [38;2;192;197;206m        [38;2;191;97;106mkey[38;2;192;197;206m:[38;2;192;197;206m S,[K
[0m[48;2;43;48;59m[39m  129, 506[0m:[39m[48;2;43;48;59m [38;2;192;197;206m        [38;2;191;97;106mvalue[38;2;192;197;206m:[38;2;192;197;206m CJson,[K
[0m[48;2;43;48;59m[39m  130, 507[0m:[39m[48;2;43;48;59m [38;2;192;197;206m    [38;2;192;197;206m)[38;2;192;197;206m [38;2;192;197;206m->[38;2;192;197;206m [38;2;192;197;206mResult[38;2;192;197;206m<[38;2;192;197;206m([38;2;192;197;206m)[38;2;192;197;206m, [38;2;192;197;206m&[38;2;180;142;173m'static[38;2;192;197;206m [38;2;180;142;173mstr[38;2;192;197;206m>[38;2;192;197;206m [38;2;192;197;206m{[K
[0m[48;2;79;40;40m[39m- 131     [0m:[39m[48;2;36;25;28m [38;2;192;197;206m        [38;2;192;197;206munimplemented![38;2;192;197;206m([38;2;192;197;206m)[K
[0m[48;2;40;67;43m[39m+      508[0m:[39m[48;2;24;38;30m [38;2;192;197;206m        [38;2;180;142;173mmatch[38;2;192;197;206m [38;2;191;97;106mself[38;2;192;197;206m [38;2;192;197;206m{[K
[0m[48;2;40;67;43m[39m+      509[0m:[39m[48;2;24;38;30m [38;2;192;197;206m            [38;2;192;197;206mCJson[38;2;192;197;206m::[38;2;192;197;206mObject[38;2;192;197;206m([38;2;192;197;206mmap[38;2;192;197;206m)[38;2;192;197;206m [38;2;192;197;206m=>[38;2;192;197;206m [38;2;192;197;206m{[K
[0m[48;2;40;67;43m[39m+      510[0m:[39m[48;2;24;38;30m [38;2;192;197;206m                map.[38;2;150;181;180minsert[38;2;192;197;206m([38;2;192;197;206mkey.[38;2;150;181;180minto[38;2;192;197;206m([38;2;192;197;206m)[38;2;192;197;206m,[38;2;192;197;206m value[38;2;192;197;206m)[38;2;192;197;206m;[K
[0m[48;2;40;67;43m[39m+      511[0m:[39m[48;2;24;38;30m [38;2;192;197;206m                [38;2;192;197;206mOk[38;2;192;197;206m([38;2;192;197;206m([38;2;192;197;206m)[38;2;192;197;206m)[K
[0m[48;2;40;67;43m[39m+      512[0m:[39m[48;2;24;38;30m [38;2;192;197;206m            [38;2;192;197;206m}[K
[0m[48;2;40;67;43m[39m+      513[0m:[39m[48;2;24;38;30m [38;2;192;197;206m            [38;2;192;197;206m_[38;2;192;197;206m [38;2;192;197;206m=>[38;2;192;197;206m [38;2;192;197;206mErr[38;2;192;197;206m([38;2;192;197;206m"[38;2;163;190;140mnot an object[38;2;192;197;206m"[38;2;192;197;206m)[38;2;192;197;206m,[K
[0m[48;2;40;67;43m[39m+      514[0m:[39m[48;2;24;38;30m [38;2;192;197;206m        [38;2;192;197;206m}[K
[0m[48;2;43;48;59m[39m  132, 515[0m:[39m[48;2;43;48;59m [38;2;192;197;206m    [38;2;192;197;206m}[K
[0m[48;2;43;48;59m[39m  133, 516[0m:[39m[48;2;43;48;59m [38;2;192;197;206m}[K
[0m[48;2;43;48;59m[39m  134, 517[0m:[39m[48;2;43;48;59m [38;2;180;142;173mimpl[38;2;192;197;206m [38;2;192;197;206mfmt[38;2;192;197;206m::[38;2;192;197;206mDisplay [38;2;180;142;173mfor[38;2;192;197;206m [38;2;192;197;206mCJson[38;2;192;197;206m [38;2;192;197;206m{[K
[0m[48;2;43;48;59m[39m  135, 518[0m:[39m[48;2;43;48;59m [38;2;192;197;206m    [38;2;180;142;173mfn[38;2;192;197;206m [38;2;143;161;179mfmt[38;2;192;197;206m([38;2;192;197;206m&[38;2;191;97;106mself[38;2;192;197;206m, [38;2;191;97;106mf[38;2;192;197;206m:[38;2;192;197;206m [38;2;192;197;206m&[38;2;180;142;173mmut[38;2;192;197;206m [38;2;192;197;206mfmt[38;2;192;197;206m::[38;2;192;197;206mFormatter[38;2;192;197;206m<[38;2;192;197;206m'[38;2;192;197;206m_[38;2;192;197;206m>[38;2;192;197;206m)[38;2;192;197;206m [38;2;192;197;206m->[38;2;192;197;206m [38;2;192;197;206mfmt[38;2;192;197;206m::[38;2;192;197;206mResult[38;2;192;197;206m [38;2;192;197;206m{[K
[0m[48;2;79;40;40m[39m- 136     [0m:[39m[48;2;36;25;28m [38;2;192;197;206m        [38;2;192;197;206munimplemented![38;2;192;197;206m([38;2;192;197;206m)[K
[0m[48;2;40;67;43m[39m+      519[0m:[39m[48;2;24;38;30m [38;2;192;197;206m        [38;2;150;181;180mwrite_json_compact[38;2;192;197;206m([38;2;192;197;206mf[38;2;192;197;206m,[38;2;192;197;206m [38;2;191;97;106mself[38;2;192;197;206m)[K
[0m[48;2;43;48;59m[39m  137, 520[0m:[39m[48;2;43;48;59m [38;2;192;197;206m    [38;2;192;197;206m}[K
[0m[48;2;43;48;59m[39m  138, 521[0m:[39m[48;2;43;48;59m [38;2;192;197;206m}[K
[0m[K
Replacing: [38;5;141msrc/cjson.rs[0m
[38;5;244m - Completed in 0.1s[0m

[?25l[0m[?25l[0m[0m[38;5;11mTODO:
[39m[38;5;10m[x] [3m[38;5;244mImplement all unimplemented!() bodies in src/cjson.rs[23m
[0m[ ] Run cargo build and fix any errors[38;5;244m - Completed in 0.0s[0m

[?25l[0m[38;5;141m> [0mNow let's build:[0m[0m
[?25l[0m[0mI will run the following command: [38;5;141mcd /tmp/harvest-crust-ZFxHri/project && cargo build 2>&1[0m[38;5;244m (using tool: shell)[0m
Purpose: Build the Rust project to check for compilation errors

   Compiling cJSON v0.1.0 (/tmp/harvest-crust-ZFxHri/project)
error: invalid format string: expected `}` but string was terminated
   --> src/cjson.rs:371:25
    |
371 |             write!(f, "{")?;
    |                        -^ expected `}` in format string
    |                        |
    |                        because of this opening brace
    |
    = note: if you intended to print `{`, you can escape it using `{{`

error: could not compile `cJSON` (lib) due to 1 previous error
[38;5;244m - Completed in 0.178s[0m

[?25l[0m[38;5;141m> [0mNeed to fix the format string escaping for [38;5;10m{[0m and [38;5;10m}[0m:[0m[0m
[?25l[0m[0mI'll modify the following file: [38;5;141msrc/cjson.rs[0m[38;5;244m (using tool: write)[0m

[48;2;43;48;59m[39m  370, 370[0m:[39m[48;2;43;48;59m [38;2;192;197;206m        [38;2;192;197;206mCJson[38;2;192;197;206m::[38;2;192;197;206mObject[38;2;192;197;206m([38;2;192;197;206mmap[38;2;192;197;206m)[38;2;192;197;206m [38;2;192;197;206m=>[38;2;192;197;206m [38;2;192;197;206m{[K
[0m[48;2;79;40;40m[39m- 371     [0m:[39m[48;2;36;25;28m [38;2;192;197;206m            [38;2;192;197;206mwrite![38;2;192;197;206m([38;2;192;197;206mf,[38;2;192;197;206m [38;2;192;197;206m"[38;2;163;190;140m{[38;2;192;197;206m"[38;2;192;197;206m)[38;2;192;197;206m?[38;2;192;197;206m;[K
[0m[48;2;40;67;43m[39m+      371[0m:[39m[48;2;24;38;30m [38;2;192;197;206m            [38;2;192;197;206mwrite![38;2;192;197;206m([38;2;192;197;206mf,[38;2;192;197;206m [38;2;192;197;206m"[38;2;150;181;180m{{[38;2;192;197;206m"[38;2;192;197;206m)[38;2;192;197;206m?[38;2;192;197;206m;[K
[0m[48;2;43;48;59m[39m  372, 372[0m:[39m[48;2;43;48;59m [38;2;192;197;206m            [38;2;180;142;173mlet[38;2;192;197;206m [38;2;180;142;173mmut[38;2;192;197;206m first [38;2;192;197;206m=[38;2;192;197;206m [38;2;208;135;112mtrue[38;2;192;197;206m;[K
[0m[48;2;43;48;59m[39m  373, 373[0m:[39m[48;2;43;48;59m [38;2;192;197;206m            [38;2;180;142;173mfor[38;2;192;197;206m [38;2;192;197;206m([38;2;192;197;206mkey[38;2;192;197;206m,[38;2;192;197;206m val[38;2;192;197;206m)[38;2;192;197;206m [38;2;192;197;206min[38;2;192;197;206m map [38;2;192;197;206m{[K
[0m[48;2;43;48;59m[39m  374, 374[0m:[39m[48;2;43;48;59m [38;2;192;197;206m                [38;2;180;142;173mif[38;2;192;197;206m [38;2;192;197;206m![38;2;192;197;206mfirst [38;2;192;197;206m{[K
[0m[48;2;43;48;59m[39m  375, 375[0m:[39m[48;2;43;48;59m [38;2;192;197;206m                    [38;2;192;197;206mwrite![38;2;192;197;206m([38;2;192;197;206mf,[38;2;192;197;206m [38;2;192;197;206m"[38;2;163;190;140m, [38;2;192;197;206m"[38;2;192;197;206m)[38;2;192;197;206m?[38;2;192;197;206m;[K
[0m[48;2;43;48;59m[39m  376, 376[0m:[39m[48;2;43;48;59m [38;2;192;197;206m                [38;2;192;197;206m}[K
[0m[48;2;43;48;59m[39m  377, 377[0m:[39m[48;2;43;48;59m [38;2;192;197;206m                first [38;2;192;197;206m=[38;2;192;197;206m [38;2;208;135;112mfalse[38;2;192;197;206m;[K
[0m[48;2;43;48;59m[39m  378, 378[0m:[39m[48;2;43;48;59m [38;2;192;197;206m                [38;2;192;197;206mwrite![38;2;192;197;206m([38;2;192;197;206mf,[38;2;192;197;206m [38;2;192;197;206m"[38;2;208;135;112m{}[38;2;163;190;140m:[38;2;192;197;206m"[38;2;192;197;206m,[38;2;192;197;206m [38;2;150;181;180mescape_string[38;2;192;197;206m([38;2;192;197;206mkey[38;2;192;197;206m)[38;2;192;197;206m)[38;2;192;197;206m?[38;2;192;197;206m;[K
[0m[48;2;43;48;59m[39m  379, 379[0m:[39m[48;2;43;48;59m [38;2;192;197;206m                [38;2;150;181;180mwrite_json_compact[38;2;192;197;206m([38;2;192;197;206mf[38;2;192;197;206m,[38;2;192;197;206m val[38;2;192;197;206m)[38;2;192;197;206m?[38;2;192;197;206m;[K
[0m[48;2;43;48;59m[39m  380, 380[0m:[39m[48;2;43;48;59m [38;2;192;197;206m            [38;2;192;197;206m}[K
[0m[48;2;43;48;59m[39m  381, 381[0m:[39m[48;2;43;48;59m [38;2;192;197;206m            [38;2;192;197;206mwrite![38;2;192;197;206m([38;2;192;197;206mf,[38;2;192;197;206m [38;2;192;197;206m"[38;2;150;181;180m}}[38;2;192;197;206m"[38;2;192;197;206m)[K
[0m[48;2;43;48;59m[39m  382, 382[0m:[39m[48;2;43;48;59m [38;2;192;197;206m        [38;2;192;197;206m}[K
[0m[K
Updating: [38;5;141msrc/cjson.rs[0m
[38;5;244m - Completed in 0.0s[0m

[?25l[0m[?25l[0m[0mI will run the following command: [38;5;141mcd /tmp/harvest-crust-ZFxHri/project && cargo build 2>&1[0m[38;5;244m (using tool: shell)[0m
Purpose: Build again after fixing format string

   Compiling cJSON v0.1.0 (/tmp/harvest-crust-ZFxHri/project)
warning: crate `cJSON` should have a snake case name
  |
  = help: convert the identifier to snake case: `c_json`
  = note: `#[warn(non_snake_case)]` (part of `#[warn(nonstandard_style)]`) on by default

warning: `cJSON` (lib) generated 1 warning
    Finished `dev` profile [unoptimized + debuginfo] target(s) in 0.23s
[38;5;244m - Completed in 0.274s[0m

[?25l[0m[38;5;141m> [0mIt compiles successfully (the warning about crate name is from Cargo.toml which we shouldn't modify). Let me verify there are no remaining [38;5;10munimplemented!()[0m or [38;5;10mtodo!()[0m calls:[0m[0m
[?25l[0m[0mSearching for: [38;5;141munimplemented!|todo!|panic![0m in [38;5;141m/tmp/harvest-crust-ZFxHri/project/src[0m[38;5;244m (using tool: grep)[0m
[38;5;9m ❗ [0mNo matches found for pattern: [38;5;244munimplemented!|todo!|panic![0m under /tmp/harvest-crust-ZFxHri/project/src
[38;5;244m - Completed in 0.1s[0m

[?25l[0m[38;5;141m> [0mClean. Let me also run the tests to see if they exist:[0m[0m
[?25l[0m[0mI will run the following command: [38;5;141mcd /tmp/harvest-crust-ZFxHri/project && cargo test 2>&1 | head -30[0m[38;5;244m (using tool: shell)[0m
Purpose: Run tests to check for any test failures

error: can't find integration-test `test_example` at path `/tmp/harvest-crust-ZFxHri/project/src/bin/test_example.rs`
 --> /tmp/harvest-crust-ZFxHri/project/Cargo.toml
error: can't find integration-test `test_main` at path `/tmp/harvest-crust-ZFxHri/project/src/bin/test_main.rs`
 --> /tmp/harvest-crust-ZFxHri/project/Cargo.toml
error: could not compile due to 2 previous target resolution errors
[38;5;244m - Completed in 0.59s[0m

[?25l[0m[38;5;141m> [0mThe test files referenced in Cargo.toml don't exist. That's fine — the library itself compiles. Let me verify the lib compiles cleanly:[0m[0m
[?25l[0m[0mI will run the following command: [38;5;141mcd /tmp/harvest-crust-ZFxHri/project && cargo build --lib 2>&1[0m[38;5;244m (using tool: shell)[0m
Purpose: Build just the library to confirm clean compilation

warning: crate `cJSON` should have a snake case name
  |
  = help: convert the identifier to snake case: `c_json`
  = note: `#[warn(non_snake_case)]` (part of `#[warn(nonstandard_style)]`) on by default

warning: `cJSON` (lib) generated 1 warning
    Finished `dev` profile [unoptimized + debuginfo] target(s) in 0.01s
[38;5;244m - Completed in 0.56s[0m

[?25l[0m[?25l[0m[0m[38;5;11mTODO:
[39m[38;5;10m[x] [3m[38;5;244mImplement all unimplemented!() bodies in src/cjson.rs[23m
[38;5;10m[x] [3m[38;5;244mRun cargo build and fix any errors[23m[38;5;244m - Completed in 0.0s[0m

[?25l[0m[38;5;141m> [0mAll done. Here's a summary of what was implemented in [38;5;10msrc/cjson.rs[0m:[0m[0m
[0m[0m
- [38;5;10mCJsonError::Display[0m — formats each error variant with position info[0m[0m
- [38;5;10mParser::new[0m — initializes parser with input string and position 0[0m[0m
- [38;5;10mParser::peek/next_char[0m — character-level access into the input slice[0m[0m
- [38;5;10mParser::take_while[0m — consumes chars matching a predicate, returns the slice[0m[0m
- [38;5;10mParser::skip_whitespace[0m — skips ASCII whitespace[0m[0m
- [38;5;10mParser::expect_char[0m — consumes and validates a specific character[0m[0m
- [38;5;10mParser::parse_value[0m — dispatches to the correct parser based on the next character (matching C's [38;5;10mparse_value[0m)[0m[0m
- [38;5;10mParser::parse_null/parse_bool[0m — literal matching[0m[0m
- [38;5;10mParser::parse_number[0m — replicates the C [38;5;10mparse_number[0m logic exactly (sign, integer, fractional, exponent parts with manual accumulation)[0m[0m
- [38;5;10mParser::parse_string[0m — handles all escape sequences including [38;5;10m\uXXXX[0m with UTF-16 surrogate pair support, matching C behavior[0m[0m
- [38;5;10mParser::parse_array/parse_object[0m — standard JSON collection parsing[0m[0m
- [38;5;10mparse()[0m — top-level entry point with optional require-end-of-input check[0m[0m
- [38;5;10mescape_string()[0m — escapes special characters for JSON output (matching C's [38;5;10mprint_string_ptr[0m)[0m[0m
- [38;5;10mprint_number()[0m — matches C's [38;5;10mprint_number[0m formatting logic (integer vs float vs scientific)[0m[0m
- [38;5;10mwrite_json_compact/write_json_pretty[0m — compact and formatted JSON output matching C's [38;5;10mprint_value[0m/[38;5;10mprint_array[0m/[38;5;10mprint_object[0m with tab indentation[0m[0m
- All [38;5;10mCJson[0m methods — [38;5;10mcreate_*[0m, [38;5;10mget_*[0m, [38;5;10madd_item_to_*[0m, [38;5;10mprint_unformatted[0m, [38;5;10mprint_formatted[0m[0m[0m
- [38;5;10mDisplay for CJson[0m — delegates to compact printing[0m[0m
[38;5;8m
 ▸ Credits: 5.25 • Time: 2m 21s

[0m[1G[0m[0m[?25h