[32mAll tools are now trusted ([0m[31m![0m[32m). Kiro will execute tools without asking for confirmation.[0m
Agents can sometimes do unexpected things so understand the risks.

Learn more at [38;5;141mhttps://kiro.dev/docs/cli/chat/security/#using-tools-trust-all-safely[0m


[38;5;12m[1m📷 Checkpoints are enabled! (took 0.04s)

[0m
[38;5;252m[0m[?25l[38;5;141m> [0m[0m[0m
[0m[0m
I'll start by understanding the project structure, then read all source files to build comprehensive tests.[0m[0m
[?25l[0m[0m[38;5;11mTODO:
[39m[0m[ ] Read project structure, Cargo.toml, lib.rs, all C sources, and all Rust sources
[0m[ ] Build and run C code to get ground truth outputs
[0m[ ] Write test files in src/bin/ for every module
[0m[ ] Run cargo test and iterate until all tests pass[38;5;244m - Completed in 0.50s[0m
[38;5;12m[1m [1.1][0m[0m
[?25l[0m[?25l[0m[0mReading directory: [38;5;141m/tmp/harvest-crust-verify-XAOaTH/project[0m[38;5;244m (using tool: read, max depth: 3, max entries: 1000, excluding: defaults)[0m
[38;5;10m ✓ [0mSuccessfully read directory [38;5;141m/tmp/harvest-crust-verify-XAOaTH/project[0m [38;5;244m(80 entries)[0m
[38;5;244m - Completed in 0.48s[0m
[38;5;12m[1m [1.2][0m[0m
[?25l[0m[38;5;141m> [0mNow let me read all the key source files:[0m[0m
[?25l[0m[0mBatch fs_read operation with [38;5;141m6[0m operations[38;5;244m (using tool: read)[0m

↱ Operation 1: Reading file: [38;5;141m/tmp/harvest-crust-verify-XAOaTH/project/Cargo.toml[0m, all lines
↱ Operation 2: Reading file: [38;5;141m/tmp/harvest-crust-verify-XAOaTH/project/src/lib.rs[0m, all lines
↱ Operation 3: Reading file: [38;5;141m/tmp/harvest-crust-verify-XAOaTH/project/src/cfsm.rs[0m, all lines
↱ Operation 4: Reading file: [38;5;141m/tmp/harvest-crust-verify-XAOaTH/project/c_src/src/c_fsm.h[0m, all lines
↱ Operation 5: Reading file: [38;5;141m/tmp/harvest-crust-verify-XAOaTH/project/c_src/src/c_fsm.c[0m, all lines
↱ Operation 6: Reading file: [38;5;141m/tmp/harvest-crust-verify-XAOaTH/project/c_src/tests/test_c_fsm.c[0m, all lines
[38;5;10m ✓ [0mSuccessfully read [38;5;244m74 bytes[0m from /tmp/harvest-crust-verify-XAOaTH/project/Cargo.toml

[38;5;10m ✓ [0mSuccessfully read [38;5;244m13 bytes[0m from /tmp/harvest-crust-verify-XAOaTH/project/src/lib.rs

[38;5;10m ✓ [0mSuccessfully read [38;5;244m1473 bytes[0m from /tmp/harvest-crust-verify-XAOaTH/project/src/cfsm.rs

[38;5;10m ✓ [0mSuccessfully read [38;5;244m5903 bytes[0m from /tmp/harvest-crust-verify-XAOaTH/project/c_src/src/c_fsm.h

[38;5;10m ✓ [0mSuccessfully read [38;5;244m3988 bytes[0m from /tmp/harvest-crust-verify-XAOaTH/project/c_src/src/c_fsm.c

[38;5;10m ✓ [0mSuccessfully read [38;5;244m9309 bytes[0m from /tmp/harvest-crust-verify-XAOaTH/project/c_src/tests/test_c_fsm.c

 ⋮ 

[38;5;244m- [0mSummary: 6 operations processed, 6 successful, 0 failed
[38;5;244m - Completed in 0.47s[0m
[38;5;12m[1m [1.3][0m[0m
[?25l[0m[?25l[0m[0m[38;5;11mTODO:
[39m[38;5;10m[x] [3m[38;5;244mRead project structure, Cargo.toml, lib.rs, all C sources, and all Rust sources[23m
[0m[ ] Build and run C code to get ground truth outputs[38;5;244m - Completed in 0.47s[0m
[38;5;12m[1m [1.4][0m[0m
[?25l[0m[38;5;141m> [0mNow let me build and run a C test program to get ground truth outputs. I'll write a standalone C driver that exercises the FSM and prints results:[0m[0m
[?25l[0m[0mI'll create the following file: [38;5;141m/tmp/harvest-crust-verify-XAOaTH/project/c_src/ground_truth.c[0m[38;5;244m (using tool: write)[0m

[48;2;40;67;43m[39m+     1[0m:[39m[48;2;24;38;30m [38;2;180;142;173m#include[38;2;192;197;206m [38;2;192;197;206m<[38;2;163;190;140mstdio.h[38;2;192;197;206m>[K
[0m[48;2;40;67;43m[39m+     2[0m:[39m[48;2;24;38;30m [38;2;192;197;206m#include [38;2;192;197;206m<[38;2;163;190;140mstring.h[38;2;192;197;206m>[K
[0m[48;2;40;67;43m[39m+     3[0m:[39m[48;2;24;38;30m [38;2;192;197;206m#include [38;2;192;197;206m"[38;2;163;190;140msrc/c_fsm.h[38;2;192;197;206m"[K
[0m[48;2;40;67;43m[39m+     4[0m:[39m[48;2;24;38;30m [K
[0m[48;2;40;67;43m[39m+     5[0m:[39m[48;2;24;38;30m [38;2;192;197;206mstatic int state_a_enter, state_a_leave, state_a_process, state_a_event, state_a_last_event;[K
[0m[48;2;40;67;43m[39m+     6[0m:[39m[48;2;24;38;30m [38;2;192;197;206mstatic int state_b_enter, state_b_leave, state_b_process, state_b_event;[K
[0m[48;2;40;67;43m[39m+     7[0m:[39m[48;2;24;38;30m [K
[0m[48;2;40;67;43m[39m+     8[0m:[39m[48;2;24;38;30m [38;2;192;197;206mstatic void State_A_onEnter(cfsm_Ctx *fsm) {[K
[0m[48;2;40;67;43m[39m+     9[0m:[39m[48;2;24;38;30m [38;2;192;197;206m    fsm->onEvent = State_A_onEvent_impl;[K
[0m[48;2;40;67;43m[39m+    10[0m:[39m[48;2;24;38;30m [38;2;192;197;206m    fsm->onLeave = State_A_onLeave_impl;[K
[0m[48;2;40;67;43m[39m+    11[0m:[39m[48;2;24;38;30m [38;2;192;197;206m    fsm->onProcess = State_A_onProcess_impl;[K
[0m[48;2;40;67;43m[39m+    12[0m:[39m[48;2;24;38;30m [38;2;192;197;206m    state_a_enter++;[K
[0m[48;2;40;67;43m[39m+    13[0m:[39m[48;2;24;38;30m [38;2;192;197;206m}[K
[0m[48;2;40;67;43m[39m+    14[0m:[39m[48;2;24;38;30m [38;2;101;115;126m/*[38;2;101;115;126m forward decls needed - let me restructure [38;2;101;115;126m*/[K
[0m[48;2;40;67;43m[39m+    15[0m:[39m[48;2;24;38;30m [K
[0m[48;2;40;67;43m[39m+    16[0m:[39m[48;2;24;38;30m [38;2;192;197;206mstatic void State_A_onEvent_impl(cfsm_Ctx *fsm, int eventId);[K
[0m[48;2;40;67;43m[39m+    17[0m:[39m[48;2;24;38;30m [38;2;192;197;206mstatic void State_A_onProcess_impl(cfsm_Ctx *fsm);[K
[0m[48;2;40;67;43m[39m+    18[0m:[39m[48;2;24;38;30m [38;2;192;197;206mstatic void State_A_onLeave_impl(cfsm_Ctx *fsm);[K
[0m[48;2;40;67;43m[39m+    19[0m:[39m[48;2;24;38;30m [38;2;192;197;206mstatic void State_B_onEnter(cfsm_Ctx *fsm);[K
[0m[48;2;40;67;43m[39m+    20[0m:[39m[48;2;24;38;30m [38;2;192;197;206mstatic void State_B_onEvent_impl(cfsm_Ctx *fsm, int eventId);[K
[0m[48;2;40;67;43m[39m+    21[0m:[39m[48;2;24;38;30m [38;2;192;197;206mstatic void State_B_onProcess_impl(cfsm_Ctx *fsm);[K
[0m[48;2;40;67;43m[39m+    22[0m:[39m[48;2;24;38;30m [38;2;192;197;206mstatic void State_B_onLeave_impl(cfsm_Ctx *fsm);[K
[0m[48;2;40;67;43m[39m+    23[0m:[39m[48;2;24;38;30m [38;2;192;197;206mstatic void State_only_onEnter(cfsm_Ctx *fsm);[K
[0m[48;2;40;67;43m[39m+    24[0m:[39m[48;2;24;38;30m [K
[0m[48;2;40;67;43m[39m+    25[0m:[39m[48;2;24;38;30m [38;2;192;197;206mint main() {[K
[0m[48;2;40;67;43m[39m+    26[0m:[39m[48;2;24;38;30m [38;2;192;197;206m    printf([38;2;192;197;206m"[38;2;163;190;140mCFSM_VER_MAJOR=%d\n[38;2;192;197;206m"[38;2;192;197;206m, CFSM_VER_MAJOR);[K
[0m[48;2;40;67;43m[39m+    27[0m:[39m[48;2;24;38;30m [38;2;192;197;206m    printf([38;2;192;197;206m"[38;2;163;190;140mCFSM_VER_MINOR=%d\n[38;2;192;197;206m"[38;2;192;197;206m, CFSM_VER_MINOR);[K
[0m[48;2;40;67;43m[39m+    28[0m:[39m[48;2;24;38;30m [38;2;192;197;206m    printf([38;2;192;197;206m"[38;2;163;190;140mCFSM_VER_PATCH=%d\n[38;2;192;197;206m"[38;2;192;197;206m, CFSM_VER_PATCH);[K
[0m[48;2;40;67;43m[39m+    29[0m:[39m[48;2;24;38;30m [38;2;192;197;206m    return 0;[K
[0m[48;2;40;67;43m[39m+    30[0m:[39m[48;2;24;38;30m [38;2;192;197;206m}[K
[0m[K
Creating: [38;5;141m/tmp/harvest-crust-verify-XAOaTH/project/c_src/ground_truth.c[0m
[38;5;244m - Completed in 0.46s[0m
[38;5;12m[1m [1.5][0m[0m
[?25l[0m[38;5;141m> [0mLet me write a cleaner test driver:[0m[0m
[?25l[0m[0mI'll create the following file: [38;5;141mc_src/ground_truth.c[0m[38;5;244m (using tool: write)[0m

[48;2;43;48;59m[39m   1,   1[0m:[39m[48;2;43;48;59m [38;2;180;142;173m#include[38;2;192;197;206m [38;2;192;197;206m<[38;2;163;190;140mstdio.h[38;2;192;197;206m>[K
[0m[48;2;43;48;59m[39m   2,   2[0m:[39m[48;2;43;48;59m [38;2;192;197;206m#include [38;2;192;197;206m<[38;2;163;190;140mstring.h[38;2;192;197;206m>[K
[0m[48;2;43;48;59m[39m   3,   3[0m:[39m[48;2;43;48;59m [38;2;192;197;206m#include [38;2;192;197;206m"[38;2;163;190;140msrc/c_fsm.h[38;2;192;197;206m"[K
[0m[48;2;43;48;59m[39m   4,   4[0m:[39m[48;2;43;48;59m [K
[0m[48;2;79;40;40m[39m-  5     [0m:[39m[48;2;36;25;28m [38;2;192;197;206mstatic int state_a_enter, state_a_leave, state_a_process, state_a_event, state_a_last_event;[K
[0m[48;2;79;40;40m[39m-  6     [0m:[39m[48;2;36;25;28m [38;2;192;197;206mstatic int state_b_enter, state_b_leave, state_b_process, state_b_event;[K
[0m[48;2;40;67;43m[39m+       5[0m:[39m[48;2;24;38;30m [38;2;192;197;206mstatic int sa_enter, sa_leave, sa_process, sa_event, sa_last_event;[K
[0m[48;2;40;67;43m[39m+       6[0m:[39m[48;2;24;38;30m [38;2;192;197;206mstatic int sb_enter, sb_leave, sb_process, sb_event;[K
[0m[48;2;43;48;59m[39m   7,   7[0m:[39m[48;2;43;48;59m [K
[0m[48;2;40;67;43m[39m+       8[0m:[39m[48;2;24;38;30m [38;2;192;197;206mstatic void State_A_onEvent(cfsm_Ctx *fsm, int eventId) { (void)fsm; sa_event++; sa_last_event = eventId; }[K
[0m[48;2;40;67;43m[39m+       9[0m:[39m[48;2;24;38;30m [38;2;192;197;206mstatic void State_A_onProcess(cfsm_Ctx *fsm) { (void)fsm; sa_process++; sa_last_event = sa_process - 1; }[K
[0m[48;2;40;67;43m[39m+      10[0m:[39m[48;2;24;38;30m [38;2;192;197;206mstatic void State_A_onLeave(cfsm_Ctx *fsm) { (void)fsm; sa_leave++; }[K
[0m[48;2;43;48;59m[39m   8,  11[0m:[39m[48;2;43;48;59m [38;2;192;197;206mstatic void State_A_onEnter(cfsm_Ctx *fsm) {[K
[0m[48;2;79;40;40m[39m-  9     [0m:[39m[48;2;36;25;28m [38;2;192;197;206m    fsm->onEvent = State_A_onEvent_impl;[K
[0m[48;2;79;40;40m[39m- 10     [0m:[39m[48;2;36;25;28m [38;2;192;197;206m    fsm->onLeave = State_A_onLeave_impl;[K
[0m[48;2;79;40;40m[39m- 11     [0m:[39m[48;2;36;25;28m [38;2;192;197;206m    fsm->onProcess = State_A_onProcess_impl;[K
[0m[48;2;79;40;40m[39m- 12     [0m:[39m[48;2;36;25;28m [38;2;192;197;206m    state_a_enter++;[K
[0m[48;2;40;67;43m[39m+      12[0m:[39m[48;2;24;38;30m [38;2;192;197;206m    fsm->onEvent = State_A_onEvent;[K
[0m[48;2;40;67;43m[39m+      13[0m:[39m[48;2;24;38;30m [38;2;192;197;206m    fsm->onLeave = State_A_onLeave;[K
[0m[48;2;40;67;43m[39m+      14[0m:[39m[48;2;24;38;30m [38;2;192;197;206m    fsm->onProcess = State_A_onProcess;[K
[0m[48;2;40;67;43m[39m+      15[0m:[39m[48;2;24;38;30m [38;2;192;197;206m    sa_enter++;[K
[0m[48;2;43;48;59m[39m  13,  16[0m:[39m[48;2;43;48;59m [38;2;192;197;206m}[K
[0m[48;2;79;40;40m[39m- 14     [0m:[39m[48;2;36;25;28m [38;2;101;115;126m/*[38;2;101;115;126m forward decls needed - let me restructure [38;2;101;115;126m*/[K
[0m[48;2;43;48;59m[39m  15,  17[0m:[39m[48;2;43;48;59m [K
[0m[48;2;79;40;40m[39m- 16     [0m:[39m[48;2;36;25;28m [38;2;192;197;206mstatic void State_A_onEvent_impl(cfsm_Ctx *fsm, int eventId);[K
[0m[48;2;79;40;40m[39m- 17     [0m:[39m[48;2;36;25;28m [38;2;192;197;206mstatic void State_A_onProcess_impl(cfsm_Ctx *fsm);[K
[0m[48;2;79;40;40m[39m- 18     [0m:[39m[48;2;36;25;28m [38;2;192;197;206mstatic void State_A_onLeave_impl(cfsm_Ctx *fsm);[K
[0m[48;2;79;40;40m[39m- 19     [0m:[39m[48;2;36;25;28m [38;2;192;197;206mstatic void State_B_onEnter(cfsm_Ctx *fsm);[K
[0m[48;2;79;40;40m[39m- 20     [0m:[39m[48;2;36;25;28m [38;2;192;197;206mstatic void State_B_onEvent_impl(cfsm_Ctx *fsm, int eventId);[K
[0m[48;2;79;40;40m[39m- 21     [0m:[39m[48;2;36;25;28m [38;2;192;197;206mstatic void State_B_onProcess_impl(cfsm_Ctx *fsm);[K
[0m[48;2;79;40;40m[39m- 22     [0m:[39m[48;2;36;25;28m [38;2;192;197;206mstatic void State_B_onLeave_impl(cfsm_Ctx *fsm);[K
[0m[48;2;79;40;40m[39m- 23     [0m:[39m[48;2;36;25;28m [38;2;192;197;206mstatic void State_only_onEnter(cfsm_Ctx *fsm);[K
[0m[48;2;40;67;43m[39m+      18[0m:[39m[48;2;24;38;30m [38;2;192;197;206mstatic void State_B_onEvent(cfsm_Ctx *fsm, int eventId) { (void)fsm; (void)eventId; sb_event++; }[K
[0m[48;2;40;67;43m[39m+      19[0m:[39m[48;2;24;38;30m [38;2;192;197;206mstatic void State_B_onProcess(cfsm_Ctx *fsm) { (void)fsm; sb_process++; }[K
[0m[48;2;40;67;43m[39m+      20[0m:[39m[48;2;24;38;30m [38;2;192;197;206mstatic void State_B_onLeave(cfsm_Ctx *fsm) { (void)fsm; sb_leave++; }[K
[0m[48;2;40;67;43m[39m+      21[0m:[39m[48;2;24;38;30m [38;2;192;197;206mstatic void State_B_onEnter(cfsm_Ctx *fsm) {[K
[0m[48;2;40;67;43m[39m+      22[0m:[39m[48;2;24;38;30m [38;2;192;197;206m    fsm->onEvent = State_B_onEvent;[K
[0m[48;2;40;67;43m[39m+      23[0m:[39m[48;2;24;38;30m [38;2;192;197;206m    fsm->onLeave = State_B_onLeave;[K
[0m[48;2;40;67;43m[39m+      24[0m:[39m[48;2;24;38;30m [38;2;192;197;206m    fsm->onProcess = State_B_onProcess;[K
[0m[48;2;40;67;43m[39m+      25[0m:[39m[48;2;24;38;30m [38;2;192;197;206m    sb_enter++;[K
[0m[48;2;40;67;43m[39m+      26[0m:[39m[48;2;24;38;30m [38;2;192;197;206m}[K
[0m[48;2;43;48;59m[39m  24,  27[0m:[39m[48;2;43;48;59m [K
[0m[48;2;40;67;43m[39m+      28[0m:[39m[48;2;24;38;30m [38;2;192;197;206mstatic void State_only_onEnter(cfsm_Ctx *fsm) { (void)fsm; }[K
[0m[48;2;40;67;43m[39m+      29[0m:[39m[48;2;24;38;30m [K
[0m[48;2;43;48;59m[39m  25,  30[0m:[39m[48;2;43;48;59m [38;2;192;197;206mint main() {[K
[0m[48;2;40;67;43m[39m+      31[0m:[39m[48;2;24;38;30m [38;2;192;197;206m    cfsm_Ctx fsm;[K
[0m[48;2;40;67;43m[39m+      32[0m:[39m[48;2;24;38;30m [K
[0m[48;2;40;67;43m[39m+      33[0m:[39m[48;2;24;38;30m [38;2;192;197;206m    [38;2;101;115;126m/*[38;2;101;115;126m Test 1: Version [38;2;101;115;126m*/[K
[0m[48;2;43;48;59m[39m  26,  34[0m:[39m[48;2;43;48;59m [38;2;192;197;206m    printf([38;2;192;197;206m"[38;2;163;190;140mCFSM_VER_MAJOR=%d\n[38;2;192;197;206m"[38;2;192;197;206m, CFSM_VER_MAJOR);[K
[0m[48;2;43;48;59m[39m  27,  35[0m:[39m[48;2;43;48;59m [38;2;192;197;206m    printf([38;2;192;197;206m"[38;2;163;190;140mCFSM_VER_MINOR=%d\n[38;2;192;197;206m"[38;2;192;197;206m, CFSM_VER_MINOR);[K
[0m[48;2;43;48;59m[39m  28,  36[0m:[39m[48;2;43;48;59m [38;2;192;197;206m    printf([38;2;192;197;206m"[38;2;163;190;140mCFSM_VER_PATCH=%d\n[38;2;192;197;206m"[38;2;192;197;206m, CFSM_VER_PATCH);[K
[0m[48;2;40;67;43m[39m+      37[0m:[39m[48;2;24;38;30m [K
[0m[48;2;40;67;43m[39m+      38[0m:[39m[48;2;24;38;30m [38;2;192;197;206m    [38;2;101;115;126m/*[38;2;101;115;126m Test 2: init clears handlers [38;2;101;115;126m*/[K
[0m[48;2;40;67;43m[39m+      39[0m:[39m[48;2;24;38;30m [38;2;192;197;206m    memset(&fsm, 0xFF, sizeof(fsm));[K
[0m[48;2;40;67;43m[39m+      40[0m:[39m[48;2;24;38;30m [38;2;192;197;206m    int dummy = 42;[K
[0m[48;2;40;67;43m[39m+      41[0m:[39m[48;2;24;38;30m [38;2;192;197;206m    cfsm_init(&fsm, &dummy);[K
[0m[48;2;40;67;43m[39m+      42[0m:[39m[48;2;24;38;30m [38;2;192;197;206m    printf([38;2;192;197;206m"[38;2;163;190;140mafter_init: onEvent=%d onProcess=%d onLeave=%d ctxPtr=%d\n[38;2;192;197;206m"[38;2;192;197;206m,[K
[0m[48;2;40;67;43m[39m+      43[0m:[39m[48;2;24;38;30m [38;2;192;197;206m        fsm.onEvent == NULL, fsm.onProcess == NULL, fsm.onLeave == NULL,[K
[0m[48;2;40;67;43m[39m+      44[0m:[39m[48;2;24;38;30m [38;2;192;197;206m        fsm.ctxPtr == &dummy);[K
[0m[48;2;40;67;43m[39m+      45[0m:[39m[48;2;24;38;30m [K
[0m[48;2;40;67;43m[39m+      46[0m:[39m[48;2;24;38;30m [38;2;192;197;206m    [38;2;101;115;126m/*[38;2;101;115;126m Test 3: init with NULL is safe to use [38;2;101;115;126m*/[K
[0m[48;2;40;67;43m[39m+      47[0m:[39m[48;2;24;38;30m [38;2;192;197;206m    cfsm_init(&fsm, NULL);[K
[0m[48;2;40;67;43m[39m+      48[0m:[39m[48;2;24;38;30m [38;2;192;197;206m    cfsm_process(&fsm);  [38;2;101;115;126m/*[38;2;101;115;126m should not crash [38;2;101;115;126m*/[K
[0m[48;2;40;67;43m[39m+      49[0m:[39m[48;2;24;38;30m [38;2;192;197;206m    cfsm_event(&fsm, 0x12345678);  [38;2;101;115;126m/*[38;2;101;115;126m should not crash [38;2;101;115;126m*/[K
[0m[48;2;40;67;43m[39m+      50[0m:[39m[48;2;24;38;30m [38;2;192;197;206m    printf([38;2;192;197;206m"[38;2;163;190;140msafe_after_init=OK\n[38;2;192;197;206m"[38;2;192;197;206m);[K
[0m[48;2;40;67;43m[39m+      51[0m:[39m[48;2;24;38;30m [K
[0m[48;2;40;67;43m[39m+      52[0m:[39m[48;2;24;38;30m [38;2;192;197;206m    [38;2;101;115;126m/*[38;2;101;115;126m Test 4: transition with enter-only (no handlers set) [38;2;101;115;126m*/[K
[0m[48;2;40;67;43m[39m+      53[0m:[39m[48;2;24;38;30m [38;2;192;197;206m    cfsm_init(&fsm, NULL);[K
[0m[48;2;40;67;43m[39m+      54[0m:[39m[48;2;24;38;30m [38;2;192;197;206m    cfsm_transition(&fsm, State_only_onEnter);[K
[0m[48;2;40;67;43m[39m+      55[0m:[39m[48;2;24;38;30m [38;2;192;197;206m    printf([38;2;192;197;206m"[38;2;163;190;140menter_only: onEvent=%d onProcess=%d onLeave=%d\n[38;2;192;197;206m"[38;2;192;197;206m,[K
[0m[48;2;40;67;43m[39m+      56[0m:[39m[48;2;24;38;30m [38;2;192;197;206m        fsm.onEvent == NULL, fsm.onProcess == NULL, fsm.onLeave == NULL);[K
[0m[48;2;40;67;43m[39m+      57[0m:[39m[48;2;24;38;30m [K
[0m[48;2;40;67;43m[39m+      58[0m:[39m[48;2;24;38;30m [38;2;192;197;206m    [38;2;101;115;126m/*[38;2;101;115;126m Test 5: transition to NULL stops FSM [38;2;101;115;126m*/[K
[0m[48;2;40;67;43m[39m+      59[0m:[39m[48;2;24;38;30m [38;2;192;197;206m    cfsm_init(&fsm, NULL);[K
[0m[48;2;40;67;43m[39m+      60[0m:[39m[48;2;24;38;30m [38;2;192;197;206m    cfsm_transition(&fsm, State_A_onEnter);[K
[0m[48;2;40;67;43m[39m+      61[0m:[39m[48;2;24;38;30m [38;2;192;197;206m    sa_enter = 0; sa_leave = 0; sa_process = 0; sa_event = 0; sa_last_event = 0;[K
[0m[48;2;40;67;43m[39m+      62[0m:[39m[48;2;24;38;30m [38;2;192;197;206m    [38;2;101;115;126m/*[38;2;101;115;126m Now transition to NULL [38;2;101;115;126m*/[K
[0m[48;2;40;67;43m[39m+      63[0m:[39m[48;2;24;38;30m [38;2;192;197;206m    cfsm_transition(&fsm, NULL);[K
[0m[48;2;40;67;43m[39m+      64[0m:[39m[48;2;24;38;30m [38;2;192;197;206m    printf([38;2;192;197;206m"[38;2;163;190;140mnull_transition: sa_leave=%d onEvent=%d onProcess=%d onLeave=%d\n[38;2;192;197;206m"[38;2;192;197;206m,[K
[0m[48;2;40;67;43m[39m+      65[0m:[39m[48;2;24;38;30m [38;2;192;197;206m        sa_leave, fsm.onEvent == NULL, fsm.onProcess == NULL, fsm.onLeave == NULL);[K
[0m[48;2;40;67;43m[39m+      66[0m:[39m[48;2;24;38;30m [K
[0m[48;2;40;67;43m[39m+      67[0m:[39m[48;2;24;38;30m [38;2;192;197;206m    [38;2;101;115;126m/*[38;2;101;115;126m Test 6: process calls [38;2;101;115;126m*/[K
[0m[48;2;40;67;43m[39m+      68[0m:[39m[48;2;24;38;30m [38;2;192;197;206m    memset(&sa_enter, 0, sizeof(int)*5);[K
[0m[48;2;40;67;43m[39m+      69[0m:[39m[48;2;24;38;30m [38;2;192;197;206m    memset(&sb_enter, 0, sizeof(int)*4);[K
[0m[48;2;40;67;43m[39m+      70[0m:[39m[48;2;24;38;30m [38;2;192;197;206m    cfsm_init(&fsm, NULL);[K
[0m[48;2;40;67;43m[39m+      71[0m:[39m[48;2;24;38;30m [38;2;192;197;206m    cfsm_transition(&fsm, State_A_onEnter);[K
[0m[48;2;40;67;43m[39m+      72[0m:[39m[48;2;24;38;30m [38;2;192;197;206m    printf([38;2;192;197;206m"[38;2;163;190;140mafter_enter_A: sa_enter=%d sa_leave=%d sa_process=%d sa_event=%d\n[38;2;192;197;206m"[38;2;192;197;206m,[K
[0m[48;2;40;67;43m[39m+      73[0m:[39m[48;2;24;38;30m [38;2;192;197;206m        sa_enter, sa_leave, sa_process, sa_event);[K
[0m[48;2;40;67;43m[39m+      74[0m:[39m[48;2;24;38;30m [38;2;192;197;206m    for (int i = 0; i [38;2;192;197;206m<[38;2;163;190;140m 10; i++) {[K
[0m[48;2;40;67;43m[39m+      75[0m:[39m[48;2;24;38;30m [38;2;163;190;140m        cfsm_process(&fsm);[K
[0m[48;2;40;67;43m[39m+      76[0m:[39m[48;2;24;38;30m [38;2;163;190;140m    }[K
[0m[48;2;40;67;43m[39m+      77[0m:[39m[48;2;24;38;30m [38;2;163;190;140m    printf("after_10_process: sa_enter=%d sa_leave=%d sa_process=%d sa_event=%d\n",[K
[0m[48;2;40;67;43m[39m+      78[0m:[39m[48;2;24;38;30m [38;2;163;190;140m        sa_enter, sa_leave, sa_process, sa_event);[K
[0m[48;2;40;67;43m[39m+      79[0m:[39m[48;2;24;38;30m [K
[0m[48;2;40;67;43m[39m+      80[0m:[39m[48;2;24;38;30m [38;2;163;190;140m    /* Test 7: event calls */[K
[0m[48;2;40;67;43m[39m+      81[0m:[39m[48;2;24;38;30m [38;2;163;190;140m    sa_enter = 0; sa_leave = 0; sa_process = 0; sa_event = 0; sa_last_event = 0;[K
[0m[48;2;40;67;43m[39m+      82[0m:[39m[48;2;24;38;30m [38;2;163;190;140m    cfsm_init(&fsm, NULL);[K
[0m[48;2;40;67;43m[39m+      83[0m:[39m[48;2;24;38;30m [38;2;163;190;140m    cfsm_transition(&fsm, State_A_onEnter);[K
[0m[48;2;40;67;43m[39m+      84[0m:[39m[48;2;24;38;30m [38;2;163;190;140m    for (int i = 0; i < 10; i++) {[K
[0m[48;2;40;67;43m[39m+      85[0m:[39m[48;2;24;38;30m [38;2;163;190;140m        cfsm_event(&fsm, i);[K
[0m[48;2;40;67;43m[39m+      86[0m:[39m[48;2;24;38;30m [38;2;163;190;140m    }[K
[0m[48;2;40;67;43m[39m+      87[0m:[39m[48;2;24;38;30m [38;2;163;190;140m    printf("after_10_events: sa_enter=%d sa_leave=%d sa_process=%d sa_event=%d sa_last_event=%d\n",[K
[0m[48;2;40;67;43m[39m+      88[0m:[39m[48;2;24;38;30m [38;2;163;190;140m        sa_enter, sa_leave, sa_process, sa_event, sa_last_event);[K
[0m[48;2;40;67;43m[39m+      89[0m:[39m[48;2;24;38;30m [K
[0m[48;2;40;67;43m[39m+      90[0m:[39m[48;2;24;38;30m [38;2;163;190;140m    /* Test 8: A -[38;2;192;197;206m>[38;2;192;197;206m B -> A transitions */[K
[0m[48;2;40;67;43m[39m+      91[0m:[39m[48;2;24;38;30m [38;2;192;197;206m    sa_enter = 0; sa_leave = 0; sa_process = 0; sa_event = 0; sa_last_event = 0;[K
[0m[48;2;40;67;43m[39m+      92[0m:[39m[48;2;24;38;30m [38;2;192;197;206m    sb_enter = 0; sb_leave = 0; sb_process = 0; sb_event = 0;[K
[0m[48;2;40;67;43m[39m+      93[0m:[39m[48;2;24;38;30m [38;2;192;197;206m    cfsm_init(&fsm, NULL);[K
[0m[48;2;40;67;43m[39m+      94[0m:[39m[48;2;24;38;30m [K
[0m[48;2;40;67;43m[39m+      95[0m:[39m[48;2;24;38;30m [38;2;192;197;206m    cfsm_transition(&fsm, State_A_onEnter);[K
[0m[48;2;40;67;43m[39m+      96[0m:[39m[48;2;24;38;30m [38;2;192;197;206m    printf([38;2;192;197;206m"[38;2;163;190;140mT8_after_A: sa_e=%d sa_l=%d sb_e=%d sb_l=%d\n[38;2;192;197;206m"[38;2;192;197;206m, sa_enter, sa_leave, sb_enter, sb_leave);[K
[0m[48;2;40;67;43m[39m+      97[0m:[39m[48;2;24;38;30m [K
[0m[48;2;40;67;43m[39m+      98[0m:[39m[48;2;24;38;30m [38;2;192;197;206m    cfsm_transition(&fsm, State_B_onEnter);[K
[0m[48;2;40;67;43m[39m+      99[0m:[39m[48;2;24;38;30m [38;2;192;197;206m    printf([38;2;192;197;206m"[38;2;163;190;140mT8_after_B: sa_e=%d sa_l=%d sb_e=%d sb_l=%d\n[38;2;192;197;206m"[38;2;192;197;206m, sa_enter, sa_leave, sb_enter, sb_leave);[K
[0m[48;2;40;67;43m[39m+     100[0m:[39m[48;2;24;38;30m [K
[0m[48;2;40;67;43m[39m+     101[0m:[39m[48;2;24;38;30m [38;2;192;197;206m    cfsm_transition(&fsm, State_A_onEnter);[K
[0m[48;2;40;67;43m[39m+     102[0m:[39m[48;2;24;38;30m [38;2;192;197;206m    printf([38;2;192;197;206m"[38;2;163;190;140mT8_after_A2: sa_e=%d sa_l=%d sb_e=%d sb_l=%d\n[38;2;192;197;206m"[38;2;192;197;206m, sa_enter, sa_leave, sb_enter, sb_leave);[K
[0m[48;2;40;67;43m[39m+     103[0m:[39m[48;2;24;38;30m [K
[0m[48;2;43;48;59m[39m  29, 104[0m:[39m[48;2;43;48;59m [38;2;192;197;206m    return 0;[K
[0m[48;2;43;48;59m[39m  30, 105[0m:[39m[48;2;43;48;59m [38;2;192;197;206m}[K
[0m[K
Replacing: [38;5;141mc_src/ground_truth.c[0m
[38;5;244m - Completed in 0.47s[0m
[38;5;12m[1m [1.6][0m[0m
[?25l[0m[?25l[0m[0mI will run the following command: [38;5;141mcd /tmp/harvest-crust-verify-XAOaTH/project/c_src && gcc -o ground_truth ground_truth.c src/c_fsm.c -I . -lm 2>&1 && ./ground_truth[0m[38;5;244m (using tool: shell)[0m
Purpose: Compile and run C ground truth test program

CFSM_VER_MAJOR=0
CFSM_VER_MINOR=3
CFSM_VER_PATCH=0
after_init: onEvent=1 onProcess=1 onLeave=1 ctxPtr=1
safe_after_init=OK
enter_only: onEvent=1 onProcess=1 onLeave=1
null_transition: sa_leave=1 onEvent=1 onProcess=1 onLeave=1
after_enter_A: sa_enter=1 sa_leave=0 sa_process=0 sa_event=0
after_10_process: sa_enter=1 sa_leave=0 sa_process=10 sa_event=0
after_10_events: sa_enter=1 sa_leave=0 sa_process=0 sa_event=10 sa_last_event=9
T8_after_A: sa_e=1 sa_l=0 sb_e=0 sb_l=0
T8_after_B: sa_e=1 sa_l=1 sb_e=1 sb_l=0
T8_after_A2: sa_e=2 sa_l=1 sb_e=1 sb_l=1
[38;5;244m - Completed in 0.106s[0m
[38;5;12m[1m [1.7][0m[0m
[?25l[0m[38;5;141m> [0mI have all the ground truth values. Now let me mark task 1 complete and write the tests.[0m[0m
[?25l[0m[0m[38;5;11mTODO:
[39m[38;5;10m[x] [3m[38;5;244mBuild and run C code to get ground truth outputs[23m
[0m[ ] Write test files in src/bin/ for every module[38;5;244m - Completed in 0.47s[0m
[38;5;12m[1m [1.8][0m[0m
[?25l[0m[38;5;141m> [0mNow I need to understand the Rust API carefully. The key challenge is that the Rust callbacks take [38;5;10mOption<Box<&mut CfsmCtx<T>>>[0m — which means inside a callback, we get a boxed mutable reference to the FSM. The callbacks need to modify the FSM's handler fields. Let me study how to properly use this API and write the tests.[0m[0m
[0m[0m
Let me also look at the C test's [38;5;10mState_A_onProcess[0m more carefully — it sets [38;5;10mlastEventId[0m to the loop counter [38;5;10mi[0m, but in the C code the process handler sets [38;5;10msa_last_event = sa_process - 1[0m (which is the process count minus 1, matching the loop variable [38;5;10mi[0m). Let me verify:[0m[0m
[?25l[0m[0mI will run the following command: [38;5;141mmkdir -p /tmp/harvest-crust-verify-XAOaTH/project/src/bin[0m[38;5;244m (using tool: shell)[0m
Purpose: Create bin directory for test files

[38;5;244m - Completed in 0.51s[0m
[38;5;12m[1m [1.9][0m[0m
[?25l[0m[38;5;141m> [0mNow let me write the comprehensive test file. The Rust API uses [38;5;10mOption<Box<&mut CfsmCtx<T>>>[0m for callbacks, so inside callbacks we need to unwrap the option and box to get the mutable reference. I'll use [38;5;10mthread_local[0m statics for counters since Rust tests run in parallel.[0m[0m
[?25l[0m[0mI'll create the following file: [38;5;141m/tmp/harvest-crust-verify-XAOaTH/project/src/bin/test_cfsm.rs[0m[38;5;244m (using tool: write)[0m

[48;2;40;67;43m[39m+      1[0m:[39m[48;2;24;38;30m [38;2;180;142;173muse[38;2;192;197;206m [38;2;192;197;206mcfsm[38;2;192;197;206m::[38;2;192;197;206mcfsm[38;2;192;197;206m::[38;2;192;197;206m{[38;2;192;197;206mCfsmCtx[38;2;192;197;206m,[38;2;192;197;206m [38;2;208;135;112mCFSM_VER_MAJOR[38;2;192;197;206m,[38;2;192;197;206m [38;2;208;135;112mCFSM_VER_MINOR[38;2;192;197;206m,[38;2;192;197;206m [38;2;208;135;112mCFSM_VER_PATCH[38;2;192;197;206m}[38;2;192;197;206m;[K
[0m[48;2;40;67;43m[39m+      2[0m:[39m[48;2;24;38;30m [38;2;180;142;173muse[38;2;192;197;206m [38;2;192;197;206mstd[38;2;192;197;206m::[38;2;192;197;206mcell[38;2;192;197;206m::[38;2;192;197;206mCell[38;2;192;197;206m;[K
[0m[48;2;40;67;43m[39m+      3[0m:[39m[48;2;24;38;30m [K
[0m[48;2;40;67;43m[39m+      4[0m:[39m[48;2;24;38;30m [38;2;192;197;206mthread_local![38;2;192;197;206m [38;2;192;197;206m{[K
[0m[48;2;40;67;43m[39m+      5[0m:[39m[48;2;24;38;30m [38;2;192;197;206m    [38;2;180;142;173mstatic[38;2;192;197;206m [38;2;208;135;112mSA_ENTER[38;2;192;197;206m:[38;2;192;197;206m [38;2;192;197;206mCell[38;2;192;197;206m<[38;2;180;142;173mi32[38;2;192;197;206m>[38;2;192;197;206m [38;2;192;197;206m=[38;2;192;197;206m [38;2;192;197;206mCell[38;2;192;197;206m::[38;2;192;197;206mnew[38;2;192;197;206m([38;2;208;135;112m0[38;2;192;197;206m)[38;2;192;197;206m;[K
[0m[48;2;40;67;43m[39m+      6[0m:[39m[48;2;24;38;30m [38;2;192;197;206m    [38;2;180;142;173mstatic[38;2;192;197;206m [38;2;208;135;112mSA_LEAVE[38;2;192;197;206m:[38;2;192;197;206m [38;2;192;197;206mCell[38;2;192;197;206m<[38;2;180;142;173mi32[38;2;192;197;206m>[38;2;192;197;206m [38;2;192;197;206m=[38;2;192;197;206m [38;2;192;197;206mCell[38;2;192;197;206m::[38;2;192;197;206mnew[38;2;192;197;206m([38;2;208;135;112m0[38;2;192;197;206m)[38;2;192;197;206m;[K
[0m[48;2;40;67;43m[39m+      7[0m:[39m[48;2;24;38;30m [38;2;192;197;206m    [38;2;180;142;173mstatic[38;2;192;197;206m [38;2;208;135;112mSA_PROCESS[38;2;192;197;206m:[38;2;192;197;206m [38;2;192;197;206mCell[38;2;192;197;206m<[38;2;180;142;173mi32[38;2;192;197;206m>[38;2;192;197;206m [38;2;192;197;206m=[38;2;192;197;206m [38;2;192;197;206mCell[38;2;192;197;206m::[38;2;192;197;206mnew[38;2;192;197;206m([38;2;208;135;112m0[38;2;192;197;206m)[38;2;192;197;206m;[K
[0m[48;2;40;67;43m[39m+      8[0m:[39m[48;2;24;38;30m [38;2;192;197;206m    [38;2;180;142;173mstatic[38;2;192;197;206m [38;2;208;135;112mSA_EVENT[38;2;192;197;206m:[38;2;192;197;206m [38;2;192;197;206mCell[38;2;192;197;206m<[38;2;180;142;173mi32[38;2;192;197;206m>[38;2;192;197;206m [38;2;192;197;206m=[38;2;192;197;206m [38;2;192;197;206mCell[38;2;192;197;206m::[38;2;192;197;206mnew[38;2;192;197;206m([38;2;208;135;112m0[38;2;192;197;206m)[38;2;192;197;206m;[K
[0m[48;2;40;67;43m[39m+      9[0m:[39m[48;2;24;38;30m [38;2;192;197;206m    [38;2;180;142;173mstatic[38;2;192;197;206m [38;2;208;135;112mSA_LAST_EVENT[38;2;192;197;206m:[38;2;192;197;206m [38;2;192;197;206mCell[38;2;192;197;206m<[38;2;180;142;173mi32[38;2;192;197;206m>[38;2;192;197;206m [38;2;192;197;206m=[38;2;192;197;206m [38;2;192;197;206mCell[38;2;192;197;206m::[38;2;192;197;206mnew[38;2;192;197;206m([38;2;208;135;112m0[38;2;192;197;206m)[38;2;192;197;206m;[K
[0m[48;2;40;67;43m[39m+     10[0m:[39m[48;2;24;38;30m [38;2;192;197;206m    [38;2;180;142;173mstatic[38;2;192;197;206m [38;2;208;135;112mSB_ENTER[38;2;192;197;206m:[38;2;192;197;206m [38;2;192;197;206mCell[38;2;192;197;206m<[38;2;180;142;173mi32[38;2;192;197;206m>[38;2;192;197;206m [38;2;192;197;206m=[38;2;192;197;206m [38;2;192;197;206mCell[38;2;192;197;206m::[38;2;192;197;206mnew[38;2;192;197;206m([38;2;208;135;112m0[38;2;192;197;206m)[38;2;192;197;206m;[K
[0m[48;2;40;67;43m[39m+     11[0m:[39m[48;2;24;38;30m [38;2;192;197;206m    [38;2;180;142;173mstatic[38;2;192;197;206m [38;2;208;135;112mSB_LEAVE[38;2;192;197;206m:[38;2;192;197;206m [38;2;192;197;206mCell[38;2;192;197;206m<[38;2;180;142;173mi32[38;2;192;197;206m>[38;2;192;197;206m [38;2;192;197;206m=[38;2;192;197;206m [38;2;192;197;206mCell[38;2;192;197;206m::[38;2;192;197;206mnew[38;2;192;197;206m([38;2;208;135;112m0[38;2;192;197;206m)[38;2;192;197;206m;[K
[0m[48;2;40;67;43m[39m+     12[0m:[39m[48;2;24;38;30m [38;2;192;197;206m    [38;2;180;142;173mstatic[38;2;192;197;206m [38;2;208;135;112mSB_PROCESS[38;2;192;197;206m:[38;2;192;197;206m [38;2;192;197;206mCell[38;2;192;197;206m<[38;2;180;142;173mi32[38;2;192;197;206m>[38;2;192;197;206m [38;2;192;197;206m=[38;2;192;197;206m [38;2;192;197;206mCell[38;2;192;197;206m::[38;2;192;197;206mnew[38;2;192;197;206m([38;2;208;135;112m0[38;2;192;197;206m)[38;2;192;197;206m;[K
[0m[48;2;40;67;43m[39m+     13[0m:[39m[48;2;24;38;30m [38;2;192;197;206m    [38;2;180;142;173mstatic[38;2;192;197;206m [38;2;208;135;112mSB_EVENT[38;2;192;197;206m:[38;2;192;197;206m [38;2;192;197;206mCell[38;2;192;197;206m<[38;2;180;142;173mi32[38;2;192;197;206m>[38;2;192;197;206m [38;2;192;197;206m=[38;2;192;197;206m [38;2;192;197;206mCell[38;2;192;197;206m::[38;2;192;197;206mnew[38;2;192;197;206m([38;2;208;135;112m0[38;2;192;197;206m)[38;2;192;197;206m;[K
[0m[48;2;40;67;43m[39m+     14[0m:[39m[48;2;24;38;30m [38;2;192;197;206m}[K
[0m[48;2;40;67;43m[39m+     15[0m:[39m[48;2;24;38;30m [K
[0m[48;2;40;67;43m[39m+     16[0m:[39m[48;2;24;38;30m [38;2;180;142;173mfn[38;2;192;197;206m [38;2;143;161;179mreset_counters[38;2;192;197;206m([38;2;192;197;206m)[38;2;192;197;206m [38;2;192;197;206m{[K
[0m[48;2;40;67;43m[39m+     17[0m:[39m[48;2;24;38;30m [38;2;192;197;206m    [38;2;208;135;112mSA_ENTER[38;2;192;197;206m.[38;2;150;181;180mwith[38;2;192;197;206m([38;2;192;197;206m|[38;2;191;97;106mc[38;2;192;197;206m|[38;2;192;197;206m [38;2;192;197;206mc.[38;2;150;181;180mset[38;2;192;197;206m([38;2;208;135;112m0[38;2;192;197;206m)[38;2;192;197;206m)[38;2;192;197;206m;[K
[0m[48;2;40;67;43m[39m+     18[0m:[39m[48;2;24;38;30m [38;2;192;197;206m    [38;2;208;135;112mSA_LEAVE[38;2;192;197;206m.[38;2;150;181;180mwith[38;2;192;197;206m([38;2;192;197;206m|[38;2;191;97;106mc[38;2;192;197;206m|[38;2;192;197;206m [38;2;192;197;206mc.[38;2;150;181;180mset[38;2;192;197;206m([38;2;208;135;112m0[38;2;192;197;206m)[38;2;192;197;206m)[38;2;192;197;206m;[K
[0m[48;2;40;67;43m[39m+     19[0m:[39m[48;2;24;38;30m [38;2;192;197;206m    [38;2;208;135;112mSA_PROCESS[38;2;192;197;206m.[38;2;150;181;180mwith[38;2;192;197;206m([38;2;192;197;206m|[38;2;191;97;106mc[38;2;192;197;206m|[38;2;192;197;206m [38;2;192;197;206mc.[38;2;150;181;180mset[38;2;192;197;206m([38;2;208;135;112m0[38;2;192;197;206m)[38;2;192;197;206m)[38;2;192;197;206m;[K
[0m[48;2;40;67;43m[39m+     20[0m:[39m[48;2;24;38;30m [38;2;192;197;206m    [38;2;208;135;112mSA_EVENT[38;2;192;197;206m.[38;2;150;181;180mwith[38;2;192;197;206m([38;2;192;197;206m|[38;2;191;97;106mc[38;2;192;197;206m|[38;2;192;197;206m [38;2;192;197;206mc.[38;2;150;181;180mset[38;2;192;197;206m([38;2;208;135;112m0[38;2;192;197;206m)[38;2;192;197;206m)[38;2;192;197;206m;[K
[0m[48;2;40;67;43m[39m+     21[0m:[39m[48;2;24;38;30m [38;2;192;197;206m    [38;2;208;135;112mSA_LAST_EVENT[38;2;192;197;206m.[38;2;150;181;180mwith[38;2;192;197;206m([38;2;192;197;206m|[38;2;191;97;106mc[38;2;192;197;206m|[38;2;192;197;206m [38;2;192;197;206mc.[38;2;150;181;180mset[38;2;192;197;206m([38;2;208;135;112m0[38;2;192;197;206m)[38;2;192;197;206m)[38;2;192;197;206m;[K
[0m[48;2;40;67;43m[39m+     22[0m:[39m[48;2;24;38;30m [38;2;192;197;206m    [38;2;208;135;112mSB_ENTER[38;2;192;197;206m.[38;2;150;181;180mwith[38;2;192;197;206m([38;2;192;197;206m|[38;2;191;97;106mc[38;2;192;197;206m|[38;2;192;197;206m [38;2;192;197;206mc.[38;2;150;181;180mset[38;2;192;197;206m([38;2;208;135;112m0[38;2;192;197;206m)[38;2;192;197;206m)[38;2;192;197;206m;[K
[0m[48;2;40;67;43m[39m+     23[0m:[39m[48;2;24;38;30m [38;2;192;197;206m    [38;2;208;135;112mSB_LEAVE[38;2;192;197;206m.[38;2;150;181;180mwith[38;2;192;197;206m([38;2;192;197;206m|[38;2;191;97;106mc[38;2;192;197;206m|[38;2;192;197;206m [38;2;192;197;206mc.[38;2;150;181;180mset[38;2;192;197;206m([38;2;208;135;112m0[38;2;192;197;206m)[38;2;192;197;206m)[38;2;192;197;206m;[K
[0m[48;2;40;67;43m[39m+     24[0m:[39m[48;2;24;38;30m [38;2;192;197;206m    [38;2;208;135;112mSB_PROCESS[38;2;192;197;206m.[38;2;150;181;180mwith[38;2;192;197;206m([38;2;192;197;206m|[38;2;191;97;106mc[38;2;192;197;206m|[38;2;192;197;206m [38;2;192;197;206mc.[38;2;150;181;180mset[38;2;192;197;206m([38;2;208;135;112m0[38;2;192;197;206m)[38;2;192;197;206m)[38;2;192;197;206m;[K
[0m[48;2;40;67;43m[39m+     25[0m:[39m[48;2;24;38;30m [38;2;192;197;206m    [38;2;208;135;112mSB_EVENT[38;2;192;197;206m.[38;2;150;181;180mwith[38;2;192;197;206m([38;2;192;197;206m|[38;2;191;97;106mc[38;2;192;197;206m|[38;2;192;197;206m [38;2;192;197;206mc.[38;2;150;181;180mset[38;2;192;197;206m([38;2;208;135;112m0[38;2;192;197;206m)[38;2;192;197;206m)[38;2;192;197;206m;[K
[0m[48;2;40;67;43m[39m+     26[0m:[39m[48;2;24;38;30m [38;2;192;197;206m}[K
[0m[48;2;40;67;43m[39m+     27[0m:[39m[48;2;24;38;30m [K
[0m[48;2;40;67;43m[39m+     28[0m:[39m[48;2;24;38;30m [38;2;180;142;173mfn[38;2;192;197;206m [38;2;143;161;179mstate_a_on_enter[38;2;192;197;206m([38;2;191;97;106mfsm[38;2;192;197;206m:[38;2;192;197;206m [38;2;192;197;206mOption[38;2;192;197;206m<[38;2;192;197;206mBox[38;2;192;197;206m<[38;2;192;197;206m&[38;2;180;142;173mmut[38;2;192;197;206m [38;2;192;197;206mCfsmCtx[38;2;192;197;206m<[38;2;180;142;173mu8[38;2;192;197;206m>[38;2;192;197;206m>[38;2;192;197;206m>[38;2;192;197;206m)[38;2;192;197;206m [38;2;192;197;206m{[K
[0m[48;2;40;67;43m[39m+     29[0m:[39m[48;2;24;38;30m [38;2;192;197;206m    [38;2;180;142;173mlet[38;2;192;197;206m fsm [38;2;192;197;206m=[38;2;192;197;206m [38;2;192;197;206m*[38;2;192;197;206mfsm.[38;2;150;181;180munwrap[38;2;192;197;206m([38;2;192;197;206m)[38;2;192;197;206m;[K
[0m[48;2;40;67;43m[39m+     30[0m:[39m[48;2;24;38;30m [38;2;192;197;206m    fsm.on_event [38;2;192;197;206m=[38;2;192;197;206m [38;2;192;197;206mSome[38;2;192;197;206m([38;2;192;197;206mstate_a_on_event[38;2;192;197;206m)[38;2;192;197;206m;[K
[0m[48;2;40;67;43m[39m+     31[0m:[39m[48;2;24;38;30m [38;2;192;197;206m    fsm.on_leave [38;2;192;197;206m=[38;2;192;197;206m [38;2;192;197;206mSome[38;2;192;197;206m([38;2;192;197;206mstate_a_on_leave[38;2;192;197;206m)[38;2;192;197;206m;[K
[0m[48;2;40;67;43m[39m+     32[0m:[39m[48;2;24;38;30m [38;2;192;197;206m    fsm.on_process [38;2;192;197;206m=[38;2;192;197;206m [38;2;192;197;206mSome[38;2;192;197;206m([38;2;192;197;206mstate_a_on_process[38;2;192;197;206m)[38;2;192;197;206m;[K
[0m[48;2;40;67;43m[39m+     33[0m:[39m[48;2;24;38;30m [38;2;192;197;206m    [38;2;208;135;112mSA_ENTER[38;2;192;197;206m.[38;2;150;181;180mwith[38;2;192;197;206m([38;2;192;197;206m|[38;2;191;97;106mc[38;2;192;197;206m|[38;2;192;197;206m [38;2;192;197;206mc.[38;2;150;181;180mset[38;2;192;197;206m([38;2;192;197;206mc.[38;2;150;181;180mget[38;2;192;197;206m([38;2;192;197;206m)[38;2;192;197;206m [38;2;192;197;206m+[38;2;192;197;206m [38;2;208;135;112m1[38;2;192;197;206m)[38;2;192;197;206m)[38;2;192;197;206m;[K
[0m[48;2;40;67;43m[39m+     34[0m:[39m[48;2;24;38;30m [38;2;192;197;206m}[K
[0m[48;2;40;67;43m[39m+     35[0m:[39m[48;2;24;38;30m [K
[0m[48;2;40;67;43m[39m+     36[0m:[39m[48;2;24;38;30m [38;2;180;142;173mfn[38;2;192;197;206m [38;2;143;161;179mstate_a_on_leave[38;2;192;197;206m([38;2;191;97;106m_fsm[38;2;192;197;206m:[38;2;192;197;206m [38;2;192;197;206mOption[38;2;192;197;206m<[38;2;192;197;206mBox[38;2;192;197;206m<[38;2;192;197;206m&[38;2;180;142;173mmut[38;2;192;197;206m [38;2;192;197;206mCfsmCtx[38;2;192;197;206m<[38;2;180;142;173mu8[38;2;192;197;206m>[38;2;192;197;206m>[38;2;192;197;206m>[38;2;192;197;206m)[38;2;192;197;206m [38;2;192;197;206m{[K
[0m[48;2;40;67;43m[39m+     37[0m:[39m[48;2;24;38;30m [38;2;192;197;206m    [38;2;208;135;112mSA_LEAVE[38;2;192;197;206m.[38;2;150;181;180mwith[38;2;192;197;206m([38;2;192;197;206m|[38;2;191;97;106mc[38;2;192;197;206m|[38;2;192;197;206m [38;2;192;197;206mc.[38;2;150;181;180mset[38;2;192;197;206m([38;2;192;197;206mc.[38;2;150;181;180mget[38;2;192;197;206m([38;2;192;197;206m)[38;2;192;197;206m [38;2;192;197;206m+[38;2;192;197;206m [38;2;208;135;112m1[38;2;192;197;206m)[38;2;192;197;206m)[38;2;192;197;206m;[K
[0m[48;2;40;67;43m[39m+     38[0m:[39m[48;2;24;38;30m [38;2;192;197;206m}[K
[0m[48;2;40;67;43m[39m+     39[0m:[39m[48;2;24;38;30m [K
[0m[48;2;40;67;43m[39m+     40[0m:[39m[48;2;24;38;30m [38;2;180;142;173mfn[38;2;192;197;206m [38;2;143;161;179mstate_a_on_process[38;2;192;197;206m([38;2;191;97;106m_fsm[38;2;192;197;206m:[38;2;192;197;206m [38;2;192;197;206mOption[38;2;192;197;206m<[38;2;192;197;206mBox[38;2;192;197;206m<[38;2;192;197;206m&[38;2;180;142;173mmut[38;2;192;197;206m [38;2;192;197;206mCfsmCtx[38;2;192;197;206m<[38;2;180;142;173mu8[38;2;192;197;206m>[38;2;192;197;206m>[38;2;192;197;206m>[38;2;192;197;206m)[38;2;192;197;206m [38;2;192;197;206m{[K
[0m[48;2;40;67;43m[39m+     41[0m:[39m[48;2;24;38;30m [38;2;192;197;206m    [38;2;208;135;112mSA_PROCESS[38;2;192;197;206m.[38;2;150;181;180mwith[38;2;192;197;206m([38;2;192;197;206m|[38;2;191;97;106mc[38;2;192;197;206m|[38;2;192;197;206m [38;2;192;197;206mc.[38;2;150;181;180mset[38;2;192;197;206m([38;2;192;197;206mc.[38;2;150;181;180mget[38;2;192;197;206m([38;2;192;197;206m)[38;2;192;197;206m [38;2;192;197;206m+[38;2;192;197;206m [38;2;208;135;112m1[38;2;192;197;206m)[38;2;192;197;206m)[38;2;192;197;206m;[K
[0m[48;2;40;67;43m[39m+     42[0m:[39m[48;2;24;38;30m [38;2;192;197;206m}[K
[0m[48;2;40;67;43m[39m+     43[0m:[39m[48;2;24;38;30m [K
[0m[48;2;40;67;43m[39m+     44[0m:[39m[48;2;24;38;30m [38;2;180;142;173mfn[38;2;192;197;206m [38;2;143;161;179mstate_a_on_event[38;2;192;197;206m([38;2;191;97;106m_fsm[38;2;192;197;206m:[38;2;192;197;206m [38;2;192;197;206mOption[38;2;192;197;206m<[38;2;192;197;206mBox[38;2;192;197;206m<[38;2;192;197;206m&[38;2;180;142;173mmut[38;2;192;197;206m [38;2;192;197;206mCfsmCtx[38;2;192;197;206m<[38;2;180;142;173mu8[38;2;192;197;206m>[38;2;192;197;206m>[38;2;192;197;206m>[38;2;192;197;206m, [38;2;191;97;106mevent_id[38;2;192;197;206m:[38;2;192;197;206m [38;2;180;142;173mi32[38;2;192;197;206m)[38;2;192;197;206m [38;2;192;197;206m{[K
[0m[48;2;40;67;43m[39m+     45[0m:[39m[48;2;24;38;30m [38;2;192;197;206m    [38;2;208;135;112mSA_EVENT[38;2;192;197;206m.[38;2;150;181;180mwith[38;2;192;197;206m([38;2;192;197;206m|[38;2;191;97;106mc[38;2;192;197;206m|[38;2;192;197;206m [38;2;192;197;206mc.[38;2;150;181;180mset[38;2;192;197;206m([38;2;192;197;206mc.[38;2;150;181;180mget[38;2;192;197;206m([38;2;192;197;206m)[38;2;192;197;206m [38;2;192;197;206m+[38;2;192;197;206m [38;2;208;135;112m1[38;2;192;197;206m)[38;2;192;197;206m)[38;2;192;197;206m;[K
[0m[48;2;40;67;43m[39m+     46[0m:[39m[48;2;24;38;30m [38;2;192;197;206m    [38;2;208;135;112mSA_LAST_EVENT[38;2;192;197;206m.[38;2;150;181;180mwith[38;2;192;197;206m([38;2;192;197;206m|[38;2;191;97;106mc[38;2;192;197;206m|[38;2;192;197;206m [38;2;192;197;206mc.[38;2;150;181;180mset[38;2;192;197;206m([38;2;192;197;206mevent_id[38;2;192;197;206m)[38;2;192;197;206m)[38;2;192;197;206m;[K
[0m[48;2;40;67;43m[39m+     47[0m:[39m[48;2;24;38;30m [38;2;192;197;206m}[K
[0m[48;2;40;67;43m[39m+     48[0m:[39m[48;2;24;38;30m [K
[0m[48;2;40;67;43m[39m+     49[0m:[39m[48;2;24;38;30m [38;2;180;142;173mfn[38;2;192;197;206m [38;2;143;161;179mstate_b_on_enter[38;2;192;197;206m([38;2;191;97;106mfsm[38;2;192;197;206m:[38;2;192;197;206m [38;2;192;197;206mOption[38;2;192;197;206m<[38;2;192;197;206mBox[38;2;192;197;206m<[38;2;192;197;206m&[38;2;180;142;173mmut[38;2;192;197;206m [38;2;192;197;206mCfsmCtx[38;2;192;197;206m<[38;2;180;142;173mu8[38;2;192;197;206m>[38;2;192;197;206m>[38;2;192;197;206m>[38;2;192;197;206m)[38;2;192;197;206m [38;2;192;197;206m{[K
[0m[48;2;40;67;43m[39m+     50[0m:[39m[48;2;24;38;30m [38;2;192;197;206m    [38;2;180;142;173mlet[38;2;192;197;206m fsm [38;2;192;197;206m=[38;2;192;197;206m [38;2;192;197;206m*[38;2;192;197;206mfsm.[38;2;150;181;180munwrap[38;2;192;197;206m([38;2;192;197;206m)[38;2;192;197;206m;[K
[0m[48;2;40;67;43m[39m+     51[0m:[39m[48;2;24;38;30m [38;2;192;197;206m    fsm.on_event [38;2;192;197;206m=[38;2;192;197;206m [38;2;192;197;206mSome[38;2;192;197;206m([38;2;192;197;206mstate_b_on_event[38;2;192;197;206m)[38;2;192;197;206m;[K
[0m[48;2;40;67;43m[39m+     52[0m:[39m[48;2;24;38;30m [38;2;192;197;206m    fsm.on_leave [38;2;192;197;206m=[38;2;192;197;206m [38;2;192;197;206mSome[38;2;192;197;206m([38;2;192;197;206mstate_b_on_leave[38;2;192;197;206m)[38;2;192;197;206m;[K
[0m[48;2;40;67;43m[39m+     53[0m:[39m[48;2;24;38;30m [38;2;192;197;206m    fsm.on_process [38;2;192;197;206m=[38;2;192;197;206m [38;2;192;197;206mSome[38;2;192;197;206m([38;2;192;197;206mstate_b_on_process[38;2;192;197;206m)[38;2;192;197;206m;[K
[0m[48;2;40;67;43m[39m+     54[0m:[39m[48;2;24;38;30m [38;2;192;197;206m    [38;2;208;135;112mSB_ENTER[38;2;192;197;206m.[38;2;150;181;180mwith[38;2;192;197;206m([38;2;192;197;206m|[38;2;191;97;106mc[38;2;192;197;206m|[38;2;192;197;206m [38;2;192;197;206mc.[38;2;150;181;180mset[38;2;192;197;206m([38;2;192;197;206mc.[38;2;150;181;180mget[38;2;192;197;206m([38;2;192;197;206m)[38;2;192;197;206m [38;2;192;197;206m+[38;2;192;197;206m [38;2;208;135;112m1[38;2;192;197;206m)[38;2;192;197;206m)[38;2;192;197;206m;[K
[0m[48;2;40;67;43m[39m+     55[0m:[39m[48;2;24;38;30m [38;2;192;197;206m}[K
[0m[48;2;40;67;43m[39m+     56[0m:[39m[48;2;24;38;30m [K
[0m[48;2;40;67;43m[39m+     57[0m:[39m[48;2;24;38;30m [38;2;180;142;173mfn[38;2;192;197;206m [38;2;143;161;179mstate_b_on_leave[38;2;192;197;206m([38;2;191;97;106m_fsm[38;2;192;197;206m:[38;2;192;197;206m [38;2;192;197;206mOption[38;2;192;197;206m<[38;2;192;197;206mBox[38;2;192;197;206m<[38;2;192;197;206m&[38;2;180;142;173mmut[38;2;192;197;206m [38;2;192;197;206mCfsmCtx[38;2;192;197;206m<[38;2;180;142;173mu8[38;2;192;197;206m>[38;2;192;197;206m>[38;2;192;197;206m>[38;2;192;197;206m)[38;2;192;197;206m [38;2;192;197;206m{[K
[0m[48;2;40;67;43m[39m+     58[0m:[39m[48;2;24;38;30m [38;2;192;197;206m    [38;2;208;135;112mSB_LEAVE[38;2;192;197;206m.[38;2;150;181;180mwith[38;2;192;197;206m([38;2;192;197;206m|[38;2;191;97;106mc[38;2;192;197;206m|[38;2;192;197;206m [38;2;192;197;206mc.[38;2;150;181;180mset[38;2;192;197;206m([38;2;192;197;206mc.[38;2;150;181;180mget[38;2;192;197;206m([38;2;192;197;206m)[38;2;192;197;206m [38;2;192;197;206m+[38;2;192;197;206m [38;2;208;135;112m1[38;2;192;197;206m)[38;2;192;197;206m)[38;2;192;197;206m;[K
[0m[48;2;40;67;43m[39m+     59[0m:[39m[48;2;24;38;30m [38;2;192;197;206m}[K
[0m[48;2;40;67;43m[39m+     60[0m:[39m[48;2;24;38;30m [K
[0m[48;2;40;67;43m[39m+     61[0m:[39m[48;2;24;38;30m [38;2;180;142;173mfn[38;2;192;197;206m [38;2;143;161;179mstate_b_on_process[38;2;192;197;206m([38;2;191;97;106m_fsm[38;2;192;197;206m:[38;2;192;197;206m [38;2;192;197;206mOption[38;2;192;197;206m<[38;2;192;197;206mBox[38;2;192;197;206m<[38;2;192;197;206m&[38;2;180;142;173mmut[38;2;192;197;206m [38;2;192;197;206mCfsmCtx[38;2;192;197;206m<[38;2;180;142;173mu8[38;2;192;197;206m>[38;2;192;197;206m>[38;2;192;197;206m>[38;2;192;197;206m)[38;2;192;197;206m [38;2;192;197;206m{[K
[0m[48;2;40;67;43m[39m+     62[0m:[39m[48;2;24;38;30m [38;2;192;197;206m    [38;2;208;135;112mSB_PROCESS[38;2;192;197;206m.[38;2;150;181;180mwith[38;2;192;197;206m([38;2;192;197;206m|[38;2;191;97;106mc[38;2;192;197;206m|[38;2;192;197;206m [38;2;192;197;206mc.[38;2;150;181;180mset[38;2;192;197;206m([38;2;192;197;206mc.[38;2;150;181;180mget[38;2;192;197;206m([38;2;192;197;206m)[38;2;192;197;206m [38;2;192;197;206m+[38;2;192;197;206m [38;2;208;135;112m1[38;2;192;197;206m)[38;2;192;197;206m)[38;2;192;197;206m;[K
[0m[48;2;40;67;43m[39m+     63[0m:[39m[48;2;24;38;30m [38;2;192;197;206m}[K
[0m[48;2;40;67;43m[39m+     64[0m:[39m[48;2;24;38;30m [K
[0m[48;2;40;67;43m[39m+     65[0m:[39m[48;2;24;38;30m [38;2;180;142;173mfn[38;2;192;197;206m [38;2;143;161;179mstate_b_on_event[38;2;192;197;206m([38;2;191;97;106m_fsm[38;2;192;197;206m:[38;2;192;197;206m [38;2;192;197;206mOption[38;2;192;197;206m<[38;2;192;197;206mBox[38;2;192;197;206m<[38;2;192;197;206m&[38;2;180;142;173mmut[38;2;192;197;206m [38;2;192;197;206mCfsmCtx[38;2;192;197;206m<[38;2;180;142;173mu8[38;2;192;197;206m>[38;2;192;197;206m>[38;2;192;197;206m>[38;2;192;197;206m, [38;2;191;97;106m_event_id[38;2;192;197;206m:[38;2;192;197;206m [38;2;180;142;173mi32[38;2;192;197;206m)[38;2;192;197;206m [38;2;192;197;206m{[K
[0m[48;2;40;67;43m[39m+     66[0m:[39m[48;2;24;38;30m [38;2;192;197;206m    [38;2;208;135;112mSB_EVENT[38;2;192;197;206m.[38;2;150;181;180mwith[38;2;192;197;206m([38;2;192;197;206m|[38;2;191;97;106mc[38;2;192;197;206m|[38;2;192;197;206m [38;2;192;197;206mc.[38;2;150;181;180mset[38;2;192;197;206m([38;2;192;197;206mc.[38;2;150;181;180mget[38;2;192;197;206m([38;2;192;197;206m)[38;2;192;197;206m [38;2;192;197;206m+[38;2;192;197;206m [38;2;208;135;112m1[38;2;192;197;206m)[38;2;192;197;206m)[38;2;192;197;206m;[K
[0m[48;2;40;67;43m[39m+     67[0m:[39m[48;2;24;38;30m [38;2;192;197;206m}[K
[0m[48;2;40;67;43m[39m+     68[0m:[39m[48;2;24;38;30m [K
[0m[48;2;40;67;43m[39m+     69[0m:[39m[48;2;24;38;30m [38;2;180;142;173mfn[38;2;192;197;206m [38;2;143;161;179mstate_only_on_enter[38;2;192;197;206m([38;2;191;97;106m_fsm[38;2;192;197;206m:[38;2;192;197;206m [38;2;192;197;206mOption[38;2;192;197;206m<[38;2;192;197;206mBox[38;2;192;197;206m<[38;2;192;197;206m&[38;2;180;142;173mmut[38;2;192;197;206m [38;2;192;197;206mCfsmCtx[38;2;192;197;206m<[38;2;180;142;173mu8[38;2;192;197;206m>[38;2;192;197;206m>[38;2;192;197;206m>[38;2;192;197;206m)[38;2;192;197;206m [38;2;192;197;206m{[K
[0m[48;2;40;67;43m[39m+     70[0m:[39m[48;2;24;38;30m [38;2;192;197;206m    [38;2;101;115;126m//[38;2;101;115;126m Does nothing — enter-only state[K
[0m[48;2;40;67;43m[39m+     71[0m:[39m[48;2;24;38;30m [38;2;192;197;206m}[K
[0m[48;2;40;67;43m[39m+     72[0m:[39m[48;2;24;38;30m [K
[0m[48;2;40;67;43m[39m+     73[0m:[39m[48;2;24;38;30m [38;2;192;197;206m#[38;2;192;197;206m[[38;2;191;97;106mtest[38;2;192;197;206m][K
[0m[48;2;40;67;43m[39m+     74[0m:[39m[48;2;24;38;30m [38;2;180;142;173mfn[38;2;192;197;206m [38;2;143;161;179mtest_version_constants[38;2;192;197;206m([38;2;192;197;206m)[38;2;192;197;206m [38;2;192;197;206m{[K
[0m[48;2;40;67;43m[39m+     75[0m:[39m[48;2;24;38;30m [38;2;192;197;206m    [38;2;192;197;206massert_eq![38;2;192;197;206m([38;2;208;135;112mCFSM_VER_MAJOR[38;2;192;197;206m,[38;2;192;197;206m [38;2;208;135;112m0[38;2;192;197;206m)[38;2;192;197;206m;[K
[0m[48;2;40;67;43m[39m+     76[0m:[39m[48;2;24;38;30m [38;2;192;197;206m    [38;2;192;197;206massert_eq![38;2;192;197;206m([38;2;208;135;112mCFSM_VER_MINOR[38;2;192;197;206m,[38;2;192;197;206m [38;2;208;135;112m3[38;2;192;197;206m)[38;2;192;197;206m;[K
[0m[48;2;40;67;43m[39m+     77[0m:[39m[48;2;24;38;30m [38;2;192;197;206m    [38;2;192;197;206massert_eq![38;2;192;197;206m([38;2;208;135;112mCFSM_VER_PATCH[38;2;192;197;206m,[38;2;192;197;206m [38;2;208;135;112m0[38;2;192;197;206m)[38;2;192;197;206m;[K
[0m[48;2;40;67;43m[39m+     78[0m:[39m[48;2;24;38;30m [38;2;192;197;206m}[K
[0m[48;2;40;67;43m[39m+     79[0m:[39m[48;2;24;38;30m [K
[0m[48;2;40;67;43m[39m+     80[0m:[39m[48;2;24;38;30m [38;2;192;197;206m#[38;2;192;197;206m[[38;2;191;97;106mtest[38;2;192;197;206m][K
[0m[48;2;40;67;43m[39m+     81[0m:[39m[48;2;24;38;30m [38;2;180;142;173mfn[38;2;192;197;206m [38;2;143;161;179mtest_init_clears_handlers[38;2;192;197;206m([38;2;192;197;206m)[38;2;192;197;206m [38;2;192;197;206m{[K
[0m[48;2;40;67;43m[39m+     82[0m:[39m[48;2;24;38;30m [38;2;192;197;206m    [38;2;180;142;173mlet[38;2;192;197;206m [38;2;180;142;173mmut[38;2;192;197;206m fsm [38;2;192;197;206m=[38;2;192;197;206m [38;2;192;197;206mCfsmCtx[38;2;192;197;206m::[38;2;192;197;206m<[38;2;180;142;173mu8[38;2;192;197;206m>[38;2;192;197;206m::[38;2;192;197;206mnew[38;2;192;197;206m([38;2;192;197;206m)[38;2;192;197;206m;[K
[0m[48;2;40;67;43m[39m+     83[0m:[39m[48;2;24;38;30m [38;2;192;197;206m    [38;2;101;115;126m//[38;2;101;115;126m Set some handlers to non-None[K
[0m[48;2;40;67;43m[39m+     84[0m:[39m[48;2;24;38;30m [38;2;192;197;206m    fsm.on_event [38;2;192;197;206m=[38;2;192;197;206m [38;2;192;197;206mSome[38;2;192;197;206m([38;2;192;197;206mstate_a_on_event[38;2;192;197;206m)[38;2;192;197;206m;[K
[0m[48;2;40;67;43m[39m+     85[0m:[39m[48;2;24;38;30m [38;2;192;197;206m    fsm.on_process [38;2;192;197;206m=[38;2;192;197;206m [38;2;192;197;206mSome[38;2;192;197;206m([38;2;192;197;206mstate_a_on_process[38;2;192;197;206m)[38;2;192;197;206m;[K
[0m[48;2;40;67;43m[39m+     86[0m:[39m[48;2;24;38;30m [38;2;192;197;206m    fsm.on_leave [38;2;192;197;206m=[38;2;192;197;206m [38;2;192;197;206mSome[38;2;192;197;206m([38;2;192;197;206mstate_a_on_leave[38;2;192;197;206m)[38;2;192;197;206m;[K
[0m[48;2;40;67;43m[39m+     87[0m:[39m[48;2;24;38;30m [K
[0m[48;2;40;67;43m[39m+     88[0m:[39m[48;2;24;38;30m [38;2;192;197;206m    fsm.[38;2;150;181;180mcfsm_init[38;2;192;197;206m([38;2;192;197;206mSome[38;2;192;197;206m([38;2;192;197;206mBox[38;2;192;197;206m::[38;2;192;197;206mnew[38;2;192;197;206m([38;2;208;135;112m42[38;2;180;142;173mu8[38;2;192;197;206m)[38;2;192;197;206m)[38;2;192;197;206m)[38;2;192;197;206m;[K
[0m[48;2;40;67;43m[39m+     89[0m:[39m[48;2;24;38;30m [K
[0m[48;2;40;67;43m[39m+     90[0m:[39m[48;2;24;38;30m [38;2;192;197;206m    [38;2;192;197;206massert![38;2;192;197;206m([38;2;192;197;206mfsm.on_event.[38;2;150;181;180mis_none[38;2;192;197;206m([38;2;192;197;206m)[38;2;192;197;206m)[38;2;192;197;206m;[K
[0m[48;2;40;67;43m[39m+     91[0m:[39m[48;2;24;38;30m [38;2;192;197;206m    [38;2;192;197;206massert![38;2;192;197;206m([38;2;192;197;206mfsm.on_process.[38;2;150;181;180mis_none[38;2;192;197;206m([38;2;192;197;206m)[38;2;192;197;206m)[38;2;192;197;206m;[K
[0m[48;2;40;67;43m[39m+     92[0m:[39m[48;2;24;38;30m [38;2;192;197;206m    [38;2;192;197;206massert![38;2;192;197;206m([38;2;192;197;206mfsm.on_leave.[38;2;150;181;180mis_none[38;2;192;197;206m([38;2;192;197;206m)[38;2;192;197;206m)[38;2;192;197;206m;[K
[0m[48;2;40;67;43m[39m+     93[0m:[39m[48;2;24;38;30m [38;2;192;197;206m    [38;2;192;197;206massert![38;2;192;197;206m([38;2;192;197;206mfsm.ctx_ptr.[38;2;150;181;180mis_some[38;2;192;197;206m([38;2;192;197;206m)[38;2;192;197;206m)[38;2;192;197;206m;[K
[0m[48;2;40;67;43m[39m+     94[0m:[39m[48;2;24;38;30m [38;2;192;197;206m    [38;2;192;197;206massert_eq![38;2;192;197;206m([38;2;192;197;206m*[38;2;192;197;206mfsm.ctx_ptr.[38;2;150;181;180munwrap[38;2;192;197;206m([38;2;192;197;206m)[38;2;192;197;206m,[38;2;192;197;206m [38;2;208;135;112m42[38;2;180;142;173mu8[38;2;192;197;206m)[38;2;192;197;206m;[K
[0m[48;2;40;67;43m[39m+     95[0m:[39m[48;2;24;38;30m [38;2;192;197;206m}[K
[0m[48;2;40;67;43m[39m+     96[0m:[39m[48;2;24;38;30m [K
[0m[48;2;40;67;43m[39m+     97[0m:[39m[48;2;24;38;30m [38;2;192;197;206m#[38;2;192;197;206m[[38;2;191;97;106mtest[38;2;192;197;206m][K
[0m[48;2;40;67;43m[39m+     98[0m:[39m[48;2;24;38;30m [38;2;180;142;173mfn[38;2;192;197;206m [38;2;143;161;179mtest_init_safe_to_use[38;2;192;197;206m([38;2;192;197;206m)[38;2;192;197;206m [38;2;192;197;206m{[K
[0m[48;2;40;67;43m[39m+     99[0m:[39m[48;2;24;38;30m [38;2;192;197;206m    [38;2;180;142;173mlet[38;2;192;197;206m [38;2;180;142;173mmut[38;2;192;197;206m fsm [38;2;192;197;206m=[38;2;192;197;206m [38;2;192;197;206mCfsmCtx[38;2;192;197;206m::[38;2;192;197;206m<[38;2;180;142;173mu8[38;2;192;197;206m>[38;2;192;197;206m::[38;2;192;197;206mnew[38;2;192;197;206m([38;2;192;197;206m)[38;2;192;197;206m;[K
[0m[48;2;40;67;43m[39m+    100[0m:[39m[48;2;24;38;30m [38;2;192;197;206m    fsm.[38;2;150;181;180mcfsm_init[38;2;192;197;206m([38;2;192;197;206mNone[38;2;192;197;206m)[38;2;192;197;206m;[K
[0m[48;2;40;67;43m[39m+    101[0m:[39m[48;2;24;38;30m [38;2;192;197;206m    [38;2;101;115;126m//[38;2;101;115;126m These should not panic[K
[0m[48;2;40;67;43m[39m+    102[0m:[39m[48;2;24;38;30m [38;2;192;197;206m    fsm.[38;2;150;181;180mcfsm_process[38;2;192;197;206m([38;2;192;197;206m)[38;2;192;197;206m;[K
[0m[48;2;40;67;43m[39m+    103[0m:[39m[48;2;24;38;30m [38;2;192;197;206m    fsm.[38;2;150;181;180mcfsm_event[38;2;192;197;206m([38;2;208;135;112m0x12345678[38;2;192;197;206m)[38;2;192;197;206m;[K
[0m[48;2;40;67;43m[39m+    104[0m:[39m[48;2;24;38;30m [38;2;192;197;206m}[K
[0m[48;2;40;67;43m[39m+    105[0m:[39m[48;2;24;38;30m [K
[0m[48;2;40;67;43m[39m+    106[0m:[39m[48;2;24;38;30m [38;2;192;197;206m#[38;2;192;197;206m[[38;2;191;97;106mtest[38;2;192;197;206m][K
[0m[48;2;40;67;43m[39m+    107[0m:[39m[48;2;24;38;30m [38;2;180;142;173mfn[38;2;192;197;206m [38;2;143;161;179mtest_transition_enter_only[38;2;192;197;206m([38;2;192;197;206m)[38;2;192;197;206m [38;2;192;197;206m{[K
[0m[48;2;40;67;43m[39m+    108[0m:[39m[48;2;24;38;30m [38;2;192;197;206m    [38;2;180;142;173mlet[38;2;192;197;206m [38;2;180;142;173mmut[38;2;192;197;206m fsm [38;2;192;197;206m=[38;2;192;197;206m [38;2;192;197;206mCfsmCtx[38;2;192;197;206m::[38;2;192;197;206m<[38;2;180;142;173mu8[38;2;192;197;206m>[38;2;192;197;206m::[38;2;192;197;206mnew[38;2;192;197;206m([38;2;192;197;206m)[38;2;192;197;206m;[K
[0m[48;2;40;67;43m[39m+    109[0m:[39m[48;2;24;38;30m [38;2;192;197;206m    fsm.[38;2;150;181;180mcfsm_init[38;2;192;197;206m([38;2;192;197;206mNone[38;2;192;197;206m)[38;2;192;197;206m;[K
[0m[48;2;40;67;43m[39m+    110[0m:[39m[48;2;24;38;30m [38;2;192;197;206m    fsm.[38;2;150;181;180mcfsm_transition[38;2;192;197;206m([38;2;192;197;206mSome[38;2;192;197;206m([38;2;192;197;206mstate_only_on_enter[38;2;192;197;206m)[38;2;192;197;206m)[38;2;192;197;206m;[K
[0m[48;2;40;67;43m[39m+    111[0m:[39m[48;2;24;38;30m [38;2;192;197;206m    [38;2;192;197;206massert![38;2;192;197;206m([38;2;192;197;206mfsm.on_event.[38;2;150;181;180mis_none[38;2;192;197;206m([38;2;192;197;206m)[38;2;192;197;206m)[38;2;192;197;206m;[K
[0m[48;2;40;67;43m[39m+    112[0m:[39m[48;2;24;38;30m [38;2;192;197;206m    [38;2;192;197;206massert![38;2;192;197;206m([38;2;192;197;206mfsm.on_process.[38;2;150;181;180mis_none[38;2;192;197;206m([38;2;192;197;206m)[38;2;192;197;206m)[38;2;192;197;206m;[K
[0m[48;2;40;67;43m[39m+    113[0m:[39m[48;2;24;38;30m [38;2;192;197;206m    [38;2;192;197;206massert![38;2;192;197;206m([38;2;192;197;206mfsm.on_leave.[38;2;150;181;180mis_none[38;2;192;197;206m([38;2;192;197;206m)[38;2;192;197;206m)[38;2;192;197;206m;[K
[0m[48;2;40;67;43m[39m+    114[0m:[39m[48;2;24;38;30m [38;2;192;197;206m}[K
[0m[48;2;40;67;43m[39m+    115[0m:[39m[48;2;24;38;30m [K
[0m[48;2;40;67;43m[39m+    116[0m:[39m[48;2;24;38;30m [38;2;192;197;206m#[38;2;192;197;206m[[38;2;191;97;106mtest[38;2;192;197;206m][K
[0m[48;2;40;67;43m[39m+    117[0m:[39m[48;2;24;38;30m [38;2;180;142;173mfn[38;2;192;197;206m [38;2;143;161;179mtest_transition_to_null[38;2;192;197;206m([38;2;192;197;206m)[38;2;192;197;206m [38;2;192;197;206m{[K
[0m[48;2;40;67;43m[39m+    118[0m:[39m[48;2;24;38;30m [38;2;192;197;206m    [38;2;150;181;180mreset_counters[38;2;192;197;206m([38;2;192;197;206m)[38;2;192;197;206m;[K
[0m[48;2;40;67;43m[39m+    119[0m:[39m[48;2;24;38;30m [38;2;192;197;206m    [38;2;180;142;173mlet[38;2;192;197;206m [38;2;180;142;173mmut[38;2;192;197;206m fsm [38;2;192;197;206m=[38;2;192;197;206m [38;2;192;197;206mCfsmCtx[38;2;192;197;206m::[38;2;192;197;206m<[38;2;180;142;173mu8[38;2;192;197;206m>[38;2;192;197;206m::[38;2;192;197;206mnew[38;2;192;197;206m([38;2;192;197;206m)[38;2;192;197;206m;[K
[0m[48;2;40;67;43m[39m+    120[0m:[39m[48;2;24;38;30m [38;2;192;197;206m    fsm.[38;2;150;181;180mcfsm_init[38;2;192;197;206m([38;2;192;197;206mNone[38;2;192;197;206m)[38;2;192;197;206m;[K
[0m[48;2;40;67;43m[39m+    121[0m:[39m[48;2;24;38;30m [38;2;192;197;206m    fsm.[38;2;150;181;180mcfsm_transition[38;2;192;197;206m([38;2;192;197;206mSome[38;2;192;197;206m([38;2;192;197;206mstate_a_on_enter[38;2;192;197;206m)[38;2;192;197;206m)[38;2;192;197;206m;[K
[0m[48;2;40;67;43m[39m+    122[0m:[39m[48;2;24;38;30m [38;2;192;197;206m    [38;2;101;115;126m//[38;2;101;115;126m Reset counters after enter[K
[0m[48;2;40;67;43m[39m+    123[0m:[39m[48;2;24;38;30m [38;2;192;197;206m    [38;2;208;135;112mSA_ENTER[38;2;192;197;206m.[38;2;150;181;180mwith[38;2;192;197;206m([38;2;192;197;206m|[38;2;191;97;106mc[38;2;192;197;206m|[38;2;192;197;206m [38;2;192;197;206mc.[38;2;150;181;180mset[38;2;192;197;206m([38;2;208;135;112m0[38;2;192;197;206m)[38;2;192;197;206m)[38;2;192;197;206m;[K
[0m[48;2;40;67;43m[39m+    124[0m:[39m[48;2;24;38;30m [K
[0m[48;2;40;67;43m[39m+    125[0m:[39m[48;2;24;38;30m [38;2;192;197;206m    fsm.[38;2;150;181;180mcfsm_transition[38;2;192;197;206m([38;2;192;197;206mNone[38;2;192;197;206m)[38;2;192;197;206m;[K
[0m[48;2;40;67;43m[39m+    126[0m:[39m[48;2;24;38;30m [K
[0m[48;2;40;67;43m[39m+    127[0m:[39m[48;2;24;38;30m [38;2;192;197;206m    [38;2;101;115;126m//[38;2;101;115;126m Leave should have been called once[K
[0m[48;2;40;67;43m[39m+    128[0m:[39m[48;2;24;38;30m [38;2;192;197;206m    [38;2;192;197;206massert_eq![38;2;192;197;206m([38;2;208;135;112mSA_LEAVE[38;2;192;197;206m.[38;2;150;181;180mwith[38;2;192;197;206m([38;2;192;197;206m|[38;2;191;97;106mc[38;2;192;197;206m|[38;2;192;197;206m [38;2;192;197;206mc.[38;2;150;181;180mget[38;2;192;197;206m([38;2;192;197;206m)[38;2;192;197;206m)[38;2;192;197;206m,[38;2;192;197;206m [38;2;208;135;112m1[38;2;192;197;206m)[38;2;192;197;206m;[K
[0m[48;2;40;67;43m[39m+    129[0m:[39m[48;2;24;38;30m [38;2;192;197;206m    [38;2;101;115;126m//[38;2;101;115;126m All handlers cleared[K
[0m[48;2;40;67;43m[39m+    130[0m:[39m[48;2;24;38;30m [38;2;192;197;206m    [38;2;192;197;206massert![38;2;192;197;206m([38;2;192;197;206mfsm.on_event.[38;2;150;181;180mis_none[38;2;192;197;206m([38;2;192;197;206m)[38;2;192;197;206m)[38;2;192;197;206m;[K
[0m[48;2;40;67;43m[39m+    131[0m:[39m[48;2;24;38;30m [38;2;192;197;206m    [38;2;192;197;206massert![38;2;192;197;206m([38;2;192;197;206mfsm.on_process.[38;2;150;181;180mis_none[38;2;192;197;206m([38;2;192;197;206m)[38;2;192;197;206m)[38;2;192;197;206m;[K
[0m[48;2;40;67;43m[39m+    132[0m:[39m[48;2;24;38;30m [38;2;192;197;206m    [38;2;192;197;206massert![38;2;192;197;206m([38;2;192;197;206mfsm.on_leave.[38;2;150;181;180mis_none[38;2;192;197;206m([38;2;192;197;206m)[38;2;192;197;206m)[38;2;192;197;206m;[K
[0m[48;2;40;67;43m[39m+    133[0m:[39m[48;2;24;38;30m [38;2;192;197;206m}[K
[0m[48;2;40;67;43m[39m+    134[0m:[39m[48;2;24;38;30m [K
[0m[48;2;40;67;43m[39m+    135[0m:[39m[48;2;24;38;30m [38;2;192;197;206m#[38;2;192;197;206m[[38;2;191;97;106mtest[38;2;192;197;206m][K
[0m[48;2;40;67;43m[39m+    136[0m:[39m[48;2;24;38;30m [38;2;180;142;173mfn[38;2;192;197;206m [38;2;143;161;179mtest_process_counting[38;2;192;197;206m([38;2;192;197;206m)[38;2;192;197;206m [38;2;192;197;206m{[K
[0m[48;2;40;67;43m[39m+    137[0m:[39m[48;2;24;38;30m [38;2;192;197;206m    [38;2;150;181;180mreset_counters[38;2;192;197;206m([38;2;192;197;206m)[38;2;192;197;206m;[K
[0m[48;2;40;67;43m[39m+    138[0m:[39m[48;2;24;38;30m [38;2;192;197;206m    [38;2;180;142;173mlet[38;2;192;197;206m [38;2;180;142;173mmut[38;2;192;197;206m fsm [38;2;192;197;206m=[38;2;192;197;206m [38;2;192;197;206mCfsmCtx[38;2;192;197;206m::[38;2;192;197;206m<[38;2;180;142;173mu8[38;2;192;197;206m>[38;2;192;197;206m::[38;2;192;197;206mnew[38;2;192;197;206m([38;2;192;197;206m)[38;2;192;197;206m;[K
[0m[48;2;40;67;43m[39m+    139[0m:[39m[48;2;24;38;30m [38;2;192;197;206m    fsm.[38;2;150;181;180mcfsm_init[38;2;192;197;206m([38;2;192;197;206mNone[38;2;192;197;206m)[38;2;192;197;206m;[K
[0m[48;2;40;67;43m[39m+    140[0m:[39m[48;2;24;38;30m [38;2;192;197;206m    fsm.[38;2;150;181;180mcfsm_transition[38;2;192;197;206m([38;2;192;197;206mSome[38;2;192;197;206m([38;2;192;197;206mstate_a_on_enter[38;2;192;197;206m)[38;2;192;197;206m)[38;2;192;197;206m;[K
[0m[48;2;40;67;43m[39m+    141[0m:[39m[48;2;24;38;30m [K
[0m[48;2;40;67;43m[39m+    142[0m:[39m[48;2;24;38;30m [38;2;192;197;206m    [38;2;192;197;206massert_eq![38;2;192;197;206m([38;2;208;135;112mSA_ENTER[38;2;192;197;206m.[38;2;150;181;180mwith[38;2;192;197;206m([38;2;192;197;206m|[38;2;191;97;106mc[38;2;192;197;206m|[38;2;192;197;206m [38;2;192;197;206mc.[38;2;150;181;180mget[38;2;192;197;206m([38;2;192;197;206m)[38;2;192;197;206m)[38;2;192;197;206m,[38;2;192;197;206m [38;2;208;135;112m1[38;2;192;197;206m)[38;2;192;197;206m;[K
[0m[48;2;40;67;43m[39m+    143[0m:[39m[48;2;24;38;30m [38;2;192;197;206m    [38;2;192;197;206massert_eq![38;2;192;197;206m([38;2;208;135;112mSA_LEAVE[38;2;192;197;206m.[38;2;150;181;180mwith[38;2;192;197;206m([38;2;192;197;206m|[38;2;191;97;106mc[38;2;192;197;206m|[38;2;192;197;206m [38;2;192;197;206mc.[38;2;150;181;180mget[38;2;192;197;206m([38;2;192;197;206m)[38;2;192;197;206m)[38;2;192;197;206m,[38;2;192;197;206m [38;2;208;135;112m0[38;2;192;197;206m)[38;2;192;197;206m;[K
[0m[48;2;40;67;43m[39m+    144[0m:[39m[48;2;24;38;30m [38;2;192;197;206m    [38;2;192;197;206massert_eq![38;2;192;197;206m([38;2;208;135;112mSA_PROCESS[38;2;192;197;206m.[38;2;150;181;180mwith[38;2;192;197;206m([38;2;192;197;206m|[38;2;191;97;106mc[38;2;192;197;206m|[38;2;192;197;206m [38;2;192;197;206mc.[38;2;150;181;180mget[38;2;192;197;206m([38;2;192;197;206m)[38;2;192;197;206m)[38;2;192;197;206m,[38;2;192;197;206m [38;2;208;135;112m0[38;2;192;197;206m)[38;2;192;197;206m;[K
[0m[48;2;40;67;43m[39m+    145[0m:[39m[48;2;24;38;30m [38;2;192;197;206m    [38;2;192;197;206massert_eq![38;2;192;197;206m([38;2;208;135;112mSA_EVENT[38;2;192;197;206m.[38;2;150;181;180mwith[38;2;192;197;206m([38;2;192;197;206m|[38;2;191;97;106mc[38;2;192;197;206m|[38;2;192;197;206m [38;2;192;197;206mc.[38;2;150;181;180mget[38;2;192;197;206m([38;2;192;197;206m)[38;2;192;197;206m)[38;2;192;197;206m,[38;2;192;197;206m [38;2;208;135;112m0[38;2;192;197;206m)[38;2;192;197;206m;[K
[0m[48;2;40;67;43m[39m+    146[0m:[39m[48;2;24;38;30m [K
[0m[48;2;40;67;43m[39m+    147[0m:[39m[48;2;24;38;30m [38;2;192;197;206m    [38;2;180;142;173mfor[38;2;192;197;206m [38;2;192;197;206m_[38;2;192;197;206m [38;2;192;197;206min[38;2;192;197;206m [38;2;208;135;112m0[38;2;192;197;206m..[38;2;208;135;112m10[38;2;192;197;206m [38;2;192;197;206m{[K
[0m[48;2;40;67;43m[39m+    148[0m:[39m[48;2;24;38;30m [38;2;192;197;206m        fsm.[38;2;150;181;180mcfsm_process[38;2;192;197;206m([38;2;192;197;206m)[38;2;192;197;206m;[K
[0m[48;2;40;67;43m[39m+    149[0m:[39m[48;2;24;38;30m [38;2;192;197;206m    [38;2;192;197;206m}[K
[0m[48;2;40;67;43m[39m+    150[0m:[39m[48;2;24;38;30m [K
[0m[48;2;40;67;43m[39m+    151[0m:[39m[48;2;24;38;30m [38;2;192;197;206m    [38;2;192;197;206massert_eq![38;2;192;197;206m([38;2;208;135;112mSA_ENTER[38;2;192;197;206m.[38;2;150;181;180mwith[38;2;192;197;206m([38;2;192;197;206m|[38;2;191;97;106mc[38;2;192;197;206m|[38;2;192;197;206m [38;2;192;197;206mc.[38;2;150;181;180mget[38;2;192;197;206m([38;2;192;197;206m)[38;2;192;197;206m)[38;2;192;197;206m,[38;2;192;197;206m [38;2;208;135;112m1[38;2;192;197;206m)[38;2;192;197;206m;[K
[0m[48;2;40;67;43m[39m+    152[0m:[39m[48;2;24;38;30m [38;2;192;197;206m    [38;2;192;197;206massert_eq![38;2;192;197;206m([38;2;208;135;112mSA_LEAVE[38;2;192;197;206m.[38;2;150;181;180mwith[38;2;192;197;206m([38;2;192;197;206m|[38;2;191;97;106mc[38;2;192;197;206m|[38;2;192;197;206m [38;2;192;197;206mc.[38;2;150;181;180mget[38;2;192;197;206m([38;2;192;197;206m)[38;2;192;197;206m)[38;2;192;197;206m,[38;2;192;197;206m [38;2;208;135;112m0[38;2;192;197;206m)[38;2;192;197;206m;[K
[0m[48;2;40;67;43m[39m+    153[0m:[39m[48;2;24;38;30m [38;2;192;197;206m    [38;2;192;197;206massert_eq![38;2;192;197;206m([38;2;208;135;112mSA_PROCESS[38;2;192;197;206m.[38;2;150;181;180mwith[38;2;192;197;206m([38;2;192;197;206m|[38;2;191;97;106mc[38;2;192;197;206m|[38;2;192;197;206m [38;2;192;197;206mc.[38;2;150;181;180mget[38;2;192;197;206m([38;2;192;197;206m)[38;2;192;197;206m)[38;2;192;197;206m,[38;2;192;197;206m [38;2;208;135;112m10[38;2;192;197;206m)[38;2;192;197;206m;[K
[0m[48;2;40;67;43m[39m+    154[0m:[39m[48;2;24;38;30m [38;2;192;197;206m    [38;2;192;197;206massert_eq![38;2;192;197;206m([38;2;208;135;112mSA_EVENT[38;2;192;197;206m.[38;2;150;181;180mwith[38;2;192;197;206m([38;2;192;197;206m|[38;2;191;97;106mc[38;2;192;197;206m|[38;2;192;197;206m [38;2;192;197;206mc.[38;2;150;181;180mget[38;2;192;197;206m([38;2;192;197;206m)[38;2;192;197;206m)[38;2;192;197;206m,[38;2;192;197;206m [38;2;208;135;112m0[38;2;192;197;206m)[38;2;192;197;206m;[K
[0m[48;2;40;67;43m[39m+    155[0m:[39m[48;2;24;38;30m [38;2;192;197;206m}[K
[0m[48;2;40;67;43m[39m+    156[0m:[39m[48;2;24;38;30m [K
[0m[48;2;40;67;43m[39m+    157[0m:[39m[48;2;24;38;30m [38;2;192;197;206m#[38;2;192;197;206m[[38;2;191;97;106mtest[38;2;192;197;206m][K
[0m[48;2;40;67;43m[39m+    158[0m:[39m[48;2;24;38;30m [38;2;180;142;173mfn[38;2;192;197;206m [38;2;143;161;179mtest_event_counting[38;2;192;197;206m([38;2;192;197;206m)[38;2;192;197;206m [38;2;192;197;206m{[K
[0m[48;2;40;67;43m[39m+    159[0m:[39m[48;2;24;38;30m [38;2;192;197;206m    [38;2;150;181;180mreset_counters[38;2;192;197;206m([38;2;192;197;206m)[38;2;192;197;206m;[K
[0m[48;2;40;67;43m[39m+    160[0m:[39m[48;2;24;38;30m [38;2;192;197;206m    [38;2;180;142;173mlet[38;2;192;197;206m [38;2;180;142;173mmut[38;2;192;197;206m fsm [38;2;192;197;206m=[38;2;192;197;206m [38;2;192;197;206mCfsmCtx[38;2;192;197;206m::[38;2;192;197;206m<[38;2;180;142;173mu8[38;2;192;197;206m>[38;2;192;197;206m::[38;2;192;197;206mnew[38;2;192;197;206m([38;2;192;197;206m)[38;2;192;197;206m;[K
[0m[48;2;40;67;43m[39m+    161[0m:[39m[48;2;24;38;30m [38;2;192;197;206m    fsm.[38;2;150;181;180mcfsm_init[38;2;192;197;206m([38;2;192;197;206mNone[38;2;192;197;206m)[38;2;192;197;206m;[K
[0m[48;2;40;67;43m[39m+    162[0m:[39m[48;2;24;38;30m [38;2;192;197;206m    fsm.[38;2;150;181;180mcfsm_transition[38;2;192;197;206m([38;2;192;197;206mSome[38;2;192;197;206m([38;2;192;197;206mstate_a_on_enter[38;2;192;197;206m)[38;2;192;197;206m)[38;2;192;197;206m;[K
[0m[48;2;40;67;43m[39m+    163[0m:[39m[48;2;24;38;30m [K
[0m[48;2;40;67;43m[39m+    164[0m:[39m[48;2;24;38;30m [38;2;192;197;206m    [38;2;192;197;206massert_eq![38;2;192;197;206m([38;2;208;135;112mSA_ENTER[38;2;192;197;206m.[38;2;150;181;180mwith[38;2;192;197;206m([38;2;192;197;206m|[38;2;191;97;106mc[38;2;192;197;206m|[38;2;192;197;206m [38;2;192;197;206mc.[38;2;150;181;180mget[38;2;192;197;206m([38;2;192;197;206m)[38;2;192;197;206m)[38;2;192;197;206m,[38;2;192;197;206m [38;2;208;135;112m1[38;2;192;197;206m)[38;2;192;197;206m;[K
[0m[48;2;40;67;43m[39m+    165[0m:[39m[48;2;24;38;30m [38;2;192;197;206m    [38;2;192;197;206massert_eq![38;2;192;197;206m([38;2;208;135;112mSA_LEAVE[38;2;192;197;206m.[38;2;150;181;180mwith[38;2;192;197;206m([38;2;192;197;206m|[38;2;191;97;106mc[38;2;192;197;206m|[38;2;192;197;206m [38;2;192;197;206mc.[38;2;150;181;180mget[38;2;192;197;206m([38;2;192;197;206m)[38;2;192;197;206m)[38;2;192;197;206m,[38;2;192;197;206m [38;2;208;135;112m0[38;2;192;197;206m)[38;2;192;197;206m;[K
[0m[48;2;40;67;43m[39m+    166[0m:[39m[48;2;24;38;30m [38;2;192;197;206m    [38;2;192;197;206massert_eq![38;2;192;197;206m([38;2;208;135;112mSA_PROCESS[38;2;192;197;206m.[38;2;150;181;180mwith[38;2;192;197;206m([38;2;192;197;206m|[38;2;191;97;106mc[38;2;192;197;206m|[38;2;192;197;206m [38;2;192;197;206mc.[38;2;150;181;180mget[38;2;192;197;206m([38;2;192;197;206m)[38;2;192;197;206m)[38;2;192;197;206m,[38;2;192;197;206m [38;2;208;135;112m0[38;2;192;197;206m)[38;2;192;197;206m;[K
[0m[48;2;40;67;43m[39m+    167[0m:[39m[48;2;24;38;30m [38;2;192;197;206m    [38;2;192;197;206massert_eq![38;2;192;197;206m([38;2;208;135;112mSA_EVENT[38;2;192;197;206m.[38;2;150;181;180mwith[38;2;192;197;206m([38;2;192;197;206m|[38;2;191;97;106mc[38;2;192;197;206m|[38;2;192;197;206m [38;2;192;197;206mc.[38;2;150;181;180mget[38;2;192;197;206m([38;2;192;197;206m)[38;2;192;197;206m)[38;2;192;197;206m,[38;2;192;197;206m [38;2;208;135;112m0[38;2;192;197;206m)[38;2;192;197;206m;[K
[0m[48;2;40;67;43m[39m+    168[0m:[39m[48;2;24;38;30m [K
[0m[48;2;40;67;43m[39m+    169[0m:[39m[48;2;24;38;30m [38;2;192;197;206m    [38;2;180;142;173mfor[38;2;192;197;206m i [38;2;192;197;206min[38;2;192;197;206m [38;2;208;135;112m0[38;2;192;197;206m..[38;2;208;135;112m10[38;2;192;197;206m [38;2;192;197;206m{[K
[0m[48;2;40;67;43m[39m+    170[0m:[39m[48;2;24;38;30m [38;2;192;197;206m        fsm.[38;2;150;181;180mcfsm_event[38;2;192;197;206m([38;2;192;197;206mi[38;2;192;197;206m)[38;2;192;197;206m;[K
[0m[48;2;40;67;43m[39m+    171[0m:[39m[48;2;24;38;30m [38;2;192;197;206m    [38;2;192;197;206m}[K
[0m[48;2;40;67;43m[39m+    172[0m:[39m[48;2;24;38;30m [K
[0m[48;2;40;67;43m[39m+    173[0m:[39m[48;2;24;38;30m [38;2;192;197;206m    [38;2;192;197;206massert_eq![38;2;192;197;206m([38;2;208;135;112mSA_ENTER[38;2;192;197;206m.[38;2;150;181;180mwith[38;2;192;197;206m([38;2;192;197;206m|[38;2;191;97;106mc[38;2;192;197;206m|[38;2;192;197;206m [38;2;192;197;206mc.[38;2;150;181;180mget[38;2;192;197;206m([38;2;192;197;206m)[38;2;192;197;206m)[38;2;192;197;206m,[38;2;192;197;206m [38;2;208;135;112m1[38;2;192;197;206m)[38;2;192;197;206m;[K
[0m[48;2;40;67;43m[39m+    174[0m:[39m[48;2;24;38;30m [38;2;192;197;206m    [38;2;192;197;206massert_eq![38;2;192;197;206m([38;2;208;135;112mSA_LEAVE[38;2;192;197;206m.[38;2;150;181;180mwith[38;2;192;197;206m([38;2;192;197;206m|[38;2;191;97;106mc[38;2;192;197;206m|[38;2;192;197;206m [38;2;192;197;206mc.[38;2;150;181;180mget[38;2;192;197;206m([38;2;192;197;206m)[38;2;192;197;206m)[38;2;192;197;206m,[38;2;192;197;206m [38;2;208;135;112m0[38;2;192;197;206m)[38;2;192;197;206m;[K
[0m[48;2;40;67;43m[39m+    175[0m:[39m[48;2;24;38;30m [38;2;192;197;206m    [38;2;192;197;206massert_eq![38;2;192;197;206m([38;2;208;135;112mSA_PROCESS[38;2;192;197;206m.[38;2;150;181;180mwith[38;2;192;197;206m([38;2;192;197;206m|[38;2;191;97;106mc[38;2;192;197;206m|[38;2;192;197;206m [38;2;192;197;206mc.[38;2;150;181;180mget[38;2;192;197;206m([38;2;192;197;206m)[38;2;192;197;206m)[38;2;192;197;206m,[38;2;192;197;206m [38;2;208;135;112m0[38;2;192;197;206m)[38;2;192;197;206m;[K
[0m[48;2;40;67;43m[39m+    176[0m:[39m[48;2;24;38;30m [38;2;192;197;206m    [38;2;192;197;206massert_eq![38;2;192;197;206m([38;2;208;135;112mSA_EVENT[38;2;192;197;206m.[38;2;150;181;180mwith[38;2;192;197;206m([38;2;192;197;206m|[38;2;191;97;106mc[38;2;192;197;206m|[38;2;192;197;206m [38;2;192;197;206mc.[38;2;150;181;180mget[38;2;192;197;206m([38;2;192;197;206m)[38;2;192;197;206m)[38;2;192;197;206m,[38;2;192;197;206m [38;2;208;135;112m10[38;2;192;197;206m)[38;2;192;197;206m;[K
[0m[48;2;40;67;43m[39m+    177[0m:[39m[48;2;24;38;30m [38;2;192;197;206m    [38;2;192;197;206massert_eq![38;2;192;197;206m([38;2;208;135;112mSA_LAST_EVENT[38;2;192;197;206m.[38;2;150;181;180mwith[38;2;192;197;206m([38;2;192;197;206m|[38;2;191;97;106mc[38;2;192;197;206m|[38;2;192;197;206m [38;2;192;197;206mc.[38;2;150;181;180mget[38;2;192;197;206m([38;2;192;197;206m)[38;2;192;197;206m)[38;2;192;197;206m,[38;2;192;197;206m [38;2;208;135;112m9[38;2;192;197;206m)[38;2;192;197;206m;[K
[0m[48;2;40;67;43m[39m+    178[0m:[39m[48;2;24;38;30m [38;2;192;197;206m}[K
[0m[48;2;40;67;43m[39m+    179[0m:[39m[48;2;24;38;30m [K
[0m[48;2;40;67;43m[39m+    180[0m:[39m[48;2;24;38;30m [38;2;192;197;206m#[38;2;192;197;206m[[38;2;191;97;106mtest[38;2;192;197;206m][K
[0m[48;2;40;67;43m[39m+    181[0m:[39m[48;2;24;38;30m [38;2;180;142;173mfn[38;2;192;197;206m [38;2;143;161;179mtest_transition_a_b_a[38;2;192;197;206m([38;2;192;197;206m)[38;2;192;197;206m [38;2;192;197;206m{[K
[0m[48;2;40;67;43m[39m+    182[0m:[39m[48;2;24;38;30m [38;2;192;197;206m    [38;2;150;181;180mreset_counters[38;2;192;197;206m([38;2;192;197;206m)[38;2;192;197;206m;[K
[0m[48;2;40;67;43m[39m+    183[0m:[39m[48;2;24;38;30m [38;2;192;197;206m    [38;2;180;142;173mlet[38;2;192;197;206m [38;2;180;142;173mmut[38;2;192;197;206m fsm [38;2;192;197;206m=[38;2;192;197;206m [38;2;192;197;206mCfsmCtx[38;2;192;197;206m::[38;2;192;197;206m<[38;2;180;142;173mu8[38;2;192;197;206m>[38;2;192;197;206m::[38;2;192;197;206mnew[38;2;192;197;206m([38;2;192;197;206m)[38;2;192;197;206m;[K
[0m[48;2;40;67;43m[39m+    184[0m:[39m[48;2;24;38;30m [38;2;192;197;206m    fsm.[38;2;150;181;180mcfsm_init[38;2;192;197;206m([38;2;192;197;206mNone[38;2;192;197;206m)[38;2;192;197;206m;[K
[0m[48;2;40;67;43m[39m+    185[0m:[39m[48;2;24;38;30m [K
[0m[48;2;40;67;43m[39m+    186[0m:[39m[48;2;24;38;30m [38;2;192;197;206m    [38;2;101;115;126m//[38;2;101;115;126m Transition to A[K
[0m[48;2;40;67;43m[39m+    187[0m:[39m[48;2;24;38;30m [38;2;192;197;206m    fsm.[38;2;150;181;180mcfsm_transition[38;2;192;197;206m([38;2;192;197;206mSome[38;2;192;197;206m([38;2;192;197;206mstate_a_on_enter[38;2;192;197;206m)[38;2;192;197;206m)[38;2;192;197;206m;[K
[0m[48;2;40;67;43m[39m+    188[0m:[39m[48;2;24;38;30m [38;2;192;197;206m    [38;2;192;197;206massert_eq![38;2;192;197;206m([38;2;208;135;112mSA_ENTER[38;2;192;197;206m.[38;2;150;181;180mwith[38;2;192;197;206m([38;2;192;197;206m|[38;2;191;97;106mc[38;2;192;197;206m|[38;2;192;197;206m [38;2;192;197;206mc.[38;2;150;181;180mget[38;2;192;197;206m([38;2;192;197;206m)[38;2;192;197;206m)[38;2;192;197;206m,[38;2;192;197;206m [38;2;208;135;112m1[38;2;192;197;206m)[38;2;192;197;206m;[K
[0m[48;2;40;67;43m[39m+    189[0m:[39m[48;2;24;38;30m [38;2;192;197;206m    [38;2;192;197;206massert_eq![38;2;192;197;206m([38;2;208;135;112mSA_LEAVE[38;2;192;197;206m.[38;2;150;181;180mwith[38;2;192;197;206m([38;2;192;197;206m|[38;2;191;97;106mc[38;2;192;197;206m|[38;2;192;197;206m [38;2;192;197;206mc.[38;2;150;181;180mget[38;2;192;197;206m([38;2;192;197;206m)[38;2;192;197;206m)[38;2;192;197;206m,[38;2;192;197;206m [38;2;208;135;112m0[38;2;192;197;206m)[38;2;192;197;206m;[K
[0m[48;2;40;67;43m[39m+    190[0m:[39m[48;2;24;38;30m [38;2;192;197;206m    [38;2;192;197;206massert_eq![38;2;192;197;206m([38;2;208;135;112mSB_ENTER[38;2;192;197;206m.[38;2;150;181;180mwith[38;2;192;197;206m([38;2;192;197;206m|[38;2;191;97;106mc[38;2;192;197;206m|[38;2;192;197;206m [38;2;192;197;206mc.[38;2;150;181;180mget[38;2;192;197;206m([38;2;192;197;206m)[38;2;192;197;206m)[38;2;192;197;206m,[38;2;192;197;206m [38;2;208;135;112m0[38;2;192;197;206m)[38;2;192;197;206m;[K
[0m[48;2;40;67;43m[39m+    191[0m:[39m[48;2;24;38;30m [38;2;192;197;206m    [38;2;192;197;206massert_eq![38;2;192;197;206m([38;2;208;135;112mSB_LEAVE[38;2;192;197;206m.[38;2;150;181;180mwith[38;2;192;197;206m([38;2;192;197;206m|[38;2;191;97;106mc[38;2;192;197;206m|[38;2;192;197;206m [38;2;192;197;206mc.[38;2;150;181;180mget[38;2;192;197;206m([38;2;192;197;206m)[38;2;192;197;206m)[38;2;192;197;206m,[38;2;192;197;206m [38;2;208;135;112m0[38;2;192;197;206m)[38;2;192;197;206m;[K
[0m[48;2;40;67;43m[39m+    192[0m:[39m[48;2;24;38;30m [K
[0m[48;2;40;67;43m[39m+    193[0m:[39m[48;2;24;38;30m [38;2;192;197;206m    [38;2;101;115;126m//[38;2;101;115;126m Transition to B (should call A's leave, then B's enter)[K
[0m[48;2;40;67;43m[39m+    194[0m:[39m[48;2;24;38;30m [38;2;192;197;206m    fsm.[38;2;150;181;180mcfsm_transition[38;2;192;197;206m([38;2;192;197;206mSome[38;2;192;197;206m([38;2;192;197;206mstate_b_on_enter[38;2;192;197;206m)[38;2;192;197;206m)[38;2;192;197;206m;[K
[0m[48;2;40;67;43m[39m+    195[0m:[39m[48;2;24;38;30m [38;2;192;197;206m    [38;2;192;197;206massert_eq![38;2;192;197;206m([38;2;208;135;112mSA_ENTER[38;2;192;197;206m.[38;2;150;181;180mwith[38;2;192;197;206m([38;2;192;197;206m|[38;2;191;97;106mc[38;2;192;197;206m|[38;2;192;197;206m [38;2;192;197;206mc.[38;2;150;181;180mget[38;2;192;197;206m([38;2;192;197;206m)[38;2;192;197;206m)[38;2;192;197;206m,[38;2;192;197;206m [38;2;208;135;112m1[38;2;192;197;206m)[38;2;192;197;206m;[K
[0m[48;2;40;67;43m[39m+    196[0m:[39m[48;2;24;38;30m [38;2;192;197;206m    [38;2;192;197;206massert_eq![38;2;192;197;206m([38;2;208;135;112mSA_LEAVE[38;2;192;197;206m.[38;2;150;181;180mwith[38;2;192;197;206m([38;2;192;197;206m|[38;2;191;97;106mc[38;2;192;197;206m|[38;2;192;197;206m [38;2;192;197;206mc.[38;2;150;181;180mget[38;2;192;197;206m([38;2;192;197;206m)[38;2;192;197;206m)[38;2;192;197;206m,[38;2;192;197;206m [38;2;208;135;112m1[38;2;192;197;206m)[38;2;192;197;206m;[K
[0m[48;2;40;67;43m[39m+    197[0m:[39m[48;2;24;38;30m [38;2;192;197;206m    [38;2;192;197;206massert_eq![38;2;192;197;206m([38;2;208;135;112mSB_ENTER[38;2;192;197;206m.[38;2;150;181;180mwith[38;2;192;197;206m([38;2;192;197;206m|[38;2;191;97;106mc[38;2;192;197;206m|[38;2;192;197;206m [38;2;192;197;206mc.[38;2;150;181;180mget[38;2;192;197;206m([38;2;192;197;206m)[38;2;192;197;206m)[38;2;192;197;206m,[38;2;192;197;206m [38;2;208;135;112m1[38;2;192;197;206m)[38;2;192;197;206m;[K
[0m[48;2;40;67;43m[39m+    198[0m:[39m[48;2;24;38;30m [38;2;192;197;206m    [38;2;192;197;206massert_eq![38;2;192;197;206m([38;2;208;135;112mSB_LEAVE[38;2;192;197;206m.[38;2;150;181;180mwith[38;2;192;197;206m([38;2;192;197;206m|[38;2;191;97;106mc[38;2;192;197;206m|[38;2;192;197;206m [38;2;192;197;206mc.[38;2;150;181;180mget[38;2;192;197;206m([38;2;192;197;206m)[38;2;192;197;206m)[38;2;192;197;206m,[38;2;192;197;206m [38;2;208;135;112m0[38;2;192;197;206m)[38;2;192;197;206m;[K
[0m[48;2;40;67;43m[39m+    199[0m:[39m[48;2;24;38;30m [K
[0m[48;2;40;67;43m[39m+    200[0m:[39m[48;2;24;38;30m [38;2;192;197;206m    [38;2;101;115;126m//[38;2;101;115;126m Transition back to A (should call B's leave, then A's enter)[K
[0m[48;2;40;67;43m[39m+    201[0m:[39m[48;2;24;38;30m [38;2;192;197;206m    fsm.[38;2;150;181;180mcfsm_transition[38;2;192;197;206m([38;2;192;197;206mSome[38;2;192;197;206m([38;2;192;197;206mstate_a_on_enter[38;2;192;197;206m)[38;2;192;197;206m)[38;2;192;197;206m;[K
[0m[48;2;40;67;43m[39m+    202[0m:[39m[48;2;24;38;30m [38;2;192;197;206m    [38;2;192;197;206massert_eq![38;2;192;197;206m([38;2;208;135;112mSA_ENTER[38;2;192;197;206m.[38;2;150;181;180mwith[38;2;192;197;206m([38;2;192;197;206m|[38;2;191;97;106mc[38;2;192;197;206m|[38;2;192;197;206m [38;2;192;197;206mc.[38;2;150;181;180mget[38;2;192;197;206m([38;2;192;197;206m)[38;2;192;197;206m)[38;2;192;197;206m,[38;2;192;197;206m [38;2;208;135;112m2[38;2;192;197;206m)[38;2;192;197;206m;[K
[0m[48;2;40;67;43m[39m+    203[0m:[39m[48;2;24;38;30m [38;2;192;197;206m    [38;2;192;197;206massert_eq![38;2;192;197;206m([38;2;208;135;112mSA_LEAVE[38;2;192;197;206m.[38;2;150;181;180mwith[38;2;192;197;206m([38;2;192;197;206m|[38;2;191;97;106mc[38;2;192;197;206m|[38;2;192;197;206m [38;2;192;197;206mc.[38;2;150;181;180mget[38;2;192;197;206m([38;2;192;197;206m)[38;2;192;197;206m)[38;2;192;197;206m,[38;2;192;197;206m [38;2;208;135;112m1[38;2;192;197;206m)[38;2;192;197;206m;[K
[0m[48;2;40;67;43m[39m+    204[0m:[39m[48;2;24;38;30m [38;2;192;197;206m    [38;2;192;197;206massert_eq![38;2;192;197;206m([38;2;208;135;112mSB_ENTER[38;2;192;197;206m.[38;2;150;181;180mwith[38;2;192;197;206m([38;2;192;197;206m|[38;2;191;97;106mc[38;2;192;197;206m|[38;2;192;197;206m [38;2;192;197;206mc.[38;2;150;181;180mget[38;2;192;197;206m([38;2;192;197;206m)[38;2;192;197;206m)[38;2;192;197;206m,[38;2;192;197;206m [38;2;208;135;112m1[38;2;192;197;206m)[38;2;192;197;206m;[K
[0m[48;2;40;67;43m[39m+    205[0m:[39m[48;2;24;38;30m [38;2;192;197;206m    [38;2;192;197;206massert_eq![38;2;192;197;206m([38;2;208;135;112mSB_LEAVE[38;2;192;197;206m.[38;2;150;181;180mwith[38;2;192;197;206m([38;2;192;197;206m|[38;2;191;97;106mc[38;2;192;197;206m|[38;2;192;197;206m [38;2;192;197;206mc.[38;2;150;181;180mget[38;2;192;197;206m([38;2;192;197;206m)[38;2;192;197;206m)[38;2;192;197;206m,[38;2;192;197;206m [38;2;208;135;112m1[38;2;192;197;206m)[38;2;192;197;206m;[K
[0m[48;2;40;67;43m[39m+    206[0m:[39m[48;2;24;38;30m [38;2;192;197;206m}[K
[0m[48;2;40;67;43m[39m+    207[0m:[39m[48;2;24;38;30m [K
[0m[48;2;40;67;43m[39m+    208[0m:[39m[48;2;24;38;30m [38;2;192;197;206m#[38;2;192;197;206m[[38;2;191;97;106mtest[38;2;192;197;206m][K
[0m[48;2;40;67;43m[39m+    209[0m:[39m[48;2;24;38;30m [38;2;180;142;173mfn[38;2;192;197;206m [38;2;143;161;179mtest_new_creates_empty_context[38;2;192;197;206m([38;2;192;197;206m)[38;2;192;197;206m [38;2;192;197;206m{[K
[0m[48;2;40;67;43m[39m+    210[0m:[39m[48;2;24;38;30m [38;2;192;197;206m    [38;2;180;142;173mlet[38;2;192;197;206m fsm [38;2;192;197;206m=[38;2;192;197;206m [38;2;192;197;206mCfsmCtx[38;2;192;197;206m::[38;2;192;197;206m<[38;2;180;142;173mu8[38;2;192;197;206m>[38;2;192;197;206m::[38;2;192;197;206mnew[38;2;192;197;206m([38;2;192;197;206m)[38;2;192;197;206m;[K
[0m[48;2;40;67;43m[39m+    211[0m:[39m[48;2;24;38;30m [38;2;192;197;206m    [38;2;192;197;206massert![38;2;192;197;206m([38;2;192;197;206mfsm.ctx_ptr.[38;2;150;181;180mis_none[38;2;192;197;206m([38;2;192;197;206m)[38;2;192;197;206m)[38;2;192;197;206m;[K
[0m[48;2;40;67;43m[39m+    212[0m:[39m[48;2;24;38;30m [38;2;192;197;206m    [38;2;192;197;206massert![38;2;192;197;206m([38;2;192;197;206mfsm.on_leave.[38;2;150;181;180mis_none[38;2;192;197;206m([38;2;192;197;206m)[38;2;192;197;206m)[38;2;192;197;206m;[K
[0m[48;2;40;67;43m[39m+    213[0m:[39m[48;2;24;38;30m [38;2;192;197;206m    [38;2;192;197;206massert![38;2;192;197;206m([38;2;192;197;206mfsm.on_process.[38;2;150;181;180mis_none[38;2;192;197;206m([38;2;192;197;206m)[38;2;192;197;206m)[38;2;192;197;206m;[K
[0m[48;2;40;67;43m[39m+    214[0m:[39m[48;2;24;38;30m [38;2;192;197;206m    [38;2;192;197;206massert![38;2;192;197;206m([38;2;192;197;206mfsm.on_event.[38;2;150;181;180mis_none[38;2;192;197;206m([38;2;192;197;206m)[38;2;192;197;206m)[38;2;192;197;206m;[K
[0m[48;2;40;67;43m[39m+    215[0m:[39m[48;2;24;38;30m [38;2;192;197;206m}[K
[0m[48;2;40;67;43m[39m+    216[0m:[39m[48;2;24;38;30m [K
[0m[48;2;40;67;43m[39m+    217[0m:[39m[48;2;24;38;30m [38;2;192;197;206m#[38;2;192;197;206m[[38;2;191;97;106mtest[38;2;192;197;206m][K
[0m[48;2;40;67;43m[39m+    218[0m:[39m[48;2;24;38;30m [38;2;180;142;173mfn[38;2;192;197;206m [38;2;143;161;179mtest_init_with_instance_data[38;2;192;197;206m([38;2;192;197;206m)[38;2;192;197;206m [38;2;192;197;206m{[K
[0m[48;2;40;67;43m[39m+    219[0m:[39m[48;2;24;38;30m [38;2;192;197;206m    [38;2;180;142;173mlet[38;2;192;197;206m [38;2;180;142;173mmut[38;2;192;197;206m fsm [38;2;192;197;206m=[38;2;192;197;206m [38;2;192;197;206mCfsmCtx[38;2;192;197;206m::[38;2;192;197;206m<[38;2;180;142;173mu8[38;2;192;197;206m>[38;2;192;197;206m::[38;2;192;197;206mnew[38;2;192;197;206m([38;2;192;197;206m)[38;2;192;197;206m;[K
[0m[48;2;40;67;43m[39m+    220[0m:[39m[48;2;24;38;30m [38;2;192;197;206m    fsm.[38;2;150;181;180mcfsm_init[38;2;192;197;206m([38;2;192;197;206mSome[38;2;192;197;206m([38;2;192;197;206mBox[38;2;192;197;206m::[38;2;192;197;206mnew[38;2;192;197;206m([38;2;208;135;112m99[38;2;180;142;173mu8[38;2;192;197;206m)[38;2;192;197;206m)[38;2;192;197;206m)[38;2;192;197;206m;[K
[0m[48;2;40;67;43m[39m+    221[0m:[39m[48;2;24;38;30m [38;2;192;197;206m    [38;2;192;197;206massert_eq![38;2;192;197;206m([38;2;192;197;206m*[38;2;192;197;206mfsm.ctx_ptr.[38;2;150;181;180mas_ref[38;2;192;197;206m([38;2;192;197;206m)[38;2;192;197;206m.[38;2;150;181;180munwrap[38;2;192;197;206m([38;2;192;197;206m)[38;2;192;197;206m,[38;2;192;197;206m [38;2;208;135;112m99[38;2;180;142;173mu8[38;2;192;197;206m)[38;2;192;197;206m;[K
[0m[48;2;40;67;43m[39m+    222[0m:[39m[48;2;24;38;30m [38;2;192;197;206m    [38;2;192;197;206massert![38;2;192;197;206m([38;2;192;197;206mfsm.on_leave.[38;2;150;181;180mis_none[38;2;192;197;206m([38;2;192;197;206m)[38;2;192;197;206m)[38;2;192;197;206m;[K
[0m[48;2;40;67;43m[39m+    223[0m:[39m[48;2;24;38;30m [38;2;192;197;206m    [38;2;192;197;206massert![38;2;192;197;206m([38;2;192;197;206mfsm.on_process.[38;2;150;181;180mis_none[38;2;192;197;206m([38;2;192;197;206m)[38;2;192;197;206m)[38;2;192;197;206m;[K
[0m[48;2;40;67;43m[39m+    224[0m:[39m[48;2;24;38;30m [38;2;192;197;206m    [38;2;192;197;206massert![38;2;192;197;206m([38;2;192;197;206mfsm.on_event.[38;2;150;181;180mis_none[38;2;192;197;206m([38;2;192;197;206m)[38;2;192;197;206m)[38;2;192;197;206m;[K
[0m[48;2;40;67;43m[39m+    225[0m:[39m[48;2;24;38;30m [38;2;192;197;206m}[K
[0m[48;2;40;67;43m[39m+    226[0m:[39m[48;2;24;38;30m [K
[0m[48;2;40;67;43m[39m+    227[0m:[39m[48;2;24;38;30m [38;2;192;197;206m#[38;2;192;197;206m[[38;2;191;97;106mtest[38;2;192;197;206m][K
[0m[48;2;40;67;43m[39m+    228[0m:[39m[48;2;24;38;30m [38;2;180;142;173mfn[38;2;192;197;206m [38;2;143;161;179mtest_init_with_none_clears_ctx_ptr[38;2;192;197;206m([38;2;192;197;206m)[38;2;192;197;206m [38;2;192;197;206m{[K
[0m[48;2;40;67;43m[39m+    229[0m:[39m[48;2;24;38;30m [38;2;192;197;206m    [38;2;180;142;173mlet[38;2;192;197;206m [38;2;180;142;173mmut[38;2;192;197;206m fsm [38;2;192;197;206m=[38;2;192;197;206m [38;2;192;197;206mCfsmCtx[38;2;192;197;206m::[38;2;192;197;206m<[38;2;180;142;173mu8[38;2;192;197;206m>[38;2;192;197;206m::[38;2;192;197;206mnew[38;2;192;197;206m([38;2;192;197;206m)[38;2;192;197;206m;[K
[0m[48;2;40;67;43m[39m+    230[0m:[39m[48;2;24;38;30m [38;2;192;197;206m    fsm.[38;2;150;181;180mcfsm_init[38;2;192;197;206m([38;2;192;197;206mSome[38;2;192;197;206m([38;2;192;197;206mBox[38;2;192;197;206m::[38;2;192;197;206mnew[38;2;192;197;206m([38;2;208;135;112m99[38;2;180;142;173mu8[38;2;192;197;206m)[38;2;192;197;206m)[38;2;192;197;206m)[38;2;192;197;206m;[K
[0m[48;2;40;67;43m[39m+    231[0m:[39m[48;2;24;38;30m [38;2;192;197;206m    fsm.[38;2;150;181;180mcfsm_init[38;2;192;197;206m([38;2;192;197;206mNone[38;2;192;197;206m)[38;2;192;197;206m;[K
[0m[48;2;40;67;43m[39m+    232[0m:[39m[48;2;24;38;30m [38;2;192;197;206m    [38;2;192;197;206massert![38;2;192;197;206m([38;2;192;197;206mfsm.ctx_ptr.[38;2;150;181;180mis_none[38;2;192;197;206m([38;2;192;197;206m)[38;2;192;197;206m)[38;2;192;197;206m;[K
[0m[48;2;40;67;43m[39m+    233[0m:[39m[48;2;24;38;30m [38;2;192;197;206m}[K
[0m[48;2;40;67;43m[39m+    234[0m:[39m[48;2;24;38;30m [K
[0m[48;2;40;67;43m[39m+    235[0m:[39m[48;2;24;38;30m [38;2;180;142;173mfn[38;2;192;197;206m [38;2;143;161;179mmain[38;2;192;197;206m([38;2;192;197;206m)[38;2;192;197;206m [38;2;192;197;206m{[38;2;192;197;206m}[K
[0m[K
Creating: [38;5;141m/tmp/harvest-crust-verify-XAOaTH/project/src/bin/test_cfsm.rs[0m
[38;5;244m - Completed in 0.50s[0m
[38;5;12m[1m [1.10][0m[0m
[?25l[0m[?25l[0m[0m[38;5;11mTODO:
[39m[38;5;10m[x] [3m[38;5;244mWrite test files in src/bin/ for every module[23m
[0m[ ] Run cargo test and iterate until all tests pass[38;5;244m - Completed in 0.47s[0m
[38;5;12m[1m [1.11][0m[0m
[?25l[0m[38;5;141m> [0mNow let's run the tests:[0m[0m
[?25l[0m[0mI will run the following command: [38;5;141mcd /tmp/harvest-crust-verify-XAOaTH/project && cargo test --bin test_cfsm 2>&1[0m[38;5;244m (using tool: shell)[0m
Purpose: Run cargo test to verify all tests pass

   Compiling cfsm v0.1.0 (/tmp/harvest-crust-verify-XAOaTH/project)
error[E0308]: mismatched types
   --> src/bin/test_cfsm.rs:221:48
    |
221 |     assert_eq!(*fsm.ctx_ptr.as_ref().unwrap(), 99u8);
    |                                                ^^^^ expected `Box<u8>`, found `u8`
    |
    = note: expected struct `Box<u8>`
                 found type `u8`
    = note: for more on the distinction between the stack and the heap, read https://doc.rust-lang.org/book/ch15-01-box.html, https://doc.rust-lang.org/rust-by-example/std/box.html, and https://doc.rust-lang.org/std/boxed/index.html
help: store this in the heap by calling `Box::new`
    |
221 |     assert_eq!(*fsm.ctx_ptr.as_ref().unwrap(), Box::new(99u8));
    |                                                +++++++++    +

For more information about this error, try `rustc --explain E0308`.
error: could not compile `cfsm` (bin "test_cfsm" test) due to 1 previous error
[38;5;244m - Completed in 0.272s[0m
[38;5;12m[1m [1.12][0m[0m
[?25l[0m[38;5;141m> [0mThe [38;5;10mctx_ptr[0m is [38;5;10mOption<Box<T>>[0m, so [38;5;10mas_ref().unwrap()[0m gives [38;5;10m&Box<u8>[0m, and dereferencing gives [38;5;10mBox<u8>[0m. Let me fix the assertions:[0m[0m
[?25l[0m[0mI'll modify the following file: [38;5;141msrc/bin/test_cfsm.rs[0m[38;5;244m (using tool: write)[0m

[48;2;43;48;59m[39m  93, 93[0m:[39m[48;2;43;48;59m [38;2;192;197;206m    [38;2;192;197;206massert![38;2;192;197;206m([38;2;192;197;206mfsm.ctx_ptr.[38;2;150;181;180mis_some[38;2;192;197;206m([38;2;192;197;206m)[38;2;192;197;206m)[38;2;192;197;206m;[K
[0m[48;2;79;40;40m[39m- 94    [0m:[39m[48;2;36;25;28m [38;2;192;197;206m    [38;2;192;197;206massert_eq![38;2;192;197;206m([38;2;192;197;206m*[38;2;192;197;206mfsm.ctx_ptr.[38;2;150;181;180munwrap[38;2;192;197;206m([38;2;192;197;206m)[38;2;192;197;206m,[38;2;192;197;206m [38;2;208;135;112m42[38;2;180;142;173mu8[38;2;192;197;206m)[38;2;192;197;206m;[K
[0m[48;2;40;67;43m[39m+     94[0m:[39m[48;2;24;38;30m [38;2;192;197;206m    [38;2;192;197;206massert_eq![38;2;192;197;206m([38;2;192;197;206m*[38;2;192;197;206m*[38;2;192;197;206mfsm.ctx_ptr.[38;2;150;181;180mas_ref[38;2;192;197;206m([38;2;192;197;206m)[38;2;192;197;206m.[38;2;150;181;180munwrap[38;2;192;197;206m([38;2;192;197;206m)[38;2;192;197;206m,[38;2;192;197;206m [38;2;208;135;112m42[38;2;180;142;173mu8[38;2;192;197;206m)[38;2;192;197;206m;[K
[0m[K
Updating: [38;5;141msrc/bin/test_cfsm.rs[0m
[38;5;244m - Completed in 0.50s[0m
[38;5;12m[1m [1.13][0m[0m
[?25l[0m[?25l[0m[0mI'll modify the following file: [38;5;141msrc/bin/test_cfsm.rs[0m[38;5;244m (using tool: write)[0m

[48;2;79;40;40m[39m- 221     [0m:[39m[48;2;36;25;28m [38;2;192;197;206m    [38;2;192;197;206massert_eq![38;2;192;197;206m([38;2;192;197;206m*[38;2;192;197;206mfsm.ctx_ptr.[38;2;150;181;180mas_ref[38;2;192;197;206m([38;2;192;197;206m)[38;2;192;197;206m.[38;2;150;181;180munwrap[38;2;192;197;206m([38;2;192;197;206m)[38;2;192;197;206m,[38;2;192;197;206m [38;2;208;135;112m99[38;2;180;142;173mu8[38;2;192;197;206m)[38;2;192;197;206m;[K
[0m[48;2;40;67;43m[39m+      221[0m:[39m[48;2;24;38;30m [38;2;192;197;206m    [38;2;192;197;206massert_eq![38;2;192;197;206m([38;2;192;197;206m*[38;2;192;197;206m*[38;2;192;197;206mfsm.ctx_ptr.[38;2;150;181;180mas_ref[38;2;192;197;206m([38;2;192;197;206m)[38;2;192;197;206m.[38;2;150;181;180munwrap[38;2;192;197;206m([38;2;192;197;206m)[38;2;192;197;206m,[38;2;192;197;206m [38;2;208;135;112m99[38;2;180;142;173mu8[38;2;192;197;206m)[38;2;192;197;206m;[K
[0m[K
Updating: [38;5;141msrc/bin/test_cfsm.rs[0m
[38;5;244m - Completed in 0.51s[0m
[38;5;12m[1m [1.14][0m[0m
[?25l[0m[?25l[0m[0mI will run the following command: [38;5;141mcd /tmp/harvest-crust-verify-XAOaTH/project && cargo test --bin test_cfsm 2>&1[0m[38;5;244m (using tool: shell)[0m
Purpose: Run cargo test again after fixing type mismatch

   Compiling cfsm v0.1.0 (/tmp/harvest-crust-verify-XAOaTH/project)
    Finished `test` profile [unoptimized + debuginfo] target(s) in 0.34s
     Running unittests src/bin/test_cfsm.rs (target/debug/deps/test_cfsm-46dfa50f54d4e8a4)

running 11 tests
test test_event_counting ... ok
test test_init_clears_handlers ... ok
test test_init_safe_to_use ... ok
test test_init_with_instance_data ... ok
test test_init_with_none_clears_ctx_ptr ... ok
test test_new_creates_empty_context ... ok
test test_process_counting ... ok
test test_transition_a_b_a ... ok
test test_transition_enter_only ... ok
test test_transition_to_null ... ok
test test_version_constants ... ok

test result: ok. 11 passed; 0 failed; 0 ignored; 0 measured; 0 filtered out; finished in 0.00s

[38;5;244m - Completed in 0.445s[0m
[38;5;12m[1m [1.15][0m[0m
[?25l[0m[38;5;141m> [0mAll 11 tests pass. Let me mark the final task complete:[0m[0m
[?25l[0m[0m[38;5;11mTODO:
[39m[38;5;10m[x] [3m[38;5;244mRead project structure, Cargo.toml, lib.rs, all C sources, and all Rust sources[23m
[38;5;10m[x] [3m[38;5;244mBuild and run C code to get ground truth outputs[23m
[38;5;10m[x] [3m[38;5;244mWrite test files in src/bin/ for every module[23m
[38;5;10m[x] [3m[38;5;244mRun cargo test and iterate until all tests pass[23m[38;5;244m - Completed in 0.51s[0m
[38;5;12m[1m [1.16][0m[0m
[?25l[0m[38;5;141m> [0mAll done. Here's a summary of what was accomplished:[0m[0m
[0m[0m
The project has one module ([38;5;10mcfsm[0m) which is a C-to-Rust translation of a finite state machine library. I created [38;5;10msrc/bin/test_cfsm.rs[0m with 11 tests covering the entire public API:[0m[0m
[0m[0m
| Test | What it verifies |[0m[0m
|---|---|[0m[0m
| [38;5;10mtest_version_constants[0m | MAJOR=0, MINOR=3, PATCH=0 match C header |[0m[0m
| [38;5;10mtest_new_creates_empty_context[0m | [38;5;10mCfsmCtx::new()[0m initializes all fields to None |[0m[0m
| [38;5;10mtest_init_clears_handlers[0m | [38;5;10mcfsm_init[0m clears all handlers and sets ctx_ptr |[0m[0m
| [38;5;10mtest_init_with_instance_data[0m | [38;5;10mcfsm_init[0m stores instance data correctly |[0m[0m
| [38;5;10mtest_init_with_none_clears_ctx_ptr[0m | [38;5;10mcfsm_init(None)[0m clears ctx_ptr |[0m[0m
| [38;5;10mtest_init_safe_to_use[0m | [38;5;10mcfsm_process[0m/[38;5;10mcfsm_event[0m are no-ops after init (no panic) |[0m[0m
| [38;5;10mtest_transition_enter_only[0m | Enter function that sets no handlers leaves them all None |[0m[0m
| [38;5;10mtest_transition_to_null[0m | Transition to None calls leave, then clears all handlers |[0m[0m
| [38;5;10mtest_process_counting[0m | 10 [38;5;10mcfsm_process[0m calls invoke the handler 10 times |[0m[0m
| [38;5;10mtest_event_counting[0m | 10 [38;5;10mcfsm_event[0m calls invoke the handler 10 times with correct event IDs |[0m[0m
| [38;5;10mtest_transition_a_b_a[0m | A→B→A transitions correctly call leave/enter and track counters |[0m[0m
[0m[0m
All expected values were derived by compiling and running the C source code. No bugs were found in the Rust translation — it faithfully matches the C behavior.[0m[0m[38;5;12m[1m✓ Created checkpoint 1

[0m[0m
[38;5;8m
 ▸ Credits: 4.81 • Time: 2m 21s

[0m[1G[0m[0m[?25h