[32mAll tools are now trusted ([0m[31m![0m[32m). Kiro will execute tools without asking for confirmation.[0m
Agents can sometimes do unexpected things so understand the risks.

Learn more at [38;5;141mhttps://kiro.dev/docs/cli/chat/security/#using-tools-trust-all-safely[0m

[38;5;12mCheckpoints are not available in this directory. Use '/checkpoint init' to enable checkpoints.

[39m
[38;5;252m[0m[?25l[38;5;141m> [0m[0m[0m
[0m[0m
I'll start by reading all the C source files and Rust source files to understand the project.[0m[0m
[?25l[0m[0mBatch fs_read operation with [38;5;141m3[0m operations[38;5;244m (using tool: read)[0m

↱ Operation 1: Reading directory: [38;5;141m/tmp/harvest-crust-3XepoC/project[0m
↱ Operation 2: Reading directory: [38;5;141m/tmp/harvest-crust-3XepoC/project/c_src[0m
↱ Operation 3: Reading directory: [38;5;141m/tmp/harvest-crust-3XepoC/project/src[0m
[38;5;10m ✓ [0mSuccessfully read directory [38;5;141m/tmp/harvest-crust-3XepoC/project[0m [38;5;244m(43 entries)[0m

[38;5;10m ✓ [0mSuccessfully read directory [38;5;141m/tmp/harvest-crust-3XepoC/project/c_src[0m [38;5;244m(36 entries)[0m

[38;5;10m ✓ [0mSuccessfully read directory [38;5;141m/tmp/harvest-crust-3XepoC/project/src[0m [38;5;244m(2 entries)[0m

 ⋮ 

[38;5;244m- [0mSummary: 3 operations processed, 3 successful, 0 failed
[38;5;244m - Completed in 0.3s[0m

[?25l[0m[38;5;141m> [0mNow let me read all the key source files:[0m[0m
[?25l[0m[0mBatch fs_read operation with [38;5;141m5[0m operations[38;5;244m (using tool: read)[0m

↱ Operation 1: Reading file: [38;5;141m/tmp/harvest-crust-3XepoC/project/c_src/config.h[0m, all lines
↱ Operation 2: Reading file: [38;5;141m/tmp/harvest-crust-3XepoC/project/c_src/config.c[0m, all lines
↱ Operation 3: Reading file: [38;5;141m/tmp/harvest-crust-3XepoC/project/src/simple_config.rs[0m, all lines
↱ Operation 4: Reading file: [38;5;141m/tmp/harvest-crust-3XepoC/project/src/lib.rs[0m, all lines
↱ Operation 5: Reading file: [38;5;141m/tmp/harvest-crust-3XepoC/project/Cargo.toml[0m, all lines
[38;5;10m ✓ [0mSuccessfully read [38;5;244m2690 bytes[0m from /tmp/harvest-crust-3XepoC/project/c_src/config.h

[38;5;10m ✓ [0mSuccessfully read [38;5;244m16347 bytes[0m from /tmp/harvest-crust-3XepoC/project/c_src/config.c

[38;5;10m ✓ [0mSuccessfully read [38;5;244m3948 bytes[0m from /tmp/harvest-crust-3XepoC/project/src/simple_config.rs

[38;5;10m ✓ [0mSuccessfully read [38;5;244m22 bytes[0m from /tmp/harvest-crust-3XepoC/project/src/lib.rs

[38;5;10m ✓ [0mSuccessfully read [38;5;244m104 bytes[0m from /tmp/harvest-crust-3XepoC/project/Cargo.toml

 ⋮ 

[38;5;244m- [0mSummary: 5 operations processed, 5 successful, 0 failed
[38;5;244m - Completed in 0.0s[0m

[?25l[0m[38;5;141m> [0mNow I have a thorough understanding of the C code and the Rust interface. Let me create a plan and implement it.[0m[0m
[?25l[0m[0m[38;5;11mTODO:
[39m[0m[ ] Implement all function bodies in simple_config.rs
[0m[ ] Build and fix any compilation errors[38;5;244m - Completed in 0.0s[0m

[?25l[0m[38;5;141m> [0mNow let me carefully study the [38;5;10mcfg_get_string[0m signature — it returns [38;5;10m&'a str[0m tied to the [38;5;10mfallback[0m lifetime, not to [38;5;10mcfg[0m. This means we can't return a reference into [38;5;10mcfg.entries[0m. Let me look at this more carefully.[0m[0m
[0m[0m
The signature [38;5;10mpub fn cfg_get_string<'a>(cfg: &Cfg, key: &str, fallback: &'a str) -> &'a str[0m means the return value's lifetime is tied to [38;5;10mfallback[0m, not [38;5;10mcfg[0m. This means we can only return [38;5;10mfallback[0m — we can't return a reference into [38;5;10mcfg[0m entries. This is a design constraint of the Rust interface. We need to handle this by leaking a string or returning fallback. Actually, looking more carefully, the only safe option with this signature is to return [38;5;10mfallback[0m when no match is found, and we literally cannot return a reference to a string inside [38;5;10mcfg[0m because the lifetime doesn't match. Let me think about this...[0m[0m
[0m[0m
Actually, the only way to make this work safely is to leak the string from cfg entries. But that's not idiomatic. Given the signature constraint, perhaps the intent is that [38;5;10mcfg_get_string[0m always returns [38;5;10mfallback[0m if the key isn't found, and if found... we'd need to use [38;5;10mBox::leak[0m or similar. Let me just implement it faithfully — the function signature is given and I must not change it. I'll use [38;5;10mBox::leak[0m for the found case.[0m[0m
[0m[0m
Now let me implement the full file:[0m[0m
[?25l[0m[0mI'll create the following file: [38;5;141msrc/simple_config.rs[0m[38;5;244m (using tool: write)[0m
Purpose: Implement all unimplemented!() bodies in simple_config.rs, translating the C config parser to idiomatic Rust

[48;2;43;48;59m[39m    1,   1[0m:[39m[48;2;43;48;59m [38;2;180;142;173muse[38;2;192;197;206m [38;2;192;197;206mstd[38;2;192;197;206m::[38;2;192;197;206m{[38;2;192;197;206mfmt[38;2;192;197;206m::[38;2;192;197;206mDisplay[38;2;192;197;206m,[38;2;192;197;206m [38;2;192;197;206mfs[38;2;192;197;206m::[38;2;192;197;206mFile[38;2;192;197;206m}[38;2;192;197;206m;[K
[0m[48;2;40;67;43m[39m+        2[0m:[39m[48;2;24;38;30m [38;2;180;142;173muse[38;2;192;197;206m [38;2;192;197;206mstd[38;2;192;197;206m::[38;2;192;197;206mio[38;2;192;197;206m::[38;2;192;197;206mWrite[38;2;192;197;206m;[K
[0m[48;2;43;48;59m[39m    2,   3[0m:[39m[48;2;43;48;59m [38;2;101;115;126m//[38;2;101;115;126m Constants[K
[0m[48;2;43;48;59m[39m    3,   4[0m:[39m[48;2;43;48;59m [38;2;180;142;173mpub[38;2;192;197;206m [38;2;180;142;173mconst[38;2;192;197;206m [38;2;208;135;112mCFG_FILE_EXT[38;2;192;197;206m:[38;2;192;197;206m [38;2;192;197;206m&[38;2;180;142;173mstr[38;2;192;197;206m [38;2;192;197;206m=[38;2;192;197;206m [38;2;192;197;206m"[38;2;163;190;140m.cfg[38;2;192;197;206m"[38;2;192;197;206m;[K
[0m[48;2;43;48;59m[39m    4,   5[0m:[39m[48;2;43;48;59m [38;2;180;142;173mpub[38;2;192;197;206m [38;2;180;142;173mconst[38;2;192;197;206m [38;2;208;135;112mCFG_MAX_KEY[38;2;192;197;206m:[38;2;192;197;206m [38;2;180;142;173musize[38;2;192;197;206m [38;2;192;197;206m=[38;2;192;197;206m [38;2;208;135;112m32[38;2;192;197;206m;[K
[0m[48;2;43;48;59m[39m    5,   6[0m:[39m[48;2;43;48;59m [38;2;180;142;173mpub[38;2;192;197;206m [38;2;180;142;173mconst[38;2;192;197;206m [38;2;208;135;112mCFG_MAX_VAL[38;2;192;197;206m:[38;2;192;197;206m [38;2;180;142;173musize[38;2;192;197;206m [38;2;192;197;206m=[38;2;192;197;206m [38;2;208;135;112m64[38;2;192;197;206m;[K
[0m[48;2;43;48;59m[39m    6,   7[0m:[39m[48;2;43;48;59m [38;2;180;142;173mpub[38;2;192;197;206m [38;2;180;142;173mconst[38;2;192;197;206m [38;2;208;135;112mCFG_MAX_ERR[38;2;192;197;206m:[38;2;192;197;206m [38;2;180;142;173musize[38;2;192;197;206m [38;2;192;197;206m=[38;2;192;197;206m [38;2;208;135;112m64[38;2;192;197;206m;[K
[0m[48;2;43;48;59m[39m    7,   8[0m:[39m[48;2;43;48;59m [38;2;101;115;126m//[38;2;101;115;126m Structures and Enums[K
[0m[48;2;43;48;59m[39m    8,   9[0m:[39m[48;2;43;48;59m [38;2;192;197;206m#[38;2;192;197;206m[[38;2;191;97;106mderive[38;2;192;197;206m([38;2;192;197;206mClone[38;2;192;197;206m,[38;2;192;197;206m Copy[38;2;192;197;206m,[38;2;192;197;206m PartialEq[38;2;192;197;206m,[38;2;192;197;206m Debug[38;2;192;197;206m)[38;2;192;197;206m][K
[0m[48;2;43;48;59m[39m    9,  10[0m:[39m[48;2;43;48;59m [38;2;180;142;173mpub[38;2;192;197;206m [38;2;180;142;173mstruct[38;2;192;197;206m [38;2;192;197;206mCfgColor[38;2;192;197;206m [38;2;192;197;206m{[K
[0m[48;2;43;48;59m[39m   10,  11[0m:[39m[48;2;43;48;59m [38;2;192;197;206m    [38;2;180;142;173mpub[38;2;192;197;206m [38;2;191;97;106mr[38;2;192;197;206m:[38;2;192;197;206m [38;2;180;142;173mu8[38;2;192;197;206m,[K
[0m[48;2;43;48;59m[39m   11,  12[0m:[39m[48;2;43;48;59m [38;2;192;197;206m    [38;2;180;142;173mpub[38;2;192;197;206m [38;2;191;97;106mg[38;2;192;197;206m:[38;2;192;197;206m [38;2;180;142;173mu8[38;2;192;197;206m,[K
[0m[48;2;43;48;59m[39m   12,  13[0m:[39m[48;2;43;48;59m [38;2;192;197;206m    [38;2;180;142;173mpub[38;2;192;197;206m [38;2;191;97;106mb[38;2;192;197;206m:[38;2;192;197;206m [38;2;180;142;173mu8[38;2;192;197;206m,[K
[0m[48;2;43;48;59m[39m   13,  14[0m:[39m[48;2;43;48;59m [38;2;192;197;206m    [38;2;180;142;173mpub[38;2;192;197;206m [38;2;191;97;106ma[38;2;192;197;206m:[38;2;192;197;206m [38;2;180;142;173mu8[38;2;192;197;206m,[K
[0m[48;2;43;48;59m[39m   14,  15[0m:[39m[48;2;43;48;59m [38;2;192;197;206m}[K
[0m[48;2;43;48;59m[39m   15,  16[0m:[39m[48;2;43;48;59m [38;2;192;197;206m#[38;2;192;197;206m[[38;2;191;97;106mderive[38;2;192;197;206m([38;2;192;197;206mClone[38;2;192;197;206m,[38;2;192;197;206m Debug[38;2;192;197;206m,[38;2;192;197;206m PartialEq[38;2;192;197;206m)[38;2;192;197;206m][K
[0m[48;2;43;48;59m[39m   16,  17[0m:[39m[48;2;43;48;59m [38;2;180;142;173mpub[38;2;192;197;206m [38;2;180;142;173mstruct[38;2;192;197;206m [38;2;192;197;206mCfgError[38;2;192;197;206m [38;2;192;197;206m{[K
[0m[48;2;43;48;59m[39m   17,  18[0m:[39m[48;2;43;48;59m [38;2;192;197;206m    [38;2;180;142;173mpub[38;2;192;197;206m [38;2;191;97;106moff[38;2;192;197;206m:[38;2;192;197;206m [38;2;180;142;173mi32[38;2;192;197;206m,[K
[0m[48;2;43;48;59m[39m   18,  19[0m:[39m[48;2;43;48;59m [38;2;192;197;206m    [38;2;180;142;173mpub[38;2;192;197;206m [38;2;191;97;106mcol[38;2;192;197;206m:[38;2;192;197;206m [38;2;180;142;173mi32[38;2;192;197;206m,[K
[0m[48;2;43;48;59m[39m   19,  20[0m:[39m[48;2;43;48;59m [38;2;192;197;206m    [38;2;180;142;173mpub[38;2;192;197;206m [38;2;191;97;106mrow[38;2;192;197;206m:[38;2;192;197;206m [38;2;180;142;173mi32[38;2;192;197;206m,[K
[0m[48;2;43;48;59m[39m   20,  21[0m:[39m[48;2;43;48;59m [38;2;192;197;206m    [38;2;180;142;173mpub[38;2;192;197;206m [38;2;191;97;106mmsg[38;2;192;197;206m:[38;2;192;197;206m String,[K
[0m[48;2;43;48;59m[39m   21,  22[0m:[39m[48;2;43;48;59m [38;2;192;197;206m}[K
[0m[48;2;43;48;59m[39m   22,  23[0m:[39m[48;2;43;48;59m [38;2;180;142;173mimpl[38;2;192;197;206m [38;2;192;197;206mDefault [38;2;180;142;173mfor[38;2;192;197;206m [38;2;192;197;206mCfgError[38;2;192;197;206m [38;2;192;197;206m{[K
[0m[48;2;43;48;59m[39m   23,  24[0m:[39m[48;2;43;48;59m [38;2;192;197;206m    [38;2;180;142;173mfn[38;2;192;197;206m [38;2;143;161;179mdefault[38;2;192;197;206m([38;2;192;197;206m)[38;2;192;197;206m [38;2;192;197;206m->[38;2;192;197;206m [38;2;180;142;173mSelf[38;2;192;197;206m [38;2;192;197;206m{[K
[0m[48;2;43;48;59m[39m   24,  25[0m:[39m[48;2;43;48;59m [38;2;192;197;206m        CfgError [38;2;192;197;206m{[K
[0m[48;2;43;48;59m[39m   25,  26[0m:[39m[48;2;43;48;59m [38;2;192;197;206m            off[38;2;192;197;206m:[38;2;192;197;206m [38;2;208;135;112m0[38;2;192;197;206m,[K
[0m[48;2;43;48;59m[39m   26,  27[0m:[39m[48;2;43;48;59m [38;2;192;197;206m            col[38;2;192;197;206m:[38;2;192;197;206m [38;2;208;135;112m0[38;2;192;197;206m,[K
[0m[48;2;43;48;59m[39m   27,  28[0m:[39m[48;2;43;48;59m [38;2;192;197;206m            row[38;2;192;197;206m:[38;2;192;197;206m [38;2;208;135;112m0[38;2;192;197;206m,[K
[0m[48;2;43;48;59m[39m   28,  29[0m:[39m[48;2;43;48;59m [38;2;192;197;206m            msg[38;2;192;197;206m:[38;2;192;197;206m [38;2;192;197;206mString[38;2;192;197;206m::[38;2;192;197;206mnew[38;2;192;197;206m([38;2;192;197;206m)[38;2;192;197;206m,[K
[0m[48;2;43;48;59m[39m   29,  30[0m:[39m[48;2;43;48;59m [38;2;192;197;206m        [38;2;192;197;206m}[K
[0m[48;2;43;48;59m[39m   30,  31[0m:[39m[48;2;43;48;59m [38;2;192;197;206m    [38;2;192;197;206m}[K
[0m[48;2;43;48;59m[39m   31,  32[0m:[39m[48;2;43;48;59m [38;2;192;197;206m}[K
[0m[48;2;43;48;59m[39m   32,  33[0m:[39m[48;2;43;48;59m [38;2;192;197;206m#[38;2;192;197;206m[[38;2;191;97;106mderive[38;2;192;197;206m([38;2;192;197;206mClone[38;2;192;197;206m,[38;2;192;197;206m PartialEq[38;2;192;197;206m,[38;2;192;197;206m Debug[38;2;192;197;206m)[38;2;192;197;206m][K
[0m[48;2;43;48;59m[39m   33,  34[0m:[39m[48;2;43;48;59m [38;2;180;142;173mpub[38;2;192;197;206m [38;2;180;142;173menum[38;2;192;197;206m [38;2;192;197;206mCfgVal[38;2;192;197;206m [38;2;192;197;206m{[K
[0m[48;2;43;48;59m[39m   34,  35[0m:[39m[48;2;43;48;59m [38;2;192;197;206m    [38;2;192;197;206mString[38;2;192;197;206m([38;2;192;197;206mString[38;2;192;197;206m)[38;2;192;197;206m,[K
[0m[48;2;43;48;59m[39m   35,  36[0m:[39m[48;2;43;48;59m [38;2;192;197;206m    Boolean[38;2;192;197;206m([38;2;180;142;173mbool[38;2;192;197;206m)[38;2;192;197;206m,[K
[0m[48;2;43;48;59m[39m   36,  37[0m:[39m[48;2;43;48;59m [38;2;192;197;206m    Int[38;2;192;197;206m([38;2;180;142;173mi32[38;2;192;197;206m)[38;2;192;197;206m,[K
[0m[48;2;43;48;59m[39m   37,  38[0m:[39m[48;2;43;48;59m [38;2;192;197;206m    Float[38;2;192;197;206m([38;2;180;142;173mf32[38;2;192;197;206m)[38;2;192;197;206m,[K
[0m[48;2;43;48;59m[39m   38,  39[0m:[39m[48;2;43;48;59m [38;2;192;197;206m    Color[38;2;192;197;206m([38;2;192;197;206mCfgColor[38;2;192;197;206m)[38;2;192;197;206m,[K
[0m[48;2;43;48;59m[39m   39,  40[0m:[39m[48;2;43;48;59m [38;2;192;197;206m}[K
[0m[48;2;43;48;59m[39m   40,  41[0m:[39m[48;2;43;48;59m [38;2;180;142;173mimpl[38;2;192;197;206m [38;2;192;197;206mFrom[38;2;192;197;206m<[38;2;192;197;206m&[38;2;180;142;173mstr[38;2;192;197;206m>[38;2;192;197;206m [38;2;180;142;173mfor[38;2;192;197;206m [38;2;192;197;206mCfgVal[38;2;192;197;206m [38;2;192;197;206m{[K
[0m[48;2;43;48;59m[39m   41,  42[0m:[39m[48;2;43;48;59m [38;2;192;197;206m    [38;2;180;142;173mfn[38;2;192;197;206m [38;2;143;161;179mfrom[38;2;192;197;206m([38;2;191;97;106ms[38;2;192;197;206m:[38;2;192;197;206m [38;2;192;197;206m&[38;2;180;142;173mstr[38;2;192;197;206m)[38;2;192;197;206m [38;2;192;197;206m->[38;2;192;197;206m [38;2;180;142;173mSelf[38;2;192;197;206m [38;2;192;197;206m{[K
[0m[48;2;43;48;59m[39m   42,  43[0m:[39m[48;2;43;48;59m [38;2;192;197;206m        [38;2;192;197;206mCfgVal[38;2;192;197;206m::[38;2;192;197;206mString[38;2;192;197;206m([38;2;192;197;206ms.[38;2;150;181;180mto_string[38;2;192;197;206m([38;2;192;197;206m)[38;2;192;197;206m)[K
[0m[48;2;43;48;59m[39m   43,  44[0m:[39m[48;2;43;48;59m [38;2;192;197;206m    [38;2;192;197;206m}[K
[0m[48;2;43;48;59m[39m   44,  45[0m:[39m[48;2;43;48;59m [38;2;192;197;206m}[K
[0m[48;2;43;48;59m[39m   45,  46[0m:[39m[48;2;43;48;59m [38;2;180;142;173mimpl[38;2;192;197;206m [38;2;192;197;206mFrom[38;2;192;197;206m<[38;2;192;197;206mString[38;2;192;197;206m>[38;2;192;197;206m [38;2;180;142;173mfor[38;2;192;197;206m [38;2;192;197;206mCfgVal[38;2;192;197;206m [38;2;192;197;206m{[K
[0m[48;2;43;48;59m[39m   46,  47[0m:[39m[48;2;43;48;59m [38;2;192;197;206m    [38;2;180;142;173mfn[38;2;192;197;206m [38;2;143;161;179mfrom[38;2;192;197;206m([38;2;191;97;106ms[38;2;192;197;206m:[38;2;192;197;206m String[38;2;192;197;206m)[38;2;192;197;206m [38;2;192;197;206m->[38;2;192;197;206m [38;2;180;142;173mSelf[38;2;192;197;206m [38;2;192;197;206m{[K
[0m[48;2;43;48;59m[39m   47,  48[0m:[39m[48;2;43;48;59m [38;2;192;197;206m        [38;2;192;197;206mCfgVal[38;2;192;197;206m::[38;2;192;197;206mString[38;2;192;197;206m([38;2;192;197;206ms[38;2;192;197;206m)[K
[0m[48;2;43;48;59m[39m   48,  49[0m:[39m[48;2;43;48;59m [38;2;192;197;206m    [38;2;192;197;206m}[K
[0m[48;2;43;48;59m[39m   49,  50[0m:[39m[48;2;43;48;59m [38;2;192;197;206m}[K
[0m[48;2;43;48;59m[39m   50,  51[0m:[39m[48;2;43;48;59m [38;2;180;142;173mimpl[38;2;192;197;206m [38;2;192;197;206mFrom[38;2;192;197;206m<[38;2;180;142;173mbool[38;2;192;197;206m>[38;2;192;197;206m [38;2;180;142;173mfor[38;2;192;197;206m [38;2;192;197;206mCfgVal[38;2;192;197;206m [38;2;192;197;206m{[K
[0m[48;2;43;48;59m[39m   51,  52[0m:[39m[48;2;43;48;59m [38;2;192;197;206m    [38;2;180;142;173mfn[38;2;192;197;206m [38;2;143;161;179mfrom[38;2;192;197;206m([38;2;191;97;106mb[38;2;192;197;206m:[38;2;192;197;206m [38;2;180;142;173mbool[38;2;192;197;206m)[38;2;192;197;206m [38;2;192;197;206m->[38;2;192;197;206m [38;2;180;142;173mSelf[38;2;192;197;206m [38;2;192;197;206m{[K
[0m[48;2;43;48;59m[39m   52,  53[0m:[39m[48;2;43;48;59m [38;2;192;197;206m        [38;2;192;197;206mCfgVal[38;2;192;197;206m::[38;2;192;197;206mBoolean[38;2;192;197;206m([38;2;192;197;206mb[38;2;192;197;206m)[K
[0m[48;2;43;48;59m[39m   53,  54[0m:[39m[48;2;43;48;59m [38;2;192;197;206m    [38;2;192;197;206m}[K
[0m[48;2;43;48;59m[39m   54,  55[0m:[39m[48;2;43;48;59m [38;2;192;197;206m}[K
[0m[48;2;43;48;59m[39m   55,  56[0m:[39m[48;2;43;48;59m [38;2;180;142;173mimpl[38;2;192;197;206m [38;2;192;197;206mFrom[38;2;192;197;206m<[38;2;180;142;173mi32[38;2;192;197;206m>[38;2;192;197;206m [38;2;180;142;173mfor[38;2;192;197;206m [38;2;192;197;206mCfgVal[38;2;192;197;206m [38;2;192;197;206m{[K
[0m[48;2;43;48;59m[39m   56,  57[0m:[39m[48;2;43;48;59m [38;2;192;197;206m    [38;2;180;142;173mfn[38;2;192;197;206m [38;2;143;161;179mfrom[38;2;192;197;206m([38;2;191;97;106mi[38;2;192;197;206m:[38;2;192;197;206m [38;2;180;142;173mi32[38;2;192;197;206m)[38;2;192;197;206m [38;2;192;197;206m->[38;2;192;197;206m [38;2;180;142;173mSelf[38;2;192;197;206m [38;2;192;197;206m{[K
[0m[48;2;43;48;59m[39m   57,  58[0m:[39m[48;2;43;48;59m [38;2;192;197;206m        [38;2;192;197;206mCfgVal[38;2;192;197;206m::[38;2;192;197;206mInt[38;2;192;197;206m([38;2;192;197;206mi[38;2;192;197;206m)[K
[0m[48;2;43;48;59m[39m   58,  59[0m:[39m[48;2;43;48;59m [38;2;192;197;206m    [38;2;192;197;206m}[K
[0m[48;2;43;48;59m[39m   59,  60[0m:[39m[48;2;43;48;59m [38;2;192;197;206m}[K
[0m[48;2;43;48;59m[39m   60,  61[0m:[39m[48;2;43;48;59m [38;2;180;142;173mimpl[38;2;192;197;206m [38;2;192;197;206mFrom[38;2;192;197;206m<[38;2;180;142;173mf32[38;2;192;197;206m>[38;2;192;197;206m [38;2;180;142;173mfor[38;2;192;197;206m [38;2;192;197;206mCfgVal[38;2;192;197;206m [38;2;192;197;206m{[K
[0m[48;2;43;48;59m[39m   61,  62[0m:[39m[48;2;43;48;59m [38;2;192;197;206m    [38;2;180;142;173mfn[38;2;192;197;206m [38;2;143;161;179mfrom[38;2;192;197;206m([38;2;191;97;106mf[38;2;192;197;206m:[38;2;192;197;206m [38;2;180;142;173mf32[38;2;192;197;206m)[38;2;192;197;206m [38;2;192;197;206m->[38;2;192;197;206m [38;2;180;142;173mSelf[38;2;192;197;206m [38;2;192;197;206m{[K
[0m[48;2;43;48;59m[39m   62,  63[0m:[39m[48;2;43;48;59m [38;2;192;197;206m        [38;2;192;197;206mCfgVal[38;2;192;197;206m::[38;2;192;197;206mFloat[38;2;192;197;206m([38;2;192;197;206mf[38;2;192;197;206m)[K
[0m[48;2;43;48;59m[39m   63,  64[0m:[39m[48;2;43;48;59m [38;2;192;197;206m    [38;2;192;197;206m}[K
[0m[48;2;43;48;59m[39m   64,  65[0m:[39m[48;2;43;48;59m [38;2;192;197;206m}[K
[0m[48;2;43;48;59m[39m   65,  66[0m:[39m[48;2;43;48;59m [38;2;180;142;173mimpl[38;2;192;197;206m [38;2;192;197;206mFrom[38;2;192;197;206m<[38;2;192;197;206mCfgColor[38;2;192;197;206m>[38;2;192;197;206m [38;2;180;142;173mfor[38;2;192;197;206m [38;2;192;197;206mCfgVal[38;2;192;197;206m [38;2;192;197;206m{[K
[0m[48;2;43;48;59m[39m   66,  67[0m:[39m[48;2;43;48;59m [38;2;192;197;206m    [38;2;180;142;173mfn[38;2;192;197;206m [38;2;143;161;179mfrom[38;2;192;197;206m([38;2;191;97;106mc[38;2;192;197;206m:[38;2;192;197;206m CfgColor[38;2;192;197;206m)[38;2;192;197;206m [38;2;192;197;206m->[38;2;192;197;206m [38;2;180;142;173mSelf[38;2;192;197;206m [38;2;192;197;206m{[K
[0m[48;2;43;48;59m[39m   67,  68[0m:[39m[48;2;43;48;59m [38;2;192;197;206m        [38;2;192;197;206mCfgVal[38;2;192;197;206m::[38;2;192;197;206mColor[38;2;192;197;206m([38;2;192;197;206mc[38;2;192;197;206m)[K
[0m[48;2;43;48;59m[39m   68,  69[0m:[39m[48;2;43;48;59m [38;2;192;197;206m    [38;2;192;197;206m}[K
[0m[48;2;43;48;59m[39m   69,  70[0m:[39m[48;2;43;48;59m [38;2;192;197;206m}[K
[0m[48;2;43;48;59m[39m   70,  71[0m:[39m[48;2;43;48;59m [38;2;180;142;173mimpl[38;2;192;197;206m [38;2;192;197;206mFrom[38;2;192;197;206m<[38;2;192;197;206m([38;2;180;142;173mu8[38;2;192;197;206m, [38;2;180;142;173mu8[38;2;192;197;206m, [38;2;180;142;173mu8[38;2;192;197;206m, [38;2;180;142;173mu8[38;2;192;197;206m)[38;2;192;197;206m>[38;2;192;197;206m [38;2;180;142;173mfor[38;2;192;197;206m [38;2;192;197;206mCfgColor[38;2;192;197;206m [38;2;192;197;206m{[K
[0m[48;2;43;48;59m[39m   71,  72[0m:[39m[48;2;43;48;59m [38;2;192;197;206m    [38;2;180;142;173mfn[38;2;192;197;206m [38;2;143;161;179mfrom[38;2;192;197;206m([38;2;192;197;206m([38;2;191;97;106mr[38;2;192;197;206m,[38;2;192;197;206m [38;2;191;97;106mg[38;2;192;197;206m,[38;2;192;197;206m [38;2;191;97;106mb[38;2;192;197;206m,[38;2;192;197;206m [38;2;191;97;106ma[38;2;192;197;206m)[38;2;192;197;206m:[38;2;192;197;206m [38;2;192;197;206m([38;2;180;142;173mu8[38;2;192;197;206m,[38;2;192;197;206m [38;2;180;142;173mu8[38;2;192;197;206m,[38;2;192;197;206m [38;2;180;142;173mu8[38;2;192;197;206m,[38;2;192;197;206m [38;2;180;142;173mu8[38;2;192;197;206m)[38;2;192;197;206m)[38;2;192;197;206m [38;2;192;197;206m->[38;2;192;197;206m [38;2;180;142;173mSelf[38;2;192;197;206m [38;2;192;197;206m{[K
[0m[48;2;43;48;59m[39m   72,  73[0m:[39m[48;2;43;48;59m [38;2;192;197;206m        CfgColor [38;2;192;197;206m{[38;2;192;197;206m r[38;2;192;197;206m,[38;2;192;197;206m g[38;2;192;197;206m,[38;2;192;197;206m b[38;2;192;197;206m,[38;2;192;197;206m a [38;2;192;197;206m}[K
[0m[48;2;43;48;59m[39m   73,  74[0m:[39m[48;2;43;48;59m [38;2;192;197;206m    [38;2;192;197;206m}[K
[0m[48;2;43;48;59m[39m   74,  75[0m:[39m[48;2;43;48;59m [38;2;192;197;206m}[K
[0m[48;2;43;48;59m[39m   75,  76[0m:[39m[48;2;43;48;59m [38;2;192;197;206m#[38;2;192;197;206m[[38;2;191;97;106mderive[38;2;192;197;206m([38;2;192;197;206mClone[38;2;192;197;206m,[38;2;192;197;206m PartialEq[38;2;192;197;206m,[38;2;192;197;206m Debug[38;2;192;197;206m)[38;2;192;197;206m][K
[0m[48;2;43;48;59m[39m   76,  77[0m:[39m[48;2;43;48;59m [38;2;180;142;173mpub[38;2;192;197;206m [38;2;180;142;173mstruct[38;2;192;197;206m [38;2;192;197;206mCfgEntry[38;2;192;197;206m [38;2;192;197;206m{[K
[0m[48;2;43;48;59m[39m   77,  78[0m:[39m[48;2;43;48;59m [38;2;192;197;206m    [38;2;180;142;173mpub[38;2;192;197;206m [38;2;191;97;106mkey[38;2;192;197;206m:[38;2;192;197;206m String,[K
[0m[48;2;43;48;59m[39m   78,  79[0m:[39m[48;2;43;48;59m [38;2;192;197;206m    [38;2;180;142;173mpub[38;2;192;197;206m [38;2;191;97;106mval[38;2;192;197;206m:[38;2;192;197;206m CfgVal,[K
[0m[48;2;43;48;59m[39m   79,  80[0m:[39m[48;2;43;48;59m [38;2;192;197;206m}[K
[0m[48;2;43;48;59m[39m   80,  81[0m:[39m[48;2;43;48;59m [38;2;192;197;206m#[38;2;192;197;206m[[38;2;191;97;106mderive[38;2;192;197;206m([38;2;192;197;206mClone[38;2;192;197;206m,[38;2;192;197;206m PartialEq[38;2;192;197;206m,[38;2;192;197;206m Debug[38;2;192;197;206m)[38;2;192;197;206m][K
[0m[48;2;43;48;59m[39m   81,  82[0m:[39m[48;2;43;48;59m [38;2;180;142;173mpub[38;2;192;197;206m [38;2;180;142;173mstruct[38;2;192;197;206m [38;2;192;197;206mCfg[38;2;192;197;206m [38;2;192;197;206m{[K
[0m[48;2;43;48;59m[39m   82,  83[0m:[39m[48;2;43;48;59m [38;2;192;197;206m    [38;2;180;142;173mpub[38;2;192;197;206m [38;2;191;97;106mentries[38;2;192;197;206m:[38;2;192;197;206m [38;2;192;197;206mVec[38;2;192;197;206m<[38;2;192;197;206mCfgEntry[38;2;192;197;206m>[38;2;192;197;206m,[K
[0m[48;2;43;48;59m[39m   83,  84[0m:[39m[48;2;43;48;59m [38;2;192;197;206m    [38;2;180;142;173mpub[38;2;192;197;206m [38;2;191;97;106mcount[38;2;192;197;206m:[38;2;192;197;206m [38;2;180;142;173mi32[38;2;192;197;206m,[K
[0m[48;2;43;48;59m[39m   84,  85[0m:[39m[48;2;43;48;59m [38;2;192;197;206m    [38;2;180;142;173mpub[38;2;192;197;206m [38;2;191;97;106mcapacity[38;2;192;197;206m:[38;2;192;197;206m [38;2;180;142;173musize[38;2;192;197;206m,[K
[0m[48;2;43;48;59m[39m   85,  86[0m:[39m[48;2;43;48;59m [38;2;192;197;206m}[K
[0m[48;2;43;48;59m[39m   86,  87[0m:[39m[48;2;43;48;59m [38;2;180;142;173mimpl[38;2;192;197;206m [38;2;192;197;206mDisplay [38;2;180;142;173mfor[38;2;192;197;206m [38;2;192;197;206mCfgError[38;2;192;197;206m [38;2;192;197;206m{[K
[0m[48;2;43;48;59m[39m   87,  88[0m:[39m[48;2;43;48;59m [38;2;192;197;206m    [38;2;180;142;173mfn[38;2;192;197;206m [38;2;143;161;179mfmt[38;2;192;197;206m([38;2;192;197;206m&[38;2;191;97;106mself[38;2;192;197;206m, [38;2;191;97;106mf[38;2;192;197;206m:[38;2;192;197;206m [38;2;192;197;206m&[38;2;180;142;173mmut[38;2;192;197;206m [38;2;192;197;206mstd[38;2;192;197;206m::[38;2;192;197;206mfmt[38;2;192;197;206m::[38;2;192;197;206mFormatter[38;2;192;197;206m<[38;2;192;197;206m'[38;2;192;197;206m_[38;2;192;197;206m>[38;2;192;197;206m)[38;2;192;197;206m [38;2;192;197;206m->[38;2;192;197;206m [38;2;192;197;206mstd[38;2;192;197;206m::[38;2;192;197;206mfmt[38;2;192;197;206m::[38;2;192;197;206mResult[38;2;192;197;206m [38;2;192;197;206m{[K
[0m[48;2;79;40;40m[39m-  88     [0m:[39m[48;2;36;25;28m [38;2;192;197;206m        [38;2;192;197;206munimplemented![38;2;192;197;206m([38;2;192;197;206m)[K
[0m[48;2;40;67;43m[39m+       89[0m:[39m[48;2;24;38;30m [38;2;192;197;206m        [38;2;180;142;173mif[38;2;192;197;206m [38;2;191;97;106mself[38;2;192;197;206m.row [38;2;192;197;206m=[38;2;192;197;206m=[38;2;192;197;206m [38;2;192;197;206m-[38;2;208;135;112m1[38;2;192;197;206m [38;2;192;197;206m&[38;2;192;197;206m&[38;2;192;197;206m [38;2;191;97;106mself[38;2;192;197;206m.col [38;2;192;197;206m=[38;2;192;197;206m=[38;2;192;197;206m [38;2;192;197;206m-[38;2;208;135;112m1[38;2;192;197;206m [38;2;192;197;206m{[K
[0m[48;2;40;67;43m[39m+       90[0m:[39m[48;2;24;38;30m [38;2;192;197;206m            [38;2;192;197;206mwrite![38;2;192;197;206m([38;2;192;197;206mf,[38;2;192;197;206m [38;2;192;197;206m"[38;2;163;190;140mError: [38;2;208;135;112m{}[38;2;150;181;180m\n[38;2;192;197;206m"[38;2;192;197;206m,[38;2;192;197;206m [38;2;191;97;106mself[38;2;192;197;206m.msg[38;2;192;197;206m)[K
[0m[48;2;40;67;43m[39m+       91[0m:[39m[48;2;24;38;30m [38;2;192;197;206m        [38;2;192;197;206m}[38;2;192;197;206m [38;2;180;142;173melse[38;2;192;197;206m [38;2;192;197;206m{[K
[0m[48;2;40;67;43m[39m+       92[0m:[39m[48;2;24;38;30m [38;2;192;197;206m            [38;2;192;197;206mwrite![38;2;192;197;206m([38;2;192;197;206mf,[38;2;192;197;206m [38;2;192;197;206m"[38;2;163;190;140mError at [38;2;208;135;112m{}[38;2;163;190;140m:[38;2;208;135;112m{}[38;2;163;190;140m :: [38;2;208;135;112m{}[38;2;150;181;180m\n[38;2;192;197;206m"[38;2;192;197;206m,[38;2;192;197;206m [38;2;191;97;106mself[38;2;192;197;206m.row[38;2;192;197;206m,[38;2;192;197;206m [38;2;191;97;106mself[38;2;192;197;206m.col[38;2;192;197;206m,[38;2;192;197;206m [38;2;191;97;106mself[38;2;192;197;206m.msg[38;2;192;197;206m)[K
[0m[48;2;40;67;43m[39m+       93[0m:[39m[48;2;24;38;30m [38;2;192;197;206m        [38;2;192;197;206m}[K
[0m[48;2;43;48;59m[39m   89,  94[0m:[39m[48;2;43;48;59m [38;2;192;197;206m    [38;2;192;197;206m}[K
[0m[48;2;43;48;59m[39m   90,  95[0m:[39m[48;2;43;48;59m [38;2;192;197;206m}[K
[0m[48;2;43;48;59m[39m   91,  96[0m:[39m[48;2;43;48;59m [38;2;180;142;173mimpl[38;2;192;197;206m [38;2;192;197;206mDisplay [38;2;180;142;173mfor[38;2;192;197;206m [38;2;192;197;206mCfgColor[38;2;192;197;206m [38;2;192;197;206m{[K
[0m[48;2;43;48;59m[39m   92,  97[0m:[39m[48;2;43;48;59m [38;2;192;197;206m    [38;2;180;142;173mfn[38;2;192;197;206m [38;2;143;161;179mfmt[38;2;192;197;206m([38;2;192;197;206m&[38;2;191;97;106mself[38;2;192;197;206m, [38;2;191;97;106mf[38;2;192;197;206m:[38;2;192;197;206m [38;2;192;197;206m&[38;2;180;142;173mmut[38;2;192;197;206m [38;2;192;197;206mstd[38;2;192;197;206m::[38;2;192;197;206mfmt[38;2;192;197;206m::[38;2;192;197;206mFormatter[38;2;192;197;206m<[38;2;192;197;206m'[38;2;192;197;206m_[38;2;192;197;206m>[38;2;192;197;206m)[38;2;192;197;206m [38;2;192;197;206m->[38;2;192;197;206m [38;2;192;197;206mstd[38;2;192;197;206m::[38;2;192;197;206mfmt[38;2;192;197;206m::[38;2;192;197;206mResult[38;2;192;197;206m [38;2;192;197;206m{[K
[0m[48;2;79;40;40m[39m-  93     [0m:[39m[48;2;36;25;28m [38;2;192;197;206m        [38;2;192;197;206munimplemented![38;2;192;197;206m([38;2;192;197;206m)[K
[0m[48;2;40;67;43m[39m+       98[0m:[39m[48;2;24;38;30m [38;2;192;197;206m        [38;2;192;197;206mwrite![38;2;192;197;206m([38;2;192;197;206mf,[38;2;192;197;206m [38;2;192;197;206m"[38;2;163;190;140mrgba([38;2;208;135;112m{}[38;2;163;190;140m, [38;2;208;135;112m{}[38;2;163;190;140m, [38;2;208;135;112m{}[38;2;163;190;140m, [38;2;208;135;112m{}[38;2;163;190;140m)[38;2;192;197;206m"[38;2;192;197;206m,[38;2;192;197;206m [38;2;191;97;106mself[38;2;192;197;206m.r[38;2;192;197;206m,[38;2;192;197;206m [38;2;191;97;106mself[38;2;192;197;206m.g[38;2;192;197;206m,[38;2;192;197;206m [38;2;191;97;106mself[38;2;192;197;206m.b[38;2;192;197;206m,[38;2;192;197;206m [38;2;191;97;106mself[38;2;192;197;206m.a[38;2;192;197;206m)[K
[0m[48;2;43;48;59m[39m   94,  99[0m:[39m[48;2;43;48;59m [38;2;192;197;206m    [38;2;192;197;206m}[K
[0m[48;2;43;48;59m[39m   95, 100[0m:[39m[48;2;43;48;59m [38;2;192;197;206m}[K
[0m[48;2;43;48;59m[39m   96, 101[0m:[39m[48;2;43;48;59m [38;2;180;142;173mimpl[38;2;192;197;206m [38;2;192;197;206mDisplay [38;2;180;142;173mfor[38;2;192;197;206m [38;2;192;197;206mCfgVal[38;2;192;197;206m [38;2;192;197;206m{[K
[0m[48;2;43;48;59m[39m   97, 102[0m:[39m[48;2;43;48;59m [38;2;192;197;206m    [38;2;180;142;173mfn[38;2;192;197;206m [38;2;143;161;179mfmt[38;2;192;197;206m([38;2;192;197;206m&[38;2;191;97;106mself[38;2;192;197;206m, [38;2;191;97;106mf[38;2;192;197;206m:[38;2;192;197;206m [38;2;192;197;206m&[38;2;180;142;173mmut[38;2;192;197;206m [38;2;192;197;206mstd[38;2;192;197;206m::[38;2;192;197;206mfmt[38;2;192;197;206m::[38;2;192;197;206mFormatter[38;2;192;197;206m<[38;2;192;197;206m'[38;2;192;197;206m_[38;2;192;197;206m>[38;2;192;197;206m)[38;2;192;197;206m [38;2;192;197;206m->[38;2;192;197;206m [38;2;192;197;206mstd[38;2;192;197;206m::[38;2;192;197;206mfmt[38;2;192;197;206m::[38;2;192;197;206mResult[38;2;192;197;206m [38;2;192;197;206m{[K
[0m[48;2;79;40;40m[39m-  98     [0m:[39m[48;2;36;25;28m [38;2;192;197;206m        [38;2;192;197;206munimplemented![38;2;192;197;206m([38;2;192;197;206m)[K
[0m[48;2;40;67;43m[39m+      103[0m:[39m[48;2;24;38;30m [38;2;192;197;206m        [38;2;180;142;173mmatch[38;2;192;197;206m [38;2;191;97;106mself[38;2;192;197;206m [38;2;192;197;206m{[K
[0m[48;2;40;67;43m[39m+      104[0m:[39m[48;2;24;38;30m [38;2;192;197;206m            [38;2;192;197;206mCfgVal[38;2;192;197;206m::[38;2;192;197;206mString[38;2;192;197;206m([38;2;192;197;206ms[38;2;192;197;206m)[38;2;192;197;206m [38;2;192;197;206m=>[38;2;192;197;206m [38;2;192;197;206mwrite![38;2;192;197;206m([38;2;192;197;206mf,[38;2;192;197;206m [38;2;192;197;206m"[38;2;150;181;180m\"[38;2;208;135;112m{}[38;2;150;181;180m\"[38;2;192;197;206m"[38;2;192;197;206m,[38;2;192;197;206m s[38;2;192;197;206m)[38;2;192;197;206m,[K
[0m[48;2;40;67;43m[39m+      105[0m:[39m[48;2;24;38;30m [38;2;192;197;206m            [38;2;192;197;206mCfgVal[38;2;192;197;206m::[38;2;192;197;206mBoolean[38;2;192;197;206m([38;2;192;197;206mb[38;2;192;197;206m)[38;2;192;197;206m [38;2;192;197;206m=>[38;2;192;197;206m [38;2;192;197;206mwrite![38;2;192;197;206m([38;2;192;197;206mf,[38;2;192;197;206m [38;2;192;197;206m"[38;2;208;135;112m{}[38;2;192;197;206m"[38;2;192;197;206m,[38;2;192;197;206m [38;2;180;142;173mif[38;2;192;197;206m [38;2;192;197;206m*[38;2;192;197;206mb [38;2;192;197;206m{[38;2;192;197;206m [38;2;192;197;206m"[38;2;163;190;140mtrue[38;2;192;197;206m"[38;2;192;197;206m [38;2;192;197;206m}[38;2;192;197;206m [38;2;180;142;173melse[38;2;192;197;206m [38;2;192;197;206m{[38;2;192;197;206m [38;2;192;197;206m"[38;2;163;190;140mfalse[38;2;192;197;206m"[38;2;192;197;206m [38;2;192;197;206m}[38;2;192;197;206m)[38;2;192;197;206m,[K
[0m[48;2;40;67;43m[39m+      106[0m:[39m[48;2;24;38;30m [38;2;192;197;206m            [38;2;192;197;206mCfgVal[38;2;192;197;206m::[38;2;192;197;206mInt[38;2;192;197;206m([38;2;192;197;206mi[38;2;192;197;206m)[38;2;192;197;206m [38;2;192;197;206m=>[38;2;192;197;206m [38;2;192;197;206mwrite![38;2;192;197;206m([38;2;192;197;206mf,[38;2;192;197;206m [38;2;192;197;206m"[38;2;208;135;112m{}[38;2;192;197;206m"[38;2;192;197;206m,[38;2;192;197;206m i[38;2;192;197;206m)[38;2;192;197;206m,[K
[0m[48;2;40;67;43m[39m+      107[0m:[39m[48;2;24;38;30m [38;2;192;197;206m            [38;2;192;197;206mCfgVal[38;2;192;197;206m::[38;2;192;197;206mFloat[38;2;192;197;206m([38;2;192;197;206mfl[38;2;192;197;206m)[38;2;192;197;206m [38;2;192;197;206m=>[38;2;192;197;206m [38;2;192;197;206mwrite![38;2;192;197;206m([38;2;192;197;206mf,[38;2;192;197;206m [38;2;192;197;206m"[38;2;208;135;112m{:?}[38;2;192;197;206m"[38;2;192;197;206m,[38;2;192;197;206m fl[38;2;192;197;206m)[38;2;192;197;206m,[K
[0m[48;2;40;67;43m[39m+      108[0m:[39m[48;2;24;38;30m [38;2;192;197;206m            [38;2;192;197;206mCfgVal[38;2;192;197;206m::[38;2;192;197;206mColor[38;2;192;197;206m([38;2;192;197;206mc[38;2;192;197;206m)[38;2;192;197;206m [38;2;192;197;206m=>[38;2;192;197;206m [38;2;192;197;206mwrite![38;2;192;197;206m([38;2;192;197;206mf,[38;2;192;197;206m [38;2;192;197;206m"[38;2;208;135;112m{}[38;2;192;197;206m"[38;2;192;197;206m,[38;2;192;197;206m c[38;2;192;197;206m)[38;2;192;197;206m,[K
[0m[48;2;40;67;43m[39m+      109[0m:[39m[48;2;24;38;30m [38;2;192;197;206m        [38;2;192;197;206m}[K
[0m[48;2;43;48;59m[39m   99, 110[0m:[39m[48;2;43;48;59m [38;2;192;197;206m    [38;2;192;197;206m}[K
[0m[48;2;43;48;59m[39m  100, 111[0m:[39m[48;2;43;48;59m [38;2;192;197;206m}[K
[0m[48;2;43;48;59m[39m  101, 112[0m:[39m[48;2;43;48;59m [38;2;180;142;173mimpl[38;2;192;197;206m [38;2;192;197;206mDisplay [38;2;180;142;173mfor[38;2;192;197;206m [38;2;192;197;206mCfgEntry[38;2;192;197;206m [38;2;192;197;206m{[K
[0m[48;2;43;48;59m[39m  102, 113[0m:[39m[48;2;43;48;59m [38;2;192;197;206m    [38;2;180;142;173mfn[38;2;192;197;206m [38;2;143;161;179mfmt[38;2;192;197;206m([38;2;192;197;206m&[38;2;191;97;106mself[38;2;192;197;206m, [38;2;191;97;106mf[38;2;192;197;206m:[38;2;192;197;206m [38;2;192;197;206m&[38;2;180;142;173mmut[38;2;192;197;206m [38;2;192;197;206mstd[38;2;192;197;206m::[38;2;192;197;206mfmt[38;2;192;197;206m::[38;2;192;197;206mFormatter[38;2;192;197;206m<[38;2;192;197;206m'[38;2;192;197;206m_[38;2;192;197;206m>[38;2;192;197;206m)[38;2;192;197;206m [38;2;192;197;206m->[38;2;192;197;206m [38;2;192;197;206mstd[38;2;192;197;206m::[38;2;192;197;206mfmt[38;2;192;197;206m::[38;2;192;197;206mResult[38;2;192;197;206m [38;2;192;197;206m{[K
[0m[48;2;79;40;40m[39m- 103     [0m:[39m[48;2;36;25;28m [38;2;192;197;206m        [38;2;192;197;206munimplemented![38;2;192;197;206m([38;2;192;197;206m)[K
[0m[48;2;40;67;43m[39m+      114[0m:[39m[48;2;24;38;30m [38;2;192;197;206m        [38;2;192;197;206mwrite![38;2;192;197;206m([38;2;192;197;206mf,[38;2;192;197;206m [38;2;192;197;206m"[38;2;208;135;112m{}[38;2;163;190;140m: [38;2;208;135;112m{}[38;2;192;197;206m"[38;2;192;197;206m,[38;2;192;197;206m [38;2;191;97;106mself[38;2;192;197;206m.key[38;2;192;197;206m,[38;2;192;197;206m [38;2;191;97;106mself[38;2;192;197;206m.val[38;2;192;197;206m)[K
[0m[48;2;43;48;59m[39m  104, 115[0m:[39m[48;2;43;48;59m [38;2;192;197;206m    [38;2;192;197;206m}[K
[0m[48;2;43;48;59m[39m  105, 116[0m:[39m[48;2;43;48;59m [38;2;192;197;206m}[K
[0m[48;2;43;48;59m[39m  106, 117[0m:[39m[48;2;43;48;59m [38;2;180;142;173mimpl[38;2;192;197;206m [38;2;192;197;206mDisplay [38;2;180;142;173mfor[38;2;192;197;206m [38;2;192;197;206mCfg[38;2;192;197;206m [38;2;192;197;206m{[K
[0m[48;2;43;48;59m[39m  107, 118[0m:[39m[48;2;43;48;59m [38;2;192;197;206m    [38;2;180;142;173mfn[38;2;192;197;206m [38;2;143;161;179mfmt[38;2;192;197;206m([38;2;192;197;206m&[38;2;191;97;106mself[38;2;192;197;206m, [38;2;191;97;106mf[38;2;192;197;206m:[38;2;192;197;206m [38;2;192;197;206m&[38;2;180;142;173mmut[38;2;192;197;206m [38;2;192;197;206mstd[38;2;192;197;206m::[38;2;192;197;206mfmt[38;2;192;197;206m::[38;2;192;197;206mFormatter[38;2;192;197;206m<[38;2;192;197;206m'[38;2;192;197;206m_[38;2;192;197;206m>[38;2;192;197;206m)[38;2;192;197;206m [38;2;192;197;206m->[38;2;192;197;206m [38;2;192;197;206mstd[38;2;192;197;206m::[38;2;192;197;206mfmt[38;2;192;197;206m::[38;2;192;197;206mResult[38;2;192;197;206m [38;2;192;197;206m{[K
[0m[48;2;79;40;40m[39m- 108     [0m:[39m[48;2;36;25;28m [38;2;192;197;206m        [38;2;192;197;206munimplemented![38;2;192;197;206m([38;2;192;197;206m)[K
[0m[48;2;40;67;43m[39m+      119[0m:[39m[48;2;24;38;30m [38;2;192;197;206m        [38;2;180;142;173mfor[38;2;192;197;206m i [38;2;192;197;206min[38;2;192;197;206m [38;2;208;135;112m0[38;2;192;197;206m..[38;2;191;97;106mself[38;2;192;197;206m.count [38;2;192;197;206mas[38;2;192;197;206m [38;2;180;142;173musize[38;2;192;197;206m [38;2;192;197;206m{[K
[0m[48;2;40;67;43m[39m+      120[0m:[39m[48;2;24;38;30m [38;2;192;197;206m            [38;2;192;197;206mwriteln![38;2;192;197;206m([38;2;192;197;206mf,[38;2;192;197;206m [38;2;192;197;206m"[38;2;208;135;112m{}[38;2;192;197;206m"[38;2;192;197;206m,[38;2;192;197;206m [38;2;191;97;106mself[38;2;192;197;206m.entries[38;2;192;197;206m[[38;2;192;197;206mi[38;2;192;197;206m][38;2;192;197;206m)[38;2;192;197;206m?[38;2;192;197;206m;[K
[0m[48;2;40;67;43m[39m+      121[0m:[39m[48;2;24;38;30m [38;2;192;197;206m        [38;2;192;197;206m}[K
[0m[48;2;40;67;43m[39m+      122[0m:[39m[48;2;24;38;30m [38;2;192;197;206m        [38;2;192;197;206mOk[38;2;192;197;206m([38;2;192;197;206m([38;2;192;197;206m)[38;2;192;197;206m)[K
[0m[48;2;43;48;59m[39m  109, 123[0m:[39m[48;2;43;48;59m [38;2;192;197;206m    [38;2;192;197;206m}[K
[0m[48;2;43;48;59m[39m  110, 124[0m:[39m[48;2;43;48;59m [38;2;192;197;206m}[K
[0m[48;2;43;48;59m[39m  111, 125[0m:[39m[48;2;43;48;59m [38;2;180;142;173mpub[38;2;192;197;206m [38;2;180;142;173mstruct[38;2;192;197;206m [38;2;192;197;206mScanner[38;2;192;197;206m [38;2;192;197;206m{[K
[0m[48;2;43;48;59m[39m  112, 126[0m:[39m[48;2;43;48;59m [38;2;192;197;206m    [38;2;180;142;173mpub[38;2;192;197;206m [38;2;191;97;106msrc[38;2;192;197;206m:[38;2;192;197;206m String,[K
[0m[48;2;43;48;59m[39m  113, 127[0m:[39m[48;2;43;48;59m [38;2;192;197;206m    [38;2;180;142;173mpub[38;2;192;197;206m [38;2;191;97;106mlen[38;2;192;197;206m:[38;2;192;197;206m [38;2;180;142;173mi32[38;2;192;197;206m,[K
[0m[48;2;43;48;59m[39m  114, 128[0m:[39m[48;2;43;48;59m [38;2;192;197;206m    [38;2;180;142;173mpub[38;2;192;197;206m [38;2;191;97;106mcur[38;2;192;197;206m:[38;2;192;197;206m [38;2;180;142;173mi32[38;2;192;197;206m,[K
[0m[48;2;43;48;59m[39m  115, 129[0m:[39m[48;2;43;48;59m [38;2;192;197;206m}[K
[0m[48;2;40;67;43m[39m+      130[0m:[39m[48;2;24;38;30m [K
[0m[48;2;40;67;43m[39m+      131[0m:[39m[48;2;24;38;30m [38;2;101;115;126m//[38;2;101;115;126m Scanner helper methods[K
[0m[48;2;40;67;43m[39m+      132[0m:[39m[48;2;24;38;30m [38;2;180;142;173mimpl[38;2;192;197;206m [38;2;192;197;206mScanner[38;2;192;197;206m [38;2;192;197;206m{[K
[0m[48;2;40;67;43m[39m+      133[0m:[39m[48;2;24;38;30m [38;2;192;197;206m    [38;2;180;142;173mfn[38;2;192;197;206m [38;2;143;161;179mnew[38;2;192;197;206m([38;2;191;97;106msrc[38;2;192;197;206m:[38;2;192;197;206m [38;2;192;197;206m&[38;2;180;142;173mstr[38;2;192;197;206m)[38;2;192;197;206m [38;2;192;197;206m->[38;2;192;197;206m [38;2;180;142;173mSelf[38;2;192;197;206m [38;2;192;197;206m{[K
[0m[48;2;40;67;43m[39m+      134[0m:[39m[48;2;24;38;30m [38;2;192;197;206m        [38;2;180;142;173mlet[38;2;192;197;206m len [38;2;192;197;206m=[38;2;192;197;206m src.[38;2;150;181;180mlen[38;2;192;197;206m([38;2;192;197;206m)[38;2;192;197;206m [38;2;192;197;206mas[38;2;192;197;206m [38;2;180;142;173mi32[38;2;192;197;206m;[K
[0m[48;2;40;67;43m[39m+      135[0m:[39m[48;2;24;38;30m [38;2;192;197;206m        Scanner [38;2;192;197;206m{[38;2;192;197;206m src[38;2;192;197;206m:[38;2;192;197;206m src.[38;2;150;181;180mto_string[38;2;192;197;206m([38;2;192;197;206m)[38;2;192;197;206m,[38;2;192;197;206m len[38;2;192;197;206m,[38;2;192;197;206m cur[38;2;192;197;206m:[38;2;192;197;206m [38;2;208;135;112m0[38;2;192;197;206m [38;2;192;197;206m}[K
[0m[48;2;40;67;43m[39m+      136[0m:[39m[48;2;24;38;30m [38;2;192;197;206m    [38;2;192;197;206m}[K
[0m[48;2;40;67;43m[39m+      137[0m:[39m[48;2;24;38;30m [K
[0m[48;2;40;67;43m[39m+      138[0m:[39m[48;2;24;38;30m [38;2;192;197;206m    [38;2;180;142;173mfn[38;2;192;197;206m [38;2;143;161;179mis_at_end[38;2;192;197;206m([38;2;192;197;206m&[38;2;191;97;106mself[38;2;192;197;206m)[38;2;192;197;206m [38;2;192;197;206m->[38;2;192;197;206m [38;2;180;142;173mbool[38;2;192;197;206m [38;2;192;197;206m{[K
[0m[48;2;40;67;43m[39m+      139[0m:[39m[48;2;24;38;30m [38;2;192;197;206m        [38;2;191;97;106mself[38;2;192;197;206m.cur [38;2;192;197;206m>[38;2;192;197;206m=[38;2;192;197;206m [38;2;191;97;106mself[38;2;192;197;206m.len[K
[0m[48;2;40;67;43m[39m+      140[0m:[39m[48;2;24;38;30m [38;2;192;197;206m    [38;2;192;197;206m}[K
[0m[48;2;40;67;43m[39m+      141[0m:[39m[48;2;24;38;30m [K
[0m[48;2;40;67;43m[39m+      142[0m:[39m[48;2;24;38;30m [38;2;192;197;206m    [38;2;180;142;173mfn[38;2;192;197;206m [38;2;143;161;179mpeek[38;2;192;197;206m([38;2;192;197;206m&[38;2;191;97;106mself[38;2;192;197;206m)[38;2;192;197;206m [38;2;192;197;206m->[38;2;192;197;206m [38;2;180;142;173mu8[38;2;192;197;206m [38;2;192;197;206m{[K
[0m[48;2;40;67;43m[39m+      143[0m:[39m[48;2;24;38;30m [38;2;192;197;206m        [38;2;191;97;106mself[38;2;192;197;206m.src.[38;2;150;181;180mas_bytes[38;2;192;197;206m([38;2;192;197;206m)[38;2;192;197;206m[[38;2;191;97;106mself[38;2;192;197;206m.cur [38;2;192;197;206mas[38;2;192;197;206m [38;2;180;142;173musize[38;2;192;197;206m][K
[0m[48;2;40;67;43m[39m+      144[0m:[39m[48;2;24;38;30m [38;2;192;197;206m    [38;2;192;197;206m}[K
[0m[48;2;40;67;43m[39m+      145[0m:[39m[48;2;24;38;30m [K
[0m[48;2;40;67;43m[39m+      146[0m:[39m[48;2;24;38;30m [38;2;192;197;206m    [38;2;180;142;173mfn[38;2;192;197;206m [38;2;143;161;179mpeek_next[38;2;192;197;206m([38;2;192;197;206m&[38;2;191;97;106mself[38;2;192;197;206m)[38;2;192;197;206m [38;2;192;197;206m->[38;2;192;197;206m [38;2;180;142;173mu8[38;2;192;197;206m [38;2;192;197;206m{[K
[0m[48;2;40;67;43m[39m+      147[0m:[39m[48;2;24;38;30m [38;2;192;197;206m        [38;2;180;142;173mif[38;2;192;197;206m [38;2;191;97;106mself[38;2;192;197;206m.cur [38;2;192;197;206m>[38;2;192;197;206m=[38;2;192;197;206m [38;2;191;97;106mself[38;2;192;197;206m.len [38;2;192;197;206m-[38;2;192;197;206m [38;2;208;135;112m1[38;2;192;197;206m [38;2;192;197;206m{[38;2;192;197;206m [38;2;208;135;112m0[38;2;192;197;206m [38;2;192;197;206m}[38;2;192;197;206m [38;2;180;142;173melse[38;2;192;197;206m [38;2;192;197;206m{[38;2;192;197;206m [38;2;191;97;106mself[38;2;192;197;206m.src.[38;2;150;181;180mas_bytes[38;2;192;197;206m([38;2;192;197;206m)[38;2;192;197;206m[[38;2;192;197;206m([38;2;191;97;106mself[38;2;192;197;206m.cur [38;2;192;197;206m+[38;2;192;197;206m [38;2;208;135;112m1[38;2;192;197;206m)[38;2;192;197;206m [38;2;192;197;206mas[38;2;192;197;206m [38;2;180;142;173musize[38;2;192;197;206m][38;2;192;197;206m [38;2;192;197;206m}[K
[0m[48;2;40;67;43m[39m+      148[0m:[39m[48;2;24;38;30m [38;2;192;197;206m    [38;2;192;197;206m}[K
[0m[48;2;40;67;43m[39m+      149[0m:[39m[48;2;24;38;30m [K
[0m[48;2;40;67;43m[39m+      150[0m:[39m[48;2;24;38;30m [38;2;192;197;206m    [38;2;180;142;173mfn[38;2;192;197;206m [38;2;143;161;179madvance[38;2;192;197;206m([38;2;192;197;206m&[38;2;180;142;173mmut[38;2;192;197;206m [38;2;191;97;106mself[38;2;192;197;206m)[38;2;192;197;206m [38;2;192;197;206m->[38;2;192;197;206m [38;2;180;142;173mu8[38;2;192;197;206m [38;2;192;197;206m{[K
[0m[48;2;40;67;43m[39m+      151[0m:[39m[48;2;24;38;30m [38;2;192;197;206m        [38;2;180;142;173mlet[38;2;192;197;206m ch [38;2;192;197;206m=[38;2;192;197;206m [38;2;191;97;106mself[38;2;192;197;206m.src.[38;2;150;181;180mas_bytes[38;2;192;197;206m([38;2;192;197;206m)[38;2;192;197;206m[[38;2;191;97;106mself[38;2;192;197;206m.cur [38;2;192;197;206mas[38;2;192;197;206m [38;2;180;142;173musize[38;2;192;197;206m][38;2;192;197;206m;[K
[0m[48;2;40;67;43m[39m+      152[0m:[39m[48;2;24;38;30m [38;2;192;197;206m        [38;2;191;97;106mself[38;2;192;197;206m.cur [38;2;192;197;206m+[38;2;192;197;206m=[38;2;192;197;206m [38;2;208;135;112m1[38;2;192;197;206m;[K
[0m[48;2;40;67;43m[39m+      153[0m:[39m[48;2;24;38;30m [38;2;192;197;206m        ch[K
[0m[48;2;40;67;43m[39m+      154[0m:[39m[48;2;24;38;30m [38;2;192;197;206m    [38;2;192;197;206m}[K
[0m[48;2;40;67;43m[39m+      155[0m:[39m[48;2;24;38;30m [K
[0m[48;2;40;67;43m[39m+      156[0m:[39m[48;2;24;38;30m [38;2;192;197;206m    [38;2;180;142;173mfn[38;2;192;197;206m [38;2;143;161;179madvance_n[38;2;192;197;206m([38;2;192;197;206m&[38;2;180;142;173mmut[38;2;192;197;206m [38;2;191;97;106mself[38;2;192;197;206m, [38;2;191;97;106mn[38;2;192;197;206m:[38;2;192;197;206m [38;2;180;142;173mi32[38;2;192;197;206m)[38;2;192;197;206m [38;2;192;197;206m->[38;2;192;197;206m [38;2;180;142;173mu8[38;2;192;197;206m [38;2;192;197;206m{[K
[0m[48;2;40;67;43m[39m+      157[0m:[39m[48;2;24;38;30m [38;2;192;197;206m        [38;2;180;142;173mfor[38;2;192;197;206m [38;2;192;197;206m_[38;2;192;197;206m [38;2;192;197;206min[38;2;192;197;206m [38;2;208;135;112m0[38;2;192;197;206m..[38;2;192;197;206mn [38;2;192;197;206m-[38;2;192;197;206m [38;2;208;135;112m1[38;2;192;197;206m [38;2;192;197;206m{[K
[0m[48;2;40;67;43m[39m+      158[0m:[39m[48;2;24;38;30m [38;2;192;197;206m            [38;2;191;97;106mself[38;2;192;197;206m.cur [38;2;192;197;206m+[38;2;192;197;206m=[38;2;192;197;206m [38;2;208;135;112m1[38;2;192;197;206m;[K
[0m[48;2;40;67;43m[39m+      159[0m:[39m[48;2;24;38;30m [38;2;192;197;206m        [38;2;192;197;206m}[K
[0m[48;2;40;67;43m[39m+      160[0m:[39m[48;2;24;38;30m [38;2;192;197;206m        [38;2;180;142;173mlet[38;2;192;197;206m ch [38;2;192;197;206m=[38;2;192;197;206m [38;2;191;97;106mself[38;2;192;197;206m.src.[38;2;150;181;180mas_bytes[38;2;192;197;206m([38;2;192;197;206m)[38;2;192;197;206m[[38;2;191;97;106mself[38;2;192;197;206m.cur [38;2;192;197;206mas[38;2;192;197;206m [38;2;180;142;173musize[38;2;192;197;206m][38;2;192;197;206m;[K
[0m[48;2;40;67;43m[39m+      161[0m:[39m[48;2;24;38;30m [38;2;192;197;206m        [38;2;191;97;106mself[38;2;192;197;206m.cur [38;2;192;197;206m+[38;2;192;197;206m=[38;2;192;197;206m [38;2;208;135;112m1[38;2;192;197;206m;[K
[0m[48;2;40;67;43m[39m+      162[0m:[39m[48;2;24;38;30m [38;2;192;197;206m        ch[K
[0m[48;2;40;67;43m[39m+      163[0m:[39m[48;2;24;38;30m [38;2;192;197;206m    [38;2;192;197;206m}[K
[0m[48;2;40;67;43m[39m+      164[0m:[39m[48;2;24;38;30m [K
[0m[48;2;40;67;43m[39m+      165[0m:[39m[48;2;24;38;30m [38;2;192;197;206m    [38;2;180;142;173mfn[38;2;192;197;206m [38;2;143;161;179mskip_whitespace[38;2;192;197;206m([38;2;192;197;206m&[38;2;180;142;173mmut[38;2;192;197;206m [38;2;191;97;106mself[38;2;192;197;206m)[38;2;192;197;206m [38;2;192;197;206m{[K
[0m[48;2;40;67;43m[39m+      166[0m:[39m[48;2;24;38;30m [38;2;192;197;206m        [38;2;180;142;173mwhile[38;2;192;197;206m [38;2;192;197;206m![38;2;191;97;106mself[38;2;192;197;206m.[38;2;150;181;180mis_at_end[38;2;192;197;206m([38;2;192;197;206m)[38;2;192;197;206m [38;2;192;197;206m&[38;2;192;197;206m&[38;2;192;197;206m [38;2;192;197;206m([38;2;191;97;106mself[38;2;192;197;206m.[38;2;150;181;180mpeek[38;2;192;197;206m([38;2;192;197;206m)[38;2;192;197;206m [38;2;192;197;206mas[38;2;192;197;206m [38;2;180;142;173mchar[38;2;192;197;206m)[38;2;192;197;206m.[38;2;150;181;180mis_ascii_whitespace[38;2;192;197;206m([38;2;192;197;206m)[38;2;192;197;206m [38;2;192;197;206m{[K
[0m[48;2;40;67;43m[39m+      167[0m:[39m[48;2;24;38;30m [38;2;192;197;206m            [38;2;191;97;106mself[38;2;192;197;206m.[38;2;150;181;180madvance[38;2;192;197;206m([38;2;192;197;206m)[38;2;192;197;206m;[K
[0m[48;2;40;67;43m[39m+      168[0m:[39m[48;2;24;38;30m [38;2;192;197;206m        [38;2;192;197;206m}[K
[0m[48;2;40;67;43m[39m+      169[0m:[39m[48;2;24;38;30m [38;2;192;197;206m    [38;2;192;197;206m}[K
[0m[48;2;40;67;43m[39m+      170[0m:[39m[48;2;24;38;30m [K
[0m[48;2;40;67;43m[39m+      171[0m:[39m[48;2;24;38;30m [38;2;192;197;206m    [38;2;180;142;173mfn[38;2;192;197;206m [38;2;143;161;179mskip_blank[38;2;192;197;206m([38;2;192;197;206m&[38;2;180;142;173mmut[38;2;192;197;206m [38;2;191;97;106mself[38;2;192;197;206m)[38;2;192;197;206m [38;2;192;197;206m{[K
[0m[48;2;40;67;43m[39m+      172[0m:[39m[48;2;24;38;30m [38;2;192;197;206m        [38;2;180;142;173mwhile[38;2;192;197;206m [38;2;192;197;206m![38;2;191;97;106mself[38;2;192;197;206m.[38;2;150;181;180mis_at_end[38;2;192;197;206m([38;2;192;197;206m)[38;2;192;197;206m [38;2;192;197;206m&[38;2;192;197;206m&[38;2;192;197;206m [38;2;192;197;206m([38;2;191;97;106mself[38;2;192;197;206m.[38;2;150;181;180mpeek[38;2;192;197;206m([38;2;192;197;206m)[38;2;192;197;206m [38;2;192;197;206mas[38;2;192;197;206m [38;2;180;142;173mchar[38;2;192;197;206m)[38;2;192;197;206m.[38;2;150;181;180mis_ascii_whitespace[38;2;192;197;206m([38;2;192;197;206m)[38;2;192;197;206m [38;2;192;197;206m&[38;2;192;197;206m&[38;2;192;197;206m [38;2;191;97;106mself[38;2;192;197;206m.[38;2;150;181;180mpeek[38;2;192;197;206m([38;2;192;197;206m)[38;2;192;197;206m [38;2;192;197;206m![38;2;192;197;206m=[38;2;192;197;206m [38;2;180;142;173mb[38;2;192;197;206m'[38;2;150;181;180m\n[38;2;192;197;206m'[38;2;192;197;206m [38;2;192;197;206m{[K
[0m[48;2;40;67;43m[39m+      173[0m:[39m[48;2;24;38;30m [38;2;192;197;206m            [38;2;191;97;106mself[38;2;192;197;206m.[38;2;150;181;180madvance[38;2;192;197;206m([38;2;192;197;206m)[38;2;192;197;206m;[K
[0m[48;2;40;67;43m[39m+      174[0m:[39m[48;2;24;38;30m [38;2;192;197;206m        [38;2;192;197;206m}[K
[0m[48;2;40;67;43m[39m+      175[0m:[39m[48;2;24;38;30m [38;2;192;197;206m    [38;2;192;197;206m}[K
[0m[48;2;40;67;43m[39m+      176[0m:[39m[48;2;24;38;30m [K
[0m[48;2;40;67;43m[39m+      177[0m:[39m[48;2;24;38;30m [38;2;192;197;206m    [38;2;180;142;173mfn[38;2;192;197;206m [38;2;143;161;179mskip_comment[38;2;192;197;206m([38;2;192;197;206m&[38;2;180;142;173mmut[38;2;192;197;206m [38;2;191;97;106mself[38;2;192;197;206m)[38;2;192;197;206m [38;2;192;197;206m{[K
[0m[48;2;40;67;43m[39m+      178[0m:[39m[48;2;24;38;30m [38;2;192;197;206m        [38;2;180;142;173mwhile[38;2;192;197;206m [38;2;192;197;206m![38;2;191;97;106mself[38;2;192;197;206m.[38;2;150;181;180mis_at_end[38;2;192;197;206m([38;2;192;197;206m)[38;2;192;197;206m [38;2;192;197;206m&[38;2;192;197;206m&[38;2;192;197;206m [38;2;191;97;106mself[38;2;192;197;206m.[38;2;150;181;180mpeek[38;2;192;197;206m([38;2;192;197;206m)[38;2;192;197;206m [38;2;192;197;206m=[38;2;192;197;206m=[38;2;192;197;206m [38;2;180;142;173mb[38;2;192;197;206m'[38;2;163;190;140m#[38;2;192;197;206m'[38;2;192;197;206m [38;2;192;197;206m{[K
[0m[48;2;40;67;43m[39m+      179[0m:[39m[48;2;24;38;30m [38;2;192;197;206m            [38;2;180;142;173mloop[38;2;192;197;206m [38;2;192;197;206m{[K
[0m[48;2;40;67;43m[39m+      180[0m:[39m[48;2;24;38;30m [38;2;192;197;206m                [38;2;191;97;106mself[38;2;192;197;206m.[38;2;150;181;180madvance[38;2;192;197;206m([38;2;192;197;206m)[38;2;192;197;206m;[K
[0m[48;2;40;67;43m[39m+      181[0m:[39m[48;2;24;38;30m [38;2;192;197;206m                [38;2;180;142;173mif[38;2;192;197;206m [38;2;191;97;106mself[38;2;192;197;206m.[38;2;150;181;180mis_at_end[38;2;192;197;206m([38;2;192;197;206m)[38;2;192;197;206m [38;2;192;197;206m|[38;2;192;197;206m|[38;2;192;197;206m [38;2;191;97;106mself[38;2;192;197;206m.[38;2;150;181;180mpeek[38;2;192;197;206m([38;2;192;197;206m)[38;2;192;197;206m [38;2;192;197;206m=[38;2;192;197;206m=[38;2;192;197;206m [38;2;180;142;173mb[38;2;192;197;206m'[38;2;150;181;180m\n[38;2;192;197;206m'[38;2;192;197;206m [38;2;192;197;206m{[38;2;192;197;206m [38;2;180;142;173mbreak[38;2;192;197;206m;[38;2;192;197;206m [38;2;192;197;206m}[K
[0m[48;2;40;67;43m[39m+      182[0m:[39m[48;2;24;38;30m [38;2;192;197;206m            [38;2;192;197;206m}[K
[0m[48;2;40;67;43m[39m+      183[0m:[39m[48;2;24;38;30m [38;2;192;197;206m        [38;2;192;197;206m}[K
[0m[48;2;40;67;43m[39m+      184[0m:[39m[48;2;24;38;30m [38;2;192;197;206m    [38;2;192;197;206m}[K
[0m[48;2;40;67;43m[39m+      185[0m:[39m[48;2;24;38;30m [K
[0m[48;2;40;67;43m[39m+      186[0m:[39m[48;2;24;38;30m [38;2;192;197;206m    [38;2;180;142;173mfn[38;2;192;197;206m [38;2;143;161;179mskip_whitespace_and_comments[38;2;192;197;206m([38;2;192;197;206m&[38;2;180;142;173mmut[38;2;192;197;206m [38;2;191;97;106mself[38;2;192;197;206m)[38;2;192;197;206m [38;2;192;197;206m{[K
[0m[48;2;40;67;43m[39m+      187[0m:[39m[48;2;24;38;30m [38;2;192;197;206m        [38;2;180;142;173mwhile[38;2;192;197;206m [38;2;192;197;206m![38;2;191;97;106mself[38;2;192;197;206m.[38;2;150;181;180mis_at_end[38;2;192;197;206m([38;2;192;197;206m)[38;2;192;197;206m [38;2;192;197;206m&[38;2;192;197;206m&[38;2;192;197;206m [38;2;192;197;206m([38;2;192;197;206m([38;2;191;97;106mself[38;2;192;197;206m.[38;2;150;181;180mpeek[38;2;192;197;206m([38;2;192;197;206m)[38;2;192;197;206m [38;2;192;197;206mas[38;2;192;197;206m [38;2;180;142;173mchar[38;2;192;197;206m)[38;2;192;197;206m.[38;2;150;181;180mis_ascii_whitespace[38;2;192;197;206m([38;2;192;197;206m)[38;2;192;197;206m [38;2;192;197;206m|[38;2;192;197;206m|[38;2;192;197;206m [38;2;191;97;106mself[38;2;192;197;206m.[38;2;150;181;180mpeek[38;2;192;197;206m([38;2;192;197;206m)[38;2;192;197;206m [38;2;192;197;206m=[38;2;192;197;206m=[38;2;192;197;206m [38;2;180;142;173mb[38;2;192;197;206m'[38;2;163;190;140m#[38;2;192;197;206m'[38;2;192;197;206m)[38;2;192;197;206m [38;2;192;197;206m{[K
[0m[48;2;40;67;43m[39m+      188[0m:[39m[48;2;24;38;30m [38;2;192;197;206m            [38;2;191;97;106mself[38;2;192;197;206m.[38;2;150;181;180mskip_whitespace[38;2;192;197;206m([38;2;192;197;206m)[38;2;192;197;206m;[K
[0m[48;2;40;67;43m[39m+      189[0m:[39m[48;2;24;38;30m [38;2;192;197;206m            [38;2;191;97;106mself[38;2;192;197;206m.[38;2;150;181;180mskip_comment[38;2;192;197;206m([38;2;192;197;206m)[38;2;192;197;206m;[K
[0m[48;2;40;67;43m[39m+      190[0m:[39m[48;2;24;38;30m [38;2;192;197;206m        [38;2;192;197;206m}[K
[0m[48;2;40;67;43m[39m+      191[0m:[39m[48;2;24;38;30m [38;2;192;197;206m    [38;2;192;197;206m}[K
[0m[48;2;40;67;43m[39m+      192[0m:[39m[48;2;24;38;30m [K
[0m[48;2;40;67;43m[39m+      193[0m:[39m[48;2;24;38;30m [38;2;192;197;206m    [38;2;180;142;173mfn[38;2;192;197;206m [38;2;143;161;179mslice[38;2;192;197;206m([38;2;192;197;206m&[38;2;191;97;106mself[38;2;192;197;206m, [38;2;191;97;106moff[38;2;192;197;206m:[38;2;192;197;206m [38;2;180;142;173mi32[38;2;192;197;206m, [38;2;191;97;106mlen[38;2;192;197;206m:[38;2;192;197;206m [38;2;180;142;173mi32[38;2;192;197;206m)[38;2;192;197;206m [38;2;192;197;206m->[38;2;192;197;206m [38;2;192;197;206m&[38;2;180;142;173mstr[38;2;192;197;206m [38;2;192;197;206m{[K
[0m[48;2;40;67;43m[39m+      194[0m:[39m[48;2;24;38;30m [38;2;192;197;206m        [38;2;192;197;206m&[38;2;191;97;106mself[38;2;192;197;206m.src[38;2;192;197;206m[[38;2;192;197;206moff [38;2;192;197;206mas[38;2;192;197;206m [38;2;180;142;173musize[38;2;192;197;206m..[38;2;192;197;206m([38;2;192;197;206moff [38;2;192;197;206m+[38;2;192;197;206m len[38;2;192;197;206m)[38;2;192;197;206m [38;2;192;197;206mas[38;2;192;197;206m [38;2;180;142;173musize[38;2;192;197;206m][K
[0m[48;2;40;67;43m[39m+      195[0m:[39m[48;2;24;38;30m [38;2;192;197;206m    [38;2;192;197;206m}[K
[0m[48;2;40;67;43m[39m+      196[0m:[39m[48;2;24;38;30m [K
[0m[48;2;40;67;43m[39m+      197[0m:[39m[48;2;24;38;30m [38;2;192;197;206m    [38;2;180;142;173mfn[38;2;192;197;206m [38;2;143;161;179mmatch_literal[38;2;192;197;206m([38;2;192;197;206m&[38;2;191;97;106mself[38;2;192;197;206m, [38;2;191;97;106moffset[38;2;192;197;206m:[38;2;192;197;206m [38;2;180;142;173mi32[38;2;192;197;206m, [38;2;191;97;106mliteral[38;2;192;197;206m:[38;2;192;197;206m [38;2;192;197;206m&[38;2;180;142;173mstr[38;2;192;197;206m)[38;2;192;197;206m [38;2;192;197;206m->[38;2;192;197;206m [38;2;180;142;173mbool[38;2;192;197;206m [38;2;192;197;206m{[K
[0m[48;2;40;67;43m[39m+      198[0m:[39m[48;2;24;38;30m [38;2;192;197;206m        [38;2;180;142;173mlet[38;2;192;197;206m len [38;2;192;197;206m=[38;2;192;197;206m literal.[38;2;150;181;180mlen[38;2;192;197;206m([38;2;192;197;206m)[38;2;192;197;206m [38;2;192;197;206mas[38;2;192;197;206m [38;2;180;142;173mi32[38;2;192;197;206m;[K
[0m[48;2;40;67;43m[39m+      199[0m:[39m[48;2;24;38;30m [38;2;192;197;206m        [38;2;180;142;173mif[38;2;192;197;206m offset [38;2;192;197;206m+[38;2;192;197;206m len [38;2;192;197;206m>[38;2;192;197;206m [38;2;191;97;106mself[38;2;192;197;206m.len [38;2;192;197;206m{[38;2;192;197;206m [38;2;180;142;173mreturn[38;2;192;197;206m [38;2;208;135;112mfalse[38;2;192;197;206m;[38;2;192;197;206m [38;2;192;197;206m}[K
[0m[48;2;40;67;43m[39m+      200[0m:[39m[48;2;24;38;30m [38;2;192;197;206m        [38;2;192;197;206m&[38;2;191;97;106mself[38;2;192;197;206m.src[38;2;192;197;206m[[38;2;192;197;206moffset [38;2;192;197;206mas[38;2;192;197;206m [38;2;180;142;173musize[38;2;192;197;206m..[38;2;192;197;206m([38;2;192;197;206moffset [38;2;192;197;206m+[38;2;192;197;206m len[38;2;192;197;206m)[38;2;192;197;206m [38;2;192;197;206mas[38;2;192;197;206m [38;2;180;142;173musize[38;2;192;197;206m][38;2;192;197;206m [38;2;192;197;206m=[38;2;192;197;206m=[38;2;192;197;206m literal[K
[0m[48;2;40;67;43m[39m+      201[0m:[39m[48;2;24;38;30m [38;2;192;197;206m    [38;2;192;197;206m}[K
[0m[48;2;40;67;43m[39m+      202[0m:[39m[48;2;24;38;30m [K
[0m[48;2;40;67;43m[39m+      203[0m:[39m[48;2;24;38;30m [38;2;192;197;206m    [38;2;180;142;173mfn[38;2;192;197;206m [38;2;143;161;179mconsume_literal[38;2;192;197;206m([38;2;192;197;206m&[38;2;180;142;173mmut[38;2;192;197;206m [38;2;191;97;106mself[38;2;192;197;206m, [38;2;191;97;106moffset[38;2;192;197;206m:[38;2;192;197;206m [38;2;180;142;173mi32[38;2;192;197;206m, [38;2;191;97;106mliteral[38;2;192;197;206m:[38;2;192;197;206m [38;2;192;197;206m&[38;2;180;142;173mstr[38;2;192;197;206m)[38;2;192;197;206m [38;2;192;197;206m->[38;2;192;197;206m [38;2;180;142;173mbool[38;2;192;197;206m [38;2;192;197;206m{[K
[0m[48;2;40;67;43m[39m+      204[0m:[39m[48;2;24;38;30m [38;2;192;197;206m        [38;2;180;142;173mif[38;2;192;197;206m [38;2;191;97;106mself[38;2;192;197;206m.[38;2;150;181;180mmatch_literal[38;2;192;197;206m([38;2;192;197;206moffset[38;2;192;197;206m,[38;2;192;197;206m literal[38;2;192;197;206m)[38;2;192;197;206m [38;2;192;197;206m{[K
[0m[48;2;40;67;43m[39m+      205[0m:[39m[48;2;24;38;30m [38;2;192;197;206m            [38;2;191;97;106mself[38;2;192;197;206m.[38;2;150;181;180madvance_n[38;2;192;197;206m([38;2;192;197;206mliteral.[38;2;150;181;180mlen[38;2;192;197;206m([38;2;192;197;206m)[38;2;192;197;206m [38;2;192;197;206mas[38;2;192;197;206m [38;2;180;142;173mi32[38;2;192;197;206m)[38;2;192;197;206m;[K
[0m[48;2;40;67;43m[39m+      206[0m:[39m[48;2;24;38;30m [38;2;192;197;206m            [38;2;208;135;112mtrue[K
[0m[48;2;40;67;43m[39m+      207[0m:[39m[48;2;24;38;30m [38;2;192;197;206m        [38;2;192;197;206m}[38;2;192;197;206m [38;2;180;142;173melse[38;2;192;197;206m [38;2;192;197;206m{[K
[0m[48;2;40;67;43m[39m+      208[0m:[39m[48;2;24;38;30m [38;2;192;197;206m            [38;2;208;135;112mfalse[K
[0m[48;2;40;67;43m[39m+      209[0m:[39m[48;2;24;38;30m [38;2;192;197;206m        [38;2;192;197;206m}[K
[0m[48;2;40;67;43m[39m+      210[0m:[39m[48;2;24;38;30m [38;2;192;197;206m    [38;2;192;197;206m}[K
[0m[48;2;40;67;43m[39m+      211[0m:[39m[48;2;24;38;30m [K
[0m[48;2;40;67;43m[39m+      212[0m:[39m[48;2;24;38;30m [38;2;192;197;206m    [38;2;180;142;173mfn[38;2;192;197;206m [38;2;143;161;179merror[38;2;192;197;206m([38;2;192;197;206m&[38;2;191;97;106mself[38;2;192;197;206m, [38;2;191;97;106mmsg[38;2;192;197;206m:[38;2;192;197;206m String[38;2;192;197;206m)[38;2;192;197;206m [38;2;192;197;206m->[38;2;192;197;206m CfgError[38;2;192;197;206m [38;2;192;197;206m{[K
[0m[48;2;40;67;43m[39m+      213[0m:[39m[48;2;24;38;30m [38;2;192;197;206m        [38;2;180;142;173mlet[38;2;192;197;206m [38;2;180;142;173mmut[38;2;192;197;206m row [38;2;192;197;206m=[38;2;192;197;206m [38;2;208;135;112m1[38;2;180;142;173mi32[38;2;192;197;206m;[K
[0m[48;2;40;67;43m[39m+      214[0m:[39m[48;2;24;38;30m [38;2;192;197;206m        [38;2;180;142;173mlet[38;2;192;197;206m [38;2;180;142;173mmut[38;2;192;197;206m col [38;2;192;197;206m=[38;2;192;197;206m [38;2;208;135;112m1[38;2;180;142;173mi32[38;2;192;197;206m;[K
[0m[48;2;40;67;43m[39m+      215[0m:[39m[48;2;24;38;30m [38;2;192;197;206m        [38;2;180;142;173mfor[38;2;192;197;206m i [38;2;192;197;206min[38;2;192;197;206m [38;2;208;135;112m0[38;2;192;197;206m..[38;2;191;97;106mself[38;2;192;197;206m.cur [38;2;192;197;206mas[38;2;192;197;206m [38;2;180;142;173musize[38;2;192;197;206m [38;2;192;197;206m{[K
[0m[48;2;40;67;43m[39m+      216[0m:[39m[48;2;24;38;30m [38;2;192;197;206m            col [38;2;192;197;206m+[38;2;192;197;206m=[38;2;192;197;206m [38;2;208;135;112m1[38;2;192;197;206m;[K
[0m[48;2;40;67;43m[39m+      217[0m:[39m[48;2;24;38;30m [38;2;192;197;206m            [38;2;180;142;173mif[38;2;192;197;206m [38;2;191;97;106mself[38;2;192;197;206m.src.[38;2;150;181;180mas_bytes[38;2;192;197;206m([38;2;192;197;206m)[38;2;192;197;206m[[38;2;192;197;206mi[38;2;192;197;206m][38;2;192;197;206m [38;2;192;197;206m=[38;2;192;197;206m=[38;2;192;197;206m [38;2;180;142;173mb[38;2;192;197;206m'[38;2;150;181;180m\n[38;2;192;197;206m'[38;2;192;197;206m [38;2;192;197;206m{[K
[0m[48;2;40;67;43m[39m+      218[0m:[39m[48;2;24;38;30m [38;2;192;197;206m                row [38;2;192;197;206m+[38;2;192;197;206m=[38;2;192;197;206m [38;2;208;135;112m1[38;2;192;197;206m;[K
[0m[48;2;40;67;43m[39m+      219[0m:[39m[48;2;24;38;30m [38;2;192;197;206m                col [38;2;192;197;206m=[38;2;192;197;206m [38;2;208;135;112m1[38;2;192;197;206m;[K
[0m[48;2;40;67;43m[39m+      220[0m:[39m[48;2;24;38;30m [38;2;192;197;206m            [38;2;192;197;206m}[K
[0m[48;2;40;67;43m[39m+      221[0m:[39m[48;2;24;38;30m [38;2;192;197;206m        [38;2;192;197;206m}[K
[0m[48;2;40;67;43m[39m+      222[0m:[39m[48;2;24;38;30m [38;2;192;197;206m        CfgError [38;2;192;197;206m{[38;2;192;197;206m off[38;2;192;197;206m:[38;2;192;197;206m [38;2;191;97;106mself[38;2;192;197;206m.cur[38;2;192;197;206m,[38;2;192;197;206m col[38;2;192;197;206m,[38;2;192;197;206m row[38;2;192;197;206m,[38;2;192;197;206m msg [38;2;192;197;206m}[K
[0m[48;2;40;67;43m[39m+      223[0m:[39m[48;2;24;38;30m [38;2;192;197;206m    [38;2;192;197;206m}[K
[0m[48;2;40;67;43m[39m+      224[0m:[39m[48;2;24;38;30m [38;2;192;197;206m}[K
[0m[48;2;40;67;43m[39m+      225[0m:[39m[48;2;24;38;30m [K
[0m[48;2;40;67;43m[39m+      226[0m:[39m[48;2;24;38;30m [38;2;180;142;173mfn[38;2;192;197;206m [38;2;143;161;179mis_key[38;2;192;197;206m([38;2;191;97;106mch[38;2;192;197;206m:[38;2;192;197;206m [38;2;180;142;173mu8[38;2;192;197;206m)[38;2;192;197;206m [38;2;192;197;206m->[38;2;192;197;206m [38;2;180;142;173mbool[38;2;192;197;206m [38;2;192;197;206m{[K
[0m[48;2;40;67;43m[39m+      227[0m:[39m[48;2;24;38;30m [38;2;192;197;206m    [38;2;192;197;206m([38;2;192;197;206mch [38;2;192;197;206mas[38;2;192;197;206m [38;2;180;142;173mchar[38;2;192;197;206m)[38;2;192;197;206m.[38;2;150;181;180mis_ascii_alphabetic[38;2;192;197;206m([38;2;192;197;206m)[38;2;192;197;206m [38;2;192;197;206m|[38;2;192;197;206m|[38;2;192;197;206m ch [38;2;192;197;206m=[38;2;192;197;206m=[38;2;192;197;206m [38;2;180;142;173mb[38;2;192;197;206m'[38;2;163;190;140m.[38;2;192;197;206m'[38;2;192;197;206m [38;2;192;197;206m|[38;2;192;197;206m|[38;2;192;197;206m ch [38;2;192;197;206m=[38;2;192;197;206m=[38;2;192;197;206m [38;2;180;142;173mb[38;2;192;197;206m'[38;2;163;190;140m_[38;2;192;197;206m'[K
[0m[48;2;40;67;43m[39m+      228[0m:[39m[48;2;24;38;30m [38;2;192;197;206m}[K
[0m[48;2;40;67;43m[39m+      229[0m:[39m[48;2;24;38;30m [K
[0m[48;2;40;67;43m[39m+      230[0m:[39m[48;2;24;38;30m [38;2;180;142;173mfn[38;2;192;197;206m [38;2;143;161;179mis_string_char[38;2;192;197;206m([38;2;191;97;106mch[38;2;192;197;206m:[38;2;192;197;206m [38;2;180;142;173mu8[38;2;192;197;206m)[38;2;192;197;206m [38;2;192;197;206m->[38;2;192;197;206m [38;2;180;142;173mbool[38;2;192;197;206m [38;2;192;197;206m{[K
[0m[48;2;40;67;43m[39m+      231[0m:[39m[48;2;24;38;30m [38;2;192;197;206m    [38;2;180;142;173mlet[38;2;192;197;206m c [38;2;192;197;206m=[38;2;192;197;206m ch [38;2;192;197;206mas[38;2;192;197;206m [38;2;180;142;173mchar[38;2;192;197;206m;[K
[0m[48;2;40;67;43m[39m+      232[0m:[39m[48;2;24;38;30m [38;2;192;197;206m    c.[38;2;150;181;180mis_ascii_alphanumeric[38;2;192;197;206m([38;2;192;197;206m)[38;2;192;197;206m [38;2;192;197;206m|[38;2;192;197;206m|[38;2;192;197;206m [38;2;192;197;206m([38;2;192;197;206mc [38;2;192;197;206m=[38;2;192;197;206m=[38;2;192;197;206m [38;2;192;197;206m'[38;2;163;190;140m [38;2;192;197;206m'[38;2;192;197;206m [38;2;192;197;206m|[38;2;192;197;206m|[38;2;192;197;206m c [38;2;192;197;206m=[38;2;192;197;206m=[38;2;192;197;206m [38;2;192;197;206m'[38;2;150;181;180m\t[38;2;192;197;206m'[38;2;192;197;206m)[38;2;192;197;206m [38;2;192;197;206m|[38;2;192;197;206m|[38;2;192;197;206m [38;2;192;197;206m([38;2;192;197;206mc.[38;2;150;181;180mis_ascii_punctuation[38;2;192;197;206m([38;2;192;197;206m)[38;2;192;197;206m [38;2;192;197;206m&[38;2;192;197;206m&[38;2;192;197;206m c [38;2;192;197;206m![38;2;192;197;206m=[38;2;192;197;206m [38;2;192;197;206m'[38;2;163;190;140m"[38;2;192;197;206m'[38;2;192;197;206m)[K
[0m[48;2;40;67;43m[39m+      233[0m:[39m[48;2;24;38;30m [38;2;192;197;206m}[K
[0m[48;2;40;67;43m[39m+      234[0m:[39m[48;2;24;38;30m [K
[0m[48;2;40;67;43m[39m+      235[0m:[39m[48;2;24;38;30m [38;2;180;142;173mfn[38;2;192;197;206m [38;2;143;161;179mparse_string[38;2;192;197;206m([38;2;191;97;106ms[38;2;192;197;206m:[38;2;192;197;206m [38;2;192;197;206m&[38;2;180;142;173mmut[38;2;192;197;206m Scanner, [38;2;191;97;106mentry[38;2;192;197;206m:[38;2;192;197;206m [38;2;192;197;206m&[38;2;180;142;173mmut[38;2;192;197;206m CfgEntry[38;2;192;197;206m)[38;2;192;197;206m [38;2;192;197;206m->[38;2;192;197;206m [38;2;192;197;206mResult[38;2;192;197;206m<[38;2;192;197;206m([38;2;192;197;206m)[38;2;192;197;206m, CfgError[38;2;192;197;206m>[38;2;192;197;206m [38;2;192;197;206m{[K
[0m[48;2;40;67;43m[39m+      236[0m:[39m[48;2;24;38;30m [38;2;192;197;206m    s.[38;2;150;181;180madvance[38;2;192;197;206m([38;2;192;197;206m)[38;2;192;197;206m;[38;2;192;197;206m [38;2;101;115;126m//[38;2;101;115;126m opening '"'[K
[0m[48;2;40;67;43m[39m+      237[0m:[39m[48;2;24;38;30m [38;2;192;197;206m    [38;2;180;142;173mlet[38;2;192;197;206m val_offset [38;2;192;197;206m=[38;2;192;197;206m s.cur[38;2;192;197;206m;[K
[0m[48;2;40;67;43m[39m+      238[0m:[39m[48;2;24;38;30m [38;2;192;197;206m    [38;2;180;142;173mwhile[38;2;192;197;206m [38;2;192;197;206m![38;2;192;197;206ms.[38;2;150;181;180mis_at_end[38;2;192;197;206m([38;2;192;197;206m)[38;2;192;197;206m [38;2;192;197;206m&[38;2;192;197;206m&[38;2;192;197;206m [38;2;150;181;180mis_string_char[38;2;192;197;206m([38;2;192;197;206ms.[38;2;150;181;180mpeek[38;2;192;197;206m([38;2;192;197;206m)[38;2;192;197;206m)[38;2;192;197;206m [38;2;192;197;206m{[K
[0m[48;2;40;67;43m[39m+      239[0m:[39m[48;2;24;38;30m [38;2;192;197;206m        s.[38;2;150;181;180madvance[38;2;192;197;206m([38;2;192;197;206m)[38;2;192;197;206m;[K
[0m[48;2;40;67;43m[39m+      240[0m:[39m[48;2;24;38;30m [38;2;192;197;206m    [38;2;192;197;206m}[K
[0m[48;2;40;67;43m[39m+      241[0m:[39m[48;2;24;38;30m [38;2;192;197;206m    [38;2;180;142;173mif[38;2;192;197;206m s.[38;2;150;181;180mis_at_end[38;2;192;197;206m([38;2;192;197;206m)[38;2;192;197;206m [38;2;192;197;206m|[38;2;192;197;206m|[38;2;192;197;206m s.[38;2;150;181;180mpeek[38;2;192;197;206m([38;2;192;197;206m)[38;2;192;197;206m [38;2;192;197;206m![38;2;192;197;206m=[38;2;192;197;206m [38;2;180;142;173mb[38;2;192;197;206m'[38;2;163;190;140m"[38;2;192;197;206m'[38;2;192;197;206m [38;2;192;197;206m{[K
[0m[48;2;40;67;43m[39m+      242[0m:[39m[48;2;24;38;30m [38;2;192;197;206m        [38;2;180;142;173mreturn[38;2;192;197;206m [38;2;192;197;206mErr[38;2;192;197;206m([38;2;192;197;206ms.[38;2;150;181;180merror[38;2;192;197;206m([38;2;192;197;206m"[38;2;163;190;140mclosing '[38;2;150;181;180m\"[38;2;163;190;140m' expected[38;2;192;197;206m"[38;2;192;197;206m.[38;2;150;181;180minto[38;2;192;197;206m([38;2;192;197;206m)[38;2;192;197;206m)[38;2;192;197;206m)[38;2;192;197;206m;[K
[0m[48;2;40;67;43m[39m+      243[0m:[39m[48;2;24;38;30m [38;2;192;197;206m    [38;2;192;197;206m}[K
[0m[48;2;40;67;43m[39m+      244[0m:[39m[48;2;24;38;30m [38;2;192;197;206m    [38;2;180;142;173mlet[38;2;192;197;206m val_len [38;2;192;197;206m=[38;2;192;197;206m s.cur [38;2;192;197;206m-[38;2;192;197;206m val_offset[38;2;192;197;206m;[K
[0m[48;2;40;67;43m[39m+      245[0m:[39m[48;2;24;38;30m [38;2;192;197;206m    [38;2;180;142;173mif[38;2;192;197;206m val_len [38;2;192;197;206m>[38;2;192;197;206m [38;2;208;135;112mCFG_MAX_VAL[38;2;192;197;206m [38;2;192;197;206mas[38;2;192;197;206m [38;2;180;142;173mi32[38;2;192;197;206m [38;2;192;197;206m{[K
[0m[48;2;40;67;43m[39m+      246[0m:[39m[48;2;24;38;30m [38;2;192;197;206m        [38;2;180;142;173mreturn[38;2;192;197;206m [38;2;192;197;206mErr[38;2;192;197;206m([38;2;192;197;206ms.[38;2;150;181;180merror[38;2;192;197;206m([38;2;192;197;206m"[38;2;163;190;140mvalue too long[38;2;192;197;206m"[38;2;192;197;206m.[38;2;150;181;180minto[38;2;192;197;206m([38;2;192;197;206m)[38;2;192;197;206m)[38;2;192;197;206m)[38;2;192;197;206m;[K
[0m[48;2;40;67;43m[39m+      247[0m:[39m[48;2;24;38;30m [38;2;192;197;206m    [38;2;192;197;206m}[K
[0m[48;2;40;67;43m[39m+      248[0m:[39m[48;2;24;38;30m [38;2;192;197;206m    [38;2;180;142;173mlet[38;2;192;197;206m val [38;2;192;197;206m=[38;2;192;197;206m s.[38;2;150;181;180mslice[38;2;192;197;206m([38;2;192;197;206mval_offset[38;2;192;197;206m,[38;2;192;197;206m val_len[38;2;192;197;206m)[38;2;192;197;206m.[38;2;150;181;180mto_string[38;2;192;197;206m([38;2;192;197;206m)[38;2;192;197;206m;[K
[0m[48;2;40;67;43m[39m+      249[0m:[39m[48;2;24;38;30m [38;2;192;197;206m    s.[38;2;150;181;180madvance[38;2;192;197;206m([38;2;192;197;206m)[38;2;192;197;206m;[38;2;192;197;206m [38;2;101;115;126m//[38;2;101;115;126m closing '"'[K
[0m[48;2;40;67;43m[39m+      250[0m:[39m[48;2;24;38;30m [38;2;192;197;206m    entry.val [38;2;192;197;206m=[38;2;192;197;206m [38;2;192;197;206mCfgVal[38;2;192;197;206m::[38;2;192;197;206mString[38;2;192;197;206m([38;2;192;197;206mval[38;2;192;197;206m)[38;2;192;197;206m;[K
[0m[48;2;40;67;43m[39m+      251[0m:[39m[48;2;24;38;30m [38;2;192;197;206m    [38;2;192;197;206mOk[38;2;192;197;206m([38;2;192;197;206m([38;2;192;197;206m)[38;2;192;197;206m)[K
[0m[48;2;40;67;43m[39m+      252[0m:[39m[48;2;24;38;30m [38;2;192;197;206m}[K
[0m[48;2;40;67;43m[39m+      253[0m:[39m[48;2;24;38;30m [K
[0m[48;2;40;67;43m[39m+      254[0m:[39m[48;2;24;38;30m [38;2;180;142;173mfn[38;2;192;197;206m [38;2;143;161;179mconsume_int[38;2;192;197;206m([38;2;191;97;106ms[38;2;192;197;206m:[38;2;192;197;206m [38;2;192;197;206m&[38;2;180;142;173mmut[38;2;192;197;206m Scanner[38;2;192;197;206m)[38;2;192;197;206m [38;2;192;197;206m->[38;2;192;197;206m [38;2;192;197;206mResult[38;2;192;197;206m<[38;2;180;142;173mi32[38;2;192;197;206m, CfgError[38;2;192;197;206m>[38;2;192;197;206m [38;2;192;197;206m{[K
[0m[48;2;40;67;43m[39m+      255[0m:[39m[48;2;24;38;30m [38;2;192;197;206m    [38;2;180;142;173mlet[38;2;192;197;206m [38;2;180;142;173mmut[38;2;192;197;206m sign[38;2;192;197;206m:[38;2;192;197;206m [38;2;180;142;173mi32[38;2;192;197;206m [38;2;192;197;206m=[38;2;192;197;206m [38;2;208;135;112m1[38;2;192;197;206m;[K
[0m[48;2;40;67;43m[39m+      256[0m:[39m[48;2;24;38;30m [38;2;192;197;206m    [38;2;180;142;173mlet[38;2;192;197;206m [38;2;180;142;173mmut[38;2;192;197;206m num[38;2;192;197;206m:[38;2;192;197;206m [38;2;180;142;173mi32[38;2;192;197;206m [38;2;192;197;206m=[38;2;192;197;206m [38;2;208;135;112m0[38;2;192;197;206m;[K
[0m[48;2;40;67;43m[39m+      257[0m:[39m[48;2;24;38;30m [38;2;192;197;206m    [38;2;180;142;173mif[38;2;192;197;206m [38;2;192;197;206m![38;2;192;197;206ms.[38;2;150;181;180mis_at_end[38;2;192;197;206m([38;2;192;197;206m)[38;2;192;197;206m [38;2;192;197;206m&[38;2;192;197;206m&[38;2;192;197;206m s.[38;2;150;181;180mpeek[38;2;192;197;206m([38;2;192;197;206m)[38;2;192;197;206m [38;2;192;197;206m=[38;2;192;197;206m=[38;2;192;197;206m [38;2;180;142;173mb[38;2;192;197;206m'[38;2;163;190;140m-[38;2;192;197;206m'[38;2;192;197;206m [38;2;192;197;206m&[38;2;192;197;206m&[38;2;192;197;206m [38;2;192;197;206m([38;2;192;197;206ms.[38;2;150;181;180mpeek_next[38;2;192;197;206m([38;2;192;197;206m)[38;2;192;197;206m [38;2;192;197;206mas[38;2;192;197;206m [38;2;180;142;173mchar[38;2;192;197;206m)[38;2;192;197;206m.[38;2;150;181;180mis_ascii_digit[38;2;192;197;206m([38;2;192;197;206m)[38;2;192;197;206m [38;2;192;197;206m{[K
[0m[48;2;40;67;43m[39m+      258[0m:[39m[48;2;24;38;30m [38;2;192;197;206m        s.[38;2;150;181;180madvance[38;2;192;197;206m([38;2;192;197;206m)[38;2;192;197;206m;[K
[0m[48;2;40;67;43m[39m+      259[0m:[39m[48;2;24;38;30m [38;2;192;197;206m        sign [38;2;192;197;206m=[38;2;192;197;206m [38;2;192;197;206m-[38;2;208;135;112m1[38;2;192;197;206m;[K
[0m[48;2;40;67;43m[39m+      260[0m:[39m[48;2;24;38;30m [38;2;192;197;206m    [38;2;192;197;206m}[K
[0m[48;2;40;67;43m[39m+      261[0m:[39m[48;2;24;38;30m [38;2;192;197;206m    [38;2;180;142;173mif[38;2;192;197;206m [38;2;192;197;206m![38;2;192;197;206ms.[38;2;150;181;180mis_at_end[38;2;192;197;206m([38;2;192;197;206m)[38;2;192;197;206m [38;2;192;197;206m&[38;2;192;197;206m&[38;2;192;197;206m [38;2;192;197;206m![38;2;192;197;206m([38;2;192;197;206ms.[38;2;150;181;180mpeek[38;2;192;197;206m([38;2;192;197;206m)[38;2;192;197;206m [38;2;192;197;206mas[38;2;192;197;206m [38;2;180;142;173mchar[38;2;192;197;206m)[38;2;192;197;206m.[38;2;150;181;180mis_ascii_digit[38;2;192;197;206m([38;2;192;197;206m)[38;2;192;197;206m [38;2;192;197;206m{[K
[0m[48;2;40;67;43m[39m+      262[0m:[39m[48;2;24;38;30m [38;2;192;197;206m        [38;2;180;142;173mreturn[38;2;192;197;206m [38;2;192;197;206mErr[38;2;192;197;206m([38;2;192;197;206ms.[38;2;150;181;180merror[38;2;192;197;206m([38;2;192;197;206m"[38;2;163;190;140mnumber expected[38;2;192;197;206m"[38;2;192;197;206m.[38;2;150;181;180minto[38;2;192;197;206m([38;2;192;197;206m)[38;2;192;197;206m)[38;2;192;197;206m)[38;2;192;197;206m;[K
[0m[48;2;40;67;43m[39m+      263[0m:[39m[48;2;24;38;30m [38;2;192;197;206m    [38;2;192;197;206m}[K
[0m[48;2;40;67;43m[39m+      264[0m:[39m[48;2;24;38;30m [38;2;192;197;206m    [38;2;180;142;173mwhile[38;2;192;197;206m [38;2;192;197;206m![38;2;192;197;206ms.[38;2;150;181;180mis_at_end[38;2;192;197;206m([38;2;192;197;206m)[38;2;192;197;206m [38;2;192;197;206m&[38;2;192;197;206m&[38;2;192;197;206m [38;2;192;197;206m([38;2;192;197;206ms.[38;2;150;181;180mpeek[38;2;192;197;206m([38;2;192;197;206m)[38;2;192;197;206m [38;2;192;197;206mas[38;2;192;197;206m [38;2;180;142;173mchar[38;2;192;197;206m)[38;2;192;197;206m.[38;2;150;181;180mis_ascii_digit[38;2;192;197;206m([38;2;192;197;206m)[38;2;192;197;206m [38;2;192;197;206m{[K
[0m[48;2;40;67;43m[39m+      265[0m:[39m[48;2;24;38;30m [38;2;192;197;206m        [38;2;180;142;173mlet[38;2;192;197;206m digit [38;2;192;197;206m=[38;2;192;197;206m [38;2;192;197;206m([38;2;192;197;206ms.[38;2;150;181;180madvance[38;2;192;197;206m([38;2;192;197;206m)[38;2;192;197;206m [38;2;192;197;206m-[38;2;192;197;206m [38;2;180;142;173mb[38;2;192;197;206m'[38;2;163;190;140m0[38;2;192;197;206m'[38;2;192;197;206m)[38;2;192;197;206m [38;2;192;197;206mas[38;2;192;197;206m [38;2;180;142;173mi32[38;2;192;197;206m;[K
[0m[48;2;40;67;43m[39m+      266[0m:[39m[48;2;24;38;30m [38;2;192;197;206m        [38;2;180;142;173mif[38;2;192;197;206m num [38;2;192;197;206m>[38;2;192;197;206m [38;2;192;197;206m([38;2;180;142;173mi32[38;2;192;197;206m::[38;2;208;135;112mMAX[38;2;192;197;206m [38;2;192;197;206m-[38;2;192;197;206m digit[38;2;192;197;206m)[38;2;192;197;206m [38;2;192;197;206m/[38;2;192;197;206m [38;2;208;135;112m10[38;2;192;197;206m [38;2;192;197;206m{[K
[0m[48;2;40;67;43m[39m+      267[0m:[39m[48;2;24;38;30m [38;2;192;197;206m            [38;2;180;142;173mreturn[38;2;192;197;206m [38;2;192;197;206mErr[38;2;192;197;206m([38;2;192;197;206ms.[38;2;150;181;180merror[38;2;192;197;206m([38;2;192;197;206m"[38;2;163;190;140mnumber too large[38;2;192;197;206m"[38;2;192;197;206m.[38;2;150;181;180minto[38;2;192;197;206m([38;2;192;197;206m)[38;2;192;197;206m)[38;2;192;197;206m)[38;2;192;197;206m;[K
[0m[48;2;40;67;43m[39m+      268[0m:[39m[48;2;24;38;30m [38;2;192;197;206m        [38;2;192;197;206m}[K
[0m[48;2;40;67;43m[39m+      269[0m:[39m[48;2;24;38;30m [38;2;192;197;206m        num [38;2;192;197;206m=[38;2;192;197;206m num [38;2;192;197;206m*[38;2;192;197;206m [38;2;208;135;112m10[38;2;192;197;206m [38;2;192;197;206m+[38;2;192;197;206m digit[38;2;192;197;206m;[K
[0m[48;2;40;67;43m[39m+      270[0m:[39m[48;2;24;38;30m [38;2;192;197;206m    [38;2;192;197;206m}[K
[0m[48;2;40;67;43m[39m+      271[0m:[39m[48;2;24;38;30m [38;2;192;197;206m    [38;2;192;197;206mOk[38;2;192;197;206m([38;2;192;197;206msign [38;2;192;197;206m*[38;2;192;197;206m num[38;2;192;197;206m)[K
[0m[48;2;40;67;43m[39m+      272[0m:[39m[48;2;24;38;30m [38;2;192;197;206m}[K
[0m[48;2;40;67;43m[39m+      273[0m:[39m[48;2;24;38;30m [K
[0m[48;2;40;67;43m[39m+      274[0m:[39m[48;2;24;38;30m [38;2;180;142;173mfn[38;2;192;197;206m [38;2;143;161;179mconsume_float[38;2;192;197;206m([38;2;191;97;106ms[38;2;192;197;206m:[38;2;192;197;206m [38;2;192;197;206m&[38;2;180;142;173mmut[38;2;192;197;206m Scanner[38;2;192;197;206m)[38;2;192;197;206m [38;2;192;197;206m->[38;2;192;197;206m [38;2;192;197;206mResult[38;2;192;197;206m<[38;2;180;142;173mf32[38;2;192;197;206m, CfgError[38;2;192;197;206m>[38;2;192;197;206m [38;2;192;197;206m{[K
[0m[48;2;40;67;43m[39m+      275[0m:[39m[48;2;24;38;30m [38;2;192;197;206m    [38;2;180;142;173mlet[38;2;192;197;206m [38;2;180;142;173mmut[38;2;192;197;206m sign[38;2;192;197;206m:[38;2;192;197;206m [38;2;180;142;173mi32[38;2;192;197;206m [38;2;192;197;206m=[38;2;192;197;206m [38;2;208;135;112m1[38;2;192;197;206m;[K
[0m[48;2;40;67;43m[39m+      276[0m:[39m[48;2;24;38;30m [38;2;192;197;206m    [38;2;180;142;173mlet[38;2;192;197;206m [38;2;180;142;173mmut[38;2;192;197;206m int_part[38;2;192;197;206m:[38;2;192;197;206m [38;2;180;142;173mi32[38;2;192;197;206m [38;2;192;197;206m=[38;2;192;197;206m [38;2;208;135;112m0[38;2;192;197;206m;[K
[0m[48;2;40;67;43m[39m+      277[0m:[39m[48;2;24;38;30m [38;2;192;197;206m    [38;2;180;142;173mlet[38;2;192;197;206m [38;2;180;142;173mmut[38;2;192;197;206m fract_part[38;2;192;197;206m:[38;2;192;197;206m [38;2;180;142;173mi32[38;2;192;197;206m [38;2;192;197;206m=[38;2;192;197;206m [38;2;208;135;112m0[38;2;192;197;206m;[K
[0m[48;2;40;67;43m[39m+      278[0m:[39m[48;2;24;38;30m [K
[0m[48;2;40;67;43m[39m+      279[0m:[39m[48;2;24;38;30m [38;2;192;197;206m    [38;2;180;142;173mif[38;2;192;197;206m [38;2;192;197;206m![38;2;192;197;206ms.[38;2;150;181;180mis_at_end[38;2;192;197;206m([38;2;192;197;206m)[38;2;192;197;206m [38;2;192;197;206m&[38;2;192;197;206m&[38;2;192;197;206m s.[38;2;150;181;180mpeek[38;2;192;197;206m([38;2;192;197;206m)[38;2;192;197;206m [38;2;192;197;206m=[38;2;192;197;206m=[38;2;192;197;206m [38;2;180;142;173mb[38;2;192;197;206m'[38;2;163;190;140m-[38;2;192;197;206m'[38;2;192;197;206m [38;2;192;197;206m&[38;2;192;197;206m&[38;2;192;197;206m [38;2;192;197;206m([38;2;192;197;206ms.[38;2;150;181;180mpeek_next[38;2;192;197;206m([38;2;192;197;206m)[38;2;192;197;206m [38;2;192;197;206mas[38;2;192;197;206m [38;2;180;142;173mchar[38;2;192;197;206m)[38;2;192;197;206m.[38;2;150;181;180mis_ascii_digit[38;2;192;197;206m([38;2;192;197;206m)[38;2;192;197;206m [38;2;192;197;206m{[K
[0m[48;2;40;67;43m[39m+      280[0m:[39m[48;2;24;38;30m [38;2;192;197;206m        s.[38;2;150;181;180madvance[38;2;192;197;206m([38;2;192;197;206m)[38;2;192;197;206m;[K
[0m[48;2;40;67;43m[39m+      281[0m:[39m[48;2;24;38;30m [38;2;192;197;206m        sign [38;2;192;197;206m=[38;2;192;197;206m [38;2;192;197;206m-[38;2;208;135;112m1[38;2;192;197;206m;[K
[0m[48;2;40;67;43m[39m+      282[0m:[39m[48;2;24;38;30m [38;2;192;197;206m    [38;2;192;197;206m}[K
[0m[48;2;40;67;43m[39m+      283[0m:[39m[48;2;24;38;30m [38;2;192;197;206m    [38;2;180;142;173mif[38;2;192;197;206m [38;2;192;197;206m![38;2;192;197;206ms.[38;2;150;181;180mis_at_end[38;2;192;197;206m([38;2;192;197;206m)[38;2;192;197;206m [38;2;192;197;206m&[38;2;192;197;206m&[38;2;192;197;206m [38;2;192;197;206m![38;2;192;197;206m([38;2;192;197;206ms.[38;2;150;181;180mpeek[38;2;192;197;206m([38;2;192;197;206m)[38;2;192;197;206m [38;2;192;197;206mas[38;2;192;197;206m [38;2;180;142;173mchar[38;2;192;197;206m)[38;2;192;197;206m.[38;2;150;181;180mis_ascii_digit[38;2;192;197;206m([38;2;192;197;206m)[38;2;192;197;206m [38;2;192;197;206m{[K
[0m[48;2;40;67;43m[39m+      284[0m:[39m[48;2;24;38;30m [38;2;192;197;206m        [38;2;180;142;173mreturn[38;2;192;197;206m [38;2;192;197;206mErr[38;2;192;197;206m([38;2;192;197;206ms.[38;2;150;181;180merror[38;2;192;197;206m([38;2;192;197;206m"[38;2;163;190;140mnumber expected[38;2;192;197;206m"[38;2;192;197;206m.[38;2;150;181;180minto[38;2;192;197;206m([38;2;192;197;206m)[38;2;192;197;206m)[38;2;192;197;206m)[38;2;192;197;206m;[K
[0m[48;2;40;67;43m[39m+      285[0m:[39m[48;2;24;38;30m [38;2;192;197;206m    [38;2;192;197;206m}[K
[0m[48;2;40;67;43m[39m+      286[0m:[39m[48;2;24;38;30m [38;2;192;197;206m    [38;2;180;142;173mwhile[38;2;192;197;206m [38;2;192;197;206m![38;2;192;197;206ms.[38;2;150;181;180mis_at_end[38;2;192;197;206m([38;2;192;197;206m)[38;2;192;197;206m [38;2;192;197;206m&[38;2;192;197;206m&[38;2;192;197;206m [38;2;192;197;206m([38;2;192;197;206ms.[38;2;150;181;180mpeek[38;2;192;197;206m([38;2;192;197;206m)[38;2;192;197;206m [38;2;192;197;206mas[38;2;192;197;206m [38;2;180;142;173mchar[38;2;192;197;206m)[38;2;192;197;206m.[38;2;150;181;180mis_ascii_digit[38;2;192;197;206m([38;2;192;197;206m)[38;2;192;197;206m [38;2;192;197;206m{[K
[0m[48;2;40;67;43m[39m+      287[0m:[39m[48;2;24;38;30m [38;2;192;197;206m        [38;2;180;142;173mlet[38;2;192;197;206m digit [38;2;192;197;206m=[38;2;192;197;206m [38;2;192;197;206m([38;2;192;197;206ms.[38;2;150;181;180madvance[38;2;192;197;206m([38;2;192;197;206m)[38;2;192;197;206m [38;2;192;197;206m-[38;2;192;197;206m [38;2;180;142;173mb[38;2;192;197;206m'[38;2;163;190;140m0[38;2;192;197;206m'[38;2;192;197;206m)[38;2;192;197;206m [38;2;192;197;206mas[38;2;192;197;206m [38;2;180;142;173mi32[38;2;192;197;206m;[K
[0m[48;2;40;67;43m[39m+      288[0m:[39m[48;2;24;38;30m [38;2;192;197;206m        [38;2;180;142;173mif[38;2;192;197;206m int_part [38;2;192;197;206m>[38;2;192;197;206m [38;2;192;197;206m([38;2;180;142;173mi32[38;2;192;197;206m::[38;2;208;135;112mMAX[38;2;192;197;206m [38;2;192;197;206m-[38;2;192;197;206m digit[38;2;192;197;206m)[38;2;192;197;206m [38;2;192;197;206m/[38;2;192;197;206m [38;2;208;135;112m10[38;2;192;197;206m [38;2;192;197;206m{[K
[0m[48;2;40;67;43m[39m+      289[0m:[39m[48;2;24;38;30m [38;2;192;197;206m            [38;2;180;142;173mreturn[38;2;192;197;206m [38;2;192;197;206mErr[38;2;192;197;206m([38;2;192;197;206ms.[38;2;150;181;180merror[38;2;192;197;206m([38;2;192;197;206m"[38;2;163;190;140mnumber too large[38;2;192;197;206m"[38;2;192;197;206m.[38;2;150;181;180minto[38;2;192;197;206m([38;2;192;197;206m)[38;2;192;197;206m)[38;2;192;197;206m)[38;2;192;197;206m;[K
[0m[48;2;40;67;43m[39m+      290[0m:[39m[48;2;24;38;30m [38;2;192;197;206m        [38;2;192;197;206m}[K
[0m[48;2;40;67;43m[39m+      291[0m:[39m[48;2;24;38;30m [38;2;192;197;206m        int_part [38;2;192;197;206m=[38;2;192;197;206m int_part [38;2;192;197;206m*[38;2;192;197;206m [38;2;208;135;112m10[38;2;192;197;206m [38;2;192;197;206m+[38;2;192;197;206m digit[38;2;192;197;206m;[K
[0m[48;2;40;67;43m[39m+      292[0m:[39m[48;2;24;38;30m [38;2;192;197;206m    [38;2;192;197;206m}[K
[0m[48;2;40;67;43m[39m+      293[0m:[39m[48;2;24;38;30m [38;2;192;197;206m    [38;2;180;142;173mif[38;2;192;197;206m [38;2;192;197;206m![38;2;192;197;206ms.[38;2;150;181;180mis_at_end[38;2;192;197;206m([38;2;192;197;206m)[38;2;192;197;206m [38;2;192;197;206m&[38;2;192;197;206m&[38;2;192;197;206m s.[38;2;150;181;180mpeek[38;2;192;197;206m([38;2;192;197;206m)[38;2;192;197;206m [38;2;192;197;206m![38;2;192;197;206m=[38;2;192;197;206m [38;2;180;142;173mb[38;2;192;197;206m'[38;2;163;190;140m.[38;2;192;197;206m'[38;2;192;197;206m [38;2;192;197;206m{[K
[0m[48;2;40;67;43m[39m+      294[0m:[39m[48;2;24;38;30m [38;2;192;197;206m        [38;2;180;142;173mreturn[38;2;192;197;206m [38;2;192;197;206mErr[38;2;192;197;206m([38;2;192;197;206ms.[38;2;150;181;180merror[38;2;192;197;206m([38;2;192;197;206m"[38;2;163;190;140mfloat expected[38;2;192;197;206m"[38;2;192;197;206m.[38;2;150;181;180minto[38;2;192;197;206m([38;2;192;197;206m)[38;2;192;197;206m)[38;2;192;197;206m)[38;2;192;197;206m;[K
[0m[48;2;40;67;43m[39m+      295[0m:[39m[48;2;24;38;30m [38;2;192;197;206m    [38;2;192;197;206m}[K
[0m[48;2;40;67;43m[39m+      296[0m:[39m[48;2;24;38;30m [38;2;192;197;206m    s.[38;2;150;181;180madvance[38;2;192;197;206m([38;2;192;197;206m)[38;2;192;197;206m;[38;2;192;197;206m [38;2;101;115;126m//[38;2;101;115;126m '.'[K
[0m[48;2;40;67;43m[39m+      297[0m:[39m[48;2;24;38;30m [38;2;192;197;206m    [38;2;180;142;173mlet[38;2;192;197;206m [38;2;180;142;173mmut[38;2;192;197;206m div[38;2;192;197;206m:[38;2;192;197;206m [38;2;180;142;173mi32[38;2;192;197;206m [38;2;192;197;206m=[38;2;192;197;206m [38;2;208;135;112m1[38;2;192;197;206m;[K
[0m[48;2;40;67;43m[39m+      298[0m:[39m[48;2;24;38;30m [38;2;192;197;206m    [38;2;180;142;173mwhile[38;2;192;197;206m [38;2;192;197;206m![38;2;192;197;206ms.[38;2;150;181;180mis_at_end[38;2;192;197;206m([38;2;192;197;206m)[38;2;192;197;206m [38;2;192;197;206m&[38;2;192;197;206m&[38;2;192;197;206m [38;2;192;197;206m([38;2;192;197;206ms.[38;2;150;181;180mpeek[38;2;192;197;206m([38;2;192;197;206m)[38;2;192;197;206m [38;2;192;197;206mas[38;2;192;197;206m [38;2;180;142;173mchar[38;2;192;197;206m)[38;2;192;197;206m.[38;2;150;181;180mis_ascii_digit[38;2;192;197;206m([38;2;192;197;206m)[38;2;192;197;206m [38;2;192;197;206m{[K
[0m[48;2;40;67;43m[39m+      299[0m:[39m[48;2;24;38;30m [38;2;192;197;206m        [38;2;180;142;173mlet[38;2;192;197;206m digit [38;2;192;197;206m=[38;2;192;197;206m [38;2;192;197;206m([38;2;192;197;206ms.[38;2;150;181;180madvance[38;2;192;197;206m([38;2;192;197;206m)[38;2;192;197;206m [38;2;192;197;206m-[38;2;192;197;206m [38;2;180;142;173mb[38;2;192;197;206m'[38;2;163;190;140m0[38;2;192;197;206m'[38;2;192;197;206m)[38;2;192;197;206m [38;2;192;197;206mas[38;2;192;197;206m [38;2;180;142;173mi32[38;2;192;197;206m;[K
[0m[48;2;40;67;43m[39m+      300[0m:[39m[48;2;24;38;30m [38;2;192;197;206m        [38;2;180;142;173mif[38;2;192;197;206m fract_part [38;2;192;197;206m>[38;2;192;197;206m [38;2;192;197;206m([38;2;180;142;173mi32[38;2;192;197;206m::[38;2;208;135;112mMAX[38;2;192;197;206m [38;2;192;197;206m-[38;2;192;197;206m digit[38;2;192;197;206m)[38;2;192;197;206m [38;2;192;197;206m/[38;2;192;197;206m [38;2;208;135;112m10[38;2;192;197;206m [38;2;192;197;206m{[K
[0m[48;2;40;67;43m[39m+      301[0m:[39m[48;2;24;38;30m [38;2;192;197;206m            [38;2;180;142;173mreturn[38;2;192;197;206m [38;2;192;197;206mErr[38;2;192;197;206m([38;2;192;197;206ms.[38;2;150;181;180merror[38;2;192;197;206m([38;2;192;197;206m"[38;2;163;190;140mnumber too large[38;2;192;197;206m"[38;2;192;197;206m.[38;2;150;181;180minto[38;2;192;197;206m([38;2;192;197;206m)[38;2;192;197;206m)[38;2;192;197;206m)[38;2;192;197;206m;[K
[0m[48;2;40;67;43m[39m+      302[0m:[39m[48;2;24;38;30m [38;2;192;197;206m        [38;2;192;197;206m}[K
[0m[48;2;40;67;43m[39m+      303[0m:[39m[48;2;24;38;30m [38;2;192;197;206m        fract_part [38;2;192;197;206m=[38;2;192;197;206m fract_part [38;2;192;197;206m*[38;2;192;197;206m [38;2;208;135;112m10[38;2;192;197;206m [38;2;192;197;206m+[38;2;192;197;206m digit[38;2;192;197;206m;[K
[0m[48;2;40;67;43m[39m+      304[0m:[39m[48;2;24;38;30m [38;2;192;197;206m        [38;2;180;142;173mif[38;2;192;197;206m div [38;2;192;197;206m>[38;2;192;197;206m [38;2;180;142;173mi32[38;2;192;197;206m::[38;2;208;135;112mMAX[38;2;192;197;206m [38;2;192;197;206m/[38;2;192;197;206m [38;2;208;135;112m10[38;2;192;197;206m [38;2;192;197;206m{[K
[0m[48;2;40;67;43m[39m+      305[0m:[39m[48;2;24;38;30m [38;2;192;197;206m            [38;2;180;142;173mreturn[38;2;192;197;206m [38;2;192;197;206mErr[38;2;192;197;206m([38;2;192;197;206ms.[38;2;150;181;180merror[38;2;192;197;206m([38;2;192;197;206m"[38;2;163;190;140mnumber too large[38;2;192;197;206m"[38;2;192;197;206m.[38;2;150;181;180minto[38;2;192;197;206m([38;2;192;197;206m)[38;2;192;197;206m)[38;2;192;197;206m)[38;2;192;197;206m;[K
[0m[48;2;40;67;43m[39m+      306[0m:[39m[48;2;24;38;30m [38;2;192;197;206m        [38;2;192;197;206m}[K
[0m[48;2;40;67;43m[39m+      307[0m:[39m[48;2;24;38;30m [38;2;192;197;206m        div [38;2;192;197;206m*[38;2;192;197;206m=[38;2;192;197;206m [38;2;208;135;112m10[38;2;192;197;206m;[K
[0m[48;2;40;67;43m[39m+      308[0m:[39m[48;2;24;38;30m [38;2;192;197;206m    [38;2;192;197;206m}[K
[0m[48;2;40;67;43m[39m+      309[0m:[39m[48;2;24;38;30m [38;2;192;197;206m    [38;2;180;142;173mlet[38;2;192;197;206m floating [38;2;192;197;206m=[38;2;192;197;206m int_part [38;2;192;197;206mas[38;2;192;197;206m [38;2;180;142;173mf32[38;2;192;197;206m [38;2;192;197;206m+[38;2;192;197;206m [38;2;192;197;206m([38;2;192;197;206mfract_part [38;2;192;197;206mas[38;2;192;197;206m [38;2;180;142;173mf32[38;2;192;197;206m [38;2;192;197;206m/[38;2;192;197;206m div [38;2;192;197;206mas[38;2;192;197;206m [38;2;180;142;173mf32[38;2;192;197;206m)[38;2;192;197;206m;[K
[0m[48;2;40;67;43m[39m+      310[0m:[39m[48;2;24;38;30m [38;2;192;197;206m    [38;2;192;197;206mOk[38;2;192;197;206m([38;2;192;197;206msign [38;2;192;197;206mas[38;2;192;197;206m [38;2;180;142;173mf32[38;2;192;197;206m [38;2;192;197;206m*[38;2;192;197;206m floating[38;2;192;197;206m)[K
[0m[48;2;40;67;43m[39m+      311[0m:[39m[48;2;24;38;30m [38;2;192;197;206m}[K
[0m[48;2;40;67;43m[39m+      312[0m:[39m[48;2;24;38;30m [K
[0m[48;2;40;67;43m[39m+      313[0m:[39m[48;2;24;38;30m [38;2;180;142;173mfn[38;2;192;197;206m [38;2;143;161;179mmatch_float[38;2;192;197;206m([38;2;191;97;106ms[38;2;192;197;206m:[38;2;192;197;206m [38;2;192;197;206m&[38;2;180;142;173mmut[38;2;192;197;206m Scanner[38;2;192;197;206m)[38;2;192;197;206m [38;2;192;197;206m->[38;2;192;197;206m [38;2;180;142;173mbool[38;2;192;197;206m [38;2;192;197;206m{[K
[0m[48;2;40;67;43m[39m+      314[0m:[39m[48;2;24;38;30m [38;2;192;197;206m    [38;2;180;142;173mlet[38;2;192;197;206m restore [38;2;192;197;206m=[38;2;192;197;206m s.cur[38;2;192;197;206m;[K
[0m[48;2;40;67;43m[39m+      315[0m:[39m[48;2;24;38;30m [38;2;192;197;206m    [38;2;180;142;173mif[38;2;192;197;206m [38;2;192;197;206m![38;2;192;197;206ms.[38;2;150;181;180mis_at_end[38;2;192;197;206m([38;2;192;197;206m)[38;2;192;197;206m [38;2;192;197;206m&[38;2;192;197;206m&[38;2;192;197;206m s.[38;2;150;181;180mpeek[38;2;192;197;206m([38;2;192;197;206m)[38;2;192;197;206m [38;2;192;197;206m=[38;2;192;197;206m=[38;2;192;197;206m [38;2;180;142;173mb[38;2;192;197;206m'[38;2;163;190;140m-[38;2;192;197;206m'[38;2;192;197;206m [38;2;192;197;206m&[38;2;192;197;206m&[38;2;192;197;206m [38;2;192;197;206m([38;2;192;197;206ms.[38;2;150;181;180mpeek_next[38;2;192;197;206m([38;2;192;197;206m)[38;2;192;197;206m [38;2;192;197;206mas[38;2;192;197;206m [38;2;180;142;173mchar[38;2;192;197;206m)[38;2;192;197;206m.[38;2;150;181;180mis_ascii_digit[38;2;192;197;206m([38;2;192;197;206m)[38;2;192;197;206m [38;2;192;197;206m{[K
[0m[48;2;40;67;43m[39m+      316[0m:[39m[48;2;24;38;30m [38;2;192;197;206m        s.[38;2;150;181;180madvance[38;2;192;197;206m([38;2;192;197;206m)[38;2;192;197;206m;[K
[0m[48;2;40;67;43m[39m+      317[0m:[39m[48;2;24;38;30m [38;2;192;197;206m    [38;2;192;197;206m}[K
[0m[48;2;40;67;43m[39m+      318[0m:[39m[48;2;24;38;30m [38;2;192;197;206m    [38;2;180;142;173mwhile[38;2;192;197;206m [38;2;192;197;206m![38;2;192;197;206ms.[38;2;150;181;180mis_at_end[38;2;192;197;206m([38;2;192;197;206m)[38;2;192;197;206m [38;2;192;197;206m&[38;2;192;197;206m&[38;2;192;197;206m [38;2;192;197;206m([38;2;192;197;206ms.[38;2;150;181;180mpeek[38;2;192;197;206m([38;2;192;197;206m)[38;2;192;197;206m [38;2;192;197;206mas[38;2;192;197;206m [38;2;180;142;173mchar[38;2;192;197;206m)[38;2;192;197;206m.[38;2;150;181;180mis_ascii_digit[38;2;192;197;206m([38;2;192;197;206m)[38;2;192;197;206m [38;2;192;197;206m{[K
[0m[48;2;40;67;43m[39m+      319[0m:[39m[48;2;24;38;30m [38;2;192;197;206m        s.[38;2;150;181;180madvance[38;2;192;197;206m([38;2;192;197;206m)[38;2;192;197;206m;[K
[0m[48;2;40;67;43m[39m+      320[0m:[39m[48;2;24;38;30m [38;2;192;197;206m    [38;2;192;197;206m}[K
[0m[48;2;40;67;43m[39m+      321[0m:[39m[48;2;24;38;30m [38;2;192;197;206m    [38;2;180;142;173mlet[38;2;192;197;206m is_float [38;2;192;197;206m=[38;2;192;197;206m [38;2;192;197;206m![38;2;192;197;206ms.[38;2;150;181;180mis_at_end[38;2;192;197;206m([38;2;192;197;206m)[38;2;192;197;206m [38;2;192;197;206m&[38;2;192;197;206m&[38;2;192;197;206m s.[38;2;150;181;180mpeek[38;2;192;197;206m([38;2;192;197;206m)[38;2;192;197;206m [38;2;192;197;206m=[38;2;192;197;206m=[38;2;192;197;206m [38;2;180;142;173mb[38;2;192;197;206m'[38;2;163;190;140m.[38;2;192;197;206m'[38;2;192;197;206m;[K
[0m[48;2;40;67;43m[39m+      322[0m:[39m[48;2;24;38;30m [38;2;192;197;206m    s.cur [38;2;192;197;206m=[38;2;192;197;206m restore[38;2;192;197;206m;[K
[0m[48;2;40;67;43m[39m+      323[0m:[39m[48;2;24;38;30m [38;2;192;197;206m    is_float[K
[0m[48;2;40;67;43m[39m+      324[0m:[39m[48;2;24;38;30m [38;2;192;197;206m}[K
[0m[48;2;40;67;43m[39m+      325[0m:[39m[48;2;24;38;30m [K
[0m[48;2;40;67;43m[39m+      326[0m:[39m[48;2;24;38;30m [38;2;180;142;173mfn[38;2;192;197;206m [38;2;143;161;179mparse_number[38;2;192;197;206m([38;2;191;97;106ms[38;2;192;197;206m:[38;2;192;197;206m [38;2;192;197;206m&[38;2;180;142;173mmut[38;2;192;197;206m Scanner, [38;2;191;97;106mentry[38;2;192;197;206m:[38;2;192;197;206m [38;2;192;197;206m&[38;2;180;142;173mmut[38;2;192;197;206m CfgEntry[38;2;192;197;206m)[38;2;192;197;206m [38;2;192;197;206m->[38;2;192;197;206m [38;2;192;197;206mResult[38;2;192;197;206m<[38;2;192;197;206m([38;2;192;197;206m)[38;2;192;197;206m, CfgError[38;2;192;197;206m>[38;2;192;197;206m [38;2;192;197;206m{[K
[0m[48;2;40;67;43m[39m+      327[0m:[39m[48;2;24;38;30m [38;2;192;197;206m    [38;2;180;142;173mif[38;2;192;197;206m [38;2;150;181;180mmatch_float[38;2;192;197;206m([38;2;192;197;206ms[38;2;192;197;206m)[38;2;192;197;206m [38;2;192;197;206m{[K
[0m[48;2;40;67;43m[39m+      328[0m:[39m[48;2;24;38;30m [38;2;192;197;206m        [38;2;180;142;173mlet[38;2;192;197;206m number [38;2;192;197;206m=[38;2;192;197;206m [38;2;150;181;180mconsume_float[38;2;192;197;206m([38;2;192;197;206ms[38;2;192;197;206m)[38;2;192;197;206m?[38;2;192;197;206m;[K
[0m[48;2;40;67;43m[39m+      329[0m:[39m[48;2;24;38;30m [38;2;192;197;206m        entry.val [38;2;192;197;206m=[38;2;192;197;206m [38;2;192;197;206mCfgVal[38;2;192;197;206m::[38;2;192;197;206mFloat[38;2;192;197;206m([38;2;192;197;206mnumber[38;2;192;197;206m)[38;2;192;197;206m;[K
[0m[48;2;40;67;43m[39m+      330[0m:[39m[48;2;24;38;30m [38;2;192;197;206m    [38;2;192;197;206m}[38;2;192;197;206m [38;2;180;142;173melse[38;2;192;197;206m [38;2;192;197;206m{[K
[0m[48;2;40;67;43m[39m+      331[0m:[39m[48;2;24;38;30m [38;2;192;197;206m        [38;2;180;142;173mlet[38;2;192;197;206m number [38;2;192;197;206m=[38;2;192;197;206m [38;2;150;181;180mconsume_int[38;2;192;197;206m([38;2;192;197;206ms[38;2;192;197;206m)[38;2;192;197;206m?[38;2;192;197;206m;[K
[0m[48;2;40;67;43m[39m+      332[0m:[39m[48;2;24;38;30m [38;2;192;197;206m        entry.val [38;2;192;197;206m=[38;2;192;197;206m [38;2;192;197;206mCfgVal[38;2;192;197;206m::[38;2;192;197;206mInt[38;2;192;197;206m([38;2;192;197;206mnumber[38;2;192;197;206m)[38;2;192;197;206m;[K
[0m[48;2;40;67;43m[39m+      333[0m:[39m[48;2;24;38;30m [38;2;192;197;206m    [38;2;192;197;206m}[K
[0m[48;2;40;67;43m[39m+      334[0m:[39m[48;2;24;38;30m [38;2;192;197;206m    [38;2;192;197;206mOk[38;2;192;197;206m([38;2;192;197;206m([38;2;192;197;206m)[38;2;192;197;206m)[K
[0m[48;2;40;67;43m[39m+      335[0m:[39m[48;2;24;38;30m [38;2;192;197;206m}[K
[0m[48;2;40;67;43m[39m+      336[0m:[39m[48;2;24;38;30m [K
[0m[48;2;40;67;43m[39m+      337[0m:[39m[48;2;24;38;30m [38;2;180;142;173mfn[38;2;192;197;206m [38;2;143;161;179mparse_rgba[38;2;192;197;206m([38;2;191;97;106ms[38;2;192;197;206m:[38;2;192;197;206m [38;2;192;197;206m&[38;2;180;142;173mmut[38;2;192;197;206m Scanner, [38;2;191;97;106mentry[38;2;192;197;206m:[38;2;192;197;206m [38;2;192;197;206m&[38;2;180;142;173mmut[38;2;192;197;206m CfgEntry[38;2;192;197;206m)[38;2;192;197;206m [38;2;192;197;206m->[38;2;192;197;206m [38;2;192;197;206mResult[38;2;192;197;206m<[38;2;192;197;206m([38;2;192;197;206m)[38;2;192;197;206m, CfgError[38;2;192;197;206m>[38;2;192;197;206m [38;2;192;197;206m{[K
[0m[48;2;40;67;43m[39m+      338[0m:[39m[48;2;24;38;30m [38;2;192;197;206m    [38;2;180;142;173mif[38;2;192;197;206m [38;2;192;197;206m![38;2;192;197;206ms.[38;2;150;181;180mconsume_literal[38;2;192;197;206m([38;2;192;197;206ms.cur[38;2;192;197;206m,[38;2;192;197;206m [38;2;192;197;206m"[38;2;163;190;140mrgba[38;2;192;197;206m"[38;2;192;197;206m)[38;2;192;197;206m [38;2;192;197;206m{[K
[0m[48;2;40;67;43m[39m+      339[0m:[39m[48;2;24;38;30m [38;2;192;197;206m        [38;2;180;142;173mreturn[38;2;192;197;206m [38;2;192;197;206mErr[38;2;192;197;206m([38;2;192;197;206ms.[38;2;150;181;180merror[38;2;192;197;206m([38;2;192;197;206m"[38;2;163;190;140minvalid literal[38;2;192;197;206m"[38;2;192;197;206m.[38;2;150;181;180minto[38;2;192;197;206m([38;2;192;197;206m)[38;2;192;197;206m)[38;2;192;197;206m)[38;2;192;197;206m;[K
[0m[48;2;40;67;43m[39m+      340[0m:[39m[48;2;24;38;30m [38;2;192;197;206m    [38;2;192;197;206m}[K
[0m[48;2;40;67;43m[39m+      341[0m:[39m[48;2;24;38;30m [38;2;192;197;206m    s.[38;2;150;181;180mskip_blank[38;2;192;197;206m([38;2;192;197;206m)[38;2;192;197;206m;[K
[0m[48;2;40;67;43m[39m+      342[0m:[39m[48;2;24;38;30m [38;2;192;197;206m    [38;2;180;142;173mif[38;2;192;197;206m s.[38;2;150;181;180mis_at_end[38;2;192;197;206m([38;2;192;197;206m)[38;2;192;197;206m [38;2;192;197;206m|[38;2;192;197;206m|[38;2;192;197;206m s.[38;2;150;181;180mpeek[38;2;192;197;206m([38;2;192;197;206m)[38;2;192;197;206m [38;2;192;197;206m![38;2;192;197;206m=[38;2;192;197;206m [38;2;180;142;173mb[38;2;192;197;206m'[38;2;163;190;140m([38;2;192;197;206m'[38;2;192;197;206m [38;2;192;197;206m{[K
[0m[48;2;40;67;43m[39m+      343[0m:[39m[48;2;24;38;30m [38;2;192;197;206m        [38;2;180;142;173mreturn[38;2;192;197;206m [38;2;192;197;206mErr[38;2;192;197;206m([38;2;192;197;206ms.[38;2;150;181;180merror[38;2;192;197;206m([38;2;192;197;206m"[38;2;163;190;140m'(' expected[38;2;192;197;206m"[38;2;192;197;206m.[38;2;150;181;180minto[38;2;192;197;206m([38;2;192;197;206m)[38;2;192;197;206m)[38;2;192;197;206m)[38;2;192;197;206m;[K
[0m[48;2;40;67;43m[39m+      344[0m:[39m[48;2;24;38;30m [38;2;192;197;206m    [38;2;192;197;206m}[K
[0m[48;2;40;67;43m[39m+      345[0m:[39m[48;2;24;38;30m [38;2;192;197;206m    s.[38;2;150;181;180madvance[38;2;192;197;206m([38;2;192;197;206m)[38;2;192;197;206m;[38;2;192;197;206m [38;2;101;115;126m//[38;2;101;115;126m '('[K
[0m[48;2;40;67;43m[39m+      346[0m:[39m[48;2;24;38;30m [K
[0m[48;2;40;67;43m[39m+      347[0m:[39m[48;2;24;38;30m [38;2;192;197;206m    [38;2;180;142;173mlet[38;2;192;197;206m [38;2;180;142;173mmut[38;2;192;197;206m rgb [38;2;192;197;206m=[38;2;192;197;206m [38;2;192;197;206m[[38;2;208;135;112m0[38;2;180;142;173mu8[38;2;192;197;206m;[38;2;192;197;206m [38;2;208;135;112m3[38;2;192;197;206m][38;2;192;197;206m;[K
[0m[48;2;40;67;43m[39m+      348[0m:[39m[48;2;24;38;30m [38;2;192;197;206m    [38;2;180;142;173mfor[38;2;192;197;206m i [38;2;192;197;206min[38;2;192;197;206m [38;2;208;135;112m0[38;2;192;197;206m..[38;2;208;135;112m3[38;2;192;197;206m [38;2;192;197;206m{[K
[0m[48;2;40;67;43m[39m+      349[0m:[39m[48;2;24;38;30m [38;2;192;197;206m        s.[38;2;150;181;180mskip_blank[38;2;192;197;206m([38;2;192;197;206m)[38;2;192;197;206m;[K
[0m[48;2;40;67;43m[39m+      350[0m:[39m[48;2;24;38;30m [38;2;192;197;206m        [38;2;180;142;173mif[38;2;192;197;206m [38;2;150;181;180mmatch_float[38;2;192;197;206m([38;2;192;197;206ms[38;2;192;197;206m)[38;2;192;197;206m [38;2;192;197;206m{[K
[0m[48;2;40;67;43m[39m+      351[0m:[39m[48;2;24;38;30m [38;2;192;197;206m            [38;2;180;142;173mreturn[38;2;192;197;206m [38;2;192;197;206mErr[38;2;192;197;206m([38;2;192;197;206ms.[38;2;150;181;180merror[38;2;192;197;206m([38;2;192;197;206m"[38;2;163;190;140mred, blue and green must be integers in range [0, 255][38;2;192;197;206m"[38;2;192;197;206m.[38;2;150;181;180minto[38;2;192;197;206m([38;2;192;197;206m)[38;2;192;197;206m)[38;2;192;197;206m)[38;2;192;197;206m;[K
[0m[48;2;40;67;43m[39m+      352[0m:[39m[48;2;24;38;30m [38;2;192;197;206m        [38;2;192;197;206m}[K
[0m[48;2;40;67;43m[39m+      353[0m:[39m[48;2;24;38;30m [38;2;192;197;206m        [38;2;180;142;173mlet[38;2;192;197;206m number [38;2;192;197;206m=[38;2;192;197;206m [38;2;150;181;180mconsume_int[38;2;192;197;206m([38;2;192;197;206ms[38;2;192;197;206m)[38;2;192;197;206m?[38;2;192;197;206m;[K
[0m[48;2;40;67;43m[39m+      354[0m:[39m[48;2;24;38;30m [38;2;192;197;206m        [38;2;180;142;173mif[38;2;192;197;206m number [38;2;192;197;206m<[38;2;192;197;206m [38;2;208;135;112m0[38;2;192;197;206m [38;2;192;197;206m|[38;2;192;197;206m|[38;2;192;197;206m number [38;2;192;197;206m>[38;2;192;197;206m [38;2;208;135;112m255[38;2;192;197;206m [38;2;192;197;206m{[K
[0m[48;2;40;67;43m[39m+      355[0m:[39m[48;2;24;38;30m [38;2;192;197;206m            [38;2;180;142;173mreturn[38;2;192;197;206m [38;2;192;197;206mErr[38;2;192;197;206m([38;2;192;197;206ms.[38;2;150;181;180merror[38;2;192;197;206m([38;2;192;197;206m"[38;2;163;190;140mred, blue and green must be integers in range [0, 255][38;2;192;197;206m"[38;2;192;197;206m.[38;2;150;181;180minto[38;2;192;197;206m([38;2;192;197;206m)[38;2;192;197;206m)[38;2;192;197;206m)[38;2;192;197;206m;[K
[0m[48;2;40;67;43m[39m+      356[0m:[39m[48;2;24;38;30m [38;2;192;197;206m        [38;2;192;197;206m}[K
[0m[48;2;40;67;43m[39m+      357[0m:[39m[48;2;24;38;30m [38;2;192;197;206m        rgb[38;2;192;197;206m[[38;2;192;197;206mi[38;2;192;197;206m][38;2;192;197;206m [38;2;192;197;206m=[38;2;192;197;206m number [38;2;192;197;206mas[38;2;192;197;206m [38;2;180;142;173mu8[38;2;192;197;206m;[K
[0m[48;2;40;67;43m[39m+      358[0m:[39m[48;2;24;38;30m [38;2;192;197;206m        s.[38;2;150;181;180mskip_blank[38;2;192;197;206m([38;2;192;197;206m)[38;2;192;197;206m;[K
[0m[48;2;40;67;43m[39m+      359[0m:[39m[48;2;24;38;30m [38;2;192;197;206m        [38;2;180;142;173mif[38;2;192;197;206m s.[38;2;150;181;180mis_at_end[38;2;192;197;206m([38;2;192;197;206m)[38;2;192;197;206m [38;2;192;197;206m|[38;2;192;197;206m|[38;2;192;197;206m s.[38;2;150;181;180mpeek[38;2;192;197;206m([38;2;192;197;206m)[38;2;192;197;206m [38;2;192;197;206m![38;2;192;197;206m=[38;2;192;197;206m [38;2;180;142;173mb[38;2;192;197;206m'[38;2;163;190;140m,[38;2;192;197;206m'[38;2;192;197;206m [38;2;192;197;206m{[K
[0m[48;2;40;67;43m[39m+      360[0m:[39m[48;2;24;38;30m [38;2;192;197;206m            [38;2;180;142;173mreturn[38;2;192;197;206m [38;2;192;197;206mErr[38;2;192;197;206m([38;2;192;197;206ms.[38;2;150;181;180merror[38;2;192;197;206m([38;2;192;197;206m"[38;2;163;190;140m',' expected[38;2;192;197;206m"[38;2;192;197;206m.[38;2;150;181;180minto[38;2;192;197;206m([38;2;192;197;206m)[38;2;192;197;206m)[38;2;192;197;206m)[38;2;192;197;206m;[K
[0m[48;2;40;67;43m[39m+      361[0m:[39m[48;2;24;38;30m [38;2;192;197;206m        [38;2;192;197;206m}[K
[0m[48;2;40;67;43m[39m+      362[0m:[39m[48;2;24;38;30m [38;2;192;197;206m        s.[38;2;150;181;180madvance[38;2;192;197;206m([38;2;192;197;206m)[38;2;192;197;206m;[38;2;192;197;206m [38;2;101;115;126m//[38;2;101;115;126m ','[K
[0m[48;2;40;67;43m[39m+      363[0m:[39m[48;2;24;38;30m [38;2;192;197;206m    [38;2;192;197;206m}[K
[0m[48;2;40;67;43m[39m+      364[0m:[39m[48;2;24;38;30m [K
[0m[48;2;40;67;43m[39m+      365[0m:[39m[48;2;24;38;30m [38;2;192;197;206m    s.[38;2;150;181;180mskip_blank[38;2;192;197;206m([38;2;192;197;206m)[38;2;192;197;206m;[K
[0m[48;2;40;67;43m[39m+      366[0m:[39m[48;2;24;38;30m [38;2;192;197;206m    [38;2;180;142;173mlet[38;2;192;197;206m alpha[38;2;192;197;206m:[38;2;192;197;206m [38;2;180;142;173mu8[38;2;192;197;206m;[K
[0m[48;2;40;67;43m[39m+      367[0m:[39m[48;2;24;38;30m [38;2;192;197;206m    [38;2;180;142;173mif[38;2;192;197;206m [38;2;150;181;180mmatch_float[38;2;192;197;206m([38;2;192;197;206ms[38;2;192;197;206m)[38;2;192;197;206m [38;2;192;197;206m{[K
[0m[48;2;40;67;43m[39m+      368[0m:[39m[48;2;24;38;30m [38;2;192;197;206m        [38;2;180;142;173mlet[38;2;192;197;206m number [38;2;192;197;206m=[38;2;192;197;206m [38;2;150;181;180mconsume_float[38;2;192;197;206m([38;2;192;197;206ms[38;2;192;197;206m)[38;2;192;197;206m?[38;2;192;197;206m;[K
[0m[48;2;40;67;43m[39m+      369[0m:[39m[48;2;24;38;30m [38;2;192;197;206m        [38;2;180;142;173mif[38;2;192;197;206m number [38;2;192;197;206m<[38;2;192;197;206m [38;2;208;135;112m0.[38;2;208;135;112m0[38;2;192;197;206m [38;2;192;197;206m|[38;2;192;197;206m|[38;2;192;197;206m number [38;2;192;197;206m>[38;2;192;197;206m [38;2;208;135;112m1.[38;2;208;135;112m0[38;2;192;197;206m [38;2;192;197;206m{[K
[0m[48;2;40;67;43m[39m+      370[0m:[39m[48;2;24;38;30m [38;2;192;197;206m            [38;2;180;142;173mreturn[38;2;192;197;206m [38;2;192;197;206mErr[38;2;192;197;206m([38;2;192;197;206ms.[38;2;150;181;180merror[38;2;192;197;206m([38;2;192;197;206m"[38;2;163;190;140malpha must be in range [0, 1][38;2;192;197;206m"[38;2;192;197;206m.[38;2;150;181;180minto[38;2;192;197;206m([38;2;192;197;206m)[38;2;192;197;206m)[38;2;192;197;206m)[38;2;192;197;206m;[K
[0m[48;2;40;67;43m[39m+      371[0m:[39m[48;2;24;38;30m [38;2;192;197;206m        [38;2;192;197;206m}[K
[0m[48;2;40;67;43m[39m+      372[0m:[39m[48;2;24;38;30m [38;2;192;197;206m        alpha [38;2;192;197;206m=[38;2;192;197;206m [38;2;192;197;206m([38;2;192;197;206mnumber [38;2;192;197;206m*[38;2;192;197;206m [38;2;208;135;112m255.[38;2;208;135;112m0[38;2;192;197;206m)[38;2;192;197;206m [38;2;192;197;206mas[38;2;192;197;206m [38;2;180;142;173mu8[38;2;192;197;206m;[K
[0m[48;2;40;67;43m[39m+      373[0m:[39m[48;2;24;38;30m [38;2;192;197;206m    [38;2;192;197;206m}[38;2;192;197;206m [38;2;180;142;173melse[38;2;192;197;206m [38;2;192;197;206m{[K
[0m[48;2;40;67;43m[39m+      374[0m:[39m[48;2;24;38;30m [38;2;192;197;206m        [38;2;180;142;173mlet[38;2;192;197;206m number [38;2;192;197;206m=[38;2;192;197;206m [38;2;150;181;180mconsume_int[38;2;192;197;206m([38;2;192;197;206ms[38;2;192;197;206m)[38;2;192;197;206m?[38;2;192;197;206m;[K
[0m[48;2;40;67;43m[39m+      375[0m:[39m[48;2;24;38;30m [38;2;192;197;206m        [38;2;180;142;173mif[38;2;192;197;206m number [38;2;192;197;206m<[38;2;192;197;206m [38;2;208;135;112m0[38;2;192;197;206m [38;2;192;197;206m|[38;2;192;197;206m|[38;2;192;197;206m number [38;2;192;197;206m>[38;2;192;197;206m [38;2;208;135;112m1[38;2;192;197;206m [38;2;192;197;206m{[K
[0m[48;2;40;67;43m[39m+      376[0m:[39m[48;2;24;38;30m [38;2;192;197;206m            [38;2;180;142;173mreturn[38;2;192;197;206m [38;2;192;197;206mErr[38;2;192;197;206m([38;2;192;197;206ms.[38;2;150;181;180merror[38;2;192;197;206m([38;2;192;197;206m"[38;2;163;190;140malpha must be in range [0, 1][38;2;192;197;206m"[38;2;192;197;206m.[38;2;150;181;180minto[38;2;192;197;206m([38;2;192;197;206m)[38;2;192;197;206m)[38;2;192;197;206m)[38;2;192;197;206m;[K
[0m[48;2;40;67;43m[39m+      377[0m:[39m[48;2;24;38;30m [38;2;192;197;206m        [38;2;192;197;206m}[K
[0m[48;2;40;67;43m[39m+      378[0m:[39m[48;2;24;38;30m [38;2;192;197;206m        alpha [38;2;192;197;206m=[38;2;192;197;206m [38;2;192;197;206m([38;2;192;197;206mnumber [38;2;192;197;206m*[38;2;192;197;206m [38;2;208;135;112m255[38;2;192;197;206m)[38;2;192;197;206m [38;2;192;197;206mas[38;2;192;197;206m [38;2;180;142;173mu8[38;2;192;197;206m;[K
[0m[48;2;40;67;43m[39m+      379[0m:[39m[48;2;24;38;30m [38;2;192;197;206m    [38;2;192;197;206m}[K
[0m[48;2;40;67;43m[39m+      380[0m:[39m[48;2;24;38;30m [K
[0m[48;2;40;67;43m[39m+      381[0m:[39m[48;2;24;38;30m [38;2;192;197;206m    s.[38;2;150;181;180mskip_blank[38;2;192;197;206m([38;2;192;197;206m)[38;2;192;197;206m;[K
[0m[48;2;40;67;43m[39m+      382[0m:[39m[48;2;24;38;30m [38;2;192;197;206m    [38;2;180;142;173mif[38;2;192;197;206m s.[38;2;150;181;180mis_at_end[38;2;192;197;206m([38;2;192;197;206m)[38;2;192;197;206m [38;2;192;197;206m|[38;2;192;197;206m|[38;2;192;197;206m s.[38;2;150;181;180mpeek[38;2;192;197;206m([38;2;192;197;206m)[38;2;192;197;206m [38;2;192;197;206m![38;2;192;197;206m=[38;2;192;197;206m [38;2;180;142;173mb[38;2;192;197;206m'[38;2;163;190;140m)[38;2;192;197;206m'[38;2;192;197;206m [38;2;192;197;206m{[K
[0m[48;2;40;67;43m[39m+      383[0m:[39m[48;2;24;38;30m [38;2;192;197;206m        [38;2;180;142;173mreturn[38;2;192;197;206m [38;2;192;197;206mErr[38;2;192;197;206m([38;2;192;197;206ms.[38;2;150;181;180merror[38;2;192;197;206m([38;2;192;197;206m"[38;2;163;190;140m')' expected[38;2;192;197;206m"[38;2;192;197;206m.[38;2;150;181;180minto[38;2;192;197;206m([38;2;192;197;206m)[38;2;192;197;206m)[38;2;192;197;206m)[38;2;192;197;206m;[K
[0m[48;2;40;67;43m[39m+      384[0m:[39m[48;2;24;38;30m [38;2;192;197;206m    [38;2;192;197;206m}[K
[0m[48;2;40;67;43m[39m+      385[0m:[39m[48;2;24;38;30m [38;2;192;197;206m    s.[38;2;150;181;180madvance[38;2;192;197;206m([38;2;192;197;206m)[38;2;192;197;206m;[38;2;192;197;206m [38;2;101;115;126m//[38;2;101;115;126m ')'[K
[0m[48;2;40;67;43m[39m+      386[0m:[39m[48;2;24;38;30m [K
[0m[48;2;40;67;43m[39m+      387[0m:[39m[48;2;24;38;30m [38;2;192;197;206m    entry.val [38;2;192;197;206m=[38;2;192;197;206m [38;2;192;197;206mCfgVal[38;2;192;197;206m::[38;2;192;197;206mColor[38;2;192;197;206m([38;2;192;197;206mCfgColor [38;2;192;197;206m{[38;2;192;197;206m r[38;2;192;197;206m:[38;2;192;197;206m rgb[38;2;192;197;206m[[38;2;208;135;112m0[38;2;192;197;206m][38;2;192;197;206m,[38;2;192;197;206m g[38;2;192;197;206m:[38;2;192;197;206m rgb[38;2;192;197;206m[[38;2;208;135;112m1[38;2;192;197;206m][38;2;192;197;206m,[38;2;192;197;206m b[38;2;192;197;206m:[38;2;192;197;206m rgb[38;2;192;197;206m[[38;2;208;135;112m2[38;2;192;197;206m][38;2;192;197;206m,[38;2;192;197;206m a[38;2;192;197;206m:[38;2;192;197;206m alpha [38;2;192;197;206m}[38;2;192;197;206m)[38;2;192;197;206m;[K
[0m[48;2;40;67;43m[39m+      388[0m:[39m[48;2;24;38;30m [38;2;192;197;206m    [38;2;192;197;206mOk[38;2;192;197;206m([38;2;192;197;206m([38;2;192;197;206m)[38;2;192;197;206m)[K
[0m[48;2;40;67;43m[39m+      389[0m:[39m[48;2;24;38;30m [38;2;192;197;206m}[K
[0m[48;2;40;67;43m[39m+      390[0m:[39m[48;2;24;38;30m [K
[0m[48;2;40;67;43m[39m+      391[0m:[39m[48;2;24;38;30m [38;2;180;142;173mfn[38;2;192;197;206m [38;2;143;161;179mparse_true[38;2;192;197;206m([38;2;191;97;106ms[38;2;192;197;206m:[38;2;192;197;206m [38;2;192;197;206m&[38;2;180;142;173mmut[38;2;192;197;206m Scanner, [38;2;191;97;106mentry[38;2;192;197;206m:[38;2;192;197;206m [38;2;192;197;206m&[38;2;180;142;173mmut[38;2;192;197;206m CfgEntry[38;2;192;197;206m)[38;2;192;197;206m [38;2;192;197;206m->[38;2;192;197;206m [38;2;192;197;206mResult[38;2;192;197;206m<[38;2;192;197;206m([38;2;192;197;206m)[38;2;192;197;206m, CfgError[38;2;192;197;206m>[38;2;192;197;206m [38;2;192;197;206m{[K
[0m[48;2;40;67;43m[39m+      392[0m:[39m[48;2;24;38;30m [38;2;192;197;206m    [38;2;180;142;173mif[38;2;192;197;206m [38;2;192;197;206m![38;2;192;197;206ms.[38;2;150;181;180mconsume_literal[38;2;192;197;206m([38;2;192;197;206ms.cur[38;2;192;197;206m,[38;2;192;197;206m [38;2;192;197;206m"[38;2;163;190;140mtrue[38;2;192;197;206m"[38;2;192;197;206m)[38;2;192;197;206m [38;2;192;197;206m{[K
[0m[48;2;40;67;43m[39m+      393[0m:[39m[48;2;24;38;30m [38;2;192;197;206m        [38;2;180;142;173mreturn[38;2;192;197;206m [38;2;192;197;206mErr[38;2;192;197;206m([38;2;192;197;206ms.[38;2;150;181;180merror[38;2;192;197;206m([38;2;192;197;206m"[38;2;163;190;140minvalid literal[38;2;192;197;206m"[38;2;192;197;206m.[38;2;150;181;180minto[38;2;192;197;206m([38;2;192;197;206m)[38;2;192;197;206m)[38;2;192;197;206m)[38;2;192;197;206m;[K
[0m[48;2;40;67;43m[39m+      394[0m:[39m[48;2;24;38;30m [38;2;192;197;206m    [38;2;192;197;206m}[K
[0m[48;2;40;67;43m[39m+      395[0m:[39m[48;2;24;38;30m [38;2;192;197;206m    entry.val [38;2;192;197;206m=[38;2;192;197;206m [38;2;192;197;206mCfgVal[38;2;192;197;206m::[38;2;192;197;206mBoolean[38;2;192;197;206m([38;2;208;135;112mtrue[38;2;192;197;206m)[38;2;192;197;206m;[K
[0m[48;2;40;67;43m[39m+      396[0m:[39m[48;2;24;38;30m [38;2;192;197;206m    [38;2;192;197;206mOk[38;2;192;197;206m([38;2;192;197;206m([38;2;192;197;206m)[38;2;192;197;206m)[K
[0m[48;2;40;67;43m[39m+      397[0m:[39m[48;2;24;38;30m [38;2;192;197;206m}[K
[0m[48;2;40;67;43m[39m+      398[0m:[39m[48;2;24;38;30m [K
[0m[48;2;40;67;43m[39m+      399[0m:[39m[48;2;24;38;30m [38;2;180;142;173mfn[38;2;192;197;206m [38;2;143;161;179mparse_false[38;2;192;197;206m([38;2;191;97;106ms[38;2;192;197;206m:[38;2;192;197;206m [38;2;192;197;206m&[38;2;180;142;173mmut[38;2;192;197;206m Scanner, [38;2;191;97;106mentry[38;2;192;197;206m:[38;2;192;197;206m [38;2;192;197;206m&[38;2;180;142;173mmut[38;2;192;197;206m CfgEntry[38;2;192;197;206m)[38;2;192;197;206m [38;2;192;197;206m->[38;2;192;197;206m [38;2;192;197;206mResult[38;2;192;197;206m<[38;2;192;197;206m([38;2;192;197;206m)[38;2;192;197;206m, CfgError[38;2;192;197;206m>[38;2;192;197;206m [38;2;192;197;206m{[K
[0m[48;2;40;67;43m[39m+      400[0m:[39m[48;2;24;38;30m [38;2;192;197;206m    [38;2;180;142;173mif[38;2;192;197;206m [38;2;192;197;206m![38;2;192;197;206ms.[38;2;150;181;180mconsume_literal[38;2;192;197;206m([38;2;192;197;206ms.cur[38;2;192;197;206m,[38;2;192;197;206m [38;2;192;197;206m"[38;2;163;190;140mfalse[38;2;192;197;206m"[38;2;192;197;206m)[38;2;192;197;206m [38;2;192;197;206m{[K
[0m[48;2;40;67;43m[39m+      401[0m:[39m[48;2;24;38;30m [38;2;192;197;206m        [38;2;180;142;173mreturn[38;2;192;197;206m [38;2;192;197;206mErr[38;2;192;197;206m([38;2;192;197;206ms.[38;2;150;181;180merror[38;2;192;197;206m([38;2;192;197;206m"[38;2;163;190;140minvalid literal[38;2;192;197;206m"[38;2;192;197;206m.[38;2;150;181;180minto[38;2;192;197;206m([38;2;192;197;206m)[38;2;192;197;206m)[38;2;192;197;206m)[38;2;192;197;206m;[K
[0m[48;2;40;67;43m[39m+      402[0m:[39m[48;2;24;38;30m [38;2;192;197;206m    [38;2;192;197;206m}[K
[0m[48;2;40;67;43m[39m+      403[0m:[39m[48;2;24;38;30m [38;2;192;197;206m    entry.val [38;2;192;197;206m=[38;2;192;197;206m [38;2;192;197;206mCfgVal[38;2;192;197;206m::[38;2;192;197;206mBoolean[38;2;192;197;206m([38;2;208;135;112mfalse[38;2;192;197;206m)[38;2;192;197;206m;[K
[0m[48;2;40;67;43m[39m+      404[0m:[39m[48;2;24;38;30m [38;2;192;197;206m    [38;2;192;197;206mOk[38;2;192;197;206m([38;2;192;197;206m([38;2;192;197;206m)[38;2;192;197;206m)[K
[0m[48;2;40;67;43m[39m+      405[0m:[39m[48;2;24;38;30m [38;2;192;197;206m}[K
[0m[48;2;40;67;43m[39m+      406[0m:[39m[48;2;24;38;30m [K
[0m[48;2;40;67;43m[39m+      407[0m:[39m[48;2;24;38;30m [38;2;180;142;173mfn[38;2;192;197;206m [38;2;143;161;179mparse_literal[38;2;192;197;206m([38;2;191;97;106ms[38;2;192;197;206m:[38;2;192;197;206m [38;2;192;197;206m&[38;2;180;142;173mmut[38;2;192;197;206m Scanner, [38;2;191;97;106mentry[38;2;192;197;206m:[38;2;192;197;206m [38;2;192;197;206m&[38;2;180;142;173mmut[38;2;192;197;206m CfgEntry[38;2;192;197;206m)[38;2;192;197;206m [38;2;192;197;206m->[38;2;192;197;206m [38;2;192;197;206mResult[38;2;192;197;206m<[38;2;192;197;206m([38;2;192;197;206m)[38;2;192;197;206m, CfgError[38;2;192;197;206m>[38;2;192;197;206m [38;2;192;197;206m{[K
[0m[48;2;40;67;43m[39m+      408[0m:[39m[48;2;24;38;30m [38;2;192;197;206m    [38;2;180;142;173mmatch[38;2;192;197;206m s.[38;2;150;181;180mpeek[38;2;192;197;206m([38;2;192;197;206m)[38;2;192;197;206m [38;2;192;197;206m{[K
[0m[48;2;40;67;43m[39m+      409[0m:[39m[48;2;24;38;30m [38;2;192;197;206m        [38;2;180;142;173mb[38;2;192;197;206m'[38;2;163;190;140mt[38;2;192;197;206m'[38;2;192;197;206m [38;2;192;197;206m=>[38;2;192;197;206m [38;2;150;181;180mparse_true[38;2;192;197;206m([38;2;192;197;206ms[38;2;192;197;206m,[38;2;192;197;206m entry[38;2;192;197;206m)[38;2;192;197;206m,[K
[0m[48;2;40;67;43m[39m+      410[0m:[39m[48;2;24;38;30m [38;2;192;197;206m        [38;2;180;142;173mb[38;2;192;197;206m'[38;2;163;190;140mf[38;2;192;197;206m'[38;2;192;197;206m [38;2;192;197;206m=>[38;2;192;197;206m [38;2;150;181;180mparse_false[38;2;192;197;206m([38;2;192;197;206ms[38;2;192;197;206m,[38;2;192;197;206m entry[38;2;192;197;206m)[38;2;192;197;206m,[K
[0m[48;2;40;67;43m[39m+      411[0m:[39m[48;2;24;38;30m [38;2;192;197;206m        [38;2;180;142;173mb[38;2;192;197;206m'[38;2;163;190;140mr[38;2;192;197;206m'[38;2;192;197;206m [38;2;192;197;206m=>[38;2;192;197;206m [38;2;150;181;180mparse_rgba[38;2;192;197;206m([38;2;192;197;206ms[38;2;192;197;206m,[38;2;192;197;206m entry[38;2;192;197;206m)[38;2;192;197;206m,[K
[0m[48;2;40;67;43m[39m+      412[0m:[39m[48;2;24;38;30m [38;2;192;197;206m        [38;2;192;197;206m_[38;2;192;197;206m [38;2;192;197;206m=>[38;2;192;197;206m [38;2;192;197;206mErr[38;2;192;197;206m([38;2;192;197;206ms.[38;2;150;181;180merror[38;2;192;197;206m([38;2;192;197;206m"[38;2;163;190;140minvalid literal[38;2;192;197;206m"[38;2;192;197;206m.[38;2;150;181;180minto[38;2;192;197;206m([38;2;192;197;206m)[38;2;192;197;206m)[38;2;192;197;206m)[38;2;192;197;206m,[K
[0m[48;2;40;67;43m[39m+      413[0m:[39m[48;2;24;38;30m [38;2;192;197;206m    [38;2;192;197;206m}[K
[0m[48;2;40;67;43m[39m+      414[0m:[39m[48;2;24;38;30m [38;2;192;197;206m}[K
[0m[48;2;40;67;43m[39m+      415[0m:[39m[48;2;24;38;30m [K
[0m[48;2;40;67;43m[39m+      416[0m:[39m[48;2;24;38;30m [38;2;180;142;173mfn[38;2;192;197;206m [38;2;143;161;179mparse_value[38;2;192;197;206m([38;2;191;97;106ms[38;2;192;197;206m:[38;2;192;197;206m [38;2;192;197;206m&[38;2;180;142;173mmut[38;2;192;197;206m Scanner, [38;2;191;97;106mentry[38;2;192;197;206m:[38;2;192;197;206m [38;2;192;197;206m&[38;2;180;142;173mmut[38;2;192;197;206m CfgEntry[38;2;192;197;206m)[38;2;192;197;206m [38;2;192;197;206m->[38;2;192;197;206m [38;2;192;197;206mResult[38;2;192;197;206m<[38;2;192;197;206m([38;2;192;197;206m)[38;2;192;197;206m, CfgError[38;2;192;197;206m>[38;2;192;197;206m [38;2;192;197;206m{[K
[0m[48;2;40;67;43m[39m+      417[0m:[39m[48;2;24;38;30m [38;2;192;197;206m    s.[38;2;150;181;180mskip_blank[38;2;192;197;206m([38;2;192;197;206m)[38;2;192;197;206m;[K
[0m[48;2;40;67;43m[39m+      418[0m:[39m[48;2;24;38;30m [38;2;192;197;206m    [38;2;180;142;173mif[38;2;192;197;206m s.[38;2;150;181;180mis_at_end[38;2;192;197;206m([38;2;192;197;206m)[38;2;192;197;206m [38;2;192;197;206m|[38;2;192;197;206m|[38;2;192;197;206m s.[38;2;150;181;180mpeek[38;2;192;197;206m([38;2;192;197;206m)[38;2;192;197;206m [38;2;192;197;206m=[38;2;192;197;206m=[38;2;192;197;206m [38;2;180;142;173mb[38;2;192;197;206m'[38;2;150;181;180m\n[38;2;192;197;206m'[38;2;192;197;206m [38;2;192;197;206m{[K
[0m[48;2;40;67;43m[39m+      419[0m:[39m[48;2;24;38;30m [38;2;192;197;206m        [38;2;180;142;173mreturn[38;2;192;197;206m [38;2;192;197;206mErr[38;2;192;197;206m([38;2;192;197;206ms.[38;2;150;181;180merror[38;2;192;197;206m([38;2;192;197;206m"[38;2;163;190;140mmissing value[38;2;192;197;206m"[38;2;192;197;206m.[38;2;150;181;180minto[38;2;192;197;206m([38;2;192;197;206m)[38;2;192;197;206m)[38;2;192;197;206m)[38;2;192;197;206m;[K
[0m[48;2;40;67;43m[39m+      420[0m:[39m[48;2;24;38;30m [38;2;192;197;206m    [38;2;192;197;206m}[K
[0m[48;2;40;67;43m[39m+      421[0m:[39m[48;2;24;38;30m [38;2;192;197;206m    [38;2;180;142;173mlet[38;2;192;197;206m c [38;2;192;197;206m=[38;2;192;197;206m s.[38;2;150;181;180mpeek[38;2;192;197;206m([38;2;192;197;206m)[38;2;192;197;206m;[K
[0m[48;2;40;67;43m[39m+      422[0m:[39m[48;2;24;38;30m [38;2;192;197;206m    [38;2;180;142;173mif[38;2;192;197;206m c [38;2;192;197;206m=[38;2;192;197;206m=[38;2;192;197;206m [38;2;180;142;173mb[38;2;192;197;206m'[38;2;163;190;140m"[38;2;192;197;206m'[38;2;192;197;206m [38;2;192;197;206m{[K
[0m[48;2;40;67;43m[39m+      423[0m:[39m[48;2;24;38;30m [38;2;192;197;206m        [38;2;150;181;180mparse_string[38;2;192;197;206m([38;2;192;197;206ms[38;2;192;197;206m,[38;2;192;197;206m entry[38;2;192;197;206m)[K
[0m[48;2;40;67;43m[39m+      424[0m:[39m[48;2;24;38;30m [38;2;192;197;206m    [38;2;192;197;206m}[38;2;192;197;206m [38;2;180;142;173melse[38;2;192;197;206m [38;2;180;142;173mif[38;2;192;197;206m [38;2;192;197;206m([38;2;192;197;206mc [38;2;192;197;206mas[38;2;192;197;206m [38;2;180;142;173mchar[38;2;192;197;206m)[38;2;192;197;206m.[38;2;150;181;180mis_ascii_alphabetic[38;2;192;197;206m([38;2;192;197;206m)[38;2;192;197;206m [38;2;192;197;206m{[K
[0m[48;2;40;67;43m[39m+      425[0m:[39m[48;2;24;38;30m [38;2;192;197;206m        [38;2;150;181;180mparse_literal[38;2;192;197;206m([38;2;192;197;206ms[38;2;192;197;206m,[38;2;192;197;206m entry[38;2;192;197;206m)[K
[0m[48;2;40;67;43m[39m+      426[0m:[39m[48;2;24;38;30m [38;2;192;197;206m    [38;2;192;197;206m}[38;2;192;197;206m [38;2;180;142;173melse[38;2;192;197;206m [38;2;180;142;173mif[38;2;192;197;206m [38;2;192;197;206m([38;2;192;197;206mc [38;2;192;197;206mas[38;2;192;197;206m [38;2;180;142;173mchar[38;2;192;197;206m)[38;2;192;197;206m.[38;2;150;181;180mis_ascii_digit[38;2;192;197;206m([38;2;192;197;206m)[38;2;192;197;206m [38;2;192;197;206m|[38;2;192;197;206m|[38;2;192;197;206m [38;2;192;197;206m([38;2;192;197;206mc [38;2;192;197;206m=[38;2;192;197;206m=[38;2;192;197;206m [38;2;180;142;173mb[38;2;192;197;206m'[38;2;163;190;140m-[38;2;192;197;206m'[38;2;192;197;206m [38;2;192;197;206m&[38;2;192;197;206m&[38;2;192;197;206m [38;2;192;197;206m([38;2;192;197;206ms.[38;2;150;181;180mpeek_next[38;2;192;197;206m([38;2;192;197;206m)[38;2;192;197;206m [38;2;192;197;206mas[38;2;192;197;206m [38;2;180;142;173mchar[38;2;192;197;206m)[38;2;192;197;206m.[38;2;150;181;180mis_ascii_digit[38;2;192;197;206m([38;2;192;197;206m)[38;2;192;197;206m)[38;2;192;197;206m [38;2;192;197;206m{[K
[0m[48;2;40;67;43m[39m+      427[0m:[39m[48;2;24;38;30m [38;2;192;197;206m        [38;2;150;181;180mparse_number[38;2;192;197;206m([38;2;192;197;206ms[38;2;192;197;206m,[38;2;192;197;206m entry[38;2;192;197;206m)[K
[0m[48;2;40;67;43m[39m+      428[0m:[39m[48;2;24;38;30m [38;2;192;197;206m    [38;2;192;197;206m}[38;2;192;197;206m [38;2;180;142;173melse[38;2;192;197;206m [38;2;192;197;206m{[K
[0m[48;2;40;67;43m[39m+      429[0m:[39m[48;2;24;38;30m [38;2;192;197;206m        [38;2;192;197;206mErr[38;2;192;197;206m([38;2;192;197;206ms.[38;2;150;181;180merror[38;2;192;197;206m([38;2;192;197;206m"[38;2;163;190;140minvalid value[38;2;192;197;206m"[38;2;192;197;206m.[38;2;150;181;180minto[38;2;192;197;206m([38;2;192;197;206m)[38;2;192;197;206m)[38;2;192;197;206m)[K
[0m[48;2;40;67;43m[39m+      430[0m:[39m[48;2;24;38;30m [38;2;192;197;206m    [38;2;192;197;206m}[K
[0m[48;2;40;67;43m[39m+      431[0m:[39m[48;2;24;38;30m [38;2;192;197;206m}[K
[0m[48;2;40;67;43m[39m+      432[0m:[39m[48;2;24;38;30m [K
[0m[48;2;40;67;43m[39m+      433[0m:[39m[48;2;24;38;30m [38;2;180;142;173mfn[38;2;192;197;206m [38;2;143;161;179mparse_key[38;2;192;197;206m([38;2;191;97;106ms[38;2;192;197;206m:[38;2;192;197;206m [38;2;192;197;206m&[38;2;180;142;173mmut[38;2;192;197;206m Scanner, [38;2;191;97;106mentry[38;2;192;197;206m:[38;2;192;197;206m [38;2;192;197;206m&[38;2;180;142;173mmut[38;2;192;197;206m CfgEntry[38;2;192;197;206m)[38;2;192;197;206m [38;2;192;197;206m->[38;2;192;197;206m [38;2;192;197;206mResult[38;2;192;197;206m<[38;2;192;197;206m([38;2;192;197;206m)[38;2;192;197;206m, CfgError[38;2;192;197;206m>[38;2;192;197;206m [38;2;192;197;206m{[K
[0m[48;2;40;67;43m[39m+      434[0m:[39m[48;2;24;38;30m [38;2;192;197;206m    [38;2;180;142;173mif[38;2;192;197;206m s.[38;2;150;181;180mis_at_end[38;2;192;197;206m([38;2;192;197;206m)[38;2;192;197;206m [38;2;192;197;206m|[38;2;192;197;206m|[38;2;192;197;206m [38;2;192;197;206m![38;2;150;181;180mis_key[38;2;192;197;206m([38;2;192;197;206ms.[38;2;150;181;180mpeek[38;2;192;197;206m([38;2;192;197;206m)[38;2;192;197;206m)[38;2;192;197;206m [38;2;192;197;206m{[K
[0m[48;2;40;67;43m[39m+      435[0m:[39m[48;2;24;38;30m [38;2;192;197;206m        [38;2;180;142;173mreturn[38;2;192;197;206m [38;2;192;197;206mErr[38;2;192;197;206m([38;2;192;197;206ms.[38;2;150;181;180merror[38;2;192;197;206m([38;2;192;197;206m"[38;2;163;190;140mmissing key[38;2;192;197;206m"[38;2;192;197;206m.[38;2;150;181;180minto[38;2;192;197;206m([38;2;192;197;206m)[38;2;192;197;206m)[38;2;192;197;206m)[38;2;192;197;206m;[K
[0m[48;2;40;67;43m[39m+      436[0m:[39m[48;2;24;38;30m [38;2;192;197;206m    [38;2;192;197;206m}[K
[0m[48;2;40;67;43m[39m+      437[0m:[39m[48;2;24;38;30m [38;2;192;197;206m    [38;2;180;142;173mlet[38;2;192;197;206m key_offset [38;2;192;197;206m=[38;2;192;197;206m s.cur[38;2;192;197;206m;[K
[0m[48;2;40;67;43m[39m+      438[0m:[39m[48;2;24;38;30m [38;2;192;197;206m    [38;2;180;142;173mloop[38;2;192;197;206m [38;2;192;197;206m{[K
[0m[48;2;40;67;43m[39m+      439[0m:[39m[48;2;24;38;30m [38;2;192;197;206m        s.[38;2;150;181;180madvance[38;2;192;197;206m([38;2;192;197;206m)[38;2;192;197;206m;[K
[0m[48;2;40;67;43m[39m+      440[0m:[39m[48;2;24;38;30m [38;2;192;197;206m        [38;2;180;142;173mif[38;2;192;197;206m s.[38;2;150;181;180mis_at_end[38;2;192;197;206m([38;2;192;197;206m)[38;2;192;197;206m [38;2;192;197;206m|[38;2;192;197;206m|[38;2;192;197;206m [38;2;192;197;206m![38;2;150;181;180mis_key[38;2;192;197;206m([38;2;192;197;206ms.[38;2;150;181;180mpeek[38;2;192;197;206m([38;2;192;197;206m)[38;2;192;197;206m)[38;2;192;197;206m [38;2;192;197;206m{[38;2;192;197;206m [38;2;180;142;173mbreak[38;2;192;197;206m;[38;2;192;197;206m [38;2;192;197;206m}[K
[0m[48;2;40;67;43m[39m+      441[0m:[39m[48;2;24;38;30m [38;2;192;197;206m    [38;2;192;197;206m}[K
[0m[48;2;40;67;43m[39m+      442[0m:[39m[48;2;24;38;30m [38;2;192;197;206m    [38;2;180;142;173mlet[38;2;192;197;206m key_len [38;2;192;197;206m=[38;2;192;197;206m s.cur [38;2;192;197;206m-[38;2;192;197;206m key_offset[38;2;192;197;206m;[K
[0m[48;2;40;67;43m[39m+      443[0m:[39m[48;2;24;38;30m [38;2;192;197;206m    [38;2;180;142;173mif[38;2;192;197;206m key_len [38;2;192;197;206m>[38;2;192;197;206m [38;2;208;135;112mCFG_MAX_KEY[38;2;192;197;206m [38;2;192;197;206mas[38;2;192;197;206m [38;2;180;142;173mi32[38;2;192;197;206m [38;2;192;197;206m{[K
[0m[48;2;40;67;43m[39m+      444[0m:[39m[48;2;24;38;30m [38;2;192;197;206m        [38;2;180;142;173mreturn[38;2;192;197;206m [38;2;192;197;206mErr[38;2;192;197;206m([38;2;192;197;206ms.[38;2;150;181;180merror[38;2;192;197;206m([38;2;192;197;206m"[38;2;163;190;140mkey too long[38;2;192;197;206m"[38;2;192;197;206m.[38;2;150;181;180minto[38;2;192;197;206m([38;2;192;197;206m)[38;2;192;197;206m)[38;2;192;197;206m)[38;2;192;197;206m;[K
[0m[48;2;40;67;43m[39m+      445[0m:[39m[48;2;24;38;30m [38;2;192;197;206m    [38;2;192;197;206m}[K
[0m[48;2;40;67;43m[39m+      446[0m:[39m[48;2;24;38;30m [38;2;192;197;206m    entry.key [38;2;192;197;206m=[38;2;192;197;206m s.[38;2;150;181;180mslice[38;2;192;197;206m([38;2;192;197;206mkey_offset[38;2;192;197;206m,[38;2;192;197;206m key_len[38;2;192;197;206m)[38;2;192;197;206m.[38;2;150;181;180mto_string[38;2;192;197;206m([38;2;192;197;206m)[38;2;192;197;206m;[K
[0m[48;2;40;67;43m[39m+      447[0m:[39m[48;2;24;38;30m [38;2;192;197;206m    [38;2;192;197;206mOk[38;2;192;197;206m([38;2;192;197;206m([38;2;192;197;206m)[38;2;192;197;206m)[K
[0m[48;2;40;67;43m[39m+      448[0m:[39m[48;2;24;38;30m [38;2;192;197;206m}[K
[0m[48;2;40;67;43m[39m+      449[0m:[39m[48;2;24;38;30m [K
[0m[48;2;40;67;43m[39m+      450[0m:[39m[48;2;24;38;30m [38;2;180;142;173mfn[38;2;192;197;206m [38;2;143;161;179mconsume_colon[38;2;192;197;206m([38;2;191;97;106ms[38;2;192;197;206m:[38;2;192;197;206m [38;2;192;197;206m&[38;2;180;142;173mmut[38;2;192;197;206m Scanner[38;2;192;197;206m)[38;2;192;197;206m [38;2;192;197;206m->[38;2;192;197;206m [38;2;192;197;206mResult[38;2;192;197;206m<[38;2;192;197;206m([38;2;192;197;206m)[38;2;192;197;206m, CfgError[38;2;192;197;206m>[38;2;192;197;206m [38;2;192;197;206m{[K
[0m[48;2;40;67;43m[39m+      451[0m:[39m[48;2;24;38;30m [38;2;192;197;206m    s.[38;2;150;181;180mskip_blank[38;2;192;197;206m([38;2;192;197;206m)[38;2;192;197;206m;[K
[0m[48;2;40;67;43m[39m+      452[0m:[39m[48;2;24;38;30m [38;2;192;197;206m    [38;2;180;142;173mif[38;2;192;197;206m s.[38;2;150;181;180mis_at_end[38;2;192;197;206m([38;2;192;197;206m)[38;2;192;197;206m [38;2;192;197;206m|[38;2;192;197;206m|[38;2;192;197;206m s.[38;2;150;181;180mpeek[38;2;192;197;206m([38;2;192;197;206m)[38;2;192;197;206m [38;2;192;197;206m![38;2;192;197;206m=[38;2;192;197;206m [38;2;180;142;173mb[38;2;192;197;206m'[38;2;163;190;140m:[38;2;192;197;206m'[38;2;192;197;206m [38;2;192;197;206m{[K
[0m[48;2;40;67;43m[39m+      453[0m:[39m[48;2;24;38;30m [38;2;192;197;206m        [38;2;180;142;173mreturn[38;2;192;197;206m [38;2;192;197;206mErr[38;2;192;197;206m([38;2;192;197;206ms.[38;2;150;181;180merror[38;2;192;197;206m([38;2;192;197;206m"[38;2;163;190;140m':' expected[38;2;192;197;206m"[38;2;192;197;206m.[38;2;150;181;180minto[38;2;192;197;206m([38;2;192;197;206m)[38;2;192;197;206m)[38;2;192;197;206m)[38;2;192;197;206m;[K
[0m[48;2;40;67;43m[39m+      454[0m:[39m[48;2;24;38;30m [38;2;192;197;206m    [38;2;192;197;206m}[K
[0m[48;2;40;67;43m[39m+      455[0m:[39m[48;2;24;38;30m [38;2;192;197;206m    s.[38;2;150;181;180madvance[38;2;192;197;206m([38;2;192;197;206m)[38;2;192;197;206m;[K
[0m[48;2;40;67;43m[39m+      456[0m:[39m[48;2;24;38;30m [38;2;192;197;206m    [38;2;192;197;206mOk[38;2;192;197;206m([38;2;192;197;206m([38;2;192;197;206m)[38;2;192;197;206m)[K
[0m[48;2;40;67;43m[39m+      457[0m:[39m[48;2;24;38;30m [38;2;192;197;206m}[K
[0m[48;2;40;67;43m[39m+      458[0m:[39m[48;2;24;38;30m [K
[0m[48;2;40;67;43m[39m+      459[0m:[39m[48;2;24;38;30m [38;2;180;142;173mfn[38;2;192;197;206m [38;2;143;161;179mparse_entry[38;2;192;197;206m([38;2;191;97;106ms[38;2;192;197;206m:[38;2;192;197;206m [38;2;192;197;206m&[38;2;180;142;173mmut[38;2;192;197;206m Scanner, [38;2;191;97;106mentry[38;2;192;197;206m:[38;2;192;197;206m [38;2;192;197;206m&[38;2;180;142;173mmut[38;2;192;197;206m CfgEntry[38;2;192;197;206m)[38;2;192;197;206m [38;2;192;197;206m->[38;2;192;197;206m [38;2;192;197;206mResult[38;2;192;197;206m<[38;2;192;197;206m([38;2;192;197;206m)[38;2;192;197;206m, CfgError[38;2;192;197;206m>[38;2;192;197;206m [38;2;192;197;206m{[K
[0m[48;2;40;67;43m[39m+      460[0m:[39m[48;2;24;38;30m [38;2;192;197;206m    [38;2;150;181;180mparse_key[38;2;192;197;206m([38;2;192;197;206ms[38;2;192;197;206m,[38;2;192;197;206m entry[38;2;192;197;206m)[38;2;192;197;206m?[38;2;192;197;206m;[K
[0m[48;2;40;67;43m[39m+      461[0m:[39m[48;2;24;38;30m [38;2;192;197;206m    [38;2;150;181;180mconsume_colon[38;2;192;197;206m([38;2;192;197;206ms[38;2;192;197;206m)[38;2;192;197;206m?[38;2;192;197;206m;[K
[0m[48;2;40;67;43m[39m+      462[0m:[39m[48;2;24;38;30m [38;2;192;197;206m    [38;2;150;181;180mparse_value[38;2;192;197;206m([38;2;192;197;206ms[38;2;192;197;206m,[38;2;192;197;206m entry[38;2;192;197;206m)[38;2;192;197;206m?[38;2;192;197;206m;[K
[0m[48;2;40;67;43m[39m+      463[0m:[39m[48;2;24;38;30m [38;2;192;197;206m    s.[38;2;150;181;180mskip_blank[38;2;192;197;206m([38;2;192;197;206m)[38;2;192;197;206m;[K
[0m[48;2;40;67;43m[39m+      464[0m:[39m[48;2;24;38;30m [38;2;192;197;206m    [38;2;180;142;173mif[38;2;192;197;206m [38;2;192;197;206m![38;2;192;197;206ms.[38;2;150;181;180mis_at_end[38;2;192;197;206m([38;2;192;197;206m)[38;2;192;197;206m [38;2;192;197;206m&[38;2;192;197;206m&[38;2;192;197;206m s.[38;2;150;181;180mpeek[38;2;192;197;206m([38;2;192;197;206m)[38;2;192;197;206m [38;2;192;197;206m=[38;2;192;197;206m=[38;2;192;197;206m [38;2;180;142;173mb[38;2;192;197;206m'[38;2;163;190;140m#[38;2;192;197;206m'[38;2;192;197;206m [38;2;192;197;206m{[K
[0m[48;2;40;67;43m[39m+      465[0m:[39m[48;2;24;38;30m [38;2;192;197;206m        s.[38;2;150;181;180mskip_comment[38;2;192;197;206m([38;2;192;197;206m)[38;2;192;197;206m;[K
[0m[48;2;40;67;43m[39m+      466[0m:[39m[48;2;24;38;30m [38;2;192;197;206m    [38;2;192;197;206m}[K
[0m[48;2;40;67;43m[39m+      467[0m:[39m[48;2;24;38;30m [38;2;192;197;206m    [38;2;180;142;173mif[38;2;192;197;206m [38;2;192;197;206m![38;2;192;197;206ms.[38;2;150;181;180mis_at_end[38;2;192;197;206m([38;2;192;197;206m)[38;2;192;197;206m [38;2;192;197;206m&[38;2;192;197;206m&[38;2;192;197;206m s.[38;2;150;181;180mpeek[38;2;192;197;206m([38;2;192;197;206m)[38;2;192;197;206m [38;2;192;197;206m![38;2;192;197;206m=[38;2;192;197;206m [38;2;180;142;173mb[38;2;192;197;206m'[38;2;150;181;180m\n[38;2;192;197;206m'[38;2;192;197;206m [38;2;192;197;206m{[K
[0m[48;2;40;67;43m[39m+      468[0m:[39m[48;2;24;38;30m [38;2;192;197;206m        [38;2;180;142;173mreturn[38;2;192;197;206m [38;2;192;197;206mErr[38;2;192;197;206m([38;2;192;197;206ms.[38;2;150;181;180merror[38;2;192;197;206m([38;2;192;197;206mformat![38;2;192;197;206m([38;2;192;197;206m"[38;2;163;190;140munexpected character '[38;2;208;135;112m{}[38;2;163;190;140m'[38;2;192;197;206m"[38;2;192;197;206m,[38;2;192;197;206m s.[38;2;150;181;180mpeek[38;2;192;197;206m([38;2;192;197;206m)[38;2;192;197;206m [38;2;192;197;206mas[38;2;192;197;206m [38;2;180;142;173mchar[38;2;192;197;206m)[38;2;192;197;206m)[38;2;192;197;206m)[38;2;192;197;206m;[K
[0m[48;2;40;67;43m[39m+      469[0m:[39m[48;2;24;38;30m [38;2;192;197;206m    [38;2;192;197;206m}[K
[0m[48;2;40;67;43m[39m+      470[0m:[39m[48;2;24;38;30m [38;2;192;197;206m    [38;2;180;142;173mif[38;2;192;197;206m [38;2;192;197;206m![38;2;192;197;206ms.[38;2;150;181;180mis_at_end[38;2;192;197;206m([38;2;192;197;206m)[38;2;192;197;206m [38;2;192;197;206m{[K
[0m[48;2;40;67;43m[39m+      471[0m:[39m[48;2;24;38;30m [38;2;192;197;206m        s.[38;2;150;181;180madvance[38;2;192;197;206m([38;2;192;197;206m)[38;2;192;197;206m;[38;2;192;197;206m [38;2;101;115;126m//[38;2;101;115;126m '\n'[K
[0m[48;2;40;67;43m[39m+      472[0m:[39m[48;2;24;38;30m [38;2;192;197;206m    [38;2;192;197;206m}[K
[0m[48;2;40;67;43m[39m+      473[0m:[39m[48;2;24;38;30m [38;2;192;197;206m    [38;2;192;197;206mOk[38;2;192;197;206m([38;2;192;197;206m([38;2;192;197;206m)[38;2;192;197;206m)[K
[0m[48;2;40;67;43m[39m+      474[0m:[39m[48;2;24;38;30m [38;2;192;197;206m}[K
[0m[48;2;40;67;43m[39m+      475[0m:[39m[48;2;24;38;30m [K
[0m[48;2;43;48;59m[39m  116, 476[0m:[39m[48;2;43;48;59m [38;2;101;115;126m//[38;2;101;115;126m Public Functions[K
[0m[48;2;43;48;59m[39m  117, 477[0m:[39m[48;2;43;48;59m [38;2;180;142;173mpub[38;2;192;197;206m [38;2;180;142;173mfn[38;2;192;197;206m [38;2;143;161;179mcfg_parse[38;2;192;197;206m([38;2;191;97;106msrc[38;2;192;197;206m:[38;2;192;197;206m [38;2;192;197;206m&[38;2;180;142;173mstr[38;2;192;197;206m)[38;2;192;197;206m [38;2;192;197;206m->[38;2;192;197;206m [38;2;192;197;206mResult[38;2;192;197;206m<[38;2;192;197;206mCfg, CfgError[38;2;192;197;206m>[38;2;192;197;206m [38;2;192;197;206m{[K
[0m[48;2;79;40;40m[39m- 118     [0m:[39m[48;2;36;25;28m [38;2;192;197;206m    [38;2;192;197;206munimplemented![38;2;192;197;206m([38;2;192;197;206m)[K
[0m[48;2;40;67;43m[39m+      478[0m:[39m[48;2;24;38;30m [38;2;192;197;206m    [38;2;180;142;173mlet[38;2;192;197;206m [38;2;180;142;173mmut[38;2;192;197;206m s [38;2;192;197;206m=[38;2;192;197;206m [38;2;192;197;206mScanner[38;2;192;197;206m::[38;2;192;197;206mnew[38;2;192;197;206m([38;2;192;197;206msrc[38;2;192;197;206m)[38;2;192;197;206m;[K
[0m[48;2;40;67;43m[39m+      479[0m:[39m[48;2;24;38;30m [38;2;192;197;206m    [38;2;180;142;173mlet[38;2;192;197;206m [38;2;180;142;173mmut[38;2;192;197;206m cfg [38;2;192;197;206m=[38;2;192;197;206m Cfg [38;2;192;197;206m{[38;2;192;197;206m entries[38;2;192;197;206m:[38;2;192;197;206m [38;2;192;197;206mVec[38;2;192;197;206m::[38;2;192;197;206mnew[38;2;192;197;206m([38;2;192;197;206m)[38;2;192;197;206m,[38;2;192;197;206m count[38;2;192;197;206m:[38;2;192;197;206m [38;2;208;135;112m0[38;2;192;197;206m,[38;2;192;197;206m capacity[38;2;192;197;206m:[38;2;192;197;206m [38;2;180;142;173musize[38;2;192;197;206m::[38;2;208;135;112mMAX[38;2;192;197;206m [38;2;192;197;206m}[38;2;192;197;206m;[K
[0m[48;2;40;67;43m[39m+      480[0m:[39m[48;2;24;38;30m [38;2;192;197;206m    s.[38;2;150;181;180mskip_whitespace_and_comments[38;2;192;197;206m([38;2;192;197;206m)[38;2;192;197;206m;[K
[0m[48;2;40;67;43m[39m+      481[0m:[39m[48;2;24;38;30m [38;2;192;197;206m    [38;2;180;142;173mwhile[38;2;192;197;206m [38;2;192;197;206m![38;2;192;197;206ms.[38;2;150;181;180mis_at_end[38;2;192;197;206m([38;2;192;197;206m)[38;2;192;197;206m [38;2;192;197;206m{[K
[0m[48;2;40;67;43m[39m+      482[0m:[39m[48;2;24;38;30m [38;2;192;197;206m        [38;2;180;142;173mlet[38;2;192;197;206m [38;2;180;142;173mmut[38;2;192;197;206m entry [38;2;192;197;206m=[38;2;192;197;206m CfgEntry [38;2;192;197;206m{[38;2;192;197;206m key[38;2;192;197;206m:[38;2;192;197;206m [38;2;192;197;206mString[38;2;192;197;206m::[38;2;192;197;206mnew[38;2;192;197;206m([38;2;192;197;206m)[38;2;192;197;206m,[38;2;192;197;206m val[38;2;192;197;206m:[38;2;192;197;206m [38;2;192;197;206mCfgVal[38;2;192;197;206m::[38;2;192;197;206mInt[38;2;192;197;206m([38;2;208;135;112m0[38;2;192;197;206m)[38;2;192;197;206m [38;2;192;197;206m}[38;2;192;197;206m;[K
[0m[48;2;40;67;43m[39m+      483[0m:[39m[48;2;24;38;30m [38;2;192;197;206m        [38;2;150;181;180mparse_entry[38;2;192;197;206m([38;2;192;197;206m&[38;2;180;142;173mmut[38;2;192;197;206m s[38;2;192;197;206m,[38;2;192;197;206m [38;2;192;197;206m&[38;2;180;142;173mmut[38;2;192;197;206m entry[38;2;192;197;206m)[38;2;192;197;206m?[38;2;192;197;206m;[K
[0m[48;2;40;67;43m[39m+      484[0m:[39m[48;2;24;38;30m [38;2;192;197;206m        cfg.entries.[38;2;150;181;180mpush[38;2;192;197;206m([38;2;192;197;206mentry[38;2;192;197;206m)[38;2;192;197;206m;[K
[0m[48;2;40;67;43m[39m+      485[0m:[39m[48;2;24;38;30m [38;2;192;197;206m        cfg.count [38;2;192;197;206m+[38;2;192;197;206m=[38;2;192;197;206m [38;2;208;135;112m1[38;2;192;197;206m;[K
[0m[48;2;40;67;43m[39m+      486[0m:[39m[48;2;24;38;30m [38;2;192;197;206m        s.[38;2;150;181;180mskip_whitespace_and_comments[38;2;192;197;206m([38;2;192;197;206m)[38;2;192;197;206m;[K
[0m[48;2;40;67;43m[39m+      487[0m:[39m[48;2;24;38;30m [38;2;192;197;206m    [38;2;192;197;206m}[K
[0m[48;2;40;67;43m[39m+      488[0m:[39m[48;2;24;38;30m [38;2;192;197;206m    [38;2;192;197;206mOk[38;2;192;197;206m([38;2;192;197;206mcfg[38;2;192;197;206m)[K
[0m[48;2;43;48;59m[39m  119, 489[0m:[39m[48;2;43;48;59m [38;2;192;197;206m}[K
[0m[48;2;40;67;43m[39m+      490[0m:[39m[48;2;24;38;30m [K
[0m[48;2;43;48;59m[39m  120, 491[0m:[39m[48;2;43;48;59m [38;2;180;142;173mpub[38;2;192;197;206m [38;2;180;142;173mfn[38;2;192;197;206m [38;2;143;161;179mcfg_parse_file[38;2;192;197;206m([38;2;191;97;106mfilename[38;2;192;197;206m:[38;2;192;197;206m [38;2;192;197;206m&[38;2;180;142;173mstr[38;2;192;197;206m)[38;2;192;197;206m [38;2;192;197;206m->[38;2;192;197;206m [38;2;192;197;206mResult[38;2;192;197;206m<[38;2;192;197;206mCfg, CfgError[38;2;192;197;206m>[38;2;192;197;206m [38;2;192;197;206m{[K
[0m[48;2;79;40;40m[39m- 121     [0m:[39m[48;2;36;25;28m [38;2;192;197;206m    [38;2;192;197;206munimplemented![38;2;192;197;206m([38;2;192;197;206m)[K
[0m[48;2;40;67;43m[39m+      492[0m:[39m[48;2;24;38;30m [38;2;192;197;206m    [38;2;180;142;173mlet[38;2;192;197;206m len [38;2;192;197;206m=[38;2;192;197;206m filename.[38;2;150;181;180mlen[38;2;192;197;206m([38;2;192;197;206m)[38;2;192;197;206m;[K
[0m[48;2;40;67;43m[39m+      493[0m:[39m[48;2;24;38;30m [38;2;192;197;206m    [38;2;180;142;173mif[38;2;192;197;206m len [38;2;192;197;206m<[38;2;192;197;206m [38;2;208;135;112m5[38;2;192;197;206m [38;2;192;197;206m{[K
[0m[48;2;40;67;43m[39m+      494[0m:[39m[48;2;24;38;30m [38;2;192;197;206m        [38;2;180;142;173mreturn[38;2;192;197;206m [38;2;192;197;206mErr[38;2;192;197;206m([38;2;192;197;206mCfgError [38;2;192;197;206m{[38;2;192;197;206m off[38;2;192;197;206m:[38;2;192;197;206m [38;2;192;197;206m-[38;2;208;135;112m1[38;2;192;197;206m,[38;2;192;197;206m col[38;2;192;197;206m:[38;2;192;197;206m [38;2;192;197;206m-[38;2;208;135;112m1[38;2;192;197;206m,[38;2;192;197;206m row[38;2;192;197;206m:[38;2;192;197;206m [38;2;192;197;206m-[38;2;208;135;112m1[38;2;192;197;206m,[38;2;192;197;206m msg[38;2;192;197;206m:[38;2;192;197;206m [38;2;192;197;206m"[38;2;163;190;140minvalid filename[38;2;192;197;206m"[38;2;192;197;206m.[38;2;150;181;180minto[38;2;192;197;206m([38;2;192;197;206m)[38;2;192;197;206m [38;2;192;197;206m}[38;2;192;197;206m)[38;2;192;197;206m;[K
[0m[48;2;40;67;43m[39m+      495[0m:[39m[48;2;24;38;30m [38;2;192;197;206m    [38;2;192;197;206m}[K
[0m[48;2;40;67;43m[39m+      496[0m:[39m[48;2;24;38;30m [38;2;192;197;206m    [38;2;180;142;173mif[38;2;192;197;206m [38;2;192;197;206m![38;2;192;197;206mfilename.[38;2;150;181;180mends_with[38;2;192;197;206m([38;2;208;135;112mCFG_FILE_EXT[38;2;192;197;206m)[38;2;192;197;206m [38;2;192;197;206m{[K
[0m[48;2;40;67;43m[39m+      497[0m:[39m[48;2;24;38;30m [38;2;192;197;206m        [38;2;180;142;173mreturn[38;2;192;197;206m [38;2;192;197;206mErr[38;2;192;197;206m([38;2;192;197;206mCfgError [38;2;192;197;206m{[38;2;192;197;206m off[38;2;192;197;206m:[38;2;192;197;206m [38;2;192;197;206m-[38;2;208;135;112m1[38;2;192;197;206m,[38;2;192;197;206m col[38;2;192;197;206m:[38;2;192;197;206m [38;2;192;197;206m-[38;2;208;135;112m1[38;2;192;197;206m,[38;2;192;197;206m row[38;2;192;197;206m:[38;2;192;197;206m [38;2;192;197;206m-[38;2;208;135;112m1[38;2;192;197;206m,[38;2;192;197;206m msg[38;2;192;197;206m:[38;2;192;197;206m [38;2;192;197;206m"[38;2;163;190;140minvalid file extension[38;2;192;197;206m"[38;2;192;197;206m.[38;2;150;181;180minto[38;2;192;197;206m([38;2;192;197;206m)[38;2;192;197;206m [38;2;192;197;206m}[38;2;192;197;206m)[38;2;192;197;206m;[K
[0m[48;2;40;67;43m[39m+      498[0m:[39m[48;2;24;38;30m [38;2;192;197;206m    [38;2;192;197;206m}[K
[0m[48;2;40;67;43m[39m+      499[0m:[39m[48;2;24;38;30m [38;2;192;197;206m    [38;2;180;142;173mlet[38;2;192;197;206m src [38;2;192;197;206m=[38;2;192;197;206m [38;2;192;197;206mstd[38;2;192;197;206m::[38;2;192;197;206mfs[38;2;192;197;206m::[38;2;192;197;206mread_to_string[38;2;192;197;206m([38;2;192;197;206mfilename[38;2;192;197;206m)[38;2;192;197;206m.[38;2;150;181;180mmap_err[38;2;192;197;206m([38;2;192;197;206m|[38;2;192;197;206m_[38;2;192;197;206m|[38;2;192;197;206m [38;2;192;197;206m{[K
[0m[48;2;40;67;43m[39m+      500[0m:[39m[48;2;24;38;30m [38;2;192;197;206m        CfgError [38;2;192;197;206m{[38;2;192;197;206m off[38;2;192;197;206m:[38;2;192;197;206m [38;2;192;197;206m-[38;2;208;135;112m1[38;2;192;197;206m,[38;2;192;197;206m col[38;2;192;197;206m:[38;2;192;197;206m [38;2;192;197;206m-[38;2;208;135;112m1[38;2;192;197;206m,[38;2;192;197;206m row[38;2;192;197;206m:[38;2;192;197;206m [38;2;192;197;206m-[38;2;208;135;112m1[38;2;192;197;206m,[38;2;192;197;206m msg[38;2;192;197;206m:[38;2;192;197;206m [38;2;192;197;206m"[38;2;163;190;140mfailed to open file[38;2;192;197;206m"[38;2;192;197;206m.[38;2;150;181;180minto[38;2;192;197;206m([38;2;192;197;206m)[38;2;192;197;206m [38;2;192;197;206m}[K
[0m[48;2;40;67;43m[39m+      501[0m:[39m[48;2;24;38;30m [38;2;192;197;206m    [38;2;192;197;206m}[38;2;192;197;206m)[38;2;192;197;206m?[38;2;192;197;206m;[K
[0m[48;2;40;67;43m[39m+      502[0m:[39m[48;2;24;38;30m [38;2;192;197;206m    [38;2;150;181;180mcfg_parse[38;2;192;197;206m([38;2;192;197;206m&[38;2;192;197;206msrc[38;2;192;197;206m)[K
[0m[48;2;43;48;59m[39m  122, 503[0m:[39m[48;2;43;48;59m [38;2;192;197;206m}[K
[0m[48;2;40;67;43m[39m+      504[0m:[39m[48;2;24;38;30m [K
[0m[48;2;43;48;59m[39m  123, 505[0m:[39m[48;2;43;48;59m [38;2;180;142;173mpub[38;2;192;197;206m [38;2;180;142;173mfn[38;2;192;197;206m [38;2;143;161;179mcfg_get_string[38;2;192;197;206m<[38;2;180;142;173m'a[38;2;192;197;206m>[38;2;192;197;206m([38;2;191;97;106mcfg[38;2;192;197;206m:[38;2;192;197;206m [38;2;192;197;206m&[38;2;192;197;206mCfg, [38;2;191;97;106mkey[38;2;192;197;206m:[38;2;192;197;206m [38;2;192;197;206m&[38;2;180;142;173mstr[38;2;192;197;206m, [38;2;191;97;106mfallback[38;2;192;197;206m:[38;2;192;197;206m [38;2;192;197;206m&[38;2;180;142;173m'a[38;2;192;197;206m [38;2;180;142;173mstr[38;2;192;197;206m)[38;2;192;197;206m [38;2;192;197;206m->[38;2;192;197;206m [38;2;192;197;206m&[38;2;180;142;173m'a[38;2;192;197;206m [38;2;180;142;173mstr[38;2;192;197;206m [38;2;192;197;206m{[K
[0m[48;2;79;40;40m[39m- 124     [0m:[39m[48;2;36;25;28m [38;2;192;197;206m    [38;2;192;197;206munimplemented![38;2;192;197;206m([38;2;192;197;206m)[K
[0m[48;2;40;67;43m[39m+      506[0m:[39m[48;2;24;38;30m [38;2;192;197;206m    [38;2;101;115;126m//[38;2;101;115;126m Due to lifetime constraints, we can only return fallback[K
[0m[48;2;40;67;43m[39m+      507[0m:[39m[48;2;24;38;30m [38;2;192;197;206m    [38;2;101;115;126m//[38;2;101;115;126m Check if key exists with matching type; if not found, return fallback[K
[0m[48;2;40;67;43m[39m+      508[0m:[39m[48;2;24;38;30m [38;2;192;197;206m    [38;2;101;115;126m//[38;2;101;115;126m The C version returns a pointer into the cfg entries, but the Rust signature[K
[0m[48;2;40;67;43m[39m+      509[0m:[39m[48;2;24;38;30m [38;2;192;197;206m    [38;2;101;115;126m//[38;2;101;115;126m ties the return lifetime to fallback only, so we leak found strings.[K
[0m[48;2;40;67;43m[39m+      510[0m:[39m[48;2;24;38;30m [38;2;192;197;206m    [38;2;180;142;173mfor[38;2;192;197;206m i [38;2;192;197;206min[38;2;192;197;206m [38;2;192;197;206m([38;2;208;135;112m0[38;2;192;197;206m..[38;2;192;197;206mcfg.count [38;2;192;197;206mas[38;2;192;197;206m [38;2;180;142;173musize[38;2;192;197;206m)[38;2;192;197;206m.[38;2;150;181;180mrev[38;2;192;197;206m([38;2;192;197;206m)[38;2;192;197;206m [38;2;192;197;206m{[K
[0m[48;2;40;67;43m[39m+      511[0m:[39m[48;2;24;38;30m [38;2;192;197;206m        [38;2;180;142;173mif[38;2;192;197;206m [38;2;180;142;173mlet[38;2;192;197;206m [38;2;192;197;206mCfgVal[38;2;192;197;206m::[38;2;192;197;206mString[38;2;192;197;206m([38;2;180;142;173mref[38;2;192;197;206m s[38;2;192;197;206m)[38;2;192;197;206m [38;2;192;197;206m=[38;2;192;197;206m cfg.entries[38;2;192;197;206m[[38;2;192;197;206mi[38;2;192;197;206m][38;2;192;197;206m.val [38;2;192;197;206m{[K
[0m[48;2;40;67;43m[39m+      512[0m:[39m[48;2;24;38;30m [38;2;192;197;206m            [38;2;180;142;173mif[38;2;192;197;206m cfg.entries[38;2;192;197;206m[[38;2;192;197;206mi[38;2;192;197;206m][38;2;192;197;206m.key [38;2;192;197;206m=[38;2;192;197;206m=[38;2;192;197;206m key [38;2;192;197;206m{[K
[0m[48;2;40;67;43m[39m+      513[0m:[39m[48;2;24;38;30m [38;2;192;197;206m                [38;2;180;142;173mreturn[38;2;192;197;206m [38;2;192;197;206mBox[38;2;192;197;206m::[38;2;192;197;206mleak[38;2;192;197;206m([38;2;192;197;206ms.[38;2;150;181;180mclone[38;2;192;197;206m([38;2;192;197;206m)[38;2;192;197;206m.[38;2;150;181;180minto_boxed_str[38;2;192;197;206m([38;2;192;197;206m)[38;2;192;197;206m)[38;2;192;197;206m;[K
[0m[48;2;40;67;43m[39m+      514[0m:[39m[48;2;24;38;30m [38;2;192;197;206m            [38;2;192;197;206m}[K
[0m[48;2;40;67;43m[39m+      515[0m:[39m[48;2;24;38;30m [38;2;192;197;206m        [38;2;192;197;206m}[K
[0m[48;2;40;67;43m[39m+      516[0m:[39m[48;2;24;38;30m [38;2;192;197;206m    [38;2;192;197;206m}[K
[0m[48;2;40;67;43m[39m+      517[0m:[39m[48;2;24;38;30m [38;2;192;197;206m    fallback[K
[0m[48;2;43;48;59m[39m  125, 518[0m:[39m[48;2;43;48;59m [38;2;192;197;206m}[K
[0m[48;2;40;67;43m[39m+      519[0m:[39m[48;2;24;38;30m [K
[0m[48;2;43;48;59m[39m  126, 520[0m:[39m[48;2;43;48;59m [38;2;180;142;173mpub[38;2;192;197;206m [38;2;180;142;173mfn[38;2;192;197;206m [38;2;143;161;179mcfg_get_bool[38;2;192;197;206m([38;2;191;97;106mcfg[38;2;192;197;206m:[38;2;192;197;206m [38;2;192;197;206m&[38;2;192;197;206mCfg, [38;2;191;97;106mkey[38;2;192;197;206m:[38;2;192;197;206m [38;2;192;197;206m&[38;2;180;142;173mstr[38;2;192;197;206m, [38;2;191;97;106mfallback[38;2;192;197;206m:[38;2;192;197;206m [38;2;180;142;173mbool[38;2;192;197;206m)[38;2;192;197;206m [38;2;192;197;206m->[38;2;192;197;206m [38;2;180;142;173mbool[38;2;192;197;206m [38;2;192;197;206m{[K
[0m[48;2;79;40;40m[39m- 127     [0m:[39m[48;2;36;25;28m [38;2;192;197;206m    [38;2;192;197;206munimplemented![38;2;192;197;206m([38;2;192;197;206m)[K
[0m[48;2;40;67;43m[39m+      521[0m:[39m[48;2;24;38;30m [38;2;192;197;206m    [38;2;180;142;173mfor[38;2;192;197;206m i [38;2;192;197;206min[38;2;192;197;206m [38;2;192;197;206m([38;2;208;135;112m0[38;2;192;197;206m..[38;2;192;197;206mcfg.count [38;2;192;197;206mas[38;2;192;197;206m [38;2;180;142;173musize[38;2;192;197;206m)[38;2;192;197;206m.[38;2;150;181;180mrev[38;2;192;197;206m([38;2;192;197;206m)[38;2;192;197;206m [38;2;192;197;206m{[K
[0m[48;2;40;67;43m[39m+      522[0m:[39m[48;2;24;38;30m [38;2;192;197;206m        [38;2;180;142;173mif[38;2;192;197;206m [38;2;180;142;173mlet[38;2;192;197;206m [38;2;192;197;206mCfgVal[38;2;192;197;206m::[38;2;192;197;206mBoolean[38;2;192;197;206m([38;2;192;197;206mb[38;2;192;197;206m)[38;2;192;197;206m [38;2;192;197;206m=[38;2;192;197;206m cfg.entries[38;2;192;197;206m[[38;2;192;197;206mi[38;2;192;197;206m][38;2;192;197;206m.val [38;2;192;197;206m{[K
[0m[48;2;40;67;43m[39m+      523[0m:[39m[48;2;24;38;30m [38;2;192;197;206m            [38;2;180;142;173mif[38;2;192;197;206m cfg.entries[38;2;192;197;206m[[38;2;192;197;206mi[38;2;192;197;206m][38;2;192;197;206m.key [38;2;192;197;206m=[38;2;192;197;206m=[38;2;192;197;206m key [38;2;192;197;206m{[38;2;192;197;206m [38;2;180;142;173mreturn[38;2;192;197;206m b[38;2;192;197;206m;[38;2;192;197;206m [38;2;192;197;206m}[K
[0m[48;2;40;67;43m[39m+      524[0m:[39m[48;2;24;38;30m [38;2;192;197;206m        [38;2;192;197;206m}[K
[0m[48;2;40;67;43m[39m+      525[0m:[39m[48;2;24;38;30m [38;2;192;197;206m    [38;2;192;197;206m}[K
[0m[48;2;40;67;43m[39m+      526[0m:[39m[48;2;24;38;30m [38;2;192;197;206m    fallback[K
[0m[48;2;43;48;59m[39m  128, 527[0m:[39m[48;2;43;48;59m [38;2;192;197;206m}[K
[0m[48;2;40;67;43m[39m+      528[0m:[39m[48;2;24;38;30m [K
[0m[48;2;43;48;59m[39m  129, 529[0m:[39m[48;2;43;48;59m [38;2;180;142;173mpub[38;2;192;197;206m [38;2;180;142;173mfn[38;2;192;197;206m [38;2;143;161;179mcfg_get_int[38;2;192;197;206m([38;2;191;97;106mcfg[38;2;192;197;206m:[38;2;192;197;206m [38;2;192;197;206m&[38;2;192;197;206mCfg, [38;2;191;97;106mkey[38;2;192;197;206m:[38;2;192;197;206m [38;2;192;197;206m&[38;2;180;142;173mstr[38;2;192;197;206m, [38;2;191;97;106mfallback[38;2;192;197;206m:[38;2;192;197;206m [38;2;180;142;173mi32[38;2;192;197;206m)[38;2;192;197;206m [38;2;192;197;206m->[38;2;192;197;206m [38;2;180;142;173mi32[38;2;192;197;206m [38;2;192;197;206m{[K
[0m[48;2;79;40;40m[39m- 130     [0m:[39m[48;2;36;25;28m [38;2;192;197;206m    [38;2;192;197;206munimplemented![38;2;192;197;206m([38;2;192;197;206m)[K
[0m[48;2;40;67;43m[39m+      530[0m:[39m[48;2;24;38;30m [38;2;192;197;206m    [38;2;180;142;173mfor[38;2;192;197;206m i [38;2;192;197;206min[38;2;192;197;206m [38;2;192;197;206m([38;2;208;135;112m0[38;2;192;197;206m..[38;2;192;197;206mcfg.count [38;2;192;197;206mas[38;2;192;197;206m [38;2;180;142;173musize[38;2;192;197;206m)[38;2;192;197;206m.[38;2;150;181;180mrev[38;2;192;197;206m([38;2;192;197;206m)[38;2;192;197;206m [38;2;192;197;206m{[K
[0m[48;2;40;67;43m[39m+      531[0m:[39m[48;2;24;38;30m [38;2;192;197;206m        [38;2;180;142;173mif[38;2;192;197;206m [38;2;180;142;173mlet[38;2;192;197;206m [38;2;192;197;206mCfgVal[38;2;192;197;206m::[38;2;192;197;206mInt[38;2;192;197;206m([38;2;192;197;206mv[38;2;192;197;206m)[38;2;192;197;206m [38;2;192;197;206m=[38;2;192;197;206m cfg.entries[38;2;192;197;206m[[38;2;192;197;206mi[38;2;192;197;206m][38;2;192;197;206m.val [38;2;192;197;206m{[K
[0m[48;2;40;67;43m[39m+      532[0m:[39m[48;2;24;38;30m [38;2;192;197;206m            [38;2;180;142;173mif[38;2;192;197;206m cfg.entries[38;2;192;197;206m[[38;2;192;197;206mi[38;2;192;197;206m][38;2;192;197;206m.key [38;2;192;197;206m=[38;2;192;197;206m=[38;2;192;197;206m key [38;2;192;197;206m{[38;2;192;197;206m [38;2;180;142;173mreturn[38;2;192;197;206m v[38;2;192;197;206m;[38;2;192;197;206m [38;2;192;197;206m}[K
[0m[48;2;40;67;43m[39m+      533[0m:[39m[48;2;24;38;30m [38;2;192;197;206m        [38;2;192;197;206m}[K
[0m[48;2;40;67;43m[39m+      534[0m:[39m[48;2;24;38;30m [38;2;192;197;206m    [38;2;192;197;206m}[K
[0m[48;2;40;67;43m[39m+      535[0m:[39m[48;2;24;38;30m [38;2;192;197;206m    fallback[K
[0m[48;2;43;48;59m[39m  131, 536[0m:[39m[48;2;43;48;59m [38;2;192;197;206m}[K
[0m[48;2;40;67;43m[39m+      537[0m:[39m[48;2;24;38;30m [K
[0m[48;2;43;48;59m[39m  132, 538[0m:[39m[48;2;43;48;59m [38;2;180;142;173mpub[38;2;192;197;206m [38;2;180;142;173mfn[38;2;192;197;206m [38;2;143;161;179mcfg_get_float[38;2;192;197;206m([38;2;191;97;106mcfg[38;2;192;197;206m:[38;2;192;197;206m [38;2;192;197;206m&[38;2;192;197;206mCfg, [38;2;191;97;106mkey[38;2;192;197;206m:[38;2;192;197;206m [38;2;192;197;206m&[38;2;180;142;173mstr[38;2;192;197;206m, [38;2;191;97;106mfallback[38;2;192;197;206m:[38;2;192;197;206m [38;2;180;142;173mf32[38;2;192;197;206m)[38;2;192;197;206m [38;2;192;197;206m->[38;2;192;197;206m [38;2;180;142;173mf32[38;2;192;197;206m [38;2;192;197;206m{[K
[0m[48;2;79;40;40m[39m- 133     [0m:[39m[48;2;36;25;28m [38;2;192;197;206m    [38;2;192;197;206munimplemented![38;2;192;197;206m([38;2;192;197;206m)[K
[0m[48;2;40;67;43m[39m+      539[0m:[39m[48;2;24;38;30m [38;2;192;197;206m    [38;2;180;142;173mfor[38;2;192;197;206m i [38;2;192;197;206min[38;2;192;197;206m [38;2;192;197;206m([38;2;208;135;112m0[38;2;192;197;206m..[38;2;192;197;206mcfg.count [38;2;192;197;206mas[38;2;192;197;206m [38;2;180;142;173musize[38;2;192;197;206m)[38;2;192;197;206m.[38;2;150;181;180mrev[38;2;192;197;206m([38;2;192;197;206m)[38;2;192;197;206m [38;2;192;197;206m{[K
[0m[48;2;40;67;43m[39m+      540[0m:[39m[48;2;24;38;30m [38;2;192;197;206m        [38;2;180;142;173mif[38;2;192;197;206m [38;2;180;142;173mlet[38;2;192;197;206m [38;2;192;197;206mCfgVal[38;2;192;197;206m::[38;2;192;197;206mFloat[38;2;192;197;206m([38;2;192;197;206mv[38;2;192;197;206m)[38;2;192;197;206m [38;2;192;197;206m=[38;2;192;197;206m cfg.entries[38;2;192;197;206m[[38;2;192;197;206mi[38;2;192;197;206m][38;2;192;197;206m.val [38;2;192;197;206m{[K
[0m[48;2;40;67;43m[39m+      541[0m:[39m[48;2;24;38;30m [38;2;192;197;206m            [38;2;180;142;173mif[38;2;192;197;206m cfg.entries[38;2;192;197;206m[[38;2;192;197;206mi[38;2;192;197;206m][38;2;192;197;206m.key [38;2;192;197;206m=[38;2;192;197;206m=[38;2;192;197;206m key [38;2;192;197;206m{[38;2;192;197;206m [38;2;180;142;173mreturn[38;2;192;197;206m v[38;2;192;197;206m;[38;2;192;197;206m [38;2;192;197;206m}[K
[0m[48;2;40;67;43m[39m+      542[0m:[39m[48;2;24;38;30m [38;2;192;197;206m        [38;2;192;197;206m}[K
[0m[48;2;40;67;43m[39m+      543[0m:[39m[48;2;24;38;30m [38;2;192;197;206m    [38;2;192;197;206m}[K
[0m[48;2;40;67;43m[39m+      544[0m:[39m[48;2;24;38;30m [38;2;192;197;206m    fallback[K
[0m[48;2;43;48;59m[39m  134, 545[0m:[39m[48;2;43;48;59m [38;2;192;197;206m}[K
[0m[48;2;40;67;43m[39m+      546[0m:[39m[48;2;24;38;30m [K
[0m[48;2;43;48;59m[39m  135, 547[0m:[39m[48;2;43;48;59m [38;2;180;142;173mpub[38;2;192;197;206m [38;2;180;142;173mfn[38;2;192;197;206m [38;2;143;161;179mcfg_get_color[38;2;192;197;206m([38;2;191;97;106mcfg[38;2;192;197;206m:[38;2;192;197;206m [38;2;192;197;206m&[38;2;192;197;206mCfg, [38;2;191;97;106mkey[38;2;192;197;206m:[38;2;192;197;206m [38;2;192;197;206m&[38;2;180;142;173mstr[38;2;192;197;206m, [38;2;191;97;106mfallback[38;2;192;197;206m:[38;2;192;197;206m CfgColor[38;2;192;197;206m)[38;2;192;197;206m [38;2;192;197;206m->[38;2;192;197;206m CfgColor[38;2;192;197;206m [38;2;192;197;206m{[K
[0m[48;2;79;40;40m[39m- 136     [0m:[39m[48;2;36;25;28m [38;2;192;197;206m    [38;2;192;197;206munimplemented![38;2;192;197;206m([38;2;192;197;206m)[K
[0m[48;2;40;67;43m[39m+      548[0m:[39m[48;2;24;38;30m [38;2;192;197;206m    [38;2;180;142;173mfor[38;2;192;197;206m i [38;2;192;197;206min[38;2;192;197;206m [38;2;192;197;206m([38;2;208;135;112m0[38;2;192;197;206m..[38;2;192;197;206mcfg.count [38;2;192;197;206mas[38;2;192;197;206m [38;2;180;142;173musize[38;2;192;197;206m)[38;2;192;197;206m.[38;2;150;181;180mrev[38;2;192;197;206m([38;2;192;197;206m)[38;2;192;197;206m [38;2;192;197;206m{[K
[0m[48;2;40;67;43m[39m+      549[0m:[39m[48;2;24;38;30m [38;2;192;197;206m        [38;2;180;142;173mif[38;2;192;197;206m [38;2;180;142;173mlet[38;2;192;197;206m [38;2;192;197;206mCfgVal[38;2;192;197;206m::[38;2;192;197;206mColor[38;2;192;197;206m([38;2;192;197;206mc[38;2;192;197;206m)[38;2;192;197;206m [38;2;192;197;206m=[38;2;192;197;206m cfg.entries[38;2;192;197;206m[[38;2;192;197;206mi[38;2;192;197;206m][38;2;192;197;206m.val [38;2;192;197;206m{[K
[0m[48;2;40;67;43m[39m+      550[0m:[39m[48;2;24;38;30m [38;2;192;197;206m            [38;2;180;142;173mif[38;2;192;197;206m cfg.entries[38;2;192;197;206m[[38;2;192;197;206mi[38;2;192;197;206m][38;2;192;197;206m.key [38;2;192;197;206m=[38;2;192;197;206m=[38;2;192;197;206m key [38;2;192;197;206m{[38;2;192;197;206m [38;2;180;142;173mreturn[38;2;192;197;206m c[38;2;192;197;206m;[38;2;192;197;206m [38;2;192;197;206m}[K
[0m[48;2;40;67;43m[39m+      551[0m:[39m[48;2;24;38;30m [38;2;192;197;206m        [38;2;192;197;206m}[K
[0m[48;2;40;67;43m[39m+      552[0m:[39m[48;2;24;38;30m [38;2;192;197;206m    [38;2;192;197;206m}[K
[0m[48;2;40;67;43m[39m+      553[0m:[39m[48;2;24;38;30m [38;2;192;197;206m    fallback[K
[0m[48;2;43;48;59m[39m  137, 554[0m:[39m[48;2;43;48;59m [38;2;192;197;206m}[K
[0m[48;2;40;67;43m[39m+      555[0m:[39m[48;2;24;38;30m [K
[0m[48;2;43;48;59m[39m  138, 556[0m:[39m[48;2;43;48;59m [38;2;180;142;173mpub[38;2;192;197;206m [38;2;180;142;173mfn[38;2;192;197;206m [38;2;143;161;179mcfg_get_int_min[38;2;192;197;206m([38;2;191;97;106mcfg[38;2;192;197;206m:[38;2;192;197;206m [38;2;192;197;206m&[38;2;192;197;206mCfg, [38;2;191;97;106mkey[38;2;192;197;206m:[38;2;192;197;206m [38;2;192;197;206m&[38;2;180;142;173mstr[38;2;192;197;206m, [38;2;191;97;106mfallback[38;2;192;197;206m:[38;2;192;197;206m [38;2;180;142;173mi32[38;2;192;197;206m, [38;2;191;97;106mmin[38;2;192;197;206m:[38;2;192;197;206m [38;2;180;142;173mi32[38;2;192;197;206m)[38;2;192;197;206m [38;2;192;197;206m->[38;2;192;197;206m [38;2;180;142;173mi32[38;2;192;197;206m [38;2;192;197;206m{[K
[0m[48;2;79;40;40m[39m- 139     [0m:[39m[48;2;36;25;28m [38;2;192;197;206m    [38;2;192;197;206munimplemented![38;2;192;197;206m([38;2;192;197;206m)[K
[0m[48;2;40;67;43m[39m+      557[0m:[39m[48;2;24;38;30m [38;2;192;197;206m    [38;2;180;142;173mlet[38;2;192;197;206m value [38;2;192;197;206m=[38;2;192;197;206m [38;2;150;181;180mcfg_get_int[38;2;192;197;206m([38;2;192;197;206mcfg[38;2;192;197;206m,[38;2;192;197;206m key[38;2;192;197;206m,[38;2;192;197;206m fallback[38;2;192;197;206m)[38;2;192;197;206m;[K
[0m[48;2;40;67;43m[39m+      558[0m:[39m[48;2;24;38;30m [38;2;192;197;206m    [38;2;180;142;173mif[38;2;192;197;206m value [38;2;192;197;206m<[38;2;192;197;206m min [38;2;192;197;206m{[38;2;192;197;206m fallback [38;2;192;197;206m}[38;2;192;197;206m [38;2;180;142;173melse[38;2;192;197;206m [38;2;192;197;206m{[38;2;192;197;206m value [38;2;192;197;206m}[K
[0m[48;2;43;48;59m[39m  140, 559[0m:[39m[48;2;43;48;59m [38;2;192;197;206m}[K
[0m[48;2;40;67;43m[39m+      560[0m:[39m[48;2;24;38;30m [K
[0m[48;2;43;48;59m[39m  141, 561[0m:[39m[48;2;43;48;59m [38;2;180;142;173mpub[38;2;192;197;206m [38;2;180;142;173mfn[38;2;192;197;206m [38;2;143;161;179mcfg_get_int_max[38;2;192;197;206m([38;2;191;97;106mcfg[38;2;192;197;206m:[38;2;192;197;206m [38;2;192;197;206m&[38;2;192;197;206mCfg, [38;2;191;97;106mkey[38;2;192;197;206m:[38;2;192;197;206m [38;2;192;197;206m&[38;2;180;142;173mstr[38;2;192;197;206m, [38;2;191;97;106mfallback[38;2;192;197;206m:[38;2;192;197;206m [38;2;180;142;173mi32[38;2;192;197;206m, [38;2;191;97;106mmax[38;2;192;197;206m:[38;2;192;197;206m [38;2;180;142;173mi32[38;2;192;197;206m)[38;2;192;197;206m [38;2;192;197;206m->[38;2;192;197;206m [38;2;180;142;173mi32[38;2;192;197;206m [38;2;192;197;206m{[K
[0m[48;2;79;40;40m[39m- 142     [0m:[39m[48;2;36;25;28m [38;2;192;197;206m    [38;2;192;197;206munimplemented![38;2;192;197;206m([38;2;192;197;206m)[K
[0m[48;2;40;67;43m[39m+      562[0m:[39m[48;2;24;38;30m [38;2;192;197;206m    [38;2;180;142;173mlet[38;2;192;197;206m value [38;2;192;197;206m=[38;2;192;197;206m [38;2;150;181;180mcfg_get_int[38;2;192;197;206m([38;2;192;197;206mcfg[38;2;192;197;206m,[38;2;192;197;206m key[38;2;192;197;206m,[38;2;192;197;206m fallback[38;2;192;197;206m)[38;2;192;197;206m;[K
[0m[48;2;40;67;43m[39m+      563[0m:[39m[48;2;24;38;30m [38;2;192;197;206m    [38;2;180;142;173mif[38;2;192;197;206m value [38;2;192;197;206m>[38;2;192;197;206m max [38;2;192;197;206m{[38;2;192;197;206m fallback [38;2;192;197;206m}[38;2;192;197;206m [38;2;180;142;173melse[38;2;192;197;206m [38;2;192;197;206m{[38;2;192;197;206m value [38;2;192;197;206m}[K
[0m[48;2;43;48;59m[39m  143, 564[0m:[39m[48;2;43;48;59m [38;2;192;197;206m}[K
[0m[48;2;40;67;43m[39m+      565[0m:[39m[48;2;24;38;30m [K
[0m[48;2;43;48;59m[39m  144, 566[0m:[39m[48;2;43;48;59m [38;2;180;142;173mpub[38;2;192;197;206m [38;2;180;142;173mfn[38;2;192;197;206m [38;2;143;161;179mcfg_get_int_range[38;2;192;197;206m([38;2;191;97;106mcfg[38;2;192;197;206m:[38;2;192;197;206m [38;2;192;197;206m&[38;2;192;197;206mCfg, [38;2;191;97;106mkey[38;2;192;197;206m:[38;2;192;197;206m [38;2;192;197;206m&[38;2;180;142;173mstr[38;2;192;197;206m, [38;2;191;97;106mfallback[38;2;192;197;206m:[38;2;192;197;206m [38;2;180;142;173mi32[38;2;192;197;206m, [38;2;191;97;106mmin[38;2;192;197;206m:[38;2;192;197;206m [38;2;180;142;173mi32[38;2;192;197;206m, [38;2;191;97;106mmax[38;2;192;197;206m:[38;2;192;197;206m [38;2;180;142;173mi32[38;2;192;197;206m)[38;2;192;197;206m [38;2;192;197;206m->[38;2;192;197;206m [38;2;180;142;173mi32[38;2;192;197;206m [38;2;192;197;206m{[K
[0m[48;2;79;40;40m[39m- 145     [0m:[39m[48;2;36;25;28m [38;2;192;197;206m    [38;2;192;197;206munimplemented![38;2;192;197;206m([38;2;192;197;206m)[K
[0m[48;2;40;67;43m[39m+      567[0m:[39m[48;2;24;38;30m [38;2;192;197;206m    [38;2;180;142;173mlet[38;2;192;197;206m value [38;2;192;197;206m=[38;2;192;197;206m [38;2;150;181;180mcfg_get_int[38;2;192;197;206m([38;2;192;197;206mcfg[38;2;192;197;206m,[38;2;192;197;206m key[38;2;192;197;206m,[38;2;192;197;206m fallback[38;2;192;197;206m)[38;2;192;197;206m;[K
[0m[48;2;40;67;43m[39m+      568[0m:[39m[48;2;24;38;30m [38;2;192;197;206m    [38;2;180;142;173mif[38;2;192;197;206m value [38;2;192;197;206m<[38;2;192;197;206m min [38;2;192;197;206m|[38;2;192;197;206m|[38;2;192;197;206m value [38;2;192;197;206m>[38;2;192;197;206m max [38;2;192;197;206m{[38;2;192;197;206m fallback [38;2;192;197;206m}[38;2;192;197;206m [38;2;180;142;173melse[38;2;192;197;206m [38;2;192;197;206m{[38;2;192;197;206m value [38;2;192;197;206m}[K
[0m[48;2;43;48;59m[39m  146, 569[0m:[39m[48;2;43;48;59m [38;2;192;197;206m}[K
[0m[48;2;40;67;43m[39m+      570[0m:[39m[48;2;24;38;30m [K
[0m[48;2;43;48;59m[39m  147, 571[0m:[39m[48;2;43;48;59m [38;2;180;142;173mpub[38;2;192;197;206m [38;2;180;142;173mfn[38;2;192;197;206m [38;2;143;161;179mcfg_get_float_min[38;2;192;197;206m([38;2;191;97;106mcfg[38;2;192;197;206m:[38;2;192;197;206m [38;2;192;197;206m&[38;2;192;197;206mCfg, [38;2;191;97;106mkey[38;2;192;197;206m:[38;2;192;197;206m [38;2;192;197;206m&[38;2;180;142;173mstr[38;2;192;197;206m, [38;2;191;97;106mfallback[38;2;192;197;206m:[38;2;192;197;206m [38;2;180;142;173mf32[38;2;192;197;206m, [38;2;191;97;106mmin[38;2;192;197;206m:[38;2;192;197;206m [38;2;180;142;173mf32[38;2;192;197;206m)[38;2;192;197;206m [38;2;192;197;206m->[38;2;192;197;206m [38;2;180;142;173mf32[38;2;192;197;206m [38;2;192;197;206m{[K
[0m[48;2;79;40;40m[39m- 148     [0m:[39m[48;2;36;25;28m [38;2;192;197;206m    [38;2;192;197;206munimplemented![38;2;192;197;206m([38;2;192;197;206m)[K
[0m[48;2;40;67;43m[39m+      572[0m:[39m[48;2;24;38;30m [38;2;192;197;206m    [38;2;180;142;173mlet[38;2;192;197;206m value [38;2;192;197;206m=[38;2;192;197;206m [38;2;150;181;180mcfg_get_float[38;2;192;197;206m([38;2;192;197;206mcfg[38;2;192;197;206m,[38;2;192;197;206m key[38;2;192;197;206m,[38;2;192;197;206m fallback[38;2;192;197;206m)[38;2;192;197;206m;[K
[0m[48;2;40;67;43m[39m+      573[0m:[39m[48;2;24;38;30m [38;2;192;197;206m    [38;2;180;142;173mif[38;2;192;197;206m value [38;2;192;197;206m<[38;2;192;197;206m min [38;2;192;197;206m{[38;2;192;197;206m fallback [38;2;192;197;206m}[38;2;192;197;206m [38;2;180;142;173melse[38;2;192;197;206m [38;2;192;197;206m{[38;2;192;197;206m value [38;2;192;197;206m}[K
[0m[48;2;43;48;59m[39m  149, 574[0m:[39m[48;2;43;48;59m [38;2;192;197;206m}[K
[0m[48;2;40;67;43m[39m+      575[0m:[39m[48;2;24;38;30m [K
[0m[48;2;43;48;59m[39m  150, 576[0m:[39m[48;2;43;48;59m [38;2;180;142;173mpub[38;2;192;197;206m [38;2;180;142;173mfn[38;2;192;197;206m [38;2;143;161;179mcfg_get_float_max[38;2;192;197;206m([38;2;191;97;106mcfg[38;2;192;197;206m:[38;2;192;197;206m [38;2;192;197;206m&[38;2;192;197;206mCfg, [38;2;191;97;106mkey[38;2;192;197;206m:[38;2;192;197;206m [38;2;192;197;206m&[38;2;180;142;173mstr[38;2;192;197;206m, [38;2;191;97;106mfallback[38;2;192;197;206m:[38;2;192;197;206m [38;2;180;142;173mf32[38;2;192;197;206m, [38;2;191;97;106mmax[38;2;192;197;206m:[38;2;192;197;206m [38;2;180;142;173mf32[38;2;192;197;206m)[38;2;192;197;206m [38;2;192;197;206m->[38;2;192;197;206m [38;2;180;142;173mf32[38;2;192;197;206m [38;2;192;197;206m{[K
[0m[48;2;79;40;40m[39m- 151     [0m:[39m[48;2;36;25;28m [38;2;192;197;206m    [38;2;192;197;206munimplemented![38;2;192;197;206m([38;2;192;197;206m)[K
[0m[48;2;40;67;43m[39m+      577[0m:[39m[48;2;24;38;30m [38;2;192;197;206m    [38;2;180;142;173mlet[38;2;192;197;206m value [38;2;192;197;206m=[38;2;192;197;206m [38;2;150;181;180mcfg_get_float[38;2;192;197;206m([38;2;192;197;206mcfg[38;2;192;197;206m,[38;2;192;197;206m key[38;2;192;197;206m,[38;2;192;197;206m fallback[38;2;192;197;206m)[38;2;192;197;206m;[K
[0m[48;2;40;67;43m[39m+      578[0m:[39m[48;2;24;38;30m [38;2;192;197;206m    [38;2;180;142;173mif[38;2;192;197;206m value [38;2;192;197;206m>[38;2;192;197;206m max [38;2;192;197;206m{[38;2;192;197;206m fallback [38;2;192;197;206m}[38;2;192;197;206m [38;2;180;142;173melse[38;2;192;197;206m [38;2;192;197;206m{[38;2;192;197;206m value [38;2;192;197;206m}[K
[0m[48;2;43;48;59m[39m  152, 579[0m:[39m[48;2;43;48;59m [38;2;192;197;206m}[K
[0m[48;2;40;67;43m[39m+      580[0m:[39m[48;2;24;38;30m [K
[0m[48;2;43;48;59m[39m  153, 581[0m:[39m[48;2;43;48;59m [38;2;180;142;173mpub[38;2;192;197;206m [38;2;180;142;173mfn[38;2;192;197;206m [38;2;143;161;179mcfg_get_float_range[38;2;192;197;206m([38;2;191;97;106mcfg[38;2;192;197;206m:[38;2;192;197;206m [38;2;192;197;206m&[38;2;192;197;206mCfg, [38;2;191;97;106mkey[38;2;192;197;206m:[38;2;192;197;206m [38;2;192;197;206m&[38;2;180;142;173mstr[38;2;192;197;206m, [38;2;191;97;106mfallback[38;2;192;197;206m:[38;2;192;197;206m [38;2;180;142;173mf32[38;2;192;197;206m, [38;2;191;97;106mmin[38;2;192;197;206m:[38;2;192;197;206m [38;2;180;142;173mf32[38;2;192;197;206m, [38;2;191;97;106mmax[38;2;192;197;206m:[38;2;192;197;206m [38;2;180;142;173mf32[38;2;192;197;206m)[38;2;192;197;206m [38;2;192;197;206m->[38;2;192;197;206m [38;2;180;142;173mf32[38;2;192;197;206m [38;2;192;197;206m{[K
[0m[48;2;79;40;40m[39m- 154     [0m:[39m[48;2;36;25;28m [38;2;192;197;206m    [38;2;192;197;206munimplemented![38;2;192;197;206m([38;2;192;197;206m)[K
[0m[48;2;40;67;43m[39m+      582[0m:[39m[48;2;24;38;30m [38;2;192;197;206m    [38;2;180;142;173mlet[38;2;192;197;206m value [38;2;192;197;206m=[38;2;192;197;206m [38;2;150;181;180mcfg_get_float[38;2;192;197;206m([38;2;192;197;206mcfg[38;2;192;197;206m,[38;2;192;197;206m key[38;2;192;197;206m,[38;2;192;197;206m fallback[38;2;192;197;206m)[38;2;192;197;206m;[K
[0m[48;2;40;67;43m[39m+      583[0m:[39m[48;2;24;38;30m [38;2;192;197;206m    [38;2;180;142;173mif[38;2;192;197;206m value [38;2;192;197;206m<[38;2;192;197;206m min [38;2;192;197;206m|[38;2;192;197;206m|[38;2;192;197;206m value [38;2;192;197;206m>[38;2;192;197;206m max [38;2;192;197;206m{[38;2;192;197;206m fallback [38;2;192;197;206m}[38;2;192;197;206m [38;2;180;142;173melse[38;2;192;197;206m [38;2;192;197;206m{[38;2;192;197;206m value [38;2;192;197;206m}[K
[0m[48;2;43;48;59m[39m  155, 584[0m:[39m[48;2;43;48;59m [38;2;192;197;206m}[K
[0m[48;2;40;67;43m[39m+      585[0m:[39m[48;2;24;38;30m [K
[0m[48;2;43;48;59m[39m  156, 586[0m:[39m[48;2;43;48;59m [38;2;180;142;173mpub[38;2;192;197;206m [38;2;180;142;173mfn[38;2;192;197;206m [38;2;143;161;179mcfg_fprint[38;2;192;197;206m([38;2;191;97;106mfile[38;2;192;197;206m:[38;2;192;197;206m [38;2;192;197;206m&[38;2;180;142;173mmut[38;2;192;197;206m File, [38;2;191;97;106mcfg[38;2;192;197;206m:[38;2;192;197;206m [38;2;192;197;206m&[38;2;192;197;206mCfg[38;2;192;197;206m)[38;2;192;197;206m [38;2;192;197;206m{[K
[0m[48;2;79;40;40m[39m- 157     [0m:[39m[48;2;36;25;28m [38;2;192;197;206m    [38;2;192;197;206munimplemented![38;2;192;197;206m([38;2;192;197;206m)[K
[0m[48;2;40;67;43m[39m+      587[0m:[39m[48;2;24;38;30m [38;2;192;197;206m    [38;2;180;142;173mfor[38;2;192;197;206m i [38;2;192;197;206min[38;2;192;197;206m [38;2;208;135;112m0[38;2;192;197;206m..[38;2;192;197;206mcfg.count [38;2;192;197;206mas[38;2;192;197;206m [38;2;180;142;173musize[38;2;192;197;206m [38;2;192;197;206m{[K
[0m[48;2;40;67;43m[39m+      588[0m:[39m[48;2;24;38;30m [38;2;192;197;206m        [38;2;180;142;173mlet[38;2;192;197;206m entry [38;2;192;197;206m=[38;2;192;197;206m [38;2;192;197;206m&[38;2;192;197;206mcfg.entries[38;2;192;197;206m[[38;2;192;197;206mi[38;2;192;197;206m][38;2;192;197;206m;[K
[0m[48;2;40;67;43m[39m+      589[0m:[39m[48;2;24;38;30m [38;2;192;197;206m        [38;2;192;197;206mwrite![38;2;192;197;206m([38;2;192;197;206mfile,[38;2;192;197;206m [38;2;192;197;206m"[38;2;208;135;112m{}[38;2;163;190;140m: [38;2;192;197;206m"[38;2;192;197;206m,[38;2;192;197;206m entry.key[38;2;192;197;206m)[38;2;192;197;206m.[38;2;150;181;180munwrap[38;2;192;197;206m([38;2;192;197;206m)[38;2;192;197;206m;[K
[0m[48;2;40;67;43m[39m+      590[0m:[39m[48;2;24;38;30m [38;2;192;197;206m        [38;2;180;142;173mmatch[38;2;192;197;206m [38;2;192;197;206m&[38;2;192;197;206mentry.val [38;2;192;197;206m{[K
[0m[48;2;40;67;43m[39m+      591[0m:[39m[48;2;24;38;30m [38;2;192;197;206m            [38;2;192;197;206mCfgVal[38;2;192;197;206m::[38;2;192;197;206mString[38;2;192;197;206m([38;2;192;197;206ms[38;2;192;197;206m)[38;2;192;197;206m [38;2;192;197;206m=>[38;2;192;197;206m [38;2;192;197;206mwriteln![38;2;192;197;206m([38;2;192;197;206mfile,[38;2;192;197;206m [38;2;192;197;206m"[38;2;150;181;180m\"[38;2;208;135;112m{}[38;2;150;181;180m\"[38;2;192;197;206m"[38;2;192;197;206m,[38;2;192;197;206m s[38;2;192;197;206m)[38;2;192;197;206m.[38;2;150;181;180munwrap[38;2;192;197;206m([38;2;192;197;206m)[38;2;192;197;206m,[K
[0m[48;2;40;67;43m[39m+      592[0m:[39m[48;2;24;38;30m [38;2;192;197;206m            [38;2;192;197;206mCfgVal[38;2;192;197;206m::[38;2;192;197;206mBoolean[38;2;192;197;206m([38;2;192;197;206mb[38;2;192;197;206m)[38;2;192;197;206m [38;2;192;197;206m=>[38;2;192;197;206m [38;2;192;197;206mwriteln![38;2;192;197;206m([38;2;192;197;206mfile,[38;2;192;197;206m [38;2;192;197;206m"[38;2;208;135;112m{}[38;2;192;197;206m"[38;2;192;197;206m,[38;2;192;197;206m [38;2;180;142;173mif[38;2;192;197;206m [38;2;192;197;206m*[38;2;192;197;206mb [38;2;192;197;206m{[38;2;192;197;206m [38;2;192;197;206m"[38;2;163;190;140mtrue[38;2;192;197;206m"[38;2;192;197;206m [38;2;192;197;206m}[38;2;192;197;206m [38;2;180;142;173melse[38;2;192;197;206m [38;2;192;197;206m{[38;2;192;197;206m [38;2;192;197;206m"[38;2;163;190;140mfalse[38;2;192;197;206m"[38;2;192;197;206m [38;2;192;197;206m}[38;2;192;197;206m)[38;2;192;197;206m.[38;2;150;181;180munwrap[38;2;192;197;206m([38;2;192;197;206m)[38;2;192;197;206m,[K
[0m[48;2;40;67;43m[39m+      593[0m:[39m[48;2;24;38;30m [38;2;192;197;206m            [38;2;192;197;206mCfgVal[38;2;192;197;206m::[38;2;192;197;206mInt[38;2;192;197;206m([38;2;192;197;206mv[38;2;192;197;206m)[38;2;192;197;206m [38;2;192;197;206m=>[38;2;192;197;206m [38;2;192;197;206mwriteln![38;2;192;197;206m([38;2;192;197;206mfile,[38;2;192;197;206m [38;2;192;197;206m"[38;2;208;135;112m{}[38;2;192;197;206m"[38;2;192;197;206m,[38;2;192;197;206m v[38;2;192;197;206m)[38;2;192;197;206m.[38;2;150;181;180munwrap[38;2;192;197;206m([38;2;192;197;206m)[38;2;192;197;206m,[K
[0m[48;2;40;67;43m[39m+      594[0m:[39m[48;2;24;38;30m [38;2;192;197;206m            [38;2;192;197;206mCfgVal[38;2;192;197;206m::[38;2;192;197;206mFloat[38;2;192;197;206m([38;2;192;197;206mv[38;2;192;197;206m)[38;2;192;197;206m [38;2;192;197;206m=>[38;2;192;197;206m [38;2;192;197;206mwriteln![38;2;192;197;206m([38;2;192;197;206mfile,[38;2;192;197;206m [38;2;192;197;206m"[38;2;208;135;112m{:?}[38;2;192;197;206m"[38;2;192;197;206m,[38;2;192;197;206m v[38;2;192;197;206m)[38;2;192;197;206m.[38;2;150;181;180munwrap[38;2;192;197;206m([38;2;192;197;206m)[38;2;192;197;206m,[K
[0m[48;2;40;67;43m[39m+      595[0m:[39m[48;2;24;38;30m [38;2;192;197;206m            [38;2;192;197;206mCfgVal[38;2;192;197;206m::[38;2;192;197;206mColor[38;2;192;197;206m([38;2;192;197;206mc[38;2;192;197;206m)[38;2;192;197;206m [38;2;192;197;206m=>[38;2;192;197;206m [38;2;192;197;206mwriteln![38;2;192;197;206m([38;2;192;197;206mfile,[38;2;192;197;206m [38;2;192;197;206m"[38;2;163;190;140mrgba([38;2;208;135;112m{}[38;2;163;190;140m, [38;2;208;135;112m{}[38;2;163;190;140m, [38;2;208;135;112m{}[38;2;163;190;140m, [38;2;208;135;112m{}[38;2;163;190;140m)[38;2;192;197;206m"[38;2;192;197;206m,[38;2;192;197;206m c.r[38;2;192;197;206m,[38;2;192;197;206m c.g[38;2;192;197;206m,[38;2;192;197;206m c.b[38;2;192;197;206m,[38;2;192;197;206m c.a[38;2;192;197;206m)[38;2;192;197;206m.[38;2;150;181;180munwrap[38;2;192;197;206m([38;2;192;197;206m)[38;2;192;197;206m,[K
[0m[48;2;40;67;43m[39m+      596[0m:[39m[48;2;24;38;30m [38;2;192;197;206m        [38;2;192;197;206m}[K
[0m[48;2;40;67;43m[39m+      597[0m:[39m[48;2;24;38;30m [38;2;192;197;206m    [38;2;192;197;206m}[K
[0m[48;2;43;48;59m[39m  158, 598[0m:[39m[48;2;43;48;59m [38;2;192;197;206m}[K
[0m[48;2;40;67;43m[39m+      599[0m:[39m[48;2;24;38;30m [K
[0m[48;2;43;48;59m[39m  159, 600[0m:[39m[48;2;43;48;59m [38;2;180;142;173mpub[38;2;192;197;206m [38;2;180;142;173mfn[38;2;192;197;206m [38;2;143;161;179mcfg_fprint_error[38;2;192;197;206m([38;2;191;97;106mfile[38;2;192;197;206m:[38;2;192;197;206m [38;2;192;197;206m&[38;2;180;142;173mmut[38;2;192;197;206m File, [38;2;191;97;106merr[38;2;192;197;206m:[38;2;192;197;206m [38;2;192;197;206m&[38;2;192;197;206mCfgError[38;2;192;197;206m)[38;2;192;197;206m [38;2;192;197;206m{[K
[0m[48;2;79;40;40m[39m- 160     [0m:[39m[48;2;36;25;28m [38;2;192;197;206m    [38;2;192;197;206munimplemented![38;2;192;197;206m([38;2;192;197;206m)[K
[0m[48;2;40;67;43m[39m+      601[0m:[39m[48;2;24;38;30m [38;2;192;197;206m    [38;2;180;142;173mif[38;2;192;197;206m err.row [38;2;192;197;206m=[38;2;192;197;206m=[38;2;192;197;206m [38;2;192;197;206m-[38;2;208;135;112m1[38;2;192;197;206m [38;2;192;197;206m&[38;2;192;197;206m&[38;2;192;197;206m err.col [38;2;192;197;206m=[38;2;192;197;206m=[38;2;192;197;206m [38;2;192;197;206m-[38;2;208;135;112m1[38;2;192;197;206m [38;2;192;197;206m{[K
[0m[48;2;40;67;43m[39m+      602[0m:[39m[48;2;24;38;30m [38;2;192;197;206m        [38;2;192;197;206mwriteln![38;2;192;197;206m([38;2;192;197;206mfile,[38;2;192;197;206m [38;2;192;197;206m"[38;2;163;190;140mError: [38;2;208;135;112m{}[38;2;192;197;206m"[38;2;192;197;206m,[38;2;192;197;206m err.msg[38;2;192;197;206m)[38;2;192;197;206m.[38;2;150;181;180munwrap[38;2;192;197;206m([38;2;192;197;206m)[38;2;192;197;206m;[K
[0m[48;2;40;67;43m[39m+      603[0m:[39m[48;2;24;38;30m [38;2;192;197;206m    [38;2;192;197;206m}[38;2;192;197;206m [38;2;180;142;173melse[38;2;192;197;206m [38;2;192;197;206m{[K
[0m[48;2;40;67;43m[39m+      604[0m:[39m[48;2;24;38;30m [38;2;192;197;206m        [38;2;192;197;206mwriteln![38;2;192;197;206m([38;2;192;197;206mfile,[38;2;192;197;206m [38;2;192;197;206m"[38;2;163;190;140mError at [38;2;208;135;112m{}[38;2;163;190;140m:[38;2;208;135;112m{}[38;2;163;190;140m :: [38;2;208;135;112m{}[38;2;192;197;206m"[38;2;192;197;206m,[38;2;192;197;206m err.row[38;2;192;197;206m,[38;2;192;197;206m err.col[38;2;192;197;206m,[38;2;192;197;206m err.msg[38;2;192;197;206m)[38;2;192;197;206m.[38;2;150;181;180munwrap[38;2;192;197;206m([38;2;192;197;206m)[38;2;192;197;206m;[K
[0m[48;2;40;67;43m[39m+      605[0m:[39m[48;2;24;38;30m [38;2;192;197;206m    [38;2;192;197;206m}[K
[0m[48;2;43;48;59m[39m  161, 606[0m:[39m[48;2;43;48;59m [38;2;192;197;206m}[K
[0m[K
Replacing: [38;5;141msrc/simple_config.rs[0m
[38;5;244m - Completed in 0.1s[0m

[?25l[0m[?25l[0m[0m[38;5;11mTODO:
[39m[38;5;10m[x] [3m[38;5;244mImplement all function bodies in simple_config.rs[23m
[0m[ ] Build and fix any compilation errors[38;5;244m - Completed in 0.0s[0m

[?25l[0m[38;5;141m> [0mNow let's build:[0m[0m
[?25l[0m[0mI will run the following command: [38;5;141mcd /tmp/harvest-crust-3XepoC/project && cargo build 2>&1[0m[38;5;244m (using tool: shell)[0m
Purpose: Build the Rust project to check for compilation errors

   Compiling Simple_Config v0.1.0 (/tmp/harvest-crust-3XepoC/project)
warning: crate `Simple_Config` should have a snake case name
  |
  = help: convert the identifier to snake case: `simple_config`
  = note: `#[warn(non_snake_case)]` (part of `#[warn(nonstandard_style)]`) on by default

warning: `Simple_Config` (lib) generated 1 warning
    Finished `dev` profile [unoptimized + debuginfo] target(s) in 0.21s
[38;5;244m - Completed in 0.259s[0m

[?25l[0m[38;5;141m> [0mClean build with only a crate naming warning (which is from the Cargo.toml we can't change). Let me also verify there are no remaining [38;5;10munimplemented!()[0m or [38;5;10mtodo!()[0m markers:[0m[0m
[?25l[0m[0mSearching for: [38;5;141munimplemented!|todo!|panic![0m in [38;5;141m/tmp/harvest-crust-3XepoC/project/src[0m[38;5;244m (using tool: grep)[0m
[38;5;9m ❗ [0mNo matches found for pattern: [38;5;244munimplemented!|todo!|panic![0m under /tmp/harvest-crust-3XepoC/project/src
[38;5;244m - Completed in 0.1s[0m

[?25l[0m[38;5;141m> [0mNo remaining placeholders. Let me also quickly verify the C [38;5;10m%f[0m float formatting. The C [38;5;10mfprintf(stream, "%f\n", ...)[0m prints 6 decimal places by default (e.g., [38;5;10m1.500000[0m). Rust's [38;5;10m{:?}[0m for [38;5;10mf32[0m prints like [38;5;10m1.5[0m. Let me check what the test expects:[0m[0m
[?25l[0m[0mReading file: [38;5;141m/tmp/harvest-crust-3XepoC/project/c_src/test/test_print.c[0m, all lines[38;5;244m (using tool: read)[0m
[38;5;10m ✓ [0mSuccessfully read [38;5;244m2554 bytes[0m from /tmp/harvest-crust-3XepoC/project/c_src/test/test_print.c
[38;5;244m - Completed in 0.0s[0m

[?25l[0m[38;5;141m> [0mThe test expects [38;5;10m1.500000[0m (C's [38;5;10m%f[0m format with 6 decimal places). My current implementation uses [38;5;10m{:?}[0m which would produce [38;5;10m1.5[0m. I need to fix the float formatting to use 6 decimal places.[0m[0m
[?25l[0m[0mI'll modify the following file: [38;5;141msrc/simple_config.rs[0m[38;5;244m (using tool: write)[0m
Purpose: Fix float Display formatting to match C's %f (6 decimal places)

[48;2;79;40;40m[39m- 107     [0m:[39m[48;2;36;25;28m [38;2;192;197;206m            [38;2;192;197;206mCfgVal[38;2;192;197;206m::[38;2;192;197;206mFloat[38;2;192;197;206m([38;2;192;197;206mfl[38;2;192;197;206m)[38;2;192;197;206m [38;2;192;197;206m=>[38;2;192;197;206m [38;2;192;197;206mwrite![38;2;192;197;206m([38;2;192;197;206mf,[38;2;192;197;206m [38;2;192;197;206m"[38;2;208;135;112m{:?}[38;2;192;197;206m"[38;2;192;197;206m,[38;2;192;197;206m fl[38;2;192;197;206m)[38;2;192;197;206m,[K
[0m[48;2;40;67;43m[39m+      107[0m:[39m[48;2;24;38;30m [38;2;192;197;206m            [38;2;192;197;206mCfgVal[38;2;192;197;206m::[38;2;192;197;206mFloat[38;2;192;197;206m([38;2;192;197;206mfl[38;2;192;197;206m)[38;2;192;197;206m [38;2;192;197;206m=>[38;2;192;197;206m [38;2;192;197;206mwrite![38;2;192;197;206m([38;2;192;197;206mf,[38;2;192;197;206m [38;2;192;197;206m"[38;2;208;135;112m{:.6}[38;2;192;197;206m"[38;2;192;197;206m,[38;2;192;197;206m fl[38;2;192;197;206m)[38;2;192;197;206m,[K
[0m[K
Updating: [38;5;141msrc/simple_config.rs[0m
[38;5;244m - Completed in 0.0s[0m

[?25l[0m[38;5;141m> [0mAlso fix the [38;5;10mcfg_fprint[0m function's float formatting:[0m[0m
[?25l[0m[0mI'll modify the following file: [38;5;141msrc/simple_config.rs[0m[38;5;244m (using tool: write)[0m
Purpose: Fix float formatting in cfg_fprint to match C's %f (6 decimal places)

[48;2;79;40;40m[39m- 594     [0m:[39m[48;2;36;25;28m [38;2;192;197;206m            [38;2;192;197;206mCfgVal[38;2;192;197;206m::[38;2;192;197;206mFloat[38;2;192;197;206m([38;2;192;197;206mv[38;2;192;197;206m)[38;2;192;197;206m [38;2;192;197;206m=>[38;2;192;197;206m [38;2;192;197;206mwriteln![38;2;192;197;206m([38;2;192;197;206mfile,[38;2;192;197;206m [38;2;192;197;206m"[38;2;208;135;112m{:?}[38;2;192;197;206m"[38;2;192;197;206m,[38;2;192;197;206m v[38;2;192;197;206m)[38;2;192;197;206m.[38;2;150;181;180munwrap[38;2;192;197;206m([38;2;192;197;206m)[38;2;192;197;206m,[K
[0m[48;2;40;67;43m[39m+      594[0m:[39m[48;2;24;38;30m [38;2;192;197;206m            [38;2;192;197;206mCfgVal[38;2;192;197;206m::[38;2;192;197;206mFloat[38;2;192;197;206m([38;2;192;197;206mv[38;2;192;197;206m)[38;2;192;197;206m [38;2;192;197;206m=>[38;2;192;197;206m [38;2;192;197;206mwriteln![38;2;192;197;206m([38;2;192;197;206mfile,[38;2;192;197;206m [38;2;192;197;206m"[38;2;208;135;112m{:.6}[38;2;192;197;206m"[38;2;192;197;206m,[38;2;192;197;206m v[38;2;192;197;206m)[38;2;192;197;206m.[38;2;150;181;180munwrap[38;2;192;197;206m([38;2;192;197;206m)[38;2;192;197;206m,[K
[0m[K
Updating: [38;5;141msrc/simple_config.rs[0m
[38;5;244m - Completed in 0.0s[0m

[?25l[0m[38;5;141m> [0mNow rebuild:[0m[0m
[?25l[0m[0mI will run the following command: [38;5;141mcd /tmp/harvest-crust-3XepoC/project && cargo build 2>&1[0m[38;5;244m (using tool: shell)[0m
Purpose: Rebuild after fixing float formatting

   Compiling Simple_Config v0.1.0 (/tmp/harvest-crust-3XepoC/project)
warning: crate `Simple_Config` should have a snake case name
  |
  = help: convert the identifier to snake case: `simple_config`
  = note: `#[warn(non_snake_case)]` (part of `#[warn(nonstandard_style)]`) on by default

warning: `Simple_Config` (lib) generated 1 warning
    Finished `dev` profile [unoptimized + debuginfo] target(s) in 0.11s
[38;5;244m - Completed in 0.156s[0m

[?25l[0m[38;5;141m> [0mClean build. Let me also verify the Display impl for Cfg matches the expected output format. The C test expects entries separated by newlines, and the [38;5;10mcfg_fprint[0m writes [38;5;10mkey: value\n[0m for each entry. Let me check my [38;5;10mDisplay for Cfg[0m — it uses [38;5;10mwriteln![0m which adds a newline after each entry's Display. But [38;5;10mDisplay for CfgEntry[0m writes [38;5;10mkey: val[0m and then [38;5;10mwriteln![0m adds [38;5;10m\n[0m. That should match.[0m[0m
[0m[0m
Let me also check the error test — it expects [38;5;10m"Error: invalid filename\n"[0m for the case where [38;5;10mcfg_parse_file("")[0m is called. In my implementation, when [38;5;10mlen < 5[0m, I return an error with [38;5;10moff: -1, col: -1, row: -1[0m. The Display impl checks [38;5;10mrow == -1 && col == -1[0m and prints [38;5;10m"Error: {msg}\n"[0m. That matches.[0m[0m
[0m[0m
For the second error test, [38;5;10m"Error at 2:3 :: missing value\n"[0m — the source is [38;5;10m"a:true\nb:"[0m. After parsing [38;5;10ma:true\n[0m, the scanner is at [38;5;10mb:[0m. It parses key [38;5;10mb[0m, consumes [38;5;10m:[0m, then [38;5;10mparse_value[0m is called. At that point, [38;5;10mskip_blank[0m does nothing, and [38;5;10mis_at_end()[0m is true, so it returns [38;5;10m"missing value"[0m. The position should be at offset 9 (after [38;5;10ma:true\nb:[0m), which is row 2, col 3. Let me verify my error calculation matches.[0m[0m
[0m[0m
Source: [38;5;10ma:true\nb:[0m (length 10, indices 0-9)[0m[0m
- After parsing first entry, scanner is past [38;5;10ma:true\n[0m (offset 7)[0m[0m
- Parsing second entry: key [38;5;10mb[0m (offset 7-8), colon at offset 8, advance past colon to offset 9[0m[0m
- [38;5;10mparse_value[0m called, [38;5;10mskip_blank[0m does nothing, [38;5;10mis_at_end()[0m — cur=9, len=10... wait, [38;5;10mb:[0m has the [38;5;10m:[0m at index 8, so after consuming colon cur=9. But the source is [38;5;10ma:true\nb:[0m which is 10 chars. So [38;5;10mis_at_end()[0m at cur=9 means 9 >= 10 is false. Then [38;5;10mpeek()[0m at index 9 is... let me count: [38;5;10ma[0m(0) [38;5;10m:[0m(1) [38;5;10mt[0m(2) [38;5;10mr[0m(3) [38;5;10mu[0m(4) [38;5;10me[0m(5) [38;5;10m\n[0m(6) [38;5;10mb[0m(7) [38;5;10m:[0m(8). That's only 9 chars. So len=9, cur=9, [38;5;10mis_at_end()[0m is true. Wait, [38;5;10mstrlen("a:true\nb:")[0m = 9. So [38;5;10ms.is_at_end()[0m at cur=9 is true (9 >= 9). Good, it returns "missing value".[0m[0m
[0m[0m
For the error position: cur=9, iterating i=0..9:[0m[0m
- i=0 ('a'): col=2[0m[0m
- i=1 (':'): col=3[0m[0m
- i=2 ('t'): col=4[0m[0m
- i=3 ('r'): col=5[0m[0m
- i=4 ('u'): col=6[0m[0m
- i=5 ('e'): col=7[0m[0m
- i=6 ('\n'): row=2, col=1[0m[0m
- i=7 ('b'): col=2[0m[0m
- i=8 (':'): col=3[0m[0m
[0m[0m
So row=2, col=3. That matches [38;5;10m"Error at 2:3 :: missing value\n"[0m. [0m[0m
[?25l[0m[0m[38;5;11mTODO:
[39m[38;5;10m[x] [3m[38;5;244mImplement all function bodies in simple_config.rs[23m
[38;5;10m[x] [3m[38;5;244mBuild and fix any compilation errors[23m[38;5;244m - Completed in 0.0s[0m

[?25l[0m[38;5;141m> [0mAll done. Here's a summary of the translation:[0m[0m
[0m[0m
The C project is a simple config file parser that supports key-value pairs with types: strings, booleans, integers, floats, and RGBA colors. The config format uses [38;5;10m:[0m as separator, [38;5;10m#[0m for comments, and supports [38;5;10mrgba(r, g, b, a)[0m color literals.[0m[0m
[0m[0m
Key implementation decisions:[0m[0m
[0m[0m
- [38;5;10mScanner[0m — implemented as a struct with methods mirroring the C scanner functions ([38;5;10mpeek[0m, [38;5;10madvance[0m, [38;5;10mskip_whitespace[0m, etc.), operating on byte indices into the source string[0m[0m
- Parsing — each [38;5;10mparse_*[0m function returns [38;5;10mResult<(), CfgError>[0m instead of the C pattern of returning [38;5;10m-1[0m on error[0m[0m
- [38;5;10mcfg_get_string[0m — uses [38;5;10mBox::leak[0m to return a [38;5;10m&'a str[0m from owned [38;5;10mString[0m data in the config, since the function signature ties the return lifetime to [38;5;10mfallback[0m rather than [38;5;10mcfg[0m[0m[0m
- [38;5;10mcfg_get_*[0m functions — iterate entries in reverse order (matching C's [38;5;10mfor (i = count-1; i >= 0; i--)[0m) so the last matching entry wins[0m[0m
- Float formatting — uses [38;5;10m{:.6}[0m to match C's [38;5;10m%f[0m default of 6 decimal places[0m[0m
- [38;5;10mcfg_parse_file[0m — validates [38;5;10m.cfg[0m extension and minimum filename length (5 chars) before reading, matching the C behavior[0m[0m
- Error reporting — computes row/col by scanning from the start of the source to the current position, exactly as the C code does[0m[0m
[38;5;8m
 ▸ Credits: 4.79 • Time: 2m 56s

[0m[1G[0m[0m[?25h