[32mAll tools are now trusted ([0m[31m![0m[32m). Kiro will execute tools without asking for confirmation.[0m
Agents can sometimes do unexpected things so understand the risks.

Learn more at [38;5;141mhttps://kiro.dev/docs/cli/chat/security/#using-tools-trust-all-safely[0m

[38;5;12mCheckpoints are not available in this directory. Use '/checkpoint init' to enable checkpoints.

[39m
[38;5;252m[0m[?25l[38;5;141m> [0m[0m[0m
[0m[0m
I'll start by reading all the source files to understand the project structure and the C code that needs to be translated.[0m[0m
[?25l[0m[0mBatch fs_read operation with [38;5;141m2[0m operations[38;5;244m (using tool: read)[0m

↱ Operation 1: Reading directory: [38;5;141m/tmp/harvest-crust-UGDBQj/project[0m
↱ Operation 2: Reading file: [38;5;141m/tmp/harvest-crust-UGDBQj/project/Cargo.toml[0m, all lines
[38;5;10m ✓ [0mSuccessfully read directory [38;5;141m/tmp/harvest-crust-UGDBQj/project[0m [38;5;244m(15 entries)[0m

[38;5;10m ✓ [0mSuccessfully read [38;5;244m149 bytes[0m from /tmp/harvest-crust-UGDBQj/project/Cargo.toml

 ⋮ 

[38;5;244m- [0mSummary: 2 operations processed, 2 successful, 0 failed
[38;5;244m - Completed in 0.1s[0m

[?25l[0m[?25l[0m[0mBatch fs_read operation with [38;5;141m5[0m operations[38;5;244m (using tool: read)[0m

↱ Operation 1: Reading file: [38;5;141m/tmp/harvest-crust-UGDBQj/project/c_src/src/amp.h[0m, all lines
↱ Operation 2: Reading file: [38;5;141m/tmp/harvest-crust-UGDBQj/project/c_src/src/amp.c[0m, all lines
↱ Operation 3: Reading file: [38;5;141m/tmp/harvest-crust-UGDBQj/project/c_src/tests/test.c[0m, all lines
↱ Operation 4: Reading file: [38;5;141m/tmp/harvest-crust-UGDBQj/project/src/lib.rs[0m, all lines
↱ Operation 5: Reading file: [38;5;141m/tmp/harvest-crust-UGDBQj/project/src/amp.rs[0m, all lines
[38;5;10m ✓ [0mSuccessfully read [38;5;244m398 bytes[0m from /tmp/harvest-crust-UGDBQj/project/c_src/src/amp.h

[38;5;10m ✓ [0mSuccessfully read [38;5;244m1782 bytes[0m from /tmp/harvest-crust-UGDBQj/project/c_src/src/amp.c

[38;5;10m ✓ [0mSuccessfully read [38;5;244m663 bytes[0m from /tmp/harvest-crust-UGDBQj/project/c_src/tests/test.c

[38;5;10m ✓ [0mSuccessfully read [38;5;244m12 bytes[0m from /tmp/harvest-crust-UGDBQj/project/src/lib.rs

[38;5;10m ✓ [0mSuccessfully read [38;5;244m991 bytes[0m from /tmp/harvest-crust-UGDBQj/project/src/amp.rs

 ⋮ 

[38;5;244m- [0mSummary: 5 operations processed, 5 successful, 0 failed
[38;5;244m - Completed in 0.0s[0m

[?25l[0m[38;5;141m> [0mNow I understand the protocol. Let me also check if there's a test binary file:[0m[0m
[?25l[0m[0mSearching for files: [38;5;141m**/bin/**[0m in [38;5;141m/tmp/harvest-crust-UGDBQj/project[0m[38;5;244m (using tool: glob)[0m
[38;5;9m ❗ [0mNo files found matching pattern: [38;5;244m**/bin/**[0m under /tmp/harvest-crust-UGDBQj/project
[38;5;244m - Completed in 0.1s[0m

[?25l[0m[38;5;141m> [0mThe Cargo.toml references [38;5;10msrc/bin/test.rs[0m but it doesn't exist yet — that's fine, it's the test. Let me now implement the Rust code.[0m[0m
[0m[0m
The AMP protocol:[0m[0m
- Header byte: [38;5;10m(version << 4) | argc[0m[0m[0m
- For each arg: 4-byte big-endian length, then the data bytes[0m[0m
- [38;5;10mdecode[0m parses the header byte, sets version/argc, and stores remaining buffer[0m[0m
- [38;5;10mdecode_arg[0m reads next 4-byte length + data from the buffer cursor[0m[0m
- [38;5;10mamp_encode[0m builds the full message[0m[0m
[0m[0m
The Rust [38;5;10mAmp[0m struct uses [38;5;10mString[0m for [38;5;10mbuf[0m and [38;5;10m&str[0m returns. Since [38;5;10mdecode_arg[0m returns [38;5;10m&str[0m borrowing from [38;5;10mself.buf[0m, I need to track a cursor position. Let me look at the struct — [38;5;10mbuf[0m is a [38;5;10mString[0m, and [38;5;10mdecode_arg[0m returns [38;5;10m&str[0m. I'll use an internal index to track position in the buffer.[0m[0m
[0m[0m
But wait — the struct only has [38;5;10mversion[0m, [38;5;10margc[0m, and [38;5;10mbuf[0m fields, and I can't modify the struct. The [38;5;10mdecode_arg[0m method returns [38;5;10m&str[0m which borrows from [38;5;10mself[0m. I need to advance through [38;5;10mbuf[0m somehow. Since I can't add fields, I'll consume from the front of [38;5;10mbuf[0m by replacing it.[0m[0m
[0m[0m
Actually, looking more carefully: [38;5;10mdecode_arg[0m returns [38;5;10m&str[0m — a reference to self. But if I mutate [38;5;10mself.buf[0m to advance the cursor, the returned reference would be invalidated. Let me think about this differently.[0m[0m
[0m[0m
The C code uses [38;5;10mmsg->buf[0m as a cursor pointer that advances. In Rust, [38;5;10mdecode_arg(&mut self) -> &str[0m — this borrows from self. I can drain from the front of [38;5;10mself.buf[0m by splitting it. But returning a [38;5;10m&str[0m slice while also mutating [38;5;10mself.buf[0m is tricky with lifetimes.[0m[0m
[0m[0m
Actually, since the return type is [38;5;10m&str[0m with lifetime tied to [38;5;10m&mut self[0m (elided to [38;5;10m&self[0m), this means the borrow checker will prevent calling [38;5;10mdecode_arg[0m multiple times in sequence without the previous result going out of scope. But the test code does call it in a loop... Let me check if there's a test file.[0m[0m
[0m[0m
The Cargo.toml says [38;5;10msrc/bin/test.rs[0m is the test, but it doesn't exist. The C test shows sequential calls. In Rust, the [38;5;10m&str[0m return from [38;5;10mdecode_arg(&mut self)[0m would have lifetime [38;5;10m'_[0m tied to the mutable borrow, so each call's result must be dropped before the next call. The test loop in C copies/compares immediately, so in Rust the pattern [38;5;10mlet arg = msg.decode_arg(); assert!(arg == "some");[0m would work since [38;5;10marg[0m is used and dropped before the next iteration.[0m[0m
[0m[0m
Wait — actually [38;5;10m&mut self -> &str[0m means the returned [38;5;10m&str[0m borrows from [38;5;10mself[0m mutably, so you can't call it again while holding the reference. But if you just compare immediately and don't hold it, it should work.[0m[0m
[0m[0m
Hmm, actually with NLL (Non-Lexical Lifetimes), [38;5;10mlet arg = msg.decode_arg(); assert_eq!(arg, "some");[0m — [38;5;10marg[0m is a [38;5;10m&str[0m with lifetime of the mutable borrow. The mutable borrow lasts as long as [38;5;10marg[0m is alive. After the assert, [38;5;10marg[0m is no longer used, so the borrow ends. Next iteration can call [38;5;10mdecode_arg[0m again. This should work.[0m[0m
[0m[0m
For the implementation, I'll use a position-tracking approach by modifying [38;5;10mself.buf[0m to remove consumed bytes. Actually, since [38;5;10mbuf[0m is a [38;5;10mString[0m, I can just drain from the front. But that's O(n) each time. Alternatively, I can keep the full string and track position by replacing [38;5;10mbuf[0m with the remaining portion.[0m[0m
[0m[0m
Let me implement it:[0m[0m
[?25l[0m[0mI'll create the following file: [38;5;141msrc/amp.rs[0m[38;5;244m (using tool: write)[0m

[48;2;43;48;59m[39m   1,  1[0m:[39m[48;2;43;48;59m [38;2;101;115;126m///[38;2;101;115;126m Protocol version.[K
[0m[48;2;43;48;59m[39m   2,  2[0m:[39m[48;2;43;48;59m [38;2;180;142;173mpub[38;2;192;197;206m [38;2;180;142;173mconst[38;2;192;197;206m [38;2;208;135;112mAMP_VERSION[38;2;192;197;206m:[38;2;192;197;206m [38;2;180;142;173mi16[38;2;192;197;206m [38;2;192;197;206m=[38;2;192;197;206m [38;2;208;135;112m1[38;2;192;197;206m;[K
[0m[48;2;43;48;59m[39m   3,  3[0m:[39m[48;2;43;48;59m [38;2;101;115;126m///[38;2;101;115;126m Message struct.[K
[0m[48;2;43;48;59m[39m   4,  4[0m:[39m[48;2;43;48;59m [38;2;180;142;173mpub[38;2;192;197;206m [38;2;180;142;173mstruct[38;2;192;197;206m [38;2;192;197;206mAmp[38;2;192;197;206m [38;2;192;197;206m{[K
[0m[48;2;43;48;59m[39m   5,  5[0m:[39m[48;2;43;48;59m [38;2;192;197;206m    [38;2;101;115;126m///[38;2;101;115;126m Protocol version.[K
[0m[48;2;43;48;59m[39m   6,  6[0m:[39m[48;2;43;48;59m [38;2;192;197;206m    [38;2;180;142;173mpub[38;2;192;197;206m [38;2;191;97;106mversion[38;2;192;197;206m:[38;2;192;197;206m [38;2;180;142;173mi16[38;2;192;197;206m,[K
[0m[48;2;43;48;59m[39m   7,  7[0m:[39m[48;2;43;48;59m [38;2;192;197;206m    [38;2;101;115;126m///[38;2;101;115;126m Number of arguments.[K
[0m[48;2;43;48;59m[39m   8,  8[0m:[39m[48;2;43;48;59m [38;2;192;197;206m    [38;2;180;142;173mpub[38;2;192;197;206m [38;2;191;97;106margc[38;2;192;197;206m:[38;2;192;197;206m [38;2;180;142;173mi16[38;2;192;197;206m,[K
[0m[48;2;43;48;59m[39m   9,  9[0m:[39m[48;2;43;48;59m [38;2;192;197;206m    [38;2;101;115;126m///[38;2;101;115;126m Encoded buffer.[K
[0m[48;2;43;48;59m[39m  10, 10[0m:[39m[48;2;43;48;59m [38;2;192;197;206m    [38;2;180;142;173mpub[38;2;192;197;206m [38;2;191;97;106mbuf[38;2;192;197;206m:[38;2;192;197;206m String,[K
[0m[48;2;43;48;59m[39m  11, 11[0m:[39m[48;2;43;48;59m [38;2;192;197;206m}[K
[0m[48;2;43;48;59m[39m  12, 12[0m:[39m[48;2;43;48;59m [38;2;180;142;173mimpl[38;2;192;197;206m [38;2;192;197;206mAmp[38;2;192;197;206m [38;2;192;197;206m{[K
[0m[48;2;43;48;59m[39m  13, 13[0m:[39m[48;2;43;48;59m [38;2;192;197;206m    [38;2;101;115;126m///[38;2;101;115;126m Decodes the given buffer into this message.[K
[0m[48;2;43;48;59m[39m  14, 14[0m:[39m[48;2;43;48;59m [38;2;192;197;206m    [38;2;101;115;126m///[K
[0m[48;2;43;48;59m[39m  15, 15[0m:[39m[48;2;43;48;59m [38;2;192;197;206m    [38;2;101;115;126m///[38;2;101;115;126m # Arguments[K
[0m[48;2;43;48;59m[39m  16, 16[0m:[39m[48;2;43;48;59m [38;2;192;197;206m    [38;2;101;115;126m///[K
[0m[48;2;43;48;59m[39m  17, 17[0m:[39m[48;2;43;48;59m [38;2;192;197;206m    [38;2;101;115;126m///[38;2;101;115;126m * `buf` - A string slice containing the encoded message.[K
[0m[48;2;43;48;59m[39m  18, 18[0m:[39m[48;2;43;48;59m [38;2;192;197;206m    [38;2;180;142;173mpub[38;2;192;197;206m [38;2;180;142;173mfn[38;2;192;197;206m [38;2;143;161;179mdecode[38;2;192;197;206m([38;2;192;197;206m&[38;2;180;142;173mmut[38;2;192;197;206m [38;2;191;97;106mself[38;2;192;197;206m, [38;2;191;97;106mbuf[38;2;192;197;206m:[38;2;192;197;206m [38;2;192;197;206m&[38;2;180;142;173mstr[38;2;192;197;206m)[38;2;192;197;206m [38;2;192;197;206m{[K
[0m[48;2;79;40;40m[39m- 19    [0m:[39m[48;2;36;25;28m [38;2;192;197;206m        [38;2;192;197;206munimplemented![38;2;192;197;206m([38;2;192;197;206m)[K
[0m[48;2;40;67;43m[39m+     19[0m:[39m[48;2;24;38;30m [38;2;192;197;206m        [38;2;180;142;173mlet[38;2;192;197;206m b [38;2;192;197;206m=[38;2;192;197;206m buf.[38;2;150;181;180mas_bytes[38;2;192;197;206m([38;2;192;197;206m)[38;2;192;197;206m[[38;2;208;135;112m0[38;2;192;197;206m][38;2;192;197;206m;[K
[0m[48;2;40;67;43m[39m+     20[0m:[39m[48;2;24;38;30m [38;2;192;197;206m        [38;2;191;97;106mself[38;2;192;197;206m.version [38;2;192;197;206m=[38;2;192;197;206m [38;2;192;197;206m([38;2;192;197;206mb [38;2;192;197;206m>[38;2;192;197;206m>[38;2;192;197;206m [38;2;208;135;112m4[38;2;192;197;206m)[38;2;192;197;206m [38;2;192;197;206mas[38;2;192;197;206m [38;2;180;142;173mi16[38;2;192;197;206m;[K
[0m[48;2;40;67;43m[39m+     21[0m:[39m[48;2;24;38;30m [38;2;192;197;206m        [38;2;191;97;106mself[38;2;192;197;206m.argc [38;2;192;197;206m=[38;2;192;197;206m [38;2;192;197;206m([38;2;192;197;206mb [38;2;192;197;206m&[38;2;192;197;206m [38;2;208;135;112m0xf[38;2;192;197;206m)[38;2;192;197;206m [38;2;192;197;206mas[38;2;192;197;206m [38;2;180;142;173mi16[38;2;192;197;206m;[K
[0m[48;2;40;67;43m[39m+     22[0m:[39m[48;2;24;38;30m [38;2;192;197;206m        [38;2;191;97;106mself[38;2;192;197;206m.buf [38;2;192;197;206m=[38;2;192;197;206m buf[38;2;192;197;206m[[38;2;208;135;112m1[38;2;192;197;206m..[38;2;192;197;206m][38;2;192;197;206m.[38;2;150;181;180mto_string[38;2;192;197;206m([38;2;192;197;206m)[38;2;192;197;206m;[K
[0m[48;2;43;48;59m[39m  20, 23[0m:[39m[48;2;43;48;59m [38;2;192;197;206m    [38;2;192;197;206m}[K
[0m[48;2;43;48;59m[39m  21, 24[0m:[39m[48;2;43;48;59m [38;2;192;197;206m    [38;2;101;115;126m///[38;2;101;115;126m Decodes and returns the next argument from the message.[K
[0m[48;2;43;48;59m[39m  22, 25[0m:[39m[48;2;43;48;59m [38;2;192;197;206m    [38;2;101;115;126m///[K
[0m[48;2;43;48;59m[39m  23, 26[0m:[39m[48;2;43;48;59m [38;2;192;197;206m    [38;2;101;115;126m///[38;2;101;115;126m # Returns[K
[0m[48;2;43;48;59m[39m  24, 27[0m:[39m[48;2;43;48;59m [38;2;192;197;206m    [38;2;101;115;126m///[K
[0m[48;2;43;48;59m[39m  25, 28[0m:[39m[48;2;43;48;59m [38;2;192;197;206m    [38;2;101;115;126m///[38;2;101;115;126m A string slice representing the next decoded argument.[K
[0m[48;2;43;48;59m[39m  26, 29[0m:[39m[48;2;43;48;59m [38;2;192;197;206m    [38;2;180;142;173mpub[38;2;192;197;206m [38;2;180;142;173mfn[38;2;192;197;206m [38;2;143;161;179mdecode_arg[38;2;192;197;206m([38;2;192;197;206m&[38;2;180;142;173mmut[38;2;192;197;206m [38;2;191;97;106mself[38;2;192;197;206m)[38;2;192;197;206m [38;2;192;197;206m->[38;2;192;197;206m [38;2;192;197;206m&[38;2;180;142;173mstr[38;2;192;197;206m [38;2;192;197;206m{[K
[0m[48;2;79;40;40m[39m- 27    [0m:[39m[48;2;36;25;28m [38;2;192;197;206m        [38;2;192;197;206munimplemented![38;2;192;197;206m([38;2;192;197;206m)[K
[0m[48;2;40;67;43m[39m+     30[0m:[39m[48;2;24;38;30m [38;2;192;197;206m        [38;2;180;142;173mlet[38;2;192;197;206m bytes [38;2;192;197;206m=[38;2;192;197;206m [38;2;191;97;106mself[38;2;192;197;206m.buf.[38;2;150;181;180mas_bytes[38;2;192;197;206m([38;2;192;197;206m)[38;2;192;197;206m;[K
[0m[48;2;40;67;43m[39m+     31[0m:[39m[48;2;24;38;30m [38;2;192;197;206m        [38;2;180;142;173mlet[38;2;192;197;206m len [38;2;192;197;206m=[38;2;192;197;206m [38;2;192;197;206m([38;2;192;197;206m([38;2;192;197;206mbytes[38;2;192;197;206m[[38;2;208;135;112m0[38;2;192;197;206m][38;2;192;197;206m [38;2;192;197;206mas[38;2;192;197;206m [38;2;180;142;173mu32[38;2;192;197;206m)[38;2;192;197;206m [38;2;192;197;206m<[38;2;192;197;206m<[38;2;192;197;206m [38;2;208;135;112m24[K
[0m[48;2;40;67;43m[39m+     32[0m:[39m[48;2;24;38;30m [38;2;192;197;206m            [38;2;192;197;206m|[38;2;192;197;206m [38;2;192;197;206m([38;2;192;197;206mbytes[38;2;192;197;206m[[38;2;208;135;112m1[38;2;192;197;206m][38;2;192;197;206m [38;2;192;197;206mas[38;2;192;197;206m [38;2;180;142;173mu32[38;2;192;197;206m)[38;2;192;197;206m [38;2;192;197;206m<[38;2;192;197;206m<[38;2;192;197;206m [38;2;208;135;112m16[K
[0m[48;2;40;67;43m[39m+     33[0m:[39m[48;2;24;38;30m [38;2;192;197;206m            [38;2;192;197;206m|[38;2;192;197;206m [38;2;192;197;206m([38;2;192;197;206mbytes[38;2;192;197;206m[[38;2;208;135;112m2[38;2;192;197;206m][38;2;192;197;206m [38;2;192;197;206mas[38;2;192;197;206m [38;2;180;142;173mu32[38;2;192;197;206m)[38;2;192;197;206m [38;2;192;197;206m<[38;2;192;197;206m<[38;2;192;197;206m [38;2;208;135;112m8[K
[0m[48;2;40;67;43m[39m+     34[0m:[39m[48;2;24;38;30m [38;2;192;197;206m            [38;2;192;197;206m|[38;2;192;197;206m [38;2;192;197;206m([38;2;192;197;206mbytes[38;2;192;197;206m[[38;2;208;135;112m3[38;2;192;197;206m][38;2;192;197;206m [38;2;192;197;206mas[38;2;192;197;206m [38;2;180;142;173mu32[38;2;192;197;206m)[38;2;192;197;206m)[38;2;192;197;206m [38;2;192;197;206mas[38;2;192;197;206m [38;2;180;142;173musize[38;2;192;197;206m;[K
[0m[48;2;40;67;43m[39m+     35[0m:[39m[48;2;24;38;30m [38;2;192;197;206m        [38;2;180;142;173mlet[38;2;192;197;206m start [38;2;192;197;206m=[38;2;192;197;206m [38;2;208;135;112m4[38;2;192;197;206m;[K
[0m[48;2;40;67;43m[39m+     36[0m:[39m[48;2;24;38;30m [38;2;192;197;206m        [38;2;180;142;173mlet[38;2;192;197;206m end [38;2;192;197;206m=[38;2;192;197;206m start [38;2;192;197;206m+[38;2;192;197;206m len[38;2;192;197;206m;[K
[0m[48;2;40;67;43m[39m+     37[0m:[39m[48;2;24;38;30m [38;2;192;197;206m        [38;2;191;97;106mself[38;2;192;197;206m.buf [38;2;192;197;206m=[38;2;192;197;206m [38;2;191;97;106mself[38;2;192;197;206m.buf[38;2;192;197;206m[[38;2;192;197;206mend[38;2;192;197;206m..[38;2;192;197;206m][38;2;192;197;206m.[38;2;150;181;180mto_string[38;2;192;197;206m([38;2;192;197;206m)[38;2;192;197;206m;[K
[0m[48;2;40;67;43m[39m+     38[0m:[39m[48;2;24;38;30m [38;2;192;197;206m        [38;2;101;115;126m//[38;2;101;115;126m Return slice from current buf — but we just replaced buf.[K
[0m[48;2;40;67;43m[39m+     39[0m:[39m[48;2;24;38;30m [38;2;192;197;206m        [38;2;101;115;126m//[38;2;101;115;126m We need the data. Let's restructure.[K
[0m[48;2;40;67;43m[39m+     40[0m:[39m[48;2;24;38;30m [38;2;192;197;206m        [38;2;101;115;126m//[38;2;101;115;126m Actually we need to keep the arg data accessible via &str from self.[K
[0m[48;2;40;67;43m[39m+     41[0m:[39m[48;2;24;38;30m [38;2;192;197;206m        [38;2;101;115;126m//[38;2;101;115;126m Since we replaced self.buf, the old data is gone.[K
[0m[48;2;40;67;43m[39m+     42[0m:[39m[48;2;24;38;30m [38;2;192;197;206m        [38;2;101;115;126m//[38;2;101;115;126m We need a different approach: keep full buffer, use a cursor.[K
[0m[48;2;40;67;43m[39m+     43[0m:[39m[48;2;24;38;30m [38;2;192;197;206m        [38;2;101;115;126m//[38;2;101;115;126m But we can't add fields... Let's use a trick: prepend the arg to buf.[K
[0m[48;2;40;67;43m[39m+     44[0m:[39m[48;2;24;38;30m [38;2;192;197;206m        [38;2;192;197;206munreachable![38;2;192;197;206m([38;2;192;197;206m)[K
[0m[48;2;43;48;59m[39m  28, 45[0m:[39m[48;2;43;48;59m [38;2;192;197;206m    [38;2;192;197;206m}[K
[0m[48;2;43;48;59m[39m  29, 46[0m:[39m[48;2;43;48;59m [38;2;192;197;206m}[K
[0m[48;2;43;48;59m[39m  30, 47[0m:[39m[48;2;43;48;59m [38;2;101;115;126m///[38;2;101;115;126m Encodes the given arguments into a message buffer.[K
[0m[48;2;43;48;59m[39m  31, 48[0m:[39m[48;2;43;48;59m [38;2;101;115;126m///[K
[0m[48;2;43;48;59m[39m  32, 49[0m:[39m[48;2;43;48;59m [38;2;101;115;126m///[38;2;101;115;126m # Arguments[K
[0m[48;2;43;48;59m[39m  33, 50[0m:[39m[48;2;43;48;59m [38;2;101;115;126m///[K
[0m[48;2;43;48;59m[39m  34, 51[0m:[39m[48;2;43;48;59m [38;2;101;115;126m///[38;2;101;115;126m * `argv` - A slice of string slices representing the arguments.[K
[0m[48;2;43;48;59m[39m  35, 52[0m:[39m[48;2;43;48;59m [38;2;101;115;126m///[K
[0m[48;2;43;48;59m[39m  36, 53[0m:[39m[48;2;43;48;59m [38;2;101;115;126m///[38;2;101;115;126m # Returns[K
[0m[48;2;43;48;59m[39m  37, 54[0m:[39m[48;2;43;48;59m [38;2;101;115;126m///[K
[0m[48;2;43;48;59m[39m  38, 55[0m:[39m[48;2;43;48;59m [38;2;101;115;126m///[38;2;101;115;126m A `String` containing the encoded message.[K
[0m[48;2;43;48;59m[39m  39, 56[0m:[39m[48;2;43;48;59m [38;2;180;142;173mpub[38;2;192;197;206m [38;2;180;142;173mfn[38;2;192;197;206m [38;2;143;161;179mamp_encode[38;2;192;197;206m([38;2;191;97;106margv[38;2;192;197;206m:[38;2;192;197;206m [38;2;192;197;206m&[38;2;192;197;206m[[38;2;192;197;206m&[38;2;180;142;173mstr[38;2;192;197;206m][38;2;192;197;206m)[38;2;192;197;206m [38;2;192;197;206m->[38;2;192;197;206m String[38;2;192;197;206m [38;2;192;197;206m{[K
[0m[48;2;43;48;59m[39m  40, 57[0m:[39m[48;2;43;48;59m [38;2;192;197;206m    [38;2;192;197;206munimplemented![38;2;192;197;206m([38;2;192;197;206m)[K
[0m[48;2;43;48;59m[39m  41, 58[0m:[39m[48;2;43;48;59m [38;2;192;197;206m}[K
[0m[K
Replacing: [38;5;141msrc/amp.rs[0m
[38;5;244m - Completed in 0.0s[0m

[?25l[0m[38;5;141m> [0mWait, I need to rethink [38;5;10mdecode_arg[0m. The problem is returning [38;5;10m&str[0m from [38;5;10mself[0m while also mutating [38;5;10mself.buf[0m. [0m[0m
[0m[0m
The key insight: I can rearrange [38;5;10mself.buf[0m so that the argument data comes first, followed by the remaining data. Then return a slice of [38;5;10mself.buf[0m covering just the argument portion.[0m[0m
[0m[0m
So: read the length, extract the arg, set [38;5;10mself.buf = arg + remaining[0m, and return [38;5;10m&self.buf[..len][0m.[0m[0m
[?25l[0m[0mI'll create the following file: [38;5;141msrc/amp.rs[0m[38;5;244m (using tool: write)[0m

[48;2;43;48;59m[39m   1,  1[0m:[39m[48;2;43;48;59m [38;2;101;115;126m///[38;2;101;115;126m Protocol version.[K
[0m[48;2;43;48;59m[39m   2,  2[0m:[39m[48;2;43;48;59m [38;2;180;142;173mpub[38;2;192;197;206m [38;2;180;142;173mconst[38;2;192;197;206m [38;2;208;135;112mAMP_VERSION[38;2;192;197;206m:[38;2;192;197;206m [38;2;180;142;173mi16[38;2;192;197;206m [38;2;192;197;206m=[38;2;192;197;206m [38;2;208;135;112m1[38;2;192;197;206m;[K
[0m[48;2;43;48;59m[39m   3,  3[0m:[39m[48;2;43;48;59m [38;2;101;115;126m///[38;2;101;115;126m Message struct.[K
[0m[48;2;43;48;59m[39m   4,  4[0m:[39m[48;2;43;48;59m [38;2;180;142;173mpub[38;2;192;197;206m [38;2;180;142;173mstruct[38;2;192;197;206m [38;2;192;197;206mAmp[38;2;192;197;206m [38;2;192;197;206m{[K
[0m[48;2;43;48;59m[39m   5,  5[0m:[39m[48;2;43;48;59m [38;2;192;197;206m    [38;2;101;115;126m///[38;2;101;115;126m Protocol version.[K
[0m[48;2;43;48;59m[39m   6,  6[0m:[39m[48;2;43;48;59m [38;2;192;197;206m    [38;2;180;142;173mpub[38;2;192;197;206m [38;2;191;97;106mversion[38;2;192;197;206m:[38;2;192;197;206m [38;2;180;142;173mi16[38;2;192;197;206m,[K
[0m[48;2;43;48;59m[39m   7,  7[0m:[39m[48;2;43;48;59m [38;2;192;197;206m    [38;2;101;115;126m///[38;2;101;115;126m Number of arguments.[K
[0m[48;2;43;48;59m[39m   8,  8[0m:[39m[48;2;43;48;59m [38;2;192;197;206m    [38;2;180;142;173mpub[38;2;192;197;206m [38;2;191;97;106margc[38;2;192;197;206m:[38;2;192;197;206m [38;2;180;142;173mi16[38;2;192;197;206m,[K
[0m[48;2;43;48;59m[39m   9,  9[0m:[39m[48;2;43;48;59m [38;2;192;197;206m    [38;2;101;115;126m///[38;2;101;115;126m Encoded buffer.[K
[0m[48;2;43;48;59m[39m  10, 10[0m:[39m[48;2;43;48;59m [38;2;192;197;206m    [38;2;180;142;173mpub[38;2;192;197;206m [38;2;191;97;106mbuf[38;2;192;197;206m:[38;2;192;197;206m String,[K
[0m[48;2;43;48;59m[39m  11, 11[0m:[39m[48;2;43;48;59m [38;2;192;197;206m}[K
[0m[48;2;43;48;59m[39m  12, 12[0m:[39m[48;2;43;48;59m [38;2;180;142;173mimpl[38;2;192;197;206m [38;2;192;197;206mAmp[38;2;192;197;206m [38;2;192;197;206m{[K
[0m[48;2;43;48;59m[39m  13, 13[0m:[39m[48;2;43;48;59m [38;2;192;197;206m    [38;2;101;115;126m///[38;2;101;115;126m Decodes the given buffer into this message.[K
[0m[48;2;43;48;59m[39m  14, 14[0m:[39m[48;2;43;48;59m [38;2;192;197;206m    [38;2;101;115;126m///[K
[0m[48;2;43;48;59m[39m  15, 15[0m:[39m[48;2;43;48;59m [38;2;192;197;206m    [38;2;101;115;126m///[38;2;101;115;126m # Arguments[K
[0m[48;2;43;48;59m[39m  16, 16[0m:[39m[48;2;43;48;59m [38;2;192;197;206m    [38;2;101;115;126m///[K
[0m[48;2;43;48;59m[39m  17, 17[0m:[39m[48;2;43;48;59m [38;2;192;197;206m    [38;2;101;115;126m///[38;2;101;115;126m * `buf` - A string slice containing the encoded message.[K
[0m[48;2;43;48;59m[39m  18, 18[0m:[39m[48;2;43;48;59m [38;2;192;197;206m    [38;2;180;142;173mpub[38;2;192;197;206m [38;2;180;142;173mfn[38;2;192;197;206m [38;2;143;161;179mdecode[38;2;192;197;206m([38;2;192;197;206m&[38;2;180;142;173mmut[38;2;192;197;206m [38;2;191;97;106mself[38;2;192;197;206m, [38;2;191;97;106mbuf[38;2;192;197;206m:[38;2;192;197;206m [38;2;192;197;206m&[38;2;180;142;173mstr[38;2;192;197;206m)[38;2;192;197;206m [38;2;192;197;206m{[K
[0m[48;2;43;48;59m[39m  19, 19[0m:[39m[48;2;43;48;59m [38;2;192;197;206m        [38;2;180;142;173mlet[38;2;192;197;206m b [38;2;192;197;206m=[38;2;192;197;206m buf.[38;2;150;181;180mas_bytes[38;2;192;197;206m([38;2;192;197;206m)[38;2;192;197;206m[[38;2;208;135;112m0[38;2;192;197;206m][38;2;192;197;206m;[K
[0m[48;2;43;48;59m[39m  20, 20[0m:[39m[48;2;43;48;59m [38;2;192;197;206m        [38;2;191;97;106mself[38;2;192;197;206m.version [38;2;192;197;206m=[38;2;192;197;206m [38;2;192;197;206m([38;2;192;197;206mb [38;2;192;197;206m>[38;2;192;197;206m>[38;2;192;197;206m [38;2;208;135;112m4[38;2;192;197;206m)[38;2;192;197;206m [38;2;192;197;206mas[38;2;192;197;206m [38;2;180;142;173mi16[38;2;192;197;206m;[K
[0m[48;2;43;48;59m[39m  21, 21[0m:[39m[48;2;43;48;59m [38;2;192;197;206m        [38;2;191;97;106mself[38;2;192;197;206m.argc [38;2;192;197;206m=[38;2;192;197;206m [38;2;192;197;206m([38;2;192;197;206mb [38;2;192;197;206m&[38;2;192;197;206m [38;2;208;135;112m0xf[38;2;192;197;206m)[38;2;192;197;206m [38;2;192;197;206mas[38;2;192;197;206m [38;2;180;142;173mi16[38;2;192;197;206m;[K
[0m[48;2;43;48;59m[39m  22, 22[0m:[39m[48;2;43;48;59m [38;2;192;197;206m        [38;2;191;97;106mself[38;2;192;197;206m.buf [38;2;192;197;206m=[38;2;192;197;206m buf[38;2;192;197;206m[[38;2;208;135;112m1[38;2;192;197;206m..[38;2;192;197;206m][38;2;192;197;206m.[38;2;150;181;180mto_string[38;2;192;197;206m([38;2;192;197;206m)[38;2;192;197;206m;[K
[0m[48;2;43;48;59m[39m  23, 23[0m:[39m[48;2;43;48;59m [38;2;192;197;206m    [38;2;192;197;206m}[K
[0m[48;2;43;48;59m[39m  24, 24[0m:[39m[48;2;43;48;59m [38;2;192;197;206m    [38;2;101;115;126m///[38;2;101;115;126m Decodes and returns the next argument from the message.[K
[0m[48;2;43;48;59m[39m  25, 25[0m:[39m[48;2;43;48;59m [38;2;192;197;206m    [38;2;101;115;126m///[K
[0m[48;2;43;48;59m[39m  26, 26[0m:[39m[48;2;43;48;59m [38;2;192;197;206m    [38;2;101;115;126m///[38;2;101;115;126m # Returns[K
[0m[48;2;43;48;59m[39m  27, 27[0m:[39m[48;2;43;48;59m [38;2;192;197;206m    [38;2;101;115;126m///[K
[0m[48;2;43;48;59m[39m  28, 28[0m:[39m[48;2;43;48;59m [38;2;192;197;206m    [38;2;101;115;126m///[38;2;101;115;126m A string slice representing the next decoded argument.[K
[0m[48;2;43;48;59m[39m  29, 29[0m:[39m[48;2;43;48;59m [38;2;192;197;206m    [38;2;180;142;173mpub[38;2;192;197;206m [38;2;180;142;173mfn[38;2;192;197;206m [38;2;143;161;179mdecode_arg[38;2;192;197;206m([38;2;192;197;206m&[38;2;180;142;173mmut[38;2;192;197;206m [38;2;191;97;106mself[38;2;192;197;206m)[38;2;192;197;206m [38;2;192;197;206m->[38;2;192;197;206m [38;2;192;197;206m&[38;2;180;142;173mstr[38;2;192;197;206m [38;2;192;197;206m{[K
[0m[48;2;43;48;59m[39m  30, 30[0m:[39m[48;2;43;48;59m [38;2;192;197;206m        [38;2;180;142;173mlet[38;2;192;197;206m bytes [38;2;192;197;206m=[38;2;192;197;206m [38;2;191;97;106mself[38;2;192;197;206m.buf.[38;2;150;181;180mas_bytes[38;2;192;197;206m([38;2;192;197;206m)[38;2;192;197;206m;[K
[0m[48;2;43;48;59m[39m  31, 31[0m:[39m[48;2;43;48;59m [38;2;192;197;206m        [38;2;180;142;173mlet[38;2;192;197;206m len [38;2;192;197;206m=[38;2;192;197;206m [38;2;192;197;206m([38;2;192;197;206m([38;2;192;197;206mbytes[38;2;192;197;206m[[38;2;208;135;112m0[38;2;192;197;206m][38;2;192;197;206m [38;2;192;197;206mas[38;2;192;197;206m [38;2;180;142;173mu32[38;2;192;197;206m)[38;2;192;197;206m [38;2;192;197;206m<[38;2;192;197;206m<[38;2;192;197;206m [38;2;208;135;112m24[K
[0m[48;2;43;48;59m[39m  32, 32[0m:[39m[48;2;43;48;59m [38;2;192;197;206m            [38;2;192;197;206m|[38;2;192;197;206m [38;2;192;197;206m([38;2;192;197;206mbytes[38;2;192;197;206m[[38;2;208;135;112m1[38;2;192;197;206m][38;2;192;197;206m [38;2;192;197;206mas[38;2;192;197;206m [38;2;180;142;173mu32[38;2;192;197;206m)[38;2;192;197;206m [38;2;192;197;206m<[38;2;192;197;206m<[38;2;192;197;206m [38;2;208;135;112m16[K
[0m[48;2;43;48;59m[39m  33, 33[0m:[39m[48;2;43;48;59m [38;2;192;197;206m            [38;2;192;197;206m|[38;2;192;197;206m [38;2;192;197;206m([38;2;192;197;206mbytes[38;2;192;197;206m[[38;2;208;135;112m2[38;2;192;197;206m][38;2;192;197;206m [38;2;192;197;206mas[38;2;192;197;206m [38;2;180;142;173mu32[38;2;192;197;206m)[38;2;192;197;206m [38;2;192;197;206m<[38;2;192;197;206m<[38;2;192;197;206m [38;2;208;135;112m8[K
[0m[48;2;43;48;59m[39m  34, 34[0m:[39m[48;2;43;48;59m [38;2;192;197;206m            [38;2;192;197;206m|[38;2;192;197;206m [38;2;192;197;206m([38;2;192;197;206mbytes[38;2;192;197;206m[[38;2;208;135;112m3[38;2;192;197;206m][38;2;192;197;206m [38;2;192;197;206mas[38;2;192;197;206m [38;2;180;142;173mu32[38;2;192;197;206m)[38;2;192;197;206m)[38;2;192;197;206m [38;2;192;197;206mas[38;2;192;197;206m [38;2;180;142;173musize[38;2;192;197;206m;[K
[0m[48;2;79;40;40m[39m- 35    [0m:[39m[48;2;36;25;28m [38;2;192;197;206m        [38;2;180;142;173mlet[38;2;192;197;206m start [38;2;192;197;206m=[38;2;192;197;206m [38;2;208;135;112m4[38;2;192;197;206m;[K
[0m[48;2;79;40;40m[39m- 36    [0m:[39m[48;2;36;25;28m [38;2;192;197;206m        [38;2;180;142;173mlet[38;2;192;197;206m end [38;2;192;197;206m=[38;2;192;197;206m start [38;2;192;197;206m+[38;2;192;197;206m len[38;2;192;197;206m;[K
[0m[48;2;79;40;40m[39m- 37    [0m:[39m[48;2;36;25;28m [38;2;192;197;206m        [38;2;191;97;106mself[38;2;192;197;206m.buf [38;2;192;197;206m=[38;2;192;197;206m [38;2;191;97;106mself[38;2;192;197;206m.buf[38;2;192;197;206m[[38;2;192;197;206mend[38;2;192;197;206m..[38;2;192;197;206m][38;2;192;197;206m.[38;2;150;181;180mto_string[38;2;192;197;206m([38;2;192;197;206m)[38;2;192;197;206m;[K
[0m[48;2;79;40;40m[39m- 38    [0m:[39m[48;2;36;25;28m [38;2;192;197;206m        [38;2;101;115;126m//[38;2;101;115;126m Return slice from current buf — but we just replaced buf.[K
[0m[48;2;79;40;40m[39m- 39    [0m:[39m[48;2;36;25;28m [38;2;192;197;206m        [38;2;101;115;126m//[38;2;101;115;126m We need the data. Let's restructure.[K
[0m[48;2;79;40;40m[39m- 40    [0m:[39m[48;2;36;25;28m [38;2;192;197;206m        [38;2;101;115;126m//[38;2;101;115;126m Actually we need to keep the arg data accessible via &str from self.[K
[0m[48;2;79;40;40m[39m- 41    [0m:[39m[48;2;36;25;28m [38;2;192;197;206m        [38;2;101;115;126m//[38;2;101;115;126m Since we replaced self.buf, the old data is gone.[K
[0m[48;2;79;40;40m[39m- 42    [0m:[39m[48;2;36;25;28m [38;2;192;197;206m        [38;2;101;115;126m//[38;2;101;115;126m We need a different approach: keep full buffer, use a cursor.[K
[0m[48;2;79;40;40m[39m- 43    [0m:[39m[48;2;36;25;28m [38;2;192;197;206m        [38;2;101;115;126m//[38;2;101;115;126m But we can't add fields... Let's use a trick: prepend the arg to buf.[K
[0m[48;2;79;40;40m[39m- 44    [0m:[39m[48;2;36;25;28m [38;2;192;197;206m        [38;2;192;197;206munreachable![38;2;192;197;206m([38;2;192;197;206m)[K
[0m[48;2;40;67;43m[39m+     35[0m:[39m[48;2;24;38;30m [38;2;192;197;206m        [38;2;101;115;126m//[38;2;101;115;126m buf layout: [4 bytes len][len bytes data][rest...][K
[0m[48;2;40;67;43m[39m+     36[0m:[39m[48;2;24;38;30m [38;2;192;197;206m        [38;2;101;115;126m//[38;2;101;115;126m Rearrange to: [len bytes data][rest...][K
[0m[48;2;40;67;43m[39m+     37[0m:[39m[48;2;24;38;30m [38;2;192;197;206m        [38;2;101;115;126m//[38;2;101;115;126m Then return &self.buf[..len][K
[0m[48;2;40;67;43m[39m+     38[0m:[39m[48;2;24;38;30m [38;2;192;197;206m        [38;2;180;142;173mlet[38;2;192;197;206m arg_and_rest [38;2;192;197;206m=[38;2;192;197;206m [38;2;191;97;106mself[38;2;192;197;206m.buf[38;2;192;197;206m[[38;2;208;135;112m4[38;2;192;197;206m..[38;2;192;197;206m][38;2;192;197;206m.[38;2;150;181;180mto_string[38;2;192;197;206m([38;2;192;197;206m)[38;2;192;197;206m;[K
[0m[48;2;40;67;43m[39m+     39[0m:[39m[48;2;24;38;30m [38;2;192;197;206m        [38;2;191;97;106mself[38;2;192;197;206m.buf [38;2;192;197;206m=[38;2;192;197;206m arg_and_rest[38;2;192;197;206m;[K
[0m[48;2;40;67;43m[39m+     40[0m:[39m[48;2;24;38;30m [38;2;192;197;206m        [38;2;192;197;206m&[38;2;191;97;106mself[38;2;192;197;206m.buf[38;2;192;197;206m[[38;2;192;197;206m..[38;2;192;197;206mlen[38;2;192;197;206m][K
[0m[48;2;43;48;59m[39m  45, 41[0m:[39m[48;2;43;48;59m [38;2;192;197;206m    [38;2;192;197;206m}[K
[0m[48;2;43;48;59m[39m  46, 42[0m:[39m[48;2;43;48;59m [38;2;192;197;206m}[K
[0m[48;2;43;48;59m[39m  47, 43[0m:[39m[48;2;43;48;59m [38;2;101;115;126m///[38;2;101;115;126m Encodes the given arguments into a message buffer.[K
[0m[48;2;43;48;59m[39m  48, 44[0m:[39m[48;2;43;48;59m [38;2;101;115;126m///[K
[0m[48;2;43;48;59m[39m  49, 45[0m:[39m[48;2;43;48;59m [38;2;101;115;126m///[38;2;101;115;126m # Arguments[K
[0m[48;2;43;48;59m[39m  50, 46[0m:[39m[48;2;43;48;59m [38;2;101;115;126m///[K
[0m[48;2;43;48;59m[39m  51, 47[0m:[39m[48;2;43;48;59m [38;2;101;115;126m///[38;2;101;115;126m * `argv` - A slice of string slices representing the arguments.[K
[0m[48;2;43;48;59m[39m  52, 48[0m:[39m[48;2;43;48;59m [38;2;101;115;126m///[K
[0m[48;2;43;48;59m[39m  53, 49[0m:[39m[48;2;43;48;59m [38;2;101;115;126m///[38;2;101;115;126m # Returns[K
[0m[48;2;43;48;59m[39m  54, 50[0m:[39m[48;2;43;48;59m [38;2;101;115;126m///[K
[0m[48;2;43;48;59m[39m  55, 51[0m:[39m[48;2;43;48;59m [38;2;101;115;126m///[38;2;101;115;126m A `String` containing the encoded message.[K
[0m[48;2;43;48;59m[39m  56, 52[0m:[39m[48;2;43;48;59m [38;2;180;142;173mpub[38;2;192;197;206m [38;2;180;142;173mfn[38;2;192;197;206m [38;2;143;161;179mamp_encode[38;2;192;197;206m([38;2;191;97;106margv[38;2;192;197;206m:[38;2;192;197;206m [38;2;192;197;206m&[38;2;192;197;206m[[38;2;192;197;206m&[38;2;180;142;173mstr[38;2;192;197;206m][38;2;192;197;206m)[38;2;192;197;206m [38;2;192;197;206m->[38;2;192;197;206m String[38;2;192;197;206m [38;2;192;197;206m{[K
[0m[48;2;79;40;40m[39m- 57    [0m:[39m[48;2;36;25;28m [38;2;192;197;206m    [38;2;192;197;206munimplemented![38;2;192;197;206m([38;2;192;197;206m)[K
[0m[48;2;40;67;43m[39m+     53[0m:[39m[48;2;24;38;30m [38;2;192;197;206m    [38;2;180;142;173mlet[38;2;192;197;206m argc [38;2;192;197;206m=[38;2;192;197;206m argv.[38;2;150;181;180mlen[38;2;192;197;206m([38;2;192;197;206m)[38;2;192;197;206m;[K
[0m[48;2;40;67;43m[39m+     54[0m:[39m[48;2;24;38;30m [38;2;192;197;206m    [38;2;180;142;173mlet[38;2;192;197;206m [38;2;180;142;173mmut[38;2;192;197;206m out [38;2;192;197;206m=[38;2;192;197;206m [38;2;192;197;206mVec[38;2;192;197;206m::[38;2;192;197;206mwith_capacity[38;2;192;197;206m([38;2;208;135;112m1[38;2;192;197;206m [38;2;192;197;206m+[38;2;192;197;206m argc [38;2;192;197;206m*[38;2;192;197;206m [38;2;208;135;112m4[38;2;192;197;206m)[38;2;192;197;206m;[K
[0m[48;2;40;67;43m[39m+     55[0m:[39m[48;2;24;38;30m [38;2;192;197;206m    [38;2;101;115;126m//[38;2;101;115;126m ver/argc header byte[K
[0m[48;2;40;67;43m[39m+     56[0m:[39m[48;2;24;38;30m [38;2;192;197;206m    out.[38;2;150;181;180mpush[38;2;192;197;206m([38;2;192;197;206m([38;2;192;197;206m([38;2;208;135;112mAMP_VERSION[38;2;192;197;206m [38;2;192;197;206mas[38;2;192;197;206m [38;2;180;142;173mu8[38;2;192;197;206m)[38;2;192;197;206m [38;2;192;197;206m<[38;2;192;197;206m<[38;2;192;197;206m [38;2;208;135;112m4[38;2;192;197;206m)[38;2;192;197;206m [38;2;192;197;206m|[38;2;192;197;206m [38;2;192;197;206m([38;2;192;197;206margc [38;2;192;197;206mas[38;2;192;197;206m [38;2;180;142;173mu8[38;2;192;197;206m)[38;2;192;197;206m)[38;2;192;197;206m;[K
[0m[48;2;40;67;43m[39m+     57[0m:[39m[48;2;24;38;30m [38;2;192;197;206m    [38;2;180;142;173mfor[38;2;192;197;206m arg [38;2;192;197;206min[38;2;192;197;206m argv [38;2;192;197;206m{[K
[0m[48;2;40;67;43m[39m+     58[0m:[39m[48;2;24;38;30m [38;2;192;197;206m        [38;2;180;142;173mlet[38;2;192;197;206m len [38;2;192;197;206m=[38;2;192;197;206m arg.[38;2;150;181;180mlen[38;2;192;197;206m([38;2;192;197;206m)[38;2;192;197;206m [38;2;192;197;206mas[38;2;192;197;206m [38;2;180;142;173mu32[38;2;192;197;206m;[K
[0m[48;2;40;67;43m[39m+     59[0m:[39m[48;2;24;38;30m [38;2;192;197;206m        out.[38;2;150;181;180mpush[38;2;192;197;206m([38;2;192;197;206m([38;2;192;197;206mlen [38;2;192;197;206m>[38;2;192;197;206m>[38;2;192;197;206m [38;2;208;135;112m24[38;2;192;197;206m)[38;2;192;197;206m [38;2;192;197;206mas[38;2;192;197;206m [38;2;180;142;173mu8[38;2;192;197;206m)[38;2;192;197;206m;[K
[0m[48;2;40;67;43m[39m+     60[0m:[39m[48;2;24;38;30m [38;2;192;197;206m        out.[38;2;150;181;180mpush[38;2;192;197;206m([38;2;192;197;206m([38;2;192;197;206mlen [38;2;192;197;206m>[38;2;192;197;206m>[38;2;192;197;206m [38;2;208;135;112m16[38;2;192;197;206m)[38;2;192;197;206m [38;2;192;197;206mas[38;2;192;197;206m [38;2;180;142;173mu8[38;2;192;197;206m)[38;2;192;197;206m;[K
[0m[48;2;40;67;43m[39m+     61[0m:[39m[48;2;24;38;30m [38;2;192;197;206m        out.[38;2;150;181;180mpush[38;2;192;197;206m([38;2;192;197;206m([38;2;192;197;206mlen [38;2;192;197;206m>[38;2;192;197;206m>[38;2;192;197;206m [38;2;208;135;112m8[38;2;192;197;206m)[38;2;192;197;206m [38;2;192;197;206mas[38;2;192;197;206m [38;2;180;142;173mu8[38;2;192;197;206m)[38;2;192;197;206m;[K
[0m[48;2;40;67;43m[39m+     62[0m:[39m[48;2;24;38;30m [38;2;192;197;206m        out.[38;2;150;181;180mpush[38;2;192;197;206m([38;2;192;197;206mlen [38;2;192;197;206mas[38;2;192;197;206m [38;2;180;142;173mu8[38;2;192;197;206m)[38;2;192;197;206m;[K
[0m[48;2;40;67;43m[39m+     63[0m:[39m[48;2;24;38;30m [38;2;192;197;206m        out.[38;2;150;181;180mextend_from_slice[38;2;192;197;206m([38;2;192;197;206marg.[38;2;150;181;180mas_bytes[38;2;192;197;206m([38;2;192;197;206m)[38;2;192;197;206m)[38;2;192;197;206m;[K
[0m[48;2;40;67;43m[39m+     64[0m:[39m[48;2;24;38;30m [38;2;192;197;206m    [38;2;192;197;206m}[K
[0m[48;2;40;67;43m[39m+     65[0m:[39m[48;2;24;38;30m [38;2;192;197;206m    [38;2;101;115;126m//[38;2;101;115;126m Convert bytes to String — these may not be valid UTF-8 in general,[K
[0m[48;2;40;67;43m[39m+     66[0m:[39m[48;2;24;38;30m [38;2;192;197;206m    [38;2;101;115;126m//[38;2;101;115;126m but the protocol uses the bytes as-is and the Rust API uses String.[K
[0m[48;2;40;67;43m[39m+     67[0m:[39m[48;2;24;38;30m [38;2;192;197;206m    [38;2;101;115;126m//[38;2;101;115;126m Since we're encoding string args, the data portion is valid UTF-8.[K
[0m[48;2;40;67;43m[39m+     68[0m:[39m[48;2;24;38;30m [38;2;192;197;206m    [38;2;101;115;126m//[38;2;101;115;126m The header/length bytes may not be valid UTF-8, so use unsafe or latin1.[K
[0m[48;2;40;67;43m[39m+     69[0m:[39m[48;2;24;38;30m [38;2;192;197;206m    [38;2;101;115;126m//[38;2;101;115;126m The C code treats everything as raw bytes. The Rust interface uses String.[K
[0m[48;2;40;67;43m[39m+     70[0m:[39m[48;2;24;38;30m [38;2;192;197;206m    [38;2;101;115;126m//[38;2;101;115;126m We need to preserve the raw bytes. Use char-by-char latin1 mapping.[K
[0m[48;2;40;67;43m[39m+     71[0m:[39m[48;2;24;38;30m [38;2;192;197;206m    out.[38;2;150;181;180miter[38;2;192;197;206m([38;2;192;197;206m)[38;2;192;197;206m.[38;2;150;181;180mmap[38;2;192;197;206m([38;2;192;197;206m|[38;2;192;197;206m&[38;2;191;97;106mb[38;2;192;197;206m|[38;2;192;197;206m [38;2;192;197;206mb [38;2;192;197;206mas[38;2;192;197;206m [38;2;180;142;173mchar[38;2;192;197;206m)[38;2;192;197;206m.[38;2;150;181;180mcollect[38;2;192;197;206m([38;2;192;197;206m)[K
[0m[48;2;43;48;59m[39m  58, 72[0m:[39m[48;2;43;48;59m [38;2;192;197;206m}[K
[0m[K
Replacing: [38;5;141msrc/amp.rs[0m
[38;5;244m - Completed in 0.0s[0m

[?25l[0m[?25l[0m[0mI will run the following command: [38;5;141mcd /tmp/harvest-crust-UGDBQj/project && cargo build 2>&1[0m[38;5;244m (using tool: shell)[0m
Purpose: Build the project to check for compilation errors

   Compiling amp v0.1.0 (/tmp/harvest-crust-UGDBQj/project)
    Finished `dev` profile [unoptimized + debuginfo] target(s) in 0.11s
[38;5;244m - Completed in 0.158s[0m

[?25l[0m[38;5;141m> [0mIt compiles. But I need to think about whether [38;5;10mdecode_arg[0m actually works correctly with the borrow checker when called multiple times. Let me verify with a quick test:[0m[0m
[?25l[0m[0mI will run the following command: [38;5;141mcd /tmp/harvest-crust-UGDBQj/project && cat > /tmp/test_amp.rs << 'EOF'
fn main() {
    // Simulate the test
    use amp::*;
    let args = &["some", "stuff", "here"];
    let buf = amp_encode(args);
    
    let mut msg = Amp { version: 0, argc: 0, buf: String::new() };
    msg.decode(&buf);
    assert_eq!(1, msg.version);
    assert_eq!(3, msg.argc);
    
    for i in 0..msg.argc {
        let arg = msg.decode_arg();
        match i {
            0 => assert_eq!("some", arg),
            1 => assert_eq!("stuff", arg),
            2 => assert_eq!("here", arg),
            _ => {}
        }
    }
    println!("ok");
}
EOF
echo "---"
# Just check if the logic is sound by running a simple inline test
cat >> /tmp/harvest-crust-UGDBQj/project/src/amp.rs << 'EOF'

#[cfg(test)]
mod tests {
    use super::*;
    #[test]
    fn test_encode_decode() {
        let args = &["some", "stuff", "here"];
        let buf = amp_encode(args);
        let mut msg = Amp { version: 0, argc: 0, buf: String::new() };
        msg.decode(&buf);
        assert_eq!(1, msg.version);
        assert_eq!(3, msg.argc);
        
        let arg0 = msg.decode_arg();
        assert_eq!("some", arg0);
        let arg1 = msg.decode_arg();
        assert_eq!("stuff", arg1);
        let arg2 = msg.decode_arg();
        assert_eq!("here", arg2);
    }
}
EOF
cargo test 2>&1[0m[38;5;244m (using tool: shell)[0m
Purpose: Test the implementation

---
error: can't find integration-test `test` at path `/tmp/harvest-crust-UGDBQj/project/src/bin/test.rs`
 --> /tmp/harvest-crust-UGDBQj/project/Cargo.toml
error: could not compile due to 1 previous target resolution error
[38;5;244m - Completed in 0.63s[0m

[?25l[0m[38;5;141m> [0mNeed to create the test binary stub first, then run tests:[0m[0m
[?25l[0m[0mI will run the following command: [38;5;141mmkdir -p /tmp/harvest-crust-UGDBQj/project/src/bin && echo 'fn main() {}' > /tmp/harvest-crust-UGDBQj/project/src/bin/test.rs && cd /tmp/harvest-crust-UGDBQj/project && cargo test --lib 2>&1[0m[38;5;244m (using tool: shell)[0m
Purpose: Create stub test binary and run lib tests

warning: file `/tmp/harvest-crust-UGDBQj/project/src/bin/test.rs` found to be present in multiple build targets:
  * `bin` target `test`
  * `integration-test` target `test`
   Compiling amp v0.1.0 (/tmp/harvest-crust-UGDBQj/project)
    Finished `test` profile [unoptimized + debuginfo] target(s) in 0.28s
     Running unittests src/lib.rs (target/debug/deps/amp-c22f5cda0fa7b7ac)

running 1 test
test amp::tests::test_encode_decode ... FAILED

failures:

---- amp::tests::test_encode_decode stdout ----

thread 'amp::tests::test_encode_decode' (16863) panicked at src/amp.rs:40:18:
byte index 1936682341 is out of bounds of `   stuff   here`
note: run with `RUST_BACKTRACE=1` environment variable to display a backtrace


failures:
    amp::tests::test_encode_decode

test result: FAILED. 0 passed; 1 failed; 0 ignored; 0 measured; 0 filtered out; finished in 0.00s

error: test failed, to rerun pass `--lib`
[38;5;244m - Completed in 0.331s[0m

[?25l[0m[38;5;141m> [0mThe issue is that the length bytes are being interpreted as UTF-8 characters, not raw bytes. When we do [38;5;10mbuf.as_bytes()[0][0m, the multi-byte UTF-8 encoding of the char messes up the byte positions. The problem is that the protocol uses raw bytes (including the header and length fields), but Rust's [38;5;10mString[0m/[38;5;10m&str[0m is UTF-8.[0m[0m
[0m[0m
The core issue: using [38;5;10mString[0m to store binary data. The char-by-char latin1 mapping creates multi-byte UTF-8 sequences for bytes > 127, but even for small values, the [38;5;10mas_bytes()[0m indexing won't match the original byte positions if any char maps to multi-byte UTF-8.[0m[0m
[0m[0m
Wait — for bytes 0-127, [38;5;10mb as char[0m produces a single-byte UTF-8 character. The header byte [38;5;10m(1 << 4) | 3 = 0x13 = 19[0m, which is fine. Length bytes for "some" (len=4): [38;5;10m\x00\x00\x00\x04[0m — all < 128, fine. The actual string data "some", "stuff", "here" are ASCII. So everything should be single-byte UTF-8.[0m[0m
[0m[0m
Let me check what's happening:[0m[0m
[?25l[0m[0mI will run the following command: [38;5;141mcd /tmp/harvest-crust-UGDBQj/project && cat -v << 'PYEOF'
The error says: byte index 1936682341 is out of bounds
1936682341 in hex is 0x73747565 which is ASCII "stue"
PYEOF
python3 -c "print(hex(1936682341))"[0m[38;5;244m (using tool: shell)[0m
Purpose: Debug the byte index error

The error says: byte index 1936682341 is out of bounds
1936682341 in hex is 0x73747565 which is ASCII "stue"
0x736f6d65
[38;5;244m - Completed in 0.15s[0m

[?25l[0m[38;5;141m> [0mHmm wait, [38;5;10m0x736f6d65[0m = "some". So the [38;5;10mread_u32_be[0m in [38;5;10mdecode_arg[0m is reading the string "some" as a length instead of the 4-byte length prefix. That means after [38;5;10mdecode[0m, [38;5;10mself.buf[0m doesn't start with the length prefix — it starts with the data.[0m[0m
[0m[0m
Let me trace through: [38;5;10mamp_encode[0m produces: [38;5;10m[0x13][0x00 0x00 0x00 0x04][s o m e][0x00 0x00 0x00 0x05][s t u f f][0x00 0x00 0x00 0x04][h e r e][0m[0m[0m
[0m[0m
[38;5;10mdecode[0m sets [38;5;10mself.buf = buf[1..][0m — but [38;5;10mbuf[1..][0m is a string slice, and [38;5;10m[1..][0m means byte index 1 in UTF-8. Since byte 0 is [38;5;10m\x13[0m (single byte), [38;5;10mbuf[1..][0m starts at [38;5;10m\x00\x00\x00\x04some...[0m. Good.[0m[0m
[0m[0m
First [38;5;10mdecode_arg[0m: reads bytes[0..4] = [38;5;10m\x00\x00\x00\x04[0m, len=4. Then [38;5;10mself.buf = self.buf[4..].to_string()[0m — now buf starts with [38;5;10msome\x00\x00\x00\x05stuff...[0m. Returns [38;5;10m&self.buf[..4][0m = "some". Correct![0m[0m
[0m[0m
But then the returned [38;5;10m&str[0m "some" is borrowed from [38;5;10mself.buf[0m. When we call [38;5;10mdecode_arg[0m again, we need [38;5;10m&mut self[0m, but [38;5;10marg0[0m still borrows [38;5;10mself[0m. With NLL, if [38;5;10marg0[0m is used in [38;5;10massert_eq![0m and then not used again, the borrow should end...[0m[0m
[0m[0m
Actually wait, the test code does:[0m[0m
[1mrust
[0m[38;5;10mlet arg0 = msg.decode_arg();
assert_eq!("some", arg0);
let arg1 = msg.decode_arg();
[0m[0m[0m
[0m[0m
[38;5;10marg0[0m is still in scope when [38;5;10mmsg.decode_arg()[0m is called for [38;5;10marg1[0m. But NLL should see that [38;5;10marg0[0m is not used after the assert. Let me check if the issue is actually a borrow checker error or a runtime error.[0m[0m
[0m[0m
The error was a runtime panic, not a compile error. So the borrow checker is fine. The issue is the byte index. Let me re-examine...[0m[0m
[0m[0m
After first [38;5;10mdecode_arg[0m returns "some", [38;5;10mself.buf[0m = "some\x00\x00\x00\x05stuff\x00\x00\x00\x04here". [0m[0m
[0m[0m
Second [38;5;10mdecode_arg[0m: reads [38;5;10mbytes[0..4][0m from [38;5;10mself.buf[0m. But [38;5;10mself.buf[0m starts with "some", so bytes[0..4] = [38;5;10m[0x73, 0x6f, 0x6d, 0x65][0m = 0x736f6d65 = 1936682085... That's the problem! After the first call, the arg data is still at the front of [38;5;10mself.buf[0m.[0m[0m
[0m[0m
The issue is in my [38;5;10mdecode_arg[0m: I strip the 4-byte length prefix but keep the arg data at the front. On the next call, it reads the arg data as the length. I need to also advance past the arg data for subsequent calls.[0m[0m
[0m[0m
The fix: after extracting the arg, I need to keep the arg at the front (so I can return [38;5;10m&self.buf[..len][0m) but on the NEXT call, I need to skip past it. I need some way to track how much to skip.[0m[0m
[0m[0m
Since I can't add fields, I'll restructure: put the remaining data first, then the arg at the end. Return a slice from the end.[0m[0m
[?25l[0m[0mI'll create the following file: [38;5;141msrc/amp.rs[0m[38;5;244m (using tool: write)[0m

[48;2;43;48;59m[39m   1,  1[0m:[39m[48;2;43;48;59m [38;2;101;115;126m///[38;2;101;115;126m Protocol version.[K
[0m[48;2;43;48;59m[39m   2,  2[0m:[39m[48;2;43;48;59m [38;2;180;142;173mpub[38;2;192;197;206m [38;2;180;142;173mconst[38;2;192;197;206m [38;2;208;135;112mAMP_VERSION[38;2;192;197;206m:[38;2;192;197;206m [38;2;180;142;173mi16[38;2;192;197;206m [38;2;192;197;206m=[38;2;192;197;206m [38;2;208;135;112m1[38;2;192;197;206m;[K
[0m[48;2;43;48;59m[39m   3,  3[0m:[39m[48;2;43;48;59m [38;2;101;115;126m///[38;2;101;115;126m Message struct.[K
[0m[48;2;43;48;59m[39m   4,  4[0m:[39m[48;2;43;48;59m [38;2;180;142;173mpub[38;2;192;197;206m [38;2;180;142;173mstruct[38;2;192;197;206m [38;2;192;197;206mAmp[38;2;192;197;206m [38;2;192;197;206m{[K
[0m[48;2;43;48;59m[39m   5,  5[0m:[39m[48;2;43;48;59m [38;2;192;197;206m    [38;2;101;115;126m///[38;2;101;115;126m Protocol version.[K
[0m[48;2;43;48;59m[39m   6,  6[0m:[39m[48;2;43;48;59m [38;2;192;197;206m    [38;2;180;142;173mpub[38;2;192;197;206m [38;2;191;97;106mversion[38;2;192;197;206m:[38;2;192;197;206m [38;2;180;142;173mi16[38;2;192;197;206m,[K
[0m[48;2;43;48;59m[39m   7,  7[0m:[39m[48;2;43;48;59m [38;2;192;197;206m    [38;2;101;115;126m///[38;2;101;115;126m Number of arguments.[K
[0m[48;2;43;48;59m[39m   8,  8[0m:[39m[48;2;43;48;59m [38;2;192;197;206m    [38;2;180;142;173mpub[38;2;192;197;206m [38;2;191;97;106margc[38;2;192;197;206m:[38;2;192;197;206m [38;2;180;142;173mi16[38;2;192;197;206m,[K
[0m[48;2;43;48;59m[39m   9,  9[0m:[39m[48;2;43;48;59m [38;2;192;197;206m    [38;2;101;115;126m///[38;2;101;115;126m Encoded buffer.[K
[0m[48;2;43;48;59m[39m  10, 10[0m:[39m[48;2;43;48;59m [38;2;192;197;206m    [38;2;180;142;173mpub[38;2;192;197;206m [38;2;191;97;106mbuf[38;2;192;197;206m:[38;2;192;197;206m String,[K
[0m[48;2;43;48;59m[39m  11, 11[0m:[39m[48;2;43;48;59m [38;2;192;197;206m}[K
[0m[48;2;43;48;59m[39m  12, 12[0m:[39m[48;2;43;48;59m [38;2;180;142;173mimpl[38;2;192;197;206m [38;2;192;197;206mAmp[38;2;192;197;206m [38;2;192;197;206m{[K
[0m[48;2;43;48;59m[39m  13, 13[0m:[39m[48;2;43;48;59m [38;2;192;197;206m    [38;2;101;115;126m///[38;2;101;115;126m Decodes the given buffer into this message.[K
[0m[48;2;43;48;59m[39m  14, 14[0m:[39m[48;2;43;48;59m [38;2;192;197;206m    [38;2;101;115;126m///[K
[0m[48;2;43;48;59m[39m  15, 15[0m:[39m[48;2;43;48;59m [38;2;192;197;206m    [38;2;101;115;126m///[38;2;101;115;126m # Arguments[K
[0m[48;2;43;48;59m[39m  16, 16[0m:[39m[48;2;43;48;59m [38;2;192;197;206m    [38;2;101;115;126m///[K
[0m[48;2;43;48;59m[39m  17, 17[0m:[39m[48;2;43;48;59m [38;2;192;197;206m    [38;2;101;115;126m///[38;2;101;115;126m * `buf` - A string slice containing the encoded message.[K
[0m[48;2;43;48;59m[39m  18, 18[0m:[39m[48;2;43;48;59m [38;2;192;197;206m    [38;2;180;142;173mpub[38;2;192;197;206m [38;2;180;142;173mfn[38;2;192;197;206m [38;2;143;161;179mdecode[38;2;192;197;206m([38;2;192;197;206m&[38;2;180;142;173mmut[38;2;192;197;206m [38;2;191;97;106mself[38;2;192;197;206m, [38;2;191;97;106mbuf[38;2;192;197;206m:[38;2;192;197;206m [38;2;192;197;206m&[38;2;180;142;173mstr[38;2;192;197;206m)[38;2;192;197;206m [38;2;192;197;206m{[K
[0m[48;2;43;48;59m[39m  19, 19[0m:[39m[48;2;43;48;59m [38;2;192;197;206m        [38;2;180;142;173mlet[38;2;192;197;206m b [38;2;192;197;206m=[38;2;192;197;206m buf.[38;2;150;181;180mas_bytes[38;2;192;197;206m([38;2;192;197;206m)[38;2;192;197;206m[[38;2;208;135;112m0[38;2;192;197;206m][38;2;192;197;206m;[K
[0m[48;2;43;48;59m[39m  20, 20[0m:[39m[48;2;43;48;59m [38;2;192;197;206m        [38;2;191;97;106mself[38;2;192;197;206m.version [38;2;192;197;206m=[38;2;192;197;206m [38;2;192;197;206m([38;2;192;197;206mb [38;2;192;197;206m>[38;2;192;197;206m>[38;2;192;197;206m [38;2;208;135;112m4[38;2;192;197;206m)[38;2;192;197;206m [38;2;192;197;206mas[38;2;192;197;206m [38;2;180;142;173mi16[38;2;192;197;206m;[K
[0m[48;2;43;48;59m[39m  21, 21[0m:[39m[48;2;43;48;59m [38;2;192;197;206m        [38;2;191;97;106mself[38;2;192;197;206m.argc [38;2;192;197;206m=[38;2;192;197;206m [38;2;192;197;206m([38;2;192;197;206mb [38;2;192;197;206m&[38;2;192;197;206m [38;2;208;135;112m0xf[38;2;192;197;206m)[38;2;192;197;206m [38;2;192;197;206mas[38;2;192;197;206m [38;2;180;142;173mi16[38;2;192;197;206m;[K
[0m[48;2;43;48;59m[39m  22, 22[0m:[39m[48;2;43;48;59m [38;2;192;197;206m        [38;2;191;97;106mself[38;2;192;197;206m.buf [38;2;192;197;206m=[38;2;192;197;206m buf[38;2;192;197;206m[[38;2;208;135;112m1[38;2;192;197;206m..[38;2;192;197;206m][38;2;192;197;206m.[38;2;150;181;180mto_string[38;2;192;197;206m([38;2;192;197;206m)[38;2;192;197;206m;[K
[0m[48;2;43;48;59m[39m  23, 23[0m:[39m[48;2;43;48;59m [38;2;192;197;206m    [38;2;192;197;206m}[K
[0m[48;2;43;48;59m[39m  24, 24[0m:[39m[48;2;43;48;59m [38;2;192;197;206m    [38;2;101;115;126m///[38;2;101;115;126m Decodes and returns the next argument from the message.[K
[0m[48;2;43;48;59m[39m  25, 25[0m:[39m[48;2;43;48;59m [38;2;192;197;206m    [38;2;101;115;126m///[K
[0m[48;2;43;48;59m[39m  26, 26[0m:[39m[48;2;43;48;59m [38;2;192;197;206m    [38;2;101;115;126m///[38;2;101;115;126m # Returns[K
[0m[48;2;43;48;59m[39m  27, 27[0m:[39m[48;2;43;48;59m [38;2;192;197;206m    [38;2;101;115;126m///[K
[0m[48;2;43;48;59m[39m  28, 28[0m:[39m[48;2;43;48;59m [38;2;192;197;206m    [38;2;101;115;126m///[38;2;101;115;126m A string slice representing the next decoded argument.[K
[0m[48;2;43;48;59m[39m  29, 29[0m:[39m[48;2;43;48;59m [38;2;192;197;206m    [38;2;180;142;173mpub[38;2;192;197;206m [38;2;180;142;173mfn[38;2;192;197;206m [38;2;143;161;179mdecode_arg[38;2;192;197;206m([38;2;192;197;206m&[38;2;180;142;173mmut[38;2;192;197;206m [38;2;191;97;106mself[38;2;192;197;206m)[38;2;192;197;206m [38;2;192;197;206m->[38;2;192;197;206m [38;2;192;197;206m&[38;2;180;142;173mstr[38;2;192;197;206m [38;2;192;197;206m{[K
[0m[48;2;43;48;59m[39m  30, 30[0m:[39m[48;2;43;48;59m [38;2;192;197;206m        [38;2;180;142;173mlet[38;2;192;197;206m bytes [38;2;192;197;206m=[38;2;192;197;206m [38;2;191;97;106mself[38;2;192;197;206m.buf.[38;2;150;181;180mas_bytes[38;2;192;197;206m([38;2;192;197;206m)[38;2;192;197;206m;[K
[0m[48;2;43;48;59m[39m  31, 31[0m:[39m[48;2;43;48;59m [38;2;192;197;206m        [38;2;180;142;173mlet[38;2;192;197;206m len [38;2;192;197;206m=[38;2;192;197;206m [38;2;192;197;206m([38;2;192;197;206m([38;2;192;197;206mbytes[38;2;192;197;206m[[38;2;208;135;112m0[38;2;192;197;206m][38;2;192;197;206m [38;2;192;197;206mas[38;2;192;197;206m [38;2;180;142;173mu32[38;2;192;197;206m)[38;2;192;197;206m [38;2;192;197;206m<[38;2;192;197;206m<[38;2;192;197;206m [38;2;208;135;112m24[K
[0m[48;2;43;48;59m[39m  32, 32[0m:[39m[48;2;43;48;59m [38;2;192;197;206m            [38;2;192;197;206m|[38;2;192;197;206m [38;2;192;197;206m([38;2;192;197;206mbytes[38;2;192;197;206m[[38;2;208;135;112m1[38;2;192;197;206m][38;2;192;197;206m [38;2;192;197;206mas[38;2;192;197;206m [38;2;180;142;173mu32[38;2;192;197;206m)[38;2;192;197;206m [38;2;192;197;206m<[38;2;192;197;206m<[38;2;192;197;206m [38;2;208;135;112m16[K
[0m[48;2;43;48;59m[39m  33, 33[0m:[39m[48;2;43;48;59m [38;2;192;197;206m            [38;2;192;197;206m|[38;2;192;197;206m [38;2;192;197;206m([38;2;192;197;206mbytes[38;2;192;197;206m[[38;2;208;135;112m2[38;2;192;197;206m][38;2;192;197;206m [38;2;192;197;206mas[38;2;192;197;206m [38;2;180;142;173mu32[38;2;192;197;206m)[38;2;192;197;206m [38;2;192;197;206m<[38;2;192;197;206m<[38;2;192;197;206m [38;2;208;135;112m8[K
[0m[48;2;43;48;59m[39m  34, 34[0m:[39m[48;2;43;48;59m [38;2;192;197;206m            [38;2;192;197;206m|[38;2;192;197;206m [38;2;192;197;206m([38;2;192;197;206mbytes[38;2;192;197;206m[[38;2;208;135;112m3[38;2;192;197;206m][38;2;192;197;206m [38;2;192;197;206mas[38;2;192;197;206m [38;2;180;142;173mu32[38;2;192;197;206m)[38;2;192;197;206m)[38;2;192;197;206m [38;2;192;197;206mas[38;2;192;197;206m [38;2;180;142;173musize[38;2;192;197;206m;[K
[0m[48;2;79;40;40m[39m- 35    [0m:[39m[48;2;36;25;28m [38;2;192;197;206m        [38;2;101;115;126m//[38;2;101;115;126m buf layout: [4 bytes len][len bytes data][rest...][K
[0m[48;2;79;40;40m[39m- 36    [0m:[39m[48;2;36;25;28m [38;2;192;197;206m        [38;2;101;115;126m//[38;2;101;115;126m Rearrange to: [len bytes data][rest...][K
[0m[48;2;79;40;40m[39m- 37    [0m:[39m[48;2;36;25;28m [38;2;192;197;206m        [38;2;101;115;126m//[38;2;101;115;126m Then return &self.buf[..len][K
[0m[48;2;79;40;40m[39m- 38    [0m:[39m[48;2;36;25;28m [38;2;192;197;206m        [38;2;180;142;173mlet[38;2;192;197;206m arg_and_rest [38;2;192;197;206m=[38;2;192;197;206m [38;2;191;97;106mself[38;2;192;197;206m.buf[38;2;192;197;206m[[38;2;208;135;112m4[38;2;192;197;206m..[38;2;192;197;206m][38;2;192;197;206m.[38;2;150;181;180mto_string[38;2;192;197;206m([38;2;192;197;206m)[38;2;192;197;206m;[K
[0m[48;2;79;40;40m[39m- 39    [0m:[39m[48;2;36;25;28m [38;2;192;197;206m        [38;2;191;97;106mself[38;2;192;197;206m.buf [38;2;192;197;206m=[38;2;192;197;206m arg_and_rest[38;2;192;197;206m;[K
[0m[48;2;79;40;40m[39m- 40    [0m:[39m[48;2;36;25;28m [38;2;192;197;206m        [38;2;192;197;206m&[38;2;191;97;106mself[38;2;192;197;206m.buf[38;2;192;197;206m[[38;2;192;197;206m..[38;2;192;197;206mlen[38;2;192;197;206m][K
[0m[48;2;40;67;43m[39m+     35[0m:[39m[48;2;24;38;30m [38;2;192;197;206m        [38;2;101;115;126m//[38;2;101;115;126m Layout: [4-byte len][len-byte arg][rest...][K
[0m[48;2;40;67;43m[39m+     36[0m:[39m[48;2;24;38;30m [38;2;192;197;206m        [38;2;101;115;126m//[38;2;101;115;126m Rearrange to: [rest...][arg][K
[0m[48;2;40;67;43m[39m+     37[0m:[39m[48;2;24;38;30m [38;2;192;197;206m        [38;2;101;115;126m//[38;2;101;115;126m Return &self.buf[self.buf.len()-len..][K
[0m[48;2;40;67;43m[39m+     38[0m:[39m[48;2;24;38;30m [38;2;192;197;206m        [38;2;180;142;173mlet[38;2;192;197;206m arg_start [38;2;192;197;206m=[38;2;192;197;206m [38;2;208;135;112m4[38;2;192;197;206m;[K
[0m[48;2;40;67;43m[39m+     39[0m:[39m[48;2;24;38;30m [38;2;192;197;206m        [38;2;180;142;173mlet[38;2;192;197;206m arg_end [38;2;192;197;206m=[38;2;192;197;206m [38;2;208;135;112m4[38;2;192;197;206m [38;2;192;197;206m+[38;2;192;197;206m len[38;2;192;197;206m;[K
[0m[48;2;40;67;43m[39m+     40[0m:[39m[48;2;24;38;30m [38;2;192;197;206m        [38;2;180;142;173mlet[38;2;192;197;206m rest [38;2;192;197;206m=[38;2;192;197;206m [38;2;192;197;206m&[38;2;191;97;106mself[38;2;192;197;206m.buf[38;2;192;197;206m[[38;2;192;197;206marg_end[38;2;192;197;206m..[38;2;192;197;206m][38;2;192;197;206m;[K
[0m[48;2;40;67;43m[39m+     41[0m:[39m[48;2;24;38;30m [38;2;192;197;206m        [38;2;180;142;173mlet[38;2;192;197;206m arg [38;2;192;197;206m=[38;2;192;197;206m [38;2;192;197;206m&[38;2;191;97;106mself[38;2;192;197;206m.buf[38;2;192;197;206m[[38;2;192;197;206marg_start[38;2;192;197;206m..[38;2;192;197;206marg_end[38;2;192;197;206m][38;2;192;197;206m;[K
[0m[48;2;40;67;43m[39m+     42[0m:[39m[48;2;24;38;30m [38;2;192;197;206m        [38;2;180;142;173mlet[38;2;192;197;206m new_buf [38;2;192;197;206m=[38;2;192;197;206m [38;2;192;197;206mformat![38;2;192;197;206m([38;2;192;197;206m"[38;2;208;135;112m{}[38;2;208;135;112m{}[38;2;192;197;206m"[38;2;192;197;206m,[38;2;192;197;206m rest[38;2;192;197;206m,[38;2;192;197;206m arg[38;2;192;197;206m)[38;2;192;197;206m;[K
[0m[48;2;40;67;43m[39m+     43[0m:[39m[48;2;24;38;30m [38;2;192;197;206m        [38;2;191;97;106mself[38;2;192;197;206m.buf [38;2;192;197;206m=[38;2;192;197;206m new_buf[38;2;192;197;206m;[K
[0m[48;2;40;67;43m[39m+     44[0m:[39m[48;2;24;38;30m [38;2;192;197;206m        [38;2;192;197;206m&[38;2;191;97;106mself[38;2;192;197;206m.buf[38;2;192;197;206m[[38;2;191;97;106mself[38;2;192;197;206m.buf.[38;2;150;181;180mlen[38;2;192;197;206m([38;2;192;197;206m)[38;2;192;197;206m [38;2;192;197;206m-[38;2;192;197;206m len[38;2;192;197;206m..[38;2;192;197;206m][K
[0m[48;2;43;48;59m[39m  41, 45[0m:[39m[48;2;43;48;59m [38;2;192;197;206m    [38;2;192;197;206m}[K
[0m[48;2;43;48;59m[39m  42, 46[0m:[39m[48;2;43;48;59m [38;2;192;197;206m}[K
[0m[48;2;43;48;59m[39m  43, 47[0m:[39m[48;2;43;48;59m [38;2;101;115;126m///[38;2;101;115;126m Encodes the given arguments into a message buffer.[K
[0m[48;2;43;48;59m[39m  44, 48[0m:[39m[48;2;43;48;59m [38;2;101;115;126m///[K
[0m[48;2;43;48;59m[39m  45, 49[0m:[39m[48;2;43;48;59m [38;2;101;115;126m///[38;2;101;115;126m # Arguments[K
[0m[48;2;43;48;59m[39m  46, 50[0m:[39m[48;2;43;48;59m [38;2;101;115;126m///[K
[0m[48;2;43;48;59m[39m  47, 51[0m:[39m[48;2;43;48;59m [38;2;101;115;126m///[38;2;101;115;126m * `argv` - A slice of string slices representing the arguments.[K
[0m[48;2;43;48;59m[39m  48, 52[0m:[39m[48;2;43;48;59m [38;2;101;115;126m///[K
[0m[48;2;43;48;59m[39m  49, 53[0m:[39m[48;2;43;48;59m [38;2;101;115;126m///[38;2;101;115;126m # Returns[K
[0m[48;2;43;48;59m[39m  50, 54[0m:[39m[48;2;43;48;59m [38;2;101;115;126m///[K
[0m[48;2;43;48;59m[39m  51, 55[0m:[39m[48;2;43;48;59m [38;2;101;115;126m///[38;2;101;115;126m A `String` containing the encoded message.[K
[0m[48;2;43;48;59m[39m  52, 56[0m:[39m[48;2;43;48;59m [38;2;180;142;173mpub[38;2;192;197;206m [38;2;180;142;173mfn[38;2;192;197;206m [38;2;143;161;179mamp_encode[38;2;192;197;206m([38;2;191;97;106margv[38;2;192;197;206m:[38;2;192;197;206m [38;2;192;197;206m&[38;2;192;197;206m[[38;2;192;197;206m&[38;2;180;142;173mstr[38;2;192;197;206m][38;2;192;197;206m)[38;2;192;197;206m [38;2;192;197;206m->[38;2;192;197;206m String[38;2;192;197;206m [38;2;192;197;206m{[K
[0m[48;2;43;48;59m[39m  53, 57[0m:[39m[48;2;43;48;59m [38;2;192;197;206m    [38;2;180;142;173mlet[38;2;192;197;206m argc [38;2;192;197;206m=[38;2;192;197;206m argv.[38;2;150;181;180mlen[38;2;192;197;206m([38;2;192;197;206m)[38;2;192;197;206m;[K
[0m[48;2;43;48;59m[39m  54, 58[0m:[39m[48;2;43;48;59m [38;2;192;197;206m    [38;2;180;142;173mlet[38;2;192;197;206m [38;2;180;142;173mmut[38;2;192;197;206m out [38;2;192;197;206m=[38;2;192;197;206m [38;2;192;197;206mVec[38;2;192;197;206m::[38;2;192;197;206mwith_capacity[38;2;192;197;206m([38;2;208;135;112m1[38;2;192;197;206m [38;2;192;197;206m+[38;2;192;197;206m argc [38;2;192;197;206m*[38;2;192;197;206m [38;2;208;135;112m4[38;2;192;197;206m)[38;2;192;197;206m;[K
[0m[48;2;79;40;40m[39m- 55    [0m:[39m[48;2;36;25;28m [38;2;192;197;206m    [38;2;101;115;126m//[38;2;101;115;126m ver/argc header byte[K
[0m[48;2;43;48;59m[39m  56, 59[0m:[39m[48;2;43;48;59m [38;2;192;197;206m    out.[38;2;150;181;180mpush[38;2;192;197;206m([38;2;192;197;206m([38;2;192;197;206m([38;2;208;135;112mAMP_VERSION[38;2;192;197;206m [38;2;192;197;206mas[38;2;192;197;206m [38;2;180;142;173mu8[38;2;192;197;206m)[38;2;192;197;206m [38;2;192;197;206m<[38;2;192;197;206m<[38;2;192;197;206m [38;2;208;135;112m4[38;2;192;197;206m)[38;2;192;197;206m [38;2;192;197;206m|[38;2;192;197;206m [38;2;192;197;206m([38;2;192;197;206margc [38;2;192;197;206mas[38;2;192;197;206m [38;2;180;142;173mu8[38;2;192;197;206m)[38;2;192;197;206m)[38;2;192;197;206m;[K
[0m[48;2;43;48;59m[39m  57, 60[0m:[39m[48;2;43;48;59m [38;2;192;197;206m    [38;2;180;142;173mfor[38;2;192;197;206m arg [38;2;192;197;206min[38;2;192;197;206m argv [38;2;192;197;206m{[K
[0m[48;2;43;48;59m[39m  58, 61[0m:[39m[48;2;43;48;59m [38;2;192;197;206m        [38;2;180;142;173mlet[38;2;192;197;206m len [38;2;192;197;206m=[38;2;192;197;206m arg.[38;2;150;181;180mlen[38;2;192;197;206m([38;2;192;197;206m)[38;2;192;197;206m [38;2;192;197;206mas[38;2;192;197;206m [38;2;180;142;173mu32[38;2;192;197;206m;[K
[0m[48;2;43;48;59m[39m  59, 62[0m:[39m[48;2;43;48;59m [38;2;192;197;206m        out.[38;2;150;181;180mpush[38;2;192;197;206m([38;2;192;197;206m([38;2;192;197;206mlen [38;2;192;197;206m>[38;2;192;197;206m>[38;2;192;197;206m [38;2;208;135;112m24[38;2;192;197;206m)[38;2;192;197;206m [38;2;192;197;206mas[38;2;192;197;206m [38;2;180;142;173mu8[38;2;192;197;206m)[38;2;192;197;206m;[K
[0m[48;2;43;48;59m[39m  60, 63[0m:[39m[48;2;43;48;59m [38;2;192;197;206m        out.[38;2;150;181;180mpush[38;2;192;197;206m([38;2;192;197;206m([38;2;192;197;206mlen [38;2;192;197;206m>[38;2;192;197;206m>[38;2;192;197;206m [38;2;208;135;112m16[38;2;192;197;206m)[38;2;192;197;206m [38;2;192;197;206mas[38;2;192;197;206m [38;2;180;142;173mu8[38;2;192;197;206m)[38;2;192;197;206m;[K
[0m[48;2;43;48;59m[39m  61, 64[0m:[39m[48;2;43;48;59m [38;2;192;197;206m        out.[38;2;150;181;180mpush[38;2;192;197;206m([38;2;192;197;206m([38;2;192;197;206mlen [38;2;192;197;206m>[38;2;192;197;206m>[38;2;192;197;206m [38;2;208;135;112m8[38;2;192;197;206m)[38;2;192;197;206m [38;2;192;197;206mas[38;2;192;197;206m [38;2;180;142;173mu8[38;2;192;197;206m)[38;2;192;197;206m;[K
[0m[48;2;43;48;59m[39m  62, 65[0m:[39m[48;2;43;48;59m [38;2;192;197;206m        out.[38;2;150;181;180mpush[38;2;192;197;206m([38;2;192;197;206mlen [38;2;192;197;206mas[38;2;192;197;206m [38;2;180;142;173mu8[38;2;192;197;206m)[38;2;192;197;206m;[K
[0m[48;2;43;48;59m[39m  63, 66[0m:[39m[48;2;43;48;59m [38;2;192;197;206m        out.[38;2;150;181;180mextend_from_slice[38;2;192;197;206m([38;2;192;197;206marg.[38;2;150;181;180mas_bytes[38;2;192;197;206m([38;2;192;197;206m)[38;2;192;197;206m)[38;2;192;197;206m;[K
[0m[48;2;43;48;59m[39m  64, 67[0m:[39m[48;2;43;48;59m [38;2;192;197;206m    [38;2;192;197;206m}[K
[0m[48;2;79;40;40m[39m- 65    [0m:[39m[48;2;36;25;28m [38;2;192;197;206m    [38;2;101;115;126m//[38;2;101;115;126m Convert bytes to String — these may not be valid UTF-8 in general,[K
[0m[48;2;79;40;40m[39m- 66    [0m:[39m[48;2;36;25;28m [38;2;192;197;206m    [38;2;101;115;126m//[38;2;101;115;126m but the protocol uses the bytes as-is and the Rust API uses String.[K
[0m[48;2;79;40;40m[39m- 67    [0m:[39m[48;2;36;25;28m [38;2;192;197;206m    [38;2;101;115;126m//[38;2;101;115;126m Since we're encoding string args, the data portion is valid UTF-8.[K
[0m[48;2;79;40;40m[39m- 68    [0m:[39m[48;2;36;25;28m [38;2;192;197;206m    [38;2;101;115;126m//[38;2;101;115;126m The header/length bytes may not be valid UTF-8, so use unsafe or latin1.[K
[0m[48;2;79;40;40m[39m- 69    [0m:[39m[48;2;36;25;28m [38;2;192;197;206m    [38;2;101;115;126m//[38;2;101;115;126m The C code treats everything as raw bytes. The Rust interface uses String.[K
[0m[48;2;79;40;40m[39m- 70    [0m:[39m[48;2;36;25;28m [38;2;192;197;206m    [38;2;101;115;126m//[38;2;101;115;126m We need to preserve the raw bytes. Use char-by-char latin1 mapping.[K
[0m[48;2;43;48;59m[39m  71, 68[0m:[39m[48;2;43;48;59m [38;2;192;197;206m    out.[38;2;150;181;180miter[38;2;192;197;206m([38;2;192;197;206m)[38;2;192;197;206m.[38;2;150;181;180mmap[38;2;192;197;206m([38;2;192;197;206m|[38;2;192;197;206m&[38;2;191;97;106mb[38;2;192;197;206m|[38;2;192;197;206m [38;2;192;197;206mb [38;2;192;197;206mas[38;2;192;197;206m [38;2;180;142;173mchar[38;2;192;197;206m)[38;2;192;197;206m.[38;2;150;181;180mcollect[38;2;192;197;206m([38;2;192;197;206m)[K
[0m[48;2;43;48;59m[39m  72, 69[0m:[39m[48;2;43;48;59m [38;2;192;197;206m}[K
[0m[48;2;43;48;59m[39m  73, 70[0m:[39m[48;2;43;48;59m [K
[0m[48;2;43;48;59m[39m  74, 71[0m:[39m[48;2;43;48;59m [38;2;192;197;206m#[38;2;192;197;206m[[38;2;191;97;106mcfg[38;2;192;197;206m([38;2;192;197;206mtest[38;2;192;197;206m)[38;2;192;197;206m][K
[0m[48;2;43;48;59m[39m  75, 72[0m:[39m[48;2;43;48;59m [38;2;180;142;173mmod[38;2;192;197;206m [38;2;192;197;206mtests[38;2;192;197;206m [38;2;192;197;206m{[K
[0m[48;2;43;48;59m[39m  76, 73[0m:[39m[48;2;43;48;59m [38;2;192;197;206m    [38;2;180;142;173muse[38;2;192;197;206m [38;2;180;142;173msuper[38;2;192;197;206m::[38;2;192;197;206m*[38;2;192;197;206m;[K
[0m[48;2;43;48;59m[39m  77, 74[0m:[39m[48;2;43;48;59m [38;2;192;197;206m    [38;2;192;197;206m#[38;2;192;197;206m[[38;2;191;97;106mtest[38;2;192;197;206m][K
[0m[48;2;43;48;59m[39m  78, 75[0m:[39m[48;2;43;48;59m [38;2;192;197;206m    [38;2;180;142;173mfn[38;2;192;197;206m [38;2;143;161;179mtest_encode_decode[38;2;192;197;206m([38;2;192;197;206m)[38;2;192;197;206m [38;2;192;197;206m{[K
[0m[48;2;43;48;59m[39m  79, 76[0m:[39m[48;2;43;48;59m [38;2;192;197;206m        [38;2;180;142;173mlet[38;2;192;197;206m args [38;2;192;197;206m=[38;2;192;197;206m [38;2;192;197;206m&[38;2;192;197;206m[[38;2;192;197;206m"[38;2;163;190;140msome[38;2;192;197;206m"[38;2;192;197;206m,[38;2;192;197;206m [38;2;192;197;206m"[38;2;163;190;140mstuff[38;2;192;197;206m"[38;2;192;197;206m,[38;2;192;197;206m [38;2;192;197;206m"[38;2;163;190;140mhere[38;2;192;197;206m"[38;2;192;197;206m][38;2;192;197;206m;[K
[0m[48;2;43;48;59m[39m  80, 77[0m:[39m[48;2;43;48;59m [38;2;192;197;206m        [38;2;180;142;173mlet[38;2;192;197;206m buf [38;2;192;197;206m=[38;2;192;197;206m [38;2;150;181;180mamp_encode[38;2;192;197;206m([38;2;192;197;206margs[38;2;192;197;206m)[38;2;192;197;206m;[K
[0m[48;2;43;48;59m[39m  81, 78[0m:[39m[48;2;43;48;59m [38;2;192;197;206m        [38;2;180;142;173mlet[38;2;192;197;206m [38;2;180;142;173mmut[38;2;192;197;206m msg [38;2;192;197;206m=[38;2;192;197;206m Amp [38;2;192;197;206m{[38;2;192;197;206m version[38;2;192;197;206m:[38;2;192;197;206m [38;2;208;135;112m0[38;2;192;197;206m,[38;2;192;197;206m argc[38;2;192;197;206m:[38;2;192;197;206m [38;2;208;135;112m0[38;2;192;197;206m,[38;2;192;197;206m buf[38;2;192;197;206m:[38;2;192;197;206m [38;2;192;197;206mString[38;2;192;197;206m::[38;2;192;197;206mnew[38;2;192;197;206m([38;2;192;197;206m)[38;2;192;197;206m [38;2;192;197;206m}[38;2;192;197;206m;[K
[0m[48;2;43;48;59m[39m  82, 79[0m:[39m[48;2;43;48;59m [38;2;192;197;206m        msg.[38;2;150;181;180mdecode[38;2;192;197;206m([38;2;192;197;206m&[38;2;192;197;206mbuf[38;2;192;197;206m)[38;2;192;197;206m;[K
[0m[48;2;43;48;59m[39m  83, 80[0m:[39m[48;2;43;48;59m [38;2;192;197;206m        [38;2;192;197;206massert_eq![38;2;192;197;206m([38;2;208;135;112m1[38;2;192;197;206m,[38;2;192;197;206m msg.version[38;2;192;197;206m)[38;2;192;197;206m;[K
[0m[48;2;43;48;59m[39m  84, 81[0m:[39m[48;2;43;48;59m [38;2;192;197;206m        [38;2;192;197;206massert_eq![38;2;192;197;206m([38;2;208;135;112m3[38;2;192;197;206m,[38;2;192;197;206m msg.argc[38;2;192;197;206m)[38;2;192;197;206m;[K
[0m[48;2;79;40;40m[39m- 85    [0m:[39m[48;2;36;25;28m [38;2;192;197;206m        [K
[0m[48;2;40;67;43m[39m+     82[0m:[39m[48;2;24;38;30m [K
[0m[48;2;43;48;59m[39m  86, 83[0m:[39m[48;2;43;48;59m [38;2;192;197;206m        [38;2;180;142;173mlet[38;2;192;197;206m arg0 [38;2;192;197;206m=[38;2;192;197;206m msg.[38;2;150;181;180mdecode_arg[38;2;192;197;206m([38;2;192;197;206m)[38;2;192;197;206m;[K
[0m[48;2;43;48;59m[39m  87, 84[0m:[39m[48;2;43;48;59m [38;2;192;197;206m        [38;2;192;197;206massert_eq![38;2;192;197;206m([38;2;192;197;206m"[38;2;163;190;140msome[38;2;192;197;206m"[38;2;192;197;206m,[38;2;192;197;206m arg0[38;2;192;197;206m)[38;2;192;197;206m;[K
[0m[48;2;43;48;59m[39m  88, 85[0m:[39m[48;2;43;48;59m [38;2;192;197;206m        [38;2;180;142;173mlet[38;2;192;197;206m arg1 [38;2;192;197;206m=[38;2;192;197;206m msg.[38;2;150;181;180mdecode_arg[38;2;192;197;206m([38;2;192;197;206m)[38;2;192;197;206m;[K
[0m[48;2;43;48;59m[39m  89, 86[0m:[39m[48;2;43;48;59m [38;2;192;197;206m        [38;2;192;197;206massert_eq![38;2;192;197;206m([38;2;192;197;206m"[38;2;163;190;140mstuff[38;2;192;197;206m"[38;2;192;197;206m,[38;2;192;197;206m arg1[38;2;192;197;206m)[38;2;192;197;206m;[K
[0m[48;2;43;48;59m[39m  90, 87[0m:[39m[48;2;43;48;59m [38;2;192;197;206m        [38;2;180;142;173mlet[38;2;192;197;206m arg2 [38;2;192;197;206m=[38;2;192;197;206m msg.[38;2;150;181;180mdecode_arg[38;2;192;197;206m([38;2;192;197;206m)[38;2;192;197;206m;[K
[0m[48;2;43;48;59m[39m  91, 88[0m:[39m[48;2;43;48;59m [38;2;192;197;206m        [38;2;192;197;206massert_eq![38;2;192;197;206m([38;2;192;197;206m"[38;2;163;190;140mhere[38;2;192;197;206m"[38;2;192;197;206m,[38;2;192;197;206m arg2[38;2;192;197;206m)[38;2;192;197;206m;[K
[0m[48;2;43;48;59m[39m  92, 89[0m:[39m[48;2;43;48;59m [38;2;192;197;206m    [38;2;192;197;206m}[K
[0m[48;2;43;48;59m[39m  93, 90[0m:[39m[48;2;43;48;59m [38;2;192;197;206m}[K
[0m[K
Replacing: [38;5;141msrc/amp.rs[0m
[38;5;244m - Completed in 0.0s[0m

[?25l[0m[?25l[0m[0mI will run the following command: [38;5;141mcd /tmp/harvest-crust-UGDBQj/project && cargo test --lib 2>&1[0m[38;5;244m (using tool: shell)[0m
Purpose: Run tests to verify the implementation

warning: file `/tmp/harvest-crust-UGDBQj/project/src/bin/test.rs` found to be present in multiple build targets:
  * `bin` target `test`
  * `integration-test` target `test`
   Compiling amp v0.1.0 (/tmp/harvest-crust-UGDBQj/project)
    Finished `test` profile [unoptimized + debuginfo] target(s) in 0.25s
     Running unittests src/lib.rs (target/debug/deps/amp-c22f5cda0fa7b7ac)

running 1 test
test amp::tests::test_encode_decode ... ok

test result: ok. 1 passed; 0 failed; 0 ignored; 0 measured; 0 filtered out; finished in 0.00s

[38;5;244m - Completed in 0.304s[0m

[?25l[0m[38;5;141m> [0mTests pass. Now let me remove the test module (since the instructions say not to add tests) and clean up the final file:[0m[0m
[?25l[0m[0mI'll create the following file: [38;5;141msrc/amp.rs[0m[38;5;244m (using tool: write)[0m

[48;2;43;48;59m[39m   1,  1[0m:[39m[48;2;43;48;59m [38;2;101;115;126m///[38;2;101;115;126m Protocol version.[K
[0m[48;2;43;48;59m[39m   2,  2[0m:[39m[48;2;43;48;59m [38;2;180;142;173mpub[38;2;192;197;206m [38;2;180;142;173mconst[38;2;192;197;206m [38;2;208;135;112mAMP_VERSION[38;2;192;197;206m:[38;2;192;197;206m [38;2;180;142;173mi16[38;2;192;197;206m [38;2;192;197;206m=[38;2;192;197;206m [38;2;208;135;112m1[38;2;192;197;206m;[K
[0m[48;2;43;48;59m[39m   3,  3[0m:[39m[48;2;43;48;59m [38;2;101;115;126m///[38;2;101;115;126m Message struct.[K
[0m[48;2;43;48;59m[39m   4,  4[0m:[39m[48;2;43;48;59m [38;2;180;142;173mpub[38;2;192;197;206m [38;2;180;142;173mstruct[38;2;192;197;206m [38;2;192;197;206mAmp[38;2;192;197;206m [38;2;192;197;206m{[K
[0m[48;2;43;48;59m[39m   5,  5[0m:[39m[48;2;43;48;59m [38;2;192;197;206m    [38;2;101;115;126m///[38;2;101;115;126m Protocol version.[K
[0m[48;2;43;48;59m[39m   6,  6[0m:[39m[48;2;43;48;59m [38;2;192;197;206m    [38;2;180;142;173mpub[38;2;192;197;206m [38;2;191;97;106mversion[38;2;192;197;206m:[38;2;192;197;206m [38;2;180;142;173mi16[38;2;192;197;206m,[K
[0m[48;2;43;48;59m[39m   7,  7[0m:[39m[48;2;43;48;59m [38;2;192;197;206m    [38;2;101;115;126m///[38;2;101;115;126m Number of arguments.[K
[0m[48;2;43;48;59m[39m   8,  8[0m:[39m[48;2;43;48;59m [38;2;192;197;206m    [38;2;180;142;173mpub[38;2;192;197;206m [38;2;191;97;106margc[38;2;192;197;206m:[38;2;192;197;206m [38;2;180;142;173mi16[38;2;192;197;206m,[K
[0m[48;2;43;48;59m[39m   9,  9[0m:[39m[48;2;43;48;59m [38;2;192;197;206m    [38;2;101;115;126m///[38;2;101;115;126m Encoded buffer.[K
[0m[48;2;43;48;59m[39m  10, 10[0m:[39m[48;2;43;48;59m [38;2;192;197;206m    [38;2;180;142;173mpub[38;2;192;197;206m [38;2;191;97;106mbuf[38;2;192;197;206m:[38;2;192;197;206m String,[K
[0m[48;2;43;48;59m[39m  11, 11[0m:[39m[48;2;43;48;59m [38;2;192;197;206m}[K
[0m[48;2;43;48;59m[39m  12, 12[0m:[39m[48;2;43;48;59m [38;2;180;142;173mimpl[38;2;192;197;206m [38;2;192;197;206mAmp[38;2;192;197;206m [38;2;192;197;206m{[K
[0m[48;2;43;48;59m[39m  13, 13[0m:[39m[48;2;43;48;59m [38;2;192;197;206m    [38;2;101;115;126m///[38;2;101;115;126m Decodes the given buffer into this message.[K
[0m[48;2;43;48;59m[39m  14, 14[0m:[39m[48;2;43;48;59m [38;2;192;197;206m    [38;2;101;115;126m///[K
[0m[48;2;43;48;59m[39m  15, 15[0m:[39m[48;2;43;48;59m [38;2;192;197;206m    [38;2;101;115;126m///[38;2;101;115;126m # Arguments[K
[0m[48;2;43;48;59m[39m  16, 16[0m:[39m[48;2;43;48;59m [38;2;192;197;206m    [38;2;101;115;126m///[K
[0m[48;2;43;48;59m[39m  17, 17[0m:[39m[48;2;43;48;59m [38;2;192;197;206m    [38;2;101;115;126m///[38;2;101;115;126m * `buf` - A string slice containing the encoded message.[K
[0m[48;2;43;48;59m[39m  18, 18[0m:[39m[48;2;43;48;59m [38;2;192;197;206m    [38;2;180;142;173mpub[38;2;192;197;206m [38;2;180;142;173mfn[38;2;192;197;206m [38;2;143;161;179mdecode[38;2;192;197;206m([38;2;192;197;206m&[38;2;180;142;173mmut[38;2;192;197;206m [38;2;191;97;106mself[38;2;192;197;206m, [38;2;191;97;106mbuf[38;2;192;197;206m:[38;2;192;197;206m [38;2;192;197;206m&[38;2;180;142;173mstr[38;2;192;197;206m)[38;2;192;197;206m [38;2;192;197;206m{[K
[0m[48;2;43;48;59m[39m  19, 19[0m:[39m[48;2;43;48;59m [38;2;192;197;206m        [38;2;180;142;173mlet[38;2;192;197;206m b [38;2;192;197;206m=[38;2;192;197;206m buf.[38;2;150;181;180mas_bytes[38;2;192;197;206m([38;2;192;197;206m)[38;2;192;197;206m[[38;2;208;135;112m0[38;2;192;197;206m][38;2;192;197;206m;[K
[0m[48;2;43;48;59m[39m  20, 20[0m:[39m[48;2;43;48;59m [38;2;192;197;206m        [38;2;191;97;106mself[38;2;192;197;206m.version [38;2;192;197;206m=[38;2;192;197;206m [38;2;192;197;206m([38;2;192;197;206mb [38;2;192;197;206m>[38;2;192;197;206m>[38;2;192;197;206m [38;2;208;135;112m4[38;2;192;197;206m)[38;2;192;197;206m [38;2;192;197;206mas[38;2;192;197;206m [38;2;180;142;173mi16[38;2;192;197;206m;[K
[0m[48;2;43;48;59m[39m  21, 21[0m:[39m[48;2;43;48;59m [38;2;192;197;206m        [38;2;191;97;106mself[38;2;192;197;206m.argc [38;2;192;197;206m=[38;2;192;197;206m [38;2;192;197;206m([38;2;192;197;206mb [38;2;192;197;206m&[38;2;192;197;206m [38;2;208;135;112m0xf[38;2;192;197;206m)[38;2;192;197;206m [38;2;192;197;206mas[38;2;192;197;206m [38;2;180;142;173mi16[38;2;192;197;206m;[K
[0m[48;2;43;48;59m[39m  22, 22[0m:[39m[48;2;43;48;59m [38;2;192;197;206m        [38;2;191;97;106mself[38;2;192;197;206m.buf [38;2;192;197;206m=[38;2;192;197;206m buf[38;2;192;197;206m[[38;2;208;135;112m1[38;2;192;197;206m..[38;2;192;197;206m][38;2;192;197;206m.[38;2;150;181;180mto_string[38;2;192;197;206m([38;2;192;197;206m)[38;2;192;197;206m;[K
[0m[48;2;43;48;59m[39m  23, 23[0m:[39m[48;2;43;48;59m [38;2;192;197;206m    [38;2;192;197;206m}[K
[0m[48;2;43;48;59m[39m  24, 24[0m:[39m[48;2;43;48;59m [38;2;192;197;206m    [38;2;101;115;126m///[38;2;101;115;126m Decodes and returns the next argument from the message.[K
[0m[48;2;43;48;59m[39m  25, 25[0m:[39m[48;2;43;48;59m [38;2;192;197;206m    [38;2;101;115;126m///[K
[0m[48;2;43;48;59m[39m  26, 26[0m:[39m[48;2;43;48;59m [38;2;192;197;206m    [38;2;101;115;126m///[38;2;101;115;126m # Returns[K
[0m[48;2;43;48;59m[39m  27, 27[0m:[39m[48;2;43;48;59m [38;2;192;197;206m    [38;2;101;115;126m///[K
[0m[48;2;43;48;59m[39m  28, 28[0m:[39m[48;2;43;48;59m [38;2;192;197;206m    [38;2;101;115;126m///[38;2;101;115;126m A string slice representing the next decoded argument.[K
[0m[48;2;43;48;59m[39m  29, 29[0m:[39m[48;2;43;48;59m [38;2;192;197;206m    [38;2;180;142;173mpub[38;2;192;197;206m [38;2;180;142;173mfn[38;2;192;197;206m [38;2;143;161;179mdecode_arg[38;2;192;197;206m([38;2;192;197;206m&[38;2;180;142;173mmut[38;2;192;197;206m [38;2;191;97;106mself[38;2;192;197;206m)[38;2;192;197;206m [38;2;192;197;206m->[38;2;192;197;206m [38;2;192;197;206m&[38;2;180;142;173mstr[38;2;192;197;206m [38;2;192;197;206m{[K
[0m[48;2;43;48;59m[39m  30, 30[0m:[39m[48;2;43;48;59m [38;2;192;197;206m        [38;2;180;142;173mlet[38;2;192;197;206m bytes [38;2;192;197;206m=[38;2;192;197;206m [38;2;191;97;106mself[38;2;192;197;206m.buf.[38;2;150;181;180mas_bytes[38;2;192;197;206m([38;2;192;197;206m)[38;2;192;197;206m;[K
[0m[48;2;43;48;59m[39m  31, 31[0m:[39m[48;2;43;48;59m [38;2;192;197;206m        [38;2;180;142;173mlet[38;2;192;197;206m len [38;2;192;197;206m=[38;2;192;197;206m [38;2;192;197;206m([38;2;192;197;206m([38;2;192;197;206mbytes[38;2;192;197;206m[[38;2;208;135;112m0[38;2;192;197;206m][38;2;192;197;206m [38;2;192;197;206mas[38;2;192;197;206m [38;2;180;142;173mu32[38;2;192;197;206m)[38;2;192;197;206m [38;2;192;197;206m<[38;2;192;197;206m<[38;2;192;197;206m [38;2;208;135;112m24[K
[0m[48;2;43;48;59m[39m  32, 32[0m:[39m[48;2;43;48;59m [38;2;192;197;206m            [38;2;192;197;206m|[38;2;192;197;206m [38;2;192;197;206m([38;2;192;197;206mbytes[38;2;192;197;206m[[38;2;208;135;112m1[38;2;192;197;206m][38;2;192;197;206m [38;2;192;197;206mas[38;2;192;197;206m [38;2;180;142;173mu32[38;2;192;197;206m)[38;2;192;197;206m [38;2;192;197;206m<[38;2;192;197;206m<[38;2;192;197;206m [38;2;208;135;112m16[K
[0m[48;2;43;48;59m[39m  33, 33[0m:[39m[48;2;43;48;59m [38;2;192;197;206m            [38;2;192;197;206m|[38;2;192;197;206m [38;2;192;197;206m([38;2;192;197;206mbytes[38;2;192;197;206m[[38;2;208;135;112m2[38;2;192;197;206m][38;2;192;197;206m [38;2;192;197;206mas[38;2;192;197;206m [38;2;180;142;173mu32[38;2;192;197;206m)[38;2;192;197;206m [38;2;192;197;206m<[38;2;192;197;206m<[38;2;192;197;206m [38;2;208;135;112m8[K
[0m[48;2;43;48;59m[39m  34, 34[0m:[39m[48;2;43;48;59m [38;2;192;197;206m            [38;2;192;197;206m|[38;2;192;197;206m [38;2;192;197;206m([38;2;192;197;206mbytes[38;2;192;197;206m[[38;2;208;135;112m3[38;2;192;197;206m][38;2;192;197;206m [38;2;192;197;206mas[38;2;192;197;206m [38;2;180;142;173mu32[38;2;192;197;206m)[38;2;192;197;206m)[38;2;192;197;206m [38;2;192;197;206mas[38;2;192;197;206m [38;2;180;142;173musize[38;2;192;197;206m;[K
[0m[48;2;79;40;40m[39m- 35    [0m:[39m[48;2;36;25;28m [38;2;192;197;206m        [38;2;101;115;126m//[38;2;101;115;126m Layout: [4-byte len][len-byte arg][rest...][K
[0m[48;2;79;40;40m[39m- 36    [0m:[39m[48;2;36;25;28m [38;2;192;197;206m        [38;2;101;115;126m//[38;2;101;115;126m Rearrange to: [rest...][arg][K
[0m[48;2;79;40;40m[39m- 37    [0m:[39m[48;2;36;25;28m [38;2;192;197;206m        [38;2;101;115;126m//[38;2;101;115;126m Return &self.buf[self.buf.len()-len..][K
[0m[48;2;79;40;40m[39m- 38    [0m:[39m[48;2;36;25;28m [38;2;192;197;206m        [38;2;180;142;173mlet[38;2;192;197;206m arg_start [38;2;192;197;206m=[38;2;192;197;206m [38;2;208;135;112m4[38;2;192;197;206m;[K
[0m[48;2;43;48;59m[39m  39, 35[0m:[39m[48;2;43;48;59m [38;2;192;197;206m        [38;2;180;142;173mlet[38;2;192;197;206m arg_end [38;2;192;197;206m=[38;2;192;197;206m [38;2;208;135;112m4[38;2;192;197;206m [38;2;192;197;206m+[38;2;192;197;206m len[38;2;192;197;206m;[K
[0m[48;2;79;40;40m[39m- 40    [0m:[39m[48;2;36;25;28m [38;2;192;197;206m        [38;2;180;142;173mlet[38;2;192;197;206m rest [38;2;192;197;206m=[38;2;192;197;206m [38;2;192;197;206m&[38;2;191;97;106mself[38;2;192;197;206m.buf[38;2;192;197;206m[[38;2;192;197;206marg_end[38;2;192;197;206m..[38;2;192;197;206m][38;2;192;197;206m;[K
[0m[48;2;79;40;40m[39m- 41    [0m:[39m[48;2;36;25;28m [38;2;192;197;206m        [38;2;180;142;173mlet[38;2;192;197;206m arg [38;2;192;197;206m=[38;2;192;197;206m [38;2;192;197;206m&[38;2;191;97;106mself[38;2;192;197;206m.buf[38;2;192;197;206m[[38;2;192;197;206marg_start[38;2;192;197;206m..[38;2;192;197;206marg_end[38;2;192;197;206m][38;2;192;197;206m;[K
[0m[48;2;79;40;40m[39m- 42    [0m:[39m[48;2;36;25;28m [38;2;192;197;206m        [38;2;180;142;173mlet[38;2;192;197;206m new_buf [38;2;192;197;206m=[38;2;192;197;206m [38;2;192;197;206mformat![38;2;192;197;206m([38;2;192;197;206m"[38;2;208;135;112m{}[38;2;208;135;112m{}[38;2;192;197;206m"[38;2;192;197;206m,[38;2;192;197;206m rest[38;2;192;197;206m,[38;2;192;197;206m arg[38;2;192;197;206m)[38;2;192;197;206m;[K
[0m[48;2;40;67;43m[39m+     36[0m:[39m[48;2;24;38;30m [38;2;192;197;206m        [38;2;180;142;173mlet[38;2;192;197;206m new_buf [38;2;192;197;206m=[38;2;192;197;206m [38;2;192;197;206mformat![38;2;192;197;206m([38;2;192;197;206m"[38;2;208;135;112m{}[38;2;208;135;112m{}[38;2;192;197;206m"[38;2;192;197;206m,[38;2;192;197;206m [38;2;192;197;206m&[38;2;191;97;106mself[38;2;192;197;206m.buf[38;2;192;197;206m[[38;2;192;197;206marg_end[38;2;192;197;206m..[38;2;192;197;206m][38;2;192;197;206m,[38;2;192;197;206m [38;2;192;197;206m&[38;2;191;97;106mself[38;2;192;197;206m.buf[38;2;192;197;206m[[38;2;208;135;112m4[38;2;192;197;206m..[38;2;192;197;206marg_end[38;2;192;197;206m][38;2;192;197;206m)[38;2;192;197;206m;[K
[0m[48;2;43;48;59m[39m  43, 37[0m:[39m[48;2;43;48;59m [38;2;192;197;206m        [38;2;191;97;106mself[38;2;192;197;206m.buf [38;2;192;197;206m=[38;2;192;197;206m new_buf[38;2;192;197;206m;[K
[0m[48;2;43;48;59m[39m  44, 38[0m:[39m[48;2;43;48;59m [38;2;192;197;206m        [38;2;192;197;206m&[38;2;191;97;106mself[38;2;192;197;206m.buf[38;2;192;197;206m[[38;2;191;97;106mself[38;2;192;197;206m.buf.[38;2;150;181;180mlen[38;2;192;197;206m([38;2;192;197;206m)[38;2;192;197;206m [38;2;192;197;206m-[38;2;192;197;206m len[38;2;192;197;206m..[38;2;192;197;206m][K
[0m[48;2;43;48;59m[39m  45, 39[0m:[39m[48;2;43;48;59m [38;2;192;197;206m    [38;2;192;197;206m}[K
[0m[48;2;43;48;59m[39m  46, 40[0m:[39m[48;2;43;48;59m [38;2;192;197;206m}[K
[0m[48;2;43;48;59m[39m  47, 41[0m:[39m[48;2;43;48;59m [38;2;101;115;126m///[38;2;101;115;126m Encodes the given arguments into a message buffer.[K
[0m[48;2;43;48;59m[39m  48, 42[0m:[39m[48;2;43;48;59m [38;2;101;115;126m///[K
[0m[48;2;43;48;59m[39m  49, 43[0m:[39m[48;2;43;48;59m [38;2;101;115;126m///[38;2;101;115;126m # Arguments[K
[0m[48;2;43;48;59m[39m  50, 44[0m:[39m[48;2;43;48;59m [38;2;101;115;126m///[K
[0m[48;2;43;48;59m[39m  51, 45[0m:[39m[48;2;43;48;59m [38;2;101;115;126m///[38;2;101;115;126m * `argv` - A slice of string slices representing the arguments.[K
[0m[48;2;43;48;59m[39m  52, 46[0m:[39m[48;2;43;48;59m [38;2;101;115;126m///[K
[0m[48;2;43;48;59m[39m  53, 47[0m:[39m[48;2;43;48;59m [38;2;101;115;126m///[38;2;101;115;126m # Returns[K
[0m[48;2;43;48;59m[39m  54, 48[0m:[39m[48;2;43;48;59m [38;2;101;115;126m///[K
[0m[48;2;43;48;59m[39m  55, 49[0m:[39m[48;2;43;48;59m [38;2;101;115;126m///[38;2;101;115;126m A `String` containing the encoded message.[K
[0m[48;2;43;48;59m[39m  56, 50[0m:[39m[48;2;43;48;59m [38;2;180;142;173mpub[38;2;192;197;206m [38;2;180;142;173mfn[38;2;192;197;206m [38;2;143;161;179mamp_encode[38;2;192;197;206m([38;2;191;97;106margv[38;2;192;197;206m:[38;2;192;197;206m [38;2;192;197;206m&[38;2;192;197;206m[[38;2;192;197;206m&[38;2;180;142;173mstr[38;2;192;197;206m][38;2;192;197;206m)[38;2;192;197;206m [38;2;192;197;206m->[38;2;192;197;206m String[38;2;192;197;206m [38;2;192;197;206m{[K
[0m[48;2;43;48;59m[39m  57, 51[0m:[39m[48;2;43;48;59m [38;2;192;197;206m    [38;2;180;142;173mlet[38;2;192;197;206m argc [38;2;192;197;206m=[38;2;192;197;206m argv.[38;2;150;181;180mlen[38;2;192;197;206m([38;2;192;197;206m)[38;2;192;197;206m;[K
[0m[48;2;43;48;59m[39m  58, 52[0m:[39m[48;2;43;48;59m [38;2;192;197;206m    [38;2;180;142;173mlet[38;2;192;197;206m [38;2;180;142;173mmut[38;2;192;197;206m out [38;2;192;197;206m=[38;2;192;197;206m [38;2;192;197;206mVec[38;2;192;197;206m::[38;2;192;197;206mwith_capacity[38;2;192;197;206m([38;2;208;135;112m1[38;2;192;197;206m [38;2;192;197;206m+[38;2;192;197;206m argc [38;2;192;197;206m*[38;2;192;197;206m [38;2;208;135;112m4[38;2;192;197;206m)[38;2;192;197;206m;[K
[0m[48;2;43;48;59m[39m  59, 53[0m:[39m[48;2;43;48;59m [38;2;192;197;206m    out.[38;2;150;181;180mpush[38;2;192;197;206m([38;2;192;197;206m([38;2;192;197;206m([38;2;208;135;112mAMP_VERSION[38;2;192;197;206m [38;2;192;197;206mas[38;2;192;197;206m [38;2;180;142;173mu8[38;2;192;197;206m)[38;2;192;197;206m [38;2;192;197;206m<[38;2;192;197;206m<[38;2;192;197;206m [38;2;208;135;112m4[38;2;192;197;206m)[38;2;192;197;206m [38;2;192;197;206m|[38;2;192;197;206m [38;2;192;197;206m([38;2;192;197;206margc [38;2;192;197;206mas[38;2;192;197;206m [38;2;180;142;173mu8[38;2;192;197;206m)[38;2;192;197;206m)[38;2;192;197;206m;[K
[0m[48;2;43;48;59m[39m  60, 54[0m:[39m[48;2;43;48;59m [38;2;192;197;206m    [38;2;180;142;173mfor[38;2;192;197;206m arg [38;2;192;197;206min[38;2;192;197;206m argv [38;2;192;197;206m{[K
[0m[48;2;43;48;59m[39m  61, 55[0m:[39m[48;2;43;48;59m [38;2;192;197;206m        [38;2;180;142;173mlet[38;2;192;197;206m len [38;2;192;197;206m=[38;2;192;197;206m arg.[38;2;150;181;180mlen[38;2;192;197;206m([38;2;192;197;206m)[38;2;192;197;206m [38;2;192;197;206mas[38;2;192;197;206m [38;2;180;142;173mu32[38;2;192;197;206m;[K
[0m[48;2;43;48;59m[39m  62, 56[0m:[39m[48;2;43;48;59m [38;2;192;197;206m        out.[38;2;150;181;180mpush[38;2;192;197;206m([38;2;192;197;206m([38;2;192;197;206mlen [38;2;192;197;206m>[38;2;192;197;206m>[38;2;192;197;206m [38;2;208;135;112m24[38;2;192;197;206m)[38;2;192;197;206m [38;2;192;197;206mas[38;2;192;197;206m [38;2;180;142;173mu8[38;2;192;197;206m)[38;2;192;197;206m;[K
[0m[48;2;43;48;59m[39m  63, 57[0m:[39m[48;2;43;48;59m [38;2;192;197;206m        out.[38;2;150;181;180mpush[38;2;192;197;206m([38;2;192;197;206m([38;2;192;197;206mlen [38;2;192;197;206m>[38;2;192;197;206m>[38;2;192;197;206m [38;2;208;135;112m16[38;2;192;197;206m)[38;2;192;197;206m [38;2;192;197;206mas[38;2;192;197;206m [38;2;180;142;173mu8[38;2;192;197;206m)[38;2;192;197;206m;[K
[0m[48;2;43;48;59m[39m  64, 58[0m:[39m[48;2;43;48;59m [38;2;192;197;206m        out.[38;2;150;181;180mpush[38;2;192;197;206m([38;2;192;197;206m([38;2;192;197;206mlen [38;2;192;197;206m>[38;2;192;197;206m>[38;2;192;197;206m [38;2;208;135;112m8[38;2;192;197;206m)[38;2;192;197;206m [38;2;192;197;206mas[38;2;192;197;206m [38;2;180;142;173mu8[38;2;192;197;206m)[38;2;192;197;206m;[K
[0m[48;2;43;48;59m[39m  65, 59[0m:[39m[48;2;43;48;59m [38;2;192;197;206m        out.[38;2;150;181;180mpush[38;2;192;197;206m([38;2;192;197;206mlen [38;2;192;197;206mas[38;2;192;197;206m [38;2;180;142;173mu8[38;2;192;197;206m)[38;2;192;197;206m;[K
[0m[48;2;43;48;59m[39m  66, 60[0m:[39m[48;2;43;48;59m [38;2;192;197;206m        out.[38;2;150;181;180mextend_from_slice[38;2;192;197;206m([38;2;192;197;206marg.[38;2;150;181;180mas_bytes[38;2;192;197;206m([38;2;192;197;206m)[38;2;192;197;206m)[38;2;192;197;206m;[K
[0m[48;2;43;48;59m[39m  67, 61[0m:[39m[48;2;43;48;59m [38;2;192;197;206m    [38;2;192;197;206m}[K
[0m[48;2;43;48;59m[39m  68, 62[0m:[39m[48;2;43;48;59m [38;2;192;197;206m    out.[38;2;150;181;180miter[38;2;192;197;206m([38;2;192;197;206m)[38;2;192;197;206m.[38;2;150;181;180mmap[38;2;192;197;206m([38;2;192;197;206m|[38;2;192;197;206m&[38;2;191;97;106mb[38;2;192;197;206m|[38;2;192;197;206m [38;2;192;197;206mb [38;2;192;197;206mas[38;2;192;197;206m [38;2;180;142;173mchar[38;2;192;197;206m)[38;2;192;197;206m.[38;2;150;181;180mcollect[38;2;192;197;206m([38;2;192;197;206m)[K
[0m[48;2;79;40;40m[39m- 69    [0m:[39m[48;2;36;25;28m [38;2;192;197;206m}[K
[0m[48;2;79;40;40m[39m- 70    [0m:[39m[48;2;36;25;28m [K
[0m[48;2;79;40;40m[39m- 71    [0m:[39m[48;2;36;25;28m [38;2;192;197;206m#[38;2;192;197;206m[[38;2;191;97;106mcfg[38;2;192;197;206m([38;2;192;197;206mtest[38;2;192;197;206m)[38;2;192;197;206m][K
[0m[48;2;79;40;40m[39m- 72    [0m:[39m[48;2;36;25;28m [38;2;180;142;173mmod[38;2;192;197;206m [38;2;192;197;206mtests[38;2;192;197;206m [38;2;192;197;206m{[K
[0m[48;2;79;40;40m[39m- 73    [0m:[39m[48;2;36;25;28m [38;2;192;197;206m    [38;2;180;142;173muse[38;2;192;197;206m [38;2;180;142;173msuper[38;2;192;197;206m::[38;2;192;197;206m*[38;2;192;197;206m;[K
[0m[48;2;79;40;40m[39m- 74    [0m:[39m[48;2;36;25;28m [38;2;192;197;206m    [38;2;192;197;206m#[38;2;192;197;206m[[38;2;191;97;106mtest[38;2;192;197;206m][K
[0m[48;2;79;40;40m[39m- 75    [0m:[39m[48;2;36;25;28m [38;2;192;197;206m    [38;2;180;142;173mfn[38;2;192;197;206m [38;2;143;161;179mtest_encode_decode[38;2;192;197;206m([38;2;192;197;206m)[38;2;192;197;206m [38;2;192;197;206m{[K
[0m[48;2;79;40;40m[39m- 76    [0m:[39m[48;2;36;25;28m [38;2;192;197;206m        [38;2;180;142;173mlet[38;2;192;197;206m args [38;2;192;197;206m=[38;2;192;197;206m [38;2;192;197;206m&[38;2;192;197;206m[[38;2;192;197;206m"[38;2;163;190;140msome[38;2;192;197;206m"[38;2;192;197;206m,[38;2;192;197;206m [38;2;192;197;206m"[38;2;163;190;140mstuff[38;2;192;197;206m"[38;2;192;197;206m,[38;2;192;197;206m [38;2;192;197;206m"[38;2;163;190;140mhere[38;2;192;197;206m"[38;2;192;197;206m][38;2;192;197;206m;[K
[0m[48;2;79;40;40m[39m- 77    [0m:[39m[48;2;36;25;28m [38;2;192;197;206m        [38;2;180;142;173mlet[38;2;192;197;206m buf [38;2;192;197;206m=[38;2;192;197;206m [38;2;150;181;180mamp_encode[38;2;192;197;206m([38;2;192;197;206margs[38;2;192;197;206m)[38;2;192;197;206m;[K
[0m[48;2;79;40;40m[39m- 78    [0m:[39m[48;2;36;25;28m [38;2;192;197;206m        [38;2;180;142;173mlet[38;2;192;197;206m [38;2;180;142;173mmut[38;2;192;197;206m msg [38;2;192;197;206m=[38;2;192;197;206m Amp [38;2;192;197;206m{[38;2;192;197;206m version[38;2;192;197;206m:[38;2;192;197;206m [38;2;208;135;112m0[38;2;192;197;206m,[38;2;192;197;206m argc[38;2;192;197;206m:[38;2;192;197;206m [38;2;208;135;112m0[38;2;192;197;206m,[38;2;192;197;206m buf[38;2;192;197;206m:[38;2;192;197;206m [38;2;192;197;206mString[38;2;192;197;206m::[38;2;192;197;206mnew[38;2;192;197;206m([38;2;192;197;206m)[38;2;192;197;206m [38;2;192;197;206m}[38;2;192;197;206m;[K
[0m[48;2;79;40;40m[39m- 79    [0m:[39m[48;2;36;25;28m [38;2;192;197;206m        msg.[38;2;150;181;180mdecode[38;2;192;197;206m([38;2;192;197;206m&[38;2;192;197;206mbuf[38;2;192;197;206m)[38;2;192;197;206m;[K
[0m[48;2;79;40;40m[39m- 80    [0m:[39m[48;2;36;25;28m [38;2;192;197;206m        [38;2;192;197;206massert_eq![38;2;192;197;206m([38;2;208;135;112m1[38;2;192;197;206m,[38;2;192;197;206m msg.version[38;2;192;197;206m)[38;2;192;197;206m;[K
[0m[48;2;79;40;40m[39m- 81    [0m:[39m[48;2;36;25;28m [38;2;192;197;206m        [38;2;192;197;206massert_eq![38;2;192;197;206m([38;2;208;135;112m3[38;2;192;197;206m,[38;2;192;197;206m msg.argc[38;2;192;197;206m)[38;2;192;197;206m;[K
[0m[48;2;79;40;40m[39m- 82    [0m:[39m[48;2;36;25;28m [K
[0m[48;2;79;40;40m[39m- 83    [0m:[39m[48;2;36;25;28m [38;2;192;197;206m        [38;2;180;142;173mlet[38;2;192;197;206m arg0 [38;2;192;197;206m=[38;2;192;197;206m msg.[38;2;150;181;180mdecode_arg[38;2;192;197;206m([38;2;192;197;206m)[38;2;192;197;206m;[K
[0m[48;2;79;40;40m[39m- 84    [0m:[39m[48;2;36;25;28m [38;2;192;197;206m        [38;2;192;197;206massert_eq![38;2;192;197;206m([38;2;192;197;206m"[38;2;163;190;140msome[38;2;192;197;206m"[38;2;192;197;206m,[38;2;192;197;206m arg0[38;2;192;197;206m)[38;2;192;197;206m;[K
[0m[48;2;79;40;40m[39m- 85    [0m:[39m[48;2;36;25;28m [38;2;192;197;206m        [38;2;180;142;173mlet[38;2;192;197;206m arg1 [38;2;192;197;206m=[38;2;192;197;206m msg.[38;2;150;181;180mdecode_arg[38;2;192;197;206m([38;2;192;197;206m)[38;2;192;197;206m;[K
[0m[48;2;79;40;40m[39m- 86    [0m:[39m[48;2;36;25;28m [38;2;192;197;206m        [38;2;192;197;206massert_eq![38;2;192;197;206m([38;2;192;197;206m"[38;2;163;190;140mstuff[38;2;192;197;206m"[38;2;192;197;206m,[38;2;192;197;206m arg1[38;2;192;197;206m)[38;2;192;197;206m;[K
[0m[48;2;79;40;40m[39m- 87    [0m:[39m[48;2;36;25;28m [38;2;192;197;206m        [38;2;180;142;173mlet[38;2;192;197;206m arg2 [38;2;192;197;206m=[38;2;192;197;206m msg.[38;2;150;181;180mdecode_arg[38;2;192;197;206m([38;2;192;197;206m)[38;2;192;197;206m;[K
[0m[48;2;79;40;40m[39m- 88    [0m:[39m[48;2;36;25;28m [38;2;192;197;206m        [38;2;192;197;206massert_eq![38;2;192;197;206m([38;2;192;197;206m"[38;2;163;190;140mhere[38;2;192;197;206m"[38;2;192;197;206m,[38;2;192;197;206m arg2[38;2;192;197;206m)[38;2;192;197;206m;[K
[0m[48;2;79;40;40m[39m- 89    [0m:[39m[48;2;36;25;28m [38;2;192;197;206m    [38;2;192;197;206m}[K
[0m[48;2;43;48;59m[39m  90, 63[0m:[39m[48;2;43;48;59m [38;2;192;197;206m}[K
[0m[K
Replacing: [38;5;141msrc/amp.rs[0m
[38;5;244m - Completed in 0.0s[0m

[?25l[0m[?25l[0m[0mI will run the following command: [38;5;141mcd /tmp/harvest-crust-UGDBQj/project && cargo build 2>&1[0m[38;5;244m (using tool: shell)[0m
Purpose: Final build check

warning: file `/tmp/harvest-crust-UGDBQj/project/src/bin/test.rs` found to be present in multiple build targets:
  * `bin` target `test`
  * `integration-test` target `test`
   Compiling amp v0.1.0 (/tmp/harvest-crust-UGDBQj/project)
    Finished `dev` profile [unoptimized + debuginfo] target(s) in 0.22s
[38;5;244m - Completed in 0.265s[0m

[?25l[0m[38;5;141m> [0mClean build. Let me also remove the stub test file I created since it wasn't part of the original project:[0m[0m
[?25l[0m[0mI will run the following command: [38;5;141mrm -rf /tmp/harvest-crust-UGDBQj/project/src/bin[0m[38;5;244m (using tool: shell)[0m
Purpose: Remove the stub test binary that wasn't part of the original project

[38;5;244m - Completed in 0.4s[0m

[?25l[0m[?25l[0m[0mI will run the following command: [38;5;141mcd /tmp/harvest-crust-UGDBQj/project && cargo build 2>&1[0m[38;5;244m (using tool: shell)[0m
Purpose: Verify build still works without the stub

    Finished `dev` profile [unoptimized + debuginfo] target(s) in 0.01s
[38;5;244m - Completed in 0.55s[0m

[?25l[0m[38;5;141m> [0mThe implementation is complete. Here's a summary of what was done:[0m[0m
[0m[0m
[1mAMP Protocol Translation (C → Rust)[22m[0m[0m
[0m[0m
The AMP (Abstract Message Protocol) is a simple binary message format with:[0m[0m
- A 1-byte header: upper nibble = version, lower nibble = argument count[0m[0m
- For each argument: 4-byte big-endian length prefix followed by the data[0m[0m
[0m[0m
Three functions were implemented:[0m[0m
[0m[0m
1. [38;5;10mamp_encode(argv)[0m — Builds the binary message: writes the header byte, then for each argument writes its length as 4 big-endian bytes followed by the raw data. Since the Rust API uses [38;5;10mString[0m, raw bytes are mapped to chars via latin1 encoding ([38;5;10mb as char[0m).[0m[0m
[0m[0m
2. [38;5;10mAmp::decode(buf)[0m — Parses the header byte to extract version and argc, then stores the remainder of the buffer (after the header) in [38;5;10mself.buf[0m for subsequent argument decoding.[0m[0m
[0m[0m
3. [38;5;10mAmp::decode_arg()[0m — Reads the 4-byte length prefix, extracts the argument. The tricky part: it returns [38;5;10m&str[0m borrowing from [38;5;10mself[0m while also needing to advance a cursor. Since no fields can be added to the struct, the solution rearranges [38;5;10mself.buf[0m to put remaining data first and the decoded argument at the end, then returns a slice of the tail. This allows the next call to read the next argument's length prefix from the front.[0m[0m
[38;5;8m
 ▸ Credits: 3.51 • Time: 2m 27s

[0m[1G[0m[0m[?25h