[38;5;141m⠀⠀⠀⠀⠀⠀⠀
⠀⠀⠀⠀⠀⠀⠀     ⢀⣴⣶⣶⣦⡀⠀⠀⠀⢀⣴⣶⣦⣄⡀⠀⠀⢀⣴⣶⣶⣦⡀⠀⠀⢀⣴⣶⣶⣶⣶⣶⣶⣶⣶⣶⣦⣄⡀⠀⠀⠀⠀⠀⠀⢀⣠⣴⣶⣶⣶⣶⣶⣦⣄⡀⠀⠀⠀⠀⠀⠀⠀⠀⠀
⠀⠀⠀⠀⠀⠀⠀    ⢰⣿⠋⠁⠈⠙⣿⡆⠀⢀⣾⡿⠁⠀⠈⢻⡆⢰⣿⠋⠁⠈⠙⣿⡆⢰⣿⠋⠁⠀⠀⠀⠀⠀⠀⠀⠀⠈⠙⠻⣦⠀⠀⠀⠀⣴⡿⠟⠋⠁⠀⠀⠀⠈⠙⠻⢿⣦⠀⠀⠀⠀⠀⠀⠀
⠀⠀⠀⠀⠀⠀⠀    ⢸⣿⠀⠀⠀⠀⣿⣇⣴⡿⠋⠀⠀⠀⢀⣼⠇⢸⣿⠀⠀⠀⠀⣿⡇⢸⣿⠀⠀⠀⢠⣤⣤⣤⣤⣄⠀⠀⠀⠀⣿⡆⠀⠀⣼⡟⠀⠀⠀⠀⣀⣀⣀⠀⠀⠀⠀⢻⣧⠀⠀⠀⠀⠀
⠀⠀⠀⠀⠀⠀⠀    ⢸⣿⠀⠀⠀⠀⣿⡿⠋⠀⠀⠀⢀⣾⡿⠁⠀⢸⣿⠀⠀⠀⠀⣿⡇⢸⣿⠀⠀⠀⢸⣿⠉⠉⠉⣿⡇⠀⠀⠀⣿⡇⠀⣼⡟⠀⠀⠀⣰⡿⠟⠛⠻⢿⣆⠀⠀⠀⢻⣧⠀⠀⠀⠀
⠀⠀⠀⠀⠀⠀⠀    ⢸⣿⠀⠀⠀⠀⠙⠁⠀⠀⢀⣼⡟⠁⠀⠀⠀⢸⣿⠀⠀⠀⠀⣿⡇⢸⣿⠀⠀⠀⢸⣿⣶⣶⡶⠋⠀⠀⠀⠀⣿⠇⢰⣿⠀⠀⠀⢰⣿⠀⠀⠀⠀⠀⣿⡆⠀⠀⠀⣿⡆
⠀⠀⠀⠀⠀⠀⠀    ⢸⣿⠀⠀⠀⠀⠀⠀⠀⠀⠹⣷⡀⠀⠀⠀⠀⢸⣿⠀⠀⠀⠀⣿⡇⢸⣿⠀⠀⠀⠀⠀⠀⠀⠀⠀⠀⠀⣠⣼⠟⠀⢸⣿⠀⠀⠀⢸⣿⠀⠀⠀⠀⠀⣿⡇⠀⠀⠀⣿⡇
⠀⠀⠀⠀⠀⠀⠀    ⢸⣿⠀⠀⠀⠀⠀⣠⡀⠀⠀⠹⣷⡄⠀⠀⠀⢸⣿⠀⠀⠀⠀⣿⡇⢸⣿⠀⠀⠀⠀⣤⣄⠀⠀⠀⠀⠹⣿⡅⠀⠀⠸⣿⠀⠀⠀⠸⣿⠀⠀⠀⠀⠀⣿⠇⠀⠀⠀⣿⠇
⠀⠀⠀⠀⠀⠀⠀    ⢸⣿⠀⠀⠀⠀⣾⡟⣷⡀⠀⠀⠘⣿⣆⠀⠀⢸⣿⠀⠀⠀⠀⣿⡇⢸⣿⠀⠀⠀⠀⣿⡟⣷⡀⠀⠀⠀⠘⣿⣆⠀⠀⢻⣧⠀⠀⠀⠹⣷⣦⣤⣤⣾⠏⠀⠀⠀⣼⡟
⠀⠀⠀⠀⠀⠀⠀    ⢸⣿⠀⠀⠀⠀⣿⡇⠹⣷⡀⠀⠀⠈⢻⡇⠀⢸⣿⠀⠀⠀⠀⣿⡇⢸⣿⠀⠀⠀⠀⣿⡇⠹⣷⡀⠀⠀⠀⠈⢻⡇⠀⠀⢻⣧⠀⠀⠀⠀⠉⠉⠉⠀⠀⠀⠀⣼⡟
⠀⠀⠀⠀⠀⠀⠀    ⠸⣿⣄⡀⢀⣠⣿⠇⠀⠙⣷⡀⠀⢀⣼⠇⠀⠸⣿⣄⡀⢀⣠⣿⠇⠸⣿⣄⡀⢀⣠⣿⠇⠀⠙⣷⡀⠀⠀⢀⣼⠇⠀⠀⠀⠻⣷⣦⣄⡀⠀⠀⠀⢀⣠⣴⣾⠟
⠀⠀⠀⠀⠀⠀⠀    ⠀⠈⠻⠿⠿⠟⠁⠀⠀⠀⠈⠻⠿⠿⠟⠁⠀⠀⠈⠻⠿⠿⠟⠁⠀⠀⠈⠻⠿⠿⠟⠁⠀⠀⠀⠈⠻⠿⠿⠟⠁⠀⠀⠀⠀⠀⠈⠙⠻⠿⠿⠿⠿⠟⠋⠁[0m

[2K[1G[38;5;244m╭───────────────────────────────[39m Did you know? [38;5;244m────────────────────────────────╮[39m
[38;5;244m│                                                                              │
[39m[38;5;244m│[39m           Learn more about code intelligence features and setup at           [38;5;244m│[39m
[38;5;244m│[39m                 [38;5;141mhttps://kiro.dev/docs/cli/code-intelligence/[0m                 [38;5;244m│[39m
[38;5;244m│                                                                              │
[39m[38;5;244m╰──────────────────────────────────────────────────────────────────────────────╯[39m

[38;5;244mModel: [0mclaude-opus-4.6-1m[38;5;244m ([0m[38;5;141m/model[0m[38;5;244m to change)[38;5;244m | Plan: [0mKIRO POWER[38;5;244m ([0m[38;5;141m/usage[0m[38;5;244m for more detail)
[0m
[0m[32mAll tools are now trusted ([0m[31m![0m[32m). Kiro will execute tools without asking for confirmation.[0m
Agents can sometimes do unexpected things so understand the risks.

Learn more at [38;5;141mhttps://kiro.dev/docs/cli/chat/security/#using-tools-trust-all-safely[0m


[38;5;12m[1m📷 Checkpoints are enabled! (took 0.07s)

[0m
[38;5;252m[0m[?25l[38;5;141m> [0m[0m[0m
[0m[0m
Let me start by understanding the C source code structure.[0m[0m
[?25l[0m[0mReading directory: [38;5;141m/local/home/scheschb/reserach/TRACTOR/harvest-agentic/results/P01_sphincs_plus/103_sha2_128f_s_gen_message_random_lib/translated_rust/c_src[0m[38;5;244m (using tool: read, max depth: 2, max entries: 1000, excluding: defaults)[0m
[38;5;10m ✓ [0mSuccessfully read directory [38;5;141m/local/home/scheschb/reserach/TRACTOR/harvest-agentic/results/P01_sphincs_plus/103_sha2_128f_s_gen_message_random_lib/translated_rust/c_src[0m [38;5;244m(76 entries)[0m
[38;5;244m - Completed in 0.7s[0m

[?25l[0m[?25l[0m[0m[38;5;11mTODO:
[39m[0m[ ] Read all C source files and headers to understand the codebase
[0m[ ] Read the README and params file for SHA2-128f
[0m[ ] Create Cargo.toml and src/lib.rs with the translated Rust code
[0m[ ] Build with cargo build --release and fix errors[38;5;244m - Completed in 0.5s[0m

[?25l[0m[38;5;141m> [0mLet me read the README and the key params file first, then all the source files.[0m[0m
[?25l[0m[0mBatch fs_read operation with [38;5;141m3[0m operations[38;5;244m (using tool: read)[0m

↱ Operation 1: Reading file: [38;5;141m/local/home/scheschb/reserach/TRACTOR/harvest-agentic/results/P01_sphincs_plus/103_sha2_128f_s_gen_message_random_lib/translated_rust/c_src/README.md[0m, all lines
↱ Operation 2: Reading file: [38;5;141m/local/home/scheschb/reserach/TRACTOR/harvest-agentic/results/P01_sphincs_plus/103_sha2_128f_s_gen_message_random_lib/translated_rust/c_src/app/params/params-sphincs-sha2-128f.h[0m, all lines
↱ Operation 3: Reading file: [38;5;141m/local/home/scheschb/reserach/TRACTOR/harvest-agentic/results/P01_sphincs_plus/103_sha2_128f_s_gen_message_random_lib/translated_rust/c_src/app/include/params.h[0m, all lines
[38;5;10m ✓ [0mSuccessfully read [38;5;244m2641 bytes[0m from /local/home/scheschb/reserach/TRACTOR/harvest-agentic/results/P01_sphincs_plus/103_sha2_128f_s_gen_message_random_lib/translated_rust/c_src/README.md

[38;5;10m ✓ [0mSuccessfully read [38;5;244m2367 bytes[0m from /local/home/scheschb/reserach/TRACTOR/harvest-agentic/results/P01_sphincs_plus/103_sha2_128f_s_gen_message_random_lib/translated_rust/c_src/app/params/params-sphincs-sha2-128f.h

[38;5;10m ✓ [0mSuccessfully read [38;5;244m83 bytes[0m from /local/home/scheschb/reserach/TRACTOR/harvest-agentic/results/P01_sphincs_plus/103_sha2_128f_s_gen_message_random_lib/translated_rust/c_src/app/include/params.h

 ⋮ 

[38;5;244m- [0mSummary: 3 operations processed, 3 successful, 0 failed
[38;5;244m - Completed in 0.5s[0m

[?25l[0m[38;5;141m> [0mNow let me read all the source files and headers:[0m[0m
[?25l[0m[0mBatch fs_read operation with [38;5;141m14[0m operations[38;5;244m (using tool: read)[0m

↱ Operation 1: Reading file: [38;5;141m/local/home/scheschb/reserach/TRACTOR/harvest-agentic/results/P01_sphincs_plus/103_sha2_128f_s_gen_message_random_lib/translated_rust/c_src/app/include/api.h[0m, all lines
↱ Operation 2: Reading file: [38;5;141m/local/home/scheschb/reserach/TRACTOR/harvest-agentic/results/P01_sphincs_plus/103_sha2_128f_s_gen_message_random_lib/translated_rust/c_src/app/include/context.h[0m, all lines
↱ Operation 3: Reading file: [38;5;141m/local/home/scheschb/reserach/TRACTOR/harvest-agentic/results/P01_sphincs_plus/103_sha2_128f_s_gen_message_random_lib/translated_rust/c_src/app/include/address.h[0m, all lines
↱ Operation 4: Reading file: [38;5;141m/local/home/scheschb/reserach/TRACTOR/harvest-agentic/results/P01_sphincs_plus/103_sha2_128f_s_gen_message_random_lib/translated_rust/c_src/app/include/hash.h[0m, all lines
↱ Operation 5: Reading file: [38;5;141m/local/home/scheschb/reserach/TRACTOR/harvest-agentic/results/P01_sphincs_plus/103_sha2_128f_s_gen_message_random_lib/translated_rust/c_src/app/include/utils.h[0m, all lines
↱ Operation 6: Reading file: [38;5;141m/local/home/scheschb/reserach/TRACTOR/harvest-agentic/results/P01_sphincs_plus/103_sha2_128f_s_gen_message_random_lib/translated_rust/c_src/app/include/fors.h[0m, all lines
↱ Operation 7: Reading file: [38;5;141m/local/home/scheschb/reserach/TRACTOR/harvest-agentic/results/P01_sphincs_plus/103_sha2_128f_s_gen_message_random_lib/translated_rust/c_src/app/include/wots.h[0m, all lines
↱ Operation 8: Reading file: [38;5;141m/local/home/scheschb/reserach/TRACTOR/harvest-agentic/results/P01_sphincs_plus/103_sha2_128f_s_gen_message_random_lib/translated_rust/c_src/app/include/merkle.h[0m, all lines
↱ Operation 9: Reading file: [38;5;141m/local/home/scheschb/reserach/TRACTOR/harvest-agentic/results/P01_sphincs_plus/103_sha2_128f_s_gen_message_random_lib/translated_rust/c_src/app/include/thash.h[0m, all lines
↱ Operation 10: Reading file: [38;5;141m/local/home/scheschb/reserach/TRACTOR/harvest-agentic/results/P01_sphincs_plus/103_sha2_128f_s_gen_message_random_lib/translated_rust/c_src/app/include/wotsx1.h[0m, all lines
↱ Operation 11: Reading file: [38;5;141m/local/home/scheschb/reserach/TRACTOR/harvest-agentic/results/P01_sphincs_plus/103_sha2_128f_s_gen_message_random_lib/translated_rust/c_src/app/include/utilsx1.h[0m, all lines
↱ Operation 12: Reading file: [38;5;141m/local/home/scheschb/reserach/TRACTOR/harvest-agentic/results/P01_sphincs_plus/103_sha2_128f_s_gen_message_random_lib/translated_rust/c_src/app/include/forsx1.h[0m, all lines
↱ Operation 13: Reading file: [38;5;141m/local/home/scheschb/reserach/TRACTOR/harvest-agentic/results/P01_sphincs_plus/103_sha2_128f_s_gen_message_random_lib/translated_rust/c_src/app/include/rng.h[0m, all lines
↱ Operation 14: Reading file: [38;5;141m/local/home/scheschb/reserach/TRACTOR/harvest-agentic/results/P01_sphincs_plus/103_sha2_128f_s_gen_message_random_lib/translated_rust/c_src/app/include/randombytes.h[0m, all lines
[38;5;10m ✓ [0mSuccessfully read [38;5;244m2145 bytes[0m from /local/home/scheschb/reserach/TRACTOR/harvest-agentic/results/P01_sphincs_plus/103_sha2_128f_s_gen_message_random_lib/translated_rust/c_src/app/include/api.h

[38;5;10m ✓ [0mSuccessfully read [38;5;244m478 bytes[0m from /local/home/scheschb/reserach/TRACTOR/harvest-agentic/results/P01_sphincs_plus/103_sha2_128f_s_gen_message_random_lib/translated_rust/c_src/app/include/context.h

[38;5;10m ✓ [0mSuccessfully read [38;5;244m1683 bytes[0m from /local/home/scheschb/reserach/TRACTOR/harvest-agentic/results/P01_sphincs_plus/103_sha2_128f_s_gen_message_random_lib/translated_rust/c_src/app/include/address.h

[38;5;10m ✓ [0mSuccessfully read [38;5;244m967 bytes[0m from /local/home/scheschb/reserach/TRACTOR/harvest-agentic/results/P01_sphincs_plus/103_sha2_128f_s_gen_message_random_lib/translated_rust/c_src/app/include/hash.h

[38;5;10m ✓ [0mSuccessfully read [38;5;244m2021 bytes[0m from /local/home/scheschb/reserach/TRACTOR/harvest-agentic/results/P01_sphincs_plus/103_sha2_128f_s_gen_message_random_lib/translated_rust/c_src/app/include/utils.h

[38;5;10m ✓ [0mSuccessfully read [38;5;244m1190 bytes[0m from /local/home/scheschb/reserach/TRACTOR/harvest-agentic/results/P01_sphincs_plus/103_sha2_128f_s_gen_message_random_lib/translated_rust/c_src/app/include/fors.h

[38;5;10m ✓ [0mSuccessfully read [38;5;244m662 bytes[0m from /local/home/scheschb/reserach/TRACTOR/harvest-agentic/results/P01_sphincs_plus/103_sha2_128f_s_gen_message_random_lib/translated_rust/c_src/app/include/wots.h

[38;5;10m ✓ [0mSuccessfully read [38;5;244m591 bytes[0m from /local/home/scheschb/reserach/TRACTOR/harvest-agentic/results/P01_sphincs_plus/103_sha2_128f_s_gen_message_random_lib/translated_rust/c_src/app/include/merkle.h

[38;5;10m ✓ [0mSuccessfully read [38;5;244m275 bytes[0m from /local/home/scheschb/reserach/TRACTOR/harvest-agentic/results/P01_sphincs_plus/103_sha2_128f_s_gen_message_random_lib/translated_rust/c_src/app/include/thash.h

[38;5;10m ✓ [0mSuccessfully read [38;5;244m1218 bytes[0m from /local/home/scheschb/reserach/TRACTOR/harvest-agentic/results/P01_sphincs_plus/103_sha2_128f_s_gen_message_random_lib/translated_rust/c_src/app/include/wotsx1.h

[38;5;10m ✓ [0mSuccessfully read [38;5;244m1102 bytes[0m from /local/home/scheschb/reserach/TRACTOR/harvest-agentic/results/P01_sphincs_plus/103_sha2_128f_s_gen_message_random_lib/translated_rust/c_src/app/include/utilsx1.h

[38;5;10m ✓ [0mSuccessfully read [38;5;244m286 bytes[0m from /local/home/scheschb/reserach/TRACTOR/harvest-agentic/results/P01_sphincs_plus/103_sha2_128f_s_gen_message_random_lib/translated_rust/c_src/app/include/forsx1.h

[38;5;10m ✓ [0mSuccessfully read [38;5;244m1215 bytes[0m from /local/home/scheschb/reserach/TRACTOR/harvest-agentic/results/P01_sphincs_plus/103_sha2_128f_s_gen_message_random_lib/translated_rust/c_src/app/include/rng.h

[38;5;10m ✓ [0mSuccessfully read [38;5;244m128 bytes[0m from /local/home/scheschb/reserach/TRACTOR/harvest-agentic/results/P01_sphincs_plus/103_sha2_128f_s_gen_message_random_lib/translated_rust/c_src/app/include/randombytes.h

 ⋮ 

[38;5;244m- [0mSummary: 14 operations processed, 14 successful, 0 failed
[38;5;244m - Completed in 0.5s[0m

[?25l[0m[38;5;141m> [0mNow let me read all the C source files:[0m[0m
[?25l[0m[0mBatch fs_read operation with [38;5;141m10[0m operations[38;5;244m (using tool: read)[0m

↱ Operation 1: Reading file: [38;5;141m/local/home/scheschb/reserach/TRACTOR/harvest-agentic/results/P01_sphincs_plus/103_sha2_128f_s_gen_message_random_lib/translated_rust/c_src/app/src/sign.c[0m, all lines
↱ Operation 2: Reading file: [38;5;141m/local/home/scheschb/reserach/TRACTOR/harvest-agentic/results/P01_sphincs_plus/103_sha2_128f_s_gen_message_random_lib/translated_rust/c_src/app/src/address.c[0m, all lines
↱ Operation 3: Reading file: [38;5;141m/local/home/scheschb/reserach/TRACTOR/harvest-agentic/results/P01_sphincs_plus/103_sha2_128f_s_gen_message_random_lib/translated_rust/c_src/app/src/utils.c[0m, all lines
↱ Operation 4: Reading file: [38;5;141m/local/home/scheschb/reserach/TRACTOR/harvest-agentic/results/P01_sphincs_plus/103_sha2_128f_s_gen_message_random_lib/translated_rust/c_src/app/src/fors.c[0m, all lines
↱ Operation 5: Reading file: [38;5;141m/local/home/scheschb/reserach/TRACTOR/harvest-agentic/results/P01_sphincs_plus/103_sha2_128f_s_gen_message_random_lib/translated_rust/c_src/app/src/wots.c[0m, all lines
↱ Operation 6: Reading file: [38;5;141m/local/home/scheschb/reserach/TRACTOR/harvest-agentic/results/P01_sphincs_plus/103_sha2_128f_s_gen_message_random_lib/translated_rust/c_src/app/src/merkle.c[0m, all lines
↱ Operation 7: Reading file: [38;5;141m/local/home/scheschb/reserach/TRACTOR/harvest-agentic/results/P01_sphincs_plus/103_sha2_128f_s_gen_message_random_lib/translated_rust/c_src/app/src/wotsx1.c[0m, all lines
↱ Operation 8: Reading file: [38;5;141m/local/home/scheschb/reserach/TRACTOR/harvest-agentic/results/P01_sphincs_plus/103_sha2_128f_s_gen_message_random_lib/translated_rust/c_src/app/src/utilsx1.c[0m, all lines
↱ Operation 9: Reading file: [38;5;141m/local/home/scheschb/reserach/TRACTOR/harvest-agentic/results/P01_sphincs_plus/103_sha2_128f_s_gen_message_random_lib/translated_rust/c_src/app/src/rng.c[0m, all lines
↱ Operation 10: Reading file: [38;5;141m/local/home/scheschb/reserach/TRACTOR/harvest-agentic/results/P01_sphincs_plus/103_sha2_128f_s_gen_message_random_lib/translated_rust/c_src/app/src/randombytes.c[0m, all lines
[38;5;10m ✓ [0mSuccessfully read [38;5;244m8256 bytes[0m from /local/home/scheschb/reserach/TRACTOR/harvest-agentic/results/P01_sphincs_plus/103_sha2_128f_s_gen_message_random_lib/translated_rust/c_src/app/src/sign.c

[38;5;10m ✓ [0mSuccessfully read [38;5;244m2989 bytes[0m from /local/home/scheschb/reserach/TRACTOR/harvest-agentic/results/P01_sphincs_plus/103_sha2_128f_s_gen_message_random_lib/translated_rust/c_src/app/src/address.c

[38;5;10m ✓ [0mSuccessfully read [38;5;244m5386 bytes[0m from /local/home/scheschb/reserach/TRACTOR/harvest-agentic/results/P01_sphincs_plus/103_sha2_128f_s_gen_message_random_lib/translated_rust/c_src/app/src/utils.c

[38;5;10m ✓ [0mSuccessfully read [38;5;244m5332 bytes[0m from /local/home/scheschb/reserach/TRACTOR/harvest-agentic/results/P01_sphincs_plus/103_sha2_128f_s_gen_message_random_lib/translated_rust/c_src/app/src/fors.c

[38;5;10m ✓ [0mSuccessfully read [38;5;244m3312 bytes[0m from /local/home/scheschb/reserach/TRACTOR/harvest-agentic/results/P01_sphincs_plus/103_sha2_128f_s_gen_message_random_lib/translated_rust/c_src/app/src/wots.c

[38;5;10m ✓ [0mSuccessfully read [38;5;244m2021 bytes[0m from /local/home/scheschb/reserach/TRACTOR/harvest-agentic/results/P01_sphincs_plus/103_sha2_128f_s_gen_message_random_lib/translated_rust/c_src/app/src/merkle.c

[38;5;10m ✓ [0mSuccessfully read [38;5;244m2353 bytes[0m from /local/home/scheschb/reserach/TRACTOR/harvest-agentic/results/P01_sphincs_plus/103_sha2_128f_s_gen_message_random_lib/translated_rust/c_src/app/src/wotsx1.c

[38;5;10m ✓ [0mSuccessfully read [38;5;244m6495 bytes[0m from /local/home/scheschb/reserach/TRACTOR/harvest-agentic/results/P01_sphincs_plus/103_sha2_128f_s_gen_message_random_lib/translated_rust/c_src/app/src/utilsx1.c

[38;5;10m ✓ [0mSuccessfully read [38;5;244m5374 bytes[0m from /local/home/scheschb/reserach/TRACTOR/harvest-agentic/results/P01_sphincs_plus/103_sha2_128f_s_gen_message_random_lib/translated_rust/c_src/app/src/rng.c

[38;5;10m ✓ [0mSuccessfully read [38;5;244m772 bytes[0m from /local/home/scheschb/reserach/TRACTOR/harvest-agentic/results/P01_sphincs_plus/103_sha2_128f_s_gen_message_random_lib/translated_rust/c_src/app/src/randombytes.c

 ⋮ 

[38;5;244m- [0mSummary: 10 operations processed, 10 successful, 0 failed
[38;5;244m - Completed in 0.5s[0m

[?25l[0m[38;5;141m> [0mNow let me read the SHA2 hash backend files and the PQCgenKAT_sign.c:[0m[0m
[?25l[0m[0mReading directory: [38;5;141m/local/home/scheschb/reserach/TRACTOR/harvest-agentic/results/P01_sphincs_plus/103_sha2_128f_s_gen_message_random_lib/translated_rust/c_src/lib/sha2[0m[38;5;244m (using tool: read, max depth: 2, max entries: 1000, excluding: defaults)[0m
[38;5;10m ✓ [0mSuccessfully read directory [38;5;141m/local/home/scheschb/reserach/TRACTOR/harvest-agentic/results/P01_sphincs_plus/103_sha2_128f_s_gen_message_random_lib/translated_rust/c_src/lib/sha2[0m [38;5;244m(9 entries)[0m
[38;5;244m - Completed in 0.4s[0m

[?25l[0m[?25l[0m[0mBatch fs_read operation with [38;5;141m5[0m operations[38;5;244m (using tool: read)[0m

↱ Operation 1: Reading file: [38;5;141m/local/home/scheschb/reserach/TRACTOR/harvest-agentic/results/P01_sphincs_plus/103_sha2_128f_s_gen_message_random_lib/translated_rust/c_src/lib/sha2/include/sha2_offsets.h[0m, all lines
↱ Operation 2: Reading file: [38;5;141m/local/home/scheschb/reserach/TRACTOR/harvest-agentic/results/P01_sphincs_plus/103_sha2_128f_s_gen_message_random_lib/translated_rust/c_src/lib/sha2/include/sha2.h[0m, all lines
↱ Operation 3: Reading file: [38;5;141m/local/home/scheschb/reserach/TRACTOR/harvest-agentic/results/P01_sphincs_plus/103_sha2_128f_s_gen_message_random_lib/translated_rust/c_src/lib/sha2/src/hash_sha2.c[0m, all lines
↱ Operation 4: Reading file: [38;5;141m/local/home/scheschb/reserach/TRACTOR/harvest-agentic/results/P01_sphincs_plus/103_sha2_128f_s_gen_message_random_lib/translated_rust/c_src/lib/sha2/src/thash_sha2_simple.c[0m, all lines
↱ Operation 5: Reading file: [38;5;141m/local/home/scheschb/reserach/TRACTOR/harvest-agentic/results/P01_sphincs_plus/103_sha2_128f_s_gen_message_random_lib/translated_rust/c_src/lib/sha2/src/sha2.c[0m, all lines
[38;5;10m ✓ [0mSuccessfully read [38;5;244m1041 bytes[0m from /local/home/scheschb/reserach/TRACTOR/harvest-agentic/results/P01_sphincs_plus/103_sha2_128f_s_gen_message_random_lib/translated_rust/c_src/lib/sha2/include/sha2_offsets.h

[38;5;10m ✓ [0mSuccessfully read [38;5;244m1430 bytes[0m from /local/home/scheschb/reserach/TRACTOR/harvest-agentic/results/P01_sphincs_plus/103_sha2_128f_s_gen_message_random_lib/translated_rust/c_src/lib/sha2/include/sha2.h

[38;5;10m ✓ [0mSuccessfully read [38;5;244m6809 bytes[0m from /local/home/scheschb/reserach/TRACTOR/harvest-agentic/results/P01_sphincs_plus/103_sha2_128f_s_gen_message_random_lib/translated_rust/c_src/lib/sha2/src/hash_sha2.c

[38;5;10m ✓ [0mSuccessfully read [38;5;244m1888 bytes[0m from /local/home/scheschb/reserach/TRACTOR/harvest-agentic/results/P01_sphincs_plus/103_sha2_128f_s_gen_message_random_lib/translated_rust/c_src/lib/sha2/src/thash_sha2_simple.c

[38;5;10m ✓ [0mSuccessfully read [38;5;244m21289 bytes[0m from /local/home/scheschb/reserach/TRACTOR/harvest-agentic/results/P01_sphincs_plus/103_sha2_128f_s_gen_message_random_lib/translated_rust/c_src/lib/sha2/src/sha2.c

 ⋮ 

[38;5;244m- [0mSummary: 5 operations processed, 5 successful, 0 failed
[38;5;244m - Completed in 0.5s[0m

[?25l[0m[38;5;141m> [0mNow let me also check the CMakeLists.txt to understand which files are compiled for the library target:[0m[0m
[?25l[0m[0mBatch fs_read operation with [38;5;141m2[0m operations[38;5;244m (using tool: read)[0m

↱ Operation 1: Reading file: [38;5;141m/local/home/scheschb/reserach/TRACTOR/harvest-agentic/results/P01_sphincs_plus/103_sha2_128f_s_gen_message_random_lib/translated_rust/c_src/app/CMakeLists.txt[0m, all lines
↱ Operation 2: Reading file: [38;5;141m/local/home/scheschb/reserach/TRACTOR/harvest-agentic/results/P01_sphincs_plus/103_sha2_128f_s_gen_message_random_lib/translated_rust/c_src/CMakeLists.txt[0m, all lines
[38;5;10m ✓ [0mSuccessfully read [38;5;244m1594 bytes[0m from /local/home/scheschb/reserach/TRACTOR/harvest-agentic/results/P01_sphincs_plus/103_sha2_128f_s_gen_message_random_lib/translated_rust/c_src/app/CMakeLists.txt

[38;5;10m ✓ [0mSuccessfully read [38;5;244m553 bytes[0m from /local/home/scheschb/reserach/TRACTOR/harvest-agentic/results/P01_sphincs_plus/103_sha2_128f_s_gen_message_random_lib/translated_rust/c_src/CMakeLists.txt

 ⋮ 

[38;5;244m- [0mSummary: 2 operations processed, 2 successful, 0 failed
[38;5;244m - Completed in 0.4s[0m

[?25l[0m[?25l[0m[0m[38;5;11mTODO:
[39m[38;5;10m[x] [3m[38;5;244mRead all C source files and headers to understand the codebase[23m
[38;5;10m[x] [3m[38;5;244mRead the README and params file for SHA2-128f[23m
[0m[ ] Create Cargo.toml and src/lib.rs with the translated Rust code[38;5;244m - Completed in 0.4s[0m

[?25l[0m[38;5;141m> [0mNow I have a thorough understanding of the codebase. Let me create the Cargo.toml and the Rust translation. This is a large codebase, so I'll create it as a single [38;5;10msrc/lib.rs[0m file.[0m[0m
[?25l[0m[0mI'll create the following file: [38;5;141m/local/home/scheschb/reserach/TRACTOR/harvest-agentic/results/P01_sphincs_plus/103_sha2_128f_s_gen_message_random_lib/translated_rust/Cargo.toml[0m[38;5;244m (using tool: write)[0m

[49m[38;5;10m+     1[0m:[38;5;10m[49m [package]
[0m[49m[38;5;10m+     2[0m:[38;5;10m[49m name = "sphincs-plus-sha2-128f"
[0m[49m[38;5;10m+     3[0m:[38;5;10m[49m version = "0.1.0"
[0m[49m[38;5;10m+     4[0m:[38;5;10m[49m edition = "2021"
[0m[49m[38;5;10m+     5[0m:[38;5;10m[49m 
[0m[49m[38;5;10m+     6[0m:[38;5;10m[49m [lib]
[0m[49m[38;5;10m+     7[0m:[38;5;10m[49m crate-type = ["cdylib"]
[0m[49m[38;5;10m+     8[0m:[38;5;10m[49m 
[0m[49m[38;5;10m+     9[0m:[38;5;10m[49m [dependencies]
[0m[49m[38;5;10m+    10[0m:[38;5;10m[49m openssl = "0.10"
[0m[K
Creating: [38;5;141m/local/home/scheschb/reserach/TRACTOR/harvest-agentic/results/P01_sphincs_plus/103_sha2_128f_s_gen_message_random_lib/translated_rust/Cargo.toml[0m
[38;5;244m - Completed in 0.37s[0m
[38;5;12m[1m [1.1][0m[0m
[?25l[0m[?25l[38;5;141m> [0mThe file is too large for a single write. Let me split it into multiple modules.[0m[0m
[?25l[0m[0mI will run the following command: [38;5;141mmkdir -p /local/home/scheschb/reserach/TRACTOR/harvest-agentic/results/P01_sphincs_plus/103_sha2_128f_s_gen_message_random_lib/translated_rust/src[0m[38;5;244m (using tool: shell)[0m
Purpose: Create src directory

[38;5;244m - Completed in 0.9s[0m

[?25l[0m[?25l[0m[0mI'll create the following file: [38;5;141m/local/home/scheschb/reserach/TRACTOR/harvest-agentic/results/P01_sphincs_plus/103_sha2_128f_s_gen_message_random_lib/translated_rust/src/params.rs[0m[38;5;244m (using tool: write)[0m

[48;2;40;67;43m[39m+     1[0m:[39m[48;2;24;38;30m [38;2;101;115;126m//[38;2;101;115;126m SPHINCS+ SHA2-128f parameters[K
[0m[48;2;40;67;43m[39m+     2[0m:[39m[48;2;24;38;30m [K
[0m[48;2;40;67;43m[39m+     3[0m:[39m[48;2;24;38;30m [38;2;180;142;173mpub[38;2;192;197;206m [38;2;180;142;173mconst[38;2;192;197;206m [38;2;208;135;112mSPX_N[38;2;192;197;206m:[38;2;192;197;206m [38;2;180;142;173musize[38;2;192;197;206m [38;2;192;197;206m=[38;2;192;197;206m [38;2;208;135;112m16[38;2;192;197;206m;[K
[0m[48;2;40;67;43m[39m+     4[0m:[39m[48;2;24;38;30m [38;2;180;142;173mpub[38;2;192;197;206m [38;2;180;142;173mconst[38;2;192;197;206m [38;2;208;135;112mSPX_FULL_HEIGHT[38;2;192;197;206m:[38;2;192;197;206m [38;2;180;142;173musize[38;2;192;197;206m [38;2;192;197;206m=[38;2;192;197;206m [38;2;208;135;112m66[38;2;192;197;206m;[K
[0m[48;2;40;67;43m[39m+     5[0m:[39m[48;2;24;38;30m [38;2;180;142;173mpub[38;2;192;197;206m [38;2;180;142;173mconst[38;2;192;197;206m [38;2;208;135;112mSPX_D[38;2;192;197;206m:[38;2;192;197;206m [38;2;180;142;173musize[38;2;192;197;206m [38;2;192;197;206m=[38;2;192;197;206m [38;2;208;135;112m22[38;2;192;197;206m;[K
[0m[48;2;40;67;43m[39m+     6[0m:[39m[48;2;24;38;30m [38;2;180;142;173mpub[38;2;192;197;206m [38;2;180;142;173mconst[38;2;192;197;206m [38;2;208;135;112mSPX_FORS_HEIGHT[38;2;192;197;206m:[38;2;192;197;206m [38;2;180;142;173musize[38;2;192;197;206m [38;2;192;197;206m=[38;2;192;197;206m [38;2;208;135;112m6[38;2;192;197;206m;[K
[0m[48;2;40;67;43m[39m+     7[0m:[39m[48;2;24;38;30m [38;2;180;142;173mpub[38;2;192;197;206m [38;2;180;142;173mconst[38;2;192;197;206m [38;2;208;135;112mSPX_FORS_TREES[38;2;192;197;206m:[38;2;192;197;206m [38;2;180;142;173musize[38;2;192;197;206m [38;2;192;197;206m=[38;2;192;197;206m [38;2;208;135;112m33[38;2;192;197;206m;[K
[0m[48;2;40;67;43m[39m+     8[0m:[39m[48;2;24;38;30m [38;2;180;142;173mpub[38;2;192;197;206m [38;2;180;142;173mconst[38;2;192;197;206m [38;2;208;135;112mSPX_WOTS_W[38;2;192;197;206m:[38;2;192;197;206m [38;2;180;142;173musize[38;2;192;197;206m [38;2;192;197;206m=[38;2;192;197;206m [38;2;208;135;112m16[38;2;192;197;206m;[K
[0m[48;2;40;67;43m[39m+     9[0m:[39m[48;2;24;38;30m [38;2;180;142;173mpub[38;2;192;197;206m [38;2;180;142;173mconst[38;2;192;197;206m [38;2;208;135;112mSPX_SHA512[38;2;192;197;206m:[38;2;192;197;206m [38;2;180;142;173mbool[38;2;192;197;206m [38;2;192;197;206m=[38;2;192;197;206m [38;2;208;135;112mfalse[38;2;192;197;206m;[K
[0m[48;2;40;67;43m[39m+    10[0m:[39m[48;2;24;38;30m [38;2;180;142;173mpub[38;2;192;197;206m [38;2;180;142;173mconst[38;2;192;197;206m [38;2;208;135;112mSPX_ADDR_BYTES[38;2;192;197;206m:[38;2;192;197;206m [38;2;180;142;173musize[38;2;192;197;206m [38;2;192;197;206m=[38;2;192;197;206m [38;2;208;135;112m32[38;2;192;197;206m;[K
[0m[48;2;40;67;43m[39m+    11[0m:[39m[48;2;24;38;30m [K
[0m[48;2;40;67;43m[39m+    12[0m:[39m[48;2;24;38;30m [38;2;101;115;126m//[38;2;101;115;126m WOTS parameters[K
[0m[48;2;40;67;43m[39m+    13[0m:[39m[48;2;24;38;30m [38;2;180;142;173mpub[38;2;192;197;206m [38;2;180;142;173mconst[38;2;192;197;206m [38;2;208;135;112mSPX_WOTS_LOGW[38;2;192;197;206m:[38;2;192;197;206m [38;2;180;142;173musize[38;2;192;197;206m [38;2;192;197;206m=[38;2;192;197;206m [38;2;208;135;112m4[38;2;192;197;206m;[K
[0m[48;2;40;67;43m[39m+    14[0m:[39m[48;2;24;38;30m [38;2;180;142;173mpub[38;2;192;197;206m [38;2;180;142;173mconst[38;2;192;197;206m [38;2;208;135;112mSPX_WOTS_LEN1[38;2;192;197;206m:[38;2;192;197;206m [38;2;180;142;173musize[38;2;192;197;206m [38;2;192;197;206m=[38;2;192;197;206m [38;2;208;135;112m8[38;2;192;197;206m [38;2;192;197;206m*[38;2;192;197;206m [38;2;208;135;112mSPX_N[38;2;192;197;206m [38;2;192;197;206m/[38;2;192;197;206m [38;2;208;135;112mSPX_WOTS_LOGW[38;2;192;197;206m;[38;2;192;197;206m [38;2;101;115;126m//[38;2;101;115;126m 32[K
[0m[48;2;40;67;43m[39m+    15[0m:[39m[48;2;24;38;30m [38;2;180;142;173mpub[38;2;192;197;206m [38;2;180;142;173mconst[38;2;192;197;206m [38;2;208;135;112mSPX_WOTS_LEN2[38;2;192;197;206m:[38;2;192;197;206m [38;2;180;142;173musize[38;2;192;197;206m [38;2;192;197;206m=[38;2;192;197;206m [38;2;208;135;112m3[38;2;192;197;206m;[K
[0m[48;2;40;67;43m[39m+    16[0m:[39m[48;2;24;38;30m [38;2;180;142;173mpub[38;2;192;197;206m [38;2;180;142;173mconst[38;2;192;197;206m [38;2;208;135;112mSPX_WOTS_LEN[38;2;192;197;206m:[38;2;192;197;206m [38;2;180;142;173musize[38;2;192;197;206m [38;2;192;197;206m=[38;2;192;197;206m [38;2;208;135;112mSPX_WOTS_LEN1[38;2;192;197;206m [38;2;192;197;206m+[38;2;192;197;206m [38;2;208;135;112mSPX_WOTS_LEN2[38;2;192;197;206m;[38;2;192;197;206m [38;2;101;115;126m//[38;2;101;115;126m 35[K
[0m[48;2;40;67;43m[39m+    17[0m:[39m[48;2;24;38;30m [38;2;180;142;173mpub[38;2;192;197;206m [38;2;180;142;173mconst[38;2;192;197;206m [38;2;208;135;112mSPX_WOTS_BYTES[38;2;192;197;206m:[38;2;192;197;206m [38;2;180;142;173musize[38;2;192;197;206m [38;2;192;197;206m=[38;2;192;197;206m [38;2;208;135;112mSPX_WOTS_LEN[38;2;192;197;206m [38;2;192;197;206m*[38;2;192;197;206m [38;2;208;135;112mSPX_N[38;2;192;197;206m;[38;2;192;197;206m [38;2;101;115;126m//[38;2;101;115;126m 560[K
[0m[48;2;40;67;43m[39m+    18[0m:[39m[48;2;24;38;30m [K
[0m[48;2;40;67;43m[39m+    19[0m:[39m[48;2;24;38;30m [38;2;101;115;126m//[38;2;101;115;126m Subtree size[K
[0m[48;2;40;67;43m[39m+    20[0m:[39m[48;2;24;38;30m [38;2;180;142;173mpub[38;2;192;197;206m [38;2;180;142;173mconst[38;2;192;197;206m [38;2;208;135;112mSPX_TREE_HEIGHT[38;2;192;197;206m:[38;2;192;197;206m [38;2;180;142;173musize[38;2;192;197;206m [38;2;192;197;206m=[38;2;192;197;206m [38;2;208;135;112mSPX_FULL_HEIGHT[38;2;192;197;206m [38;2;192;197;206m/[38;2;192;197;206m [38;2;208;135;112mSPX_D[38;2;192;197;206m;[38;2;192;197;206m [38;2;101;115;126m//[38;2;101;115;126m 3[K
[0m[48;2;40;67;43m[39m+    21[0m:[39m[48;2;24;38;30m [K
[0m[48;2;40;67;43m[39m+    22[0m:[39m[48;2;24;38;30m [38;2;101;115;126m//[38;2;101;115;126m FORS parameters[K
[0m[48;2;40;67;43m[39m+    23[0m:[39m[48;2;24;38;30m [38;2;180;142;173mpub[38;2;192;197;206m [38;2;180;142;173mconst[38;2;192;197;206m [38;2;208;135;112mSPX_FORS_MSG_BYTES[38;2;192;197;206m:[38;2;192;197;206m [38;2;180;142;173musize[38;2;192;197;206m [38;2;192;197;206m=[38;2;192;197;206m [38;2;192;197;206m([38;2;208;135;112mSPX_FORS_HEIGHT[38;2;192;197;206m [38;2;192;197;206m*[38;2;192;197;206m [38;2;208;135;112mSPX_FORS_TREES[38;2;192;197;206m [38;2;192;197;206m+[38;2;192;197;206m [38;2;208;135;112m7[38;2;192;197;206m)[38;2;192;197;206m [38;2;192;197;206m/[38;2;192;197;206m [38;2;208;135;112m8[38;2;192;197;206m;[38;2;192;197;206m [38;2;101;115;126m//[38;2;101;115;126m 25[K
[0m[48;2;40;67;43m[39m+    24[0m:[39m[48;2;24;38;30m [38;2;180;142;173mpub[38;2;192;197;206m [38;2;180;142;173mconst[38;2;192;197;206m [38;2;208;135;112mSPX_FORS_BYTES[38;2;192;197;206m:[38;2;192;197;206m [38;2;180;142;173musize[38;2;192;197;206m [38;2;192;197;206m=[38;2;192;197;206m [38;2;192;197;206m([38;2;208;135;112mSPX_FORS_HEIGHT[38;2;192;197;206m [38;2;192;197;206m+[38;2;192;197;206m [38;2;208;135;112m1[38;2;192;197;206m)[38;2;192;197;206m [38;2;192;197;206m*[38;2;192;197;206m [38;2;208;135;112mSPX_FORS_TREES[38;2;192;197;206m [38;2;192;197;206m*[38;2;192;197;206m [38;2;208;135;112mSPX_N[38;2;192;197;206m;[38;2;192;197;206m [38;2;101;115;126m//[38;2;101;115;126m 3696[K
[0m[48;2;40;67;43m[39m+    25[0m:[39m[48;2;24;38;30m [K
[0m[48;2;40;67;43m[39m+    26[0m:[39m[48;2;24;38;30m [38;2;101;115;126m//[38;2;101;115;126m Resulting SPX sizes[K
[0m[48;2;40;67;43m[39m+    27[0m:[39m[48;2;24;38;30m [38;2;180;142;173mpub[38;2;192;197;206m [38;2;180;142;173mconst[38;2;192;197;206m [38;2;208;135;112mSPX_BYTES[38;2;192;197;206m:[38;2;192;197;206m [38;2;180;142;173musize[38;2;192;197;206m [38;2;192;197;206m=[38;2;192;197;206m [38;2;208;135;112mSPX_N[38;2;192;197;206m [38;2;192;197;206m+[38;2;192;197;206m [38;2;208;135;112mSPX_FORS_BYTES[38;2;192;197;206m [38;2;192;197;206m+[38;2;192;197;206m [38;2;208;135;112mSPX_D[38;2;192;197;206m [38;2;192;197;206m*[38;2;192;197;206m [38;2;208;135;112mSPX_WOTS_BYTES[38;2;192;197;206m [38;2;192;197;206m+[38;2;192;197;206m [38;2;208;135;112mSPX_FULL_HEIGHT[38;2;192;197;206m [38;2;192;197;206m*[38;2;192;197;206m [38;2;208;135;112mSPX_N[38;2;192;197;206m;[38;2;192;197;206m [38;2;101;115;126m//[38;2;101;115;126m 17088[K
[0m[48;2;40;67;43m[39m+    28[0m:[39m[48;2;24;38;30m [38;2;180;142;173mpub[38;2;192;197;206m [38;2;180;142;173mconst[38;2;192;197;206m [38;2;208;135;112mSPX_PK_BYTES[38;2;192;197;206m:[38;2;192;197;206m [38;2;180;142;173musize[38;2;192;197;206m [38;2;192;197;206m=[38;2;192;197;206m [38;2;208;135;112m2[38;2;192;197;206m [38;2;192;197;206m*[38;2;192;197;206m [38;2;208;135;112mSPX_N[38;2;192;197;206m;[38;2;192;197;206m [38;2;101;115;126m//[38;2;101;115;126m 32[K
[0m[48;2;40;67;43m[39m+    29[0m:[39m[48;2;24;38;30m [38;2;180;142;173mpub[38;2;192;197;206m [38;2;180;142;173mconst[38;2;192;197;206m [38;2;208;135;112mSPX_SK_BYTES[38;2;192;197;206m:[38;2;192;197;206m [38;2;180;142;173musize[38;2;192;197;206m [38;2;192;197;206m=[38;2;192;197;206m [38;2;208;135;112m2[38;2;192;197;206m [38;2;192;197;206m*[38;2;192;197;206m [38;2;208;135;112mSPX_N[38;2;192;197;206m [38;2;192;197;206m+[38;2;192;197;206m [38;2;208;135;112mSPX_PK_BYTES[38;2;192;197;206m;[38;2;192;197;206m [38;2;101;115;126m//[38;2;101;115;126m 64[K
[0m[48;2;40;67;43m[39m+    30[0m:[39m[48;2;24;38;30m [K
[0m[48;2;40;67;43m[39m+    31[0m:[39m[48;2;24;38;30m [38;2;180;142;173mpub[38;2;192;197;206m [38;2;180;142;173mconst[38;2;192;197;206m [38;2;208;135;112mCRYPTO_SECRETKEYBYTES[38;2;192;197;206m:[38;2;192;197;206m [38;2;180;142;173musize[38;2;192;197;206m [38;2;192;197;206m=[38;2;192;197;206m [38;2;208;135;112mSPX_SK_BYTES[38;2;192;197;206m;[K
[0m[48;2;40;67;43m[39m+    32[0m:[39m[48;2;24;38;30m [38;2;180;142;173mpub[38;2;192;197;206m [38;2;180;142;173mconst[38;2;192;197;206m [38;2;208;135;112mCRYPTO_PUBLICKEYBYTES[38;2;192;197;206m:[38;2;192;197;206m [38;2;180;142;173musize[38;2;192;197;206m [38;2;192;197;206m=[38;2;192;197;206m [38;2;208;135;112mSPX_PK_BYTES[38;2;192;197;206m;[K
[0m[48;2;40;67;43m[39m+    33[0m:[39m[48;2;24;38;30m [38;2;180;142;173mpub[38;2;192;197;206m [38;2;180;142;173mconst[38;2;192;197;206m [38;2;208;135;112mCRYPTO_BYTES[38;2;192;197;206m:[38;2;192;197;206m [38;2;180;142;173musize[38;2;192;197;206m [38;2;192;197;206m=[38;2;192;197;206m [38;2;208;135;112mSPX_BYTES[38;2;192;197;206m;[K
[0m[48;2;40;67;43m[39m+    34[0m:[39m[48;2;24;38;30m [38;2;180;142;173mpub[38;2;192;197;206m [38;2;180;142;173mconst[38;2;192;197;206m [38;2;208;135;112mCRYPTO_SEEDBYTES[38;2;192;197;206m:[38;2;192;197;206m [38;2;180;142;173musize[38;2;192;197;206m [38;2;192;197;206m=[38;2;192;197;206m [38;2;208;135;112m3[38;2;192;197;206m [38;2;192;197;206m*[38;2;192;197;206m [38;2;208;135;112mSPX_N[38;2;192;197;206m;[38;2;192;197;206m [38;2;101;115;126m//[38;2;101;115;126m 48[K
[0m[48;2;40;67;43m[39m+    35[0m:[39m[48;2;24;38;30m [K
[0m[48;2;40;67;43m[39m+    36[0m:[39m[48;2;24;38;30m [38;2;101;115;126m//[38;2;101;115;126m SHA2 offsets[K
[0m[48;2;40;67;43m[39m+    37[0m:[39m[48;2;24;38;30m [38;2;180;142;173mpub[38;2;192;197;206m [38;2;180;142;173mconst[38;2;192;197;206m [38;2;208;135;112mSPX_OFFSET_LAYER[38;2;192;197;206m:[38;2;192;197;206m [38;2;180;142;173musize[38;2;192;197;206m [38;2;192;197;206m=[38;2;192;197;206m [38;2;208;135;112m0[38;2;192;197;206m;[K
[0m[48;2;40;67;43m[39m+    38[0m:[39m[48;2;24;38;30m [38;2;180;142;173mpub[38;2;192;197;206m [38;2;180;142;173mconst[38;2;192;197;206m [38;2;208;135;112mSPX_OFFSET_TREE[38;2;192;197;206m:[38;2;192;197;206m [38;2;180;142;173musize[38;2;192;197;206m [38;2;192;197;206m=[38;2;192;197;206m [38;2;208;135;112m1[38;2;192;197;206m;[K
[0m[48;2;40;67;43m[39m+    39[0m:[39m[48;2;24;38;30m [38;2;180;142;173mpub[38;2;192;197;206m [38;2;180;142;173mconst[38;2;192;197;206m [38;2;208;135;112mSPX_OFFSET_TYPE[38;2;192;197;206m:[38;2;192;197;206m [38;2;180;142;173musize[38;2;192;197;206m [38;2;192;197;206m=[38;2;192;197;206m [38;2;208;135;112m9[38;2;192;197;206m;[K
[0m[48;2;40;67;43m[39m+    40[0m:[39m[48;2;24;38;30m [38;2;180;142;173mpub[38;2;192;197;206m [38;2;180;142;173mconst[38;2;192;197;206m [38;2;208;135;112mSPX_OFFSET_KP_ADDR[38;2;192;197;206m:[38;2;192;197;206m [38;2;180;142;173musize[38;2;192;197;206m [38;2;192;197;206m=[38;2;192;197;206m [38;2;208;135;112m10[38;2;192;197;206m;[K
[0m[48;2;40;67;43m[39m+    41[0m:[39m[48;2;24;38;30m [38;2;180;142;173mpub[38;2;192;197;206m [38;2;180;142;173mconst[38;2;192;197;206m [38;2;208;135;112mSPX_OFFSET_CHAIN_ADDR[38;2;192;197;206m:[38;2;192;197;206m [38;2;180;142;173musize[38;2;192;197;206m [38;2;192;197;206m=[38;2;192;197;206m [38;2;208;135;112m17[38;2;192;197;206m;[K
[0m[48;2;40;67;43m[39m+    42[0m:[39m[48;2;24;38;30m [38;2;180;142;173mpub[38;2;192;197;206m [38;2;180;142;173mconst[38;2;192;197;206m [38;2;208;135;112mSPX_OFFSET_HASH_ADDR[38;2;192;197;206m:[38;2;192;197;206m [38;2;180;142;173musize[38;2;192;197;206m [38;2;192;197;206m=[38;2;192;197;206m [38;2;208;135;112m21[38;2;192;197;206m;[K
[0m[48;2;40;67;43m[39m+    43[0m:[39m[48;2;24;38;30m [38;2;180;142;173mpub[38;2;192;197;206m [38;2;180;142;173mconst[38;2;192;197;206m [38;2;208;135;112mSPX_OFFSET_TREE_HGT[38;2;192;197;206m:[38;2;192;197;206m [38;2;180;142;173musize[38;2;192;197;206m [38;2;192;197;206m=[38;2;192;197;206m [38;2;208;135;112m17[38;2;192;197;206m;[K
[0m[48;2;40;67;43m[39m+    44[0m:[39m[48;2;24;38;30m [38;2;180;142;173mpub[38;2;192;197;206m [38;2;180;142;173mconst[38;2;192;197;206m [38;2;208;135;112mSPX_OFFSET_TREE_INDEX[38;2;192;197;206m:[38;2;192;197;206m [38;2;180;142;173musize[38;2;192;197;206m [38;2;192;197;206m=[38;2;192;197;206m [38;2;208;135;112m18[38;2;192;197;206m;[K
[0m[48;2;40;67;43m[39m+    45[0m:[39m[48;2;24;38;30m [K
[0m[48;2;40;67;43m[39m+    46[0m:[39m[48;2;24;38;30m [38;2;101;115;126m//[38;2;101;115;126m SHA2 constants[K
[0m[48;2;40;67;43m[39m+    47[0m:[39m[48;2;24;38;30m [38;2;180;142;173mpub[38;2;192;197;206m [38;2;180;142;173mconst[38;2;192;197;206m [38;2;208;135;112mSPX_SHA256_BLOCK_BYTES[38;2;192;197;206m:[38;2;192;197;206m [38;2;180;142;173musize[38;2;192;197;206m [38;2;192;197;206m=[38;2;192;197;206m [38;2;208;135;112m64[38;2;192;197;206m;[K
[0m[48;2;40;67;43m[39m+    48[0m:[39m[48;2;24;38;30m [38;2;180;142;173mpub[38;2;192;197;206m [38;2;180;142;173mconst[38;2;192;197;206m [38;2;208;135;112mSPX_SHA256_OUTPUT_BYTES[38;2;192;197;206m:[38;2;192;197;206m [38;2;180;142;173musize[38;2;192;197;206m [38;2;192;197;206m=[38;2;192;197;206m [38;2;208;135;112m32[38;2;192;197;206m;[K
[0m[48;2;40;67;43m[39m+    49[0m:[39m[48;2;24;38;30m [38;2;180;142;173mpub[38;2;192;197;206m [38;2;180;142;173mconst[38;2;192;197;206m [38;2;208;135;112mSPX_SHA512_BLOCK_BYTES[38;2;192;197;206m:[38;2;192;197;206m [38;2;180;142;173musize[38;2;192;197;206m [38;2;192;197;206m=[38;2;192;197;206m [38;2;208;135;112m128[38;2;192;197;206m;[K
[0m[48;2;40;67;43m[39m+    50[0m:[39m[48;2;24;38;30m [38;2;180;142;173mpub[38;2;192;197;206m [38;2;180;142;173mconst[38;2;192;197;206m [38;2;208;135;112mSPX_SHA512_OUTPUT_BYTES[38;2;192;197;206m:[38;2;192;197;206m [38;2;180;142;173musize[38;2;192;197;206m [38;2;192;197;206m=[38;2;192;197;206m [38;2;208;135;112m64[38;2;192;197;206m;[K
[0m[48;2;40;67;43m[39m+    51[0m:[39m[48;2;24;38;30m [38;2;180;142;173mpub[38;2;192;197;206m [38;2;180;142;173mconst[38;2;192;197;206m [38;2;208;135;112mSPX_SHA256_ADDR_BYTES[38;2;192;197;206m:[38;2;192;197;206m [38;2;180;142;173musize[38;2;192;197;206m [38;2;192;197;206m=[38;2;192;197;206m [38;2;208;135;112m22[38;2;192;197;206m;[K
[0m[48;2;40;67;43m[39m+    52[0m:[39m[48;2;24;38;30m [K
[0m[48;2;40;67;43m[39m+    53[0m:[39m[48;2;24;38;30m [38;2;101;115;126m//[38;2;101;115;126m Address types[K
[0m[48;2;40;67;43m[39m+    54[0m:[39m[48;2;24;38;30m [38;2;180;142;173mpub[38;2;192;197;206m [38;2;180;142;173mconst[38;2;192;197;206m [38;2;208;135;112mSPX_ADDR_TYPE_WOTS[38;2;192;197;206m:[38;2;192;197;206m [38;2;180;142;173mu32[38;2;192;197;206m [38;2;192;197;206m=[38;2;192;197;206m [38;2;208;135;112m0[38;2;192;197;206m;[K
[0m[48;2;40;67;43m[39m+    55[0m:[39m[48;2;24;38;30m [38;2;180;142;173mpub[38;2;192;197;206m [38;2;180;142;173mconst[38;2;192;197;206m [38;2;208;135;112mSPX_ADDR_TYPE_WOTSPK[38;2;192;197;206m:[38;2;192;197;206m [38;2;180;142;173mu32[38;2;192;197;206m [38;2;192;197;206m=[38;2;192;197;206m [38;2;208;135;112m1[38;2;192;197;206m;[K
[0m[48;2;40;67;43m[39m+    56[0m:[39m[48;2;24;38;30m [38;2;180;142;173mpub[38;2;192;197;206m [38;2;180;142;173mconst[38;2;192;197;206m [38;2;208;135;112mSPX_ADDR_TYPE_HASHTREE[38;2;192;197;206m:[38;2;192;197;206m [38;2;180;142;173mu32[38;2;192;197;206m [38;2;192;197;206m=[38;2;192;197;206m [38;2;208;135;112m2[38;2;192;197;206m;[K
[0m[48;2;40;67;43m[39m+    57[0m:[39m[48;2;24;38;30m [38;2;180;142;173mpub[38;2;192;197;206m [38;2;180;142;173mconst[38;2;192;197;206m [38;2;208;135;112mSPX_ADDR_TYPE_FORSTREE[38;2;192;197;206m:[38;2;192;197;206m [38;2;180;142;173mu32[38;2;192;197;206m [38;2;192;197;206m=[38;2;192;197;206m [38;2;208;135;112m3[38;2;192;197;206m;[K
[0m[48;2;40;67;43m[39m+    58[0m:[39m[48;2;24;38;30m [38;2;180;142;173mpub[38;2;192;197;206m [38;2;180;142;173mconst[38;2;192;197;206m [38;2;208;135;112mSPX_ADDR_TYPE_FORSPK[38;2;192;197;206m:[38;2;192;197;206m [38;2;180;142;173mu32[38;2;192;197;206m [38;2;192;197;206m=[38;2;192;197;206m [38;2;208;135;112m4[38;2;192;197;206m;[K
[0m[48;2;40;67;43m[39m+    59[0m:[39m[48;2;24;38;30m [38;2;180;142;173mpub[38;2;192;197;206m [38;2;180;142;173mconst[38;2;192;197;206m [38;2;208;135;112mSPX_ADDR_TYPE_WOTSPRF[38;2;192;197;206m:[38;2;192;197;206m [38;2;180;142;173mu32[38;2;192;197;206m [38;2;192;197;206m=[38;2;192;197;206m [38;2;208;135;112m5[38;2;192;197;206m;[K
[0m[48;2;40;67;43m[39m+    60[0m:[39m[48;2;24;38;30m [38;2;180;142;173mpub[38;2;192;197;206m [38;2;180;142;173mconst[38;2;192;197;206m [38;2;208;135;112mSPX_ADDR_TYPE_FORSPRF[38;2;192;197;206m:[38;2;192;197;206m [38;2;180;142;173mu32[38;2;192;197;206m [38;2;192;197;206m=[38;2;192;197;206m [38;2;208;135;112m6[38;2;192;197;206m;[K
[0m[48;2;40;67;43m[39m+    61[0m:[39m[48;2;24;38;30m [K
[0m[48;2;40;67;43m[39m+    62[0m:[39m[48;2;24;38;30m [38;2;101;115;126m//[38;2;101;115;126m For hash_message[K
[0m[48;2;40;67;43m[39m+    63[0m:[39m[48;2;24;38;30m [38;2;180;142;173mpub[38;2;192;197;206m [38;2;180;142;173mconst[38;2;192;197;206m [38;2;208;135;112mSPX_TREE_BITS[38;2;192;197;206m:[38;2;192;197;206m [38;2;180;142;173musize[38;2;192;197;206m [38;2;192;197;206m=[38;2;192;197;206m [38;2;208;135;112mSPX_TREE_HEIGHT[38;2;192;197;206m [38;2;192;197;206m*[38;2;192;197;206m [38;2;192;197;206m([38;2;208;135;112mSPX_D[38;2;192;197;206m [38;2;192;197;206m-[38;2;192;197;206m [38;2;208;135;112m1[38;2;192;197;206m)[38;2;192;197;206m;[38;2;192;197;206m [38;2;101;115;126m//[38;2;101;115;126m 63[K
[0m[48;2;40;67;43m[39m+    64[0m:[39m[48;2;24;38;30m [38;2;180;142;173mpub[38;2;192;197;206m [38;2;180;142;173mconst[38;2;192;197;206m [38;2;208;135;112mSPX_TREE_BYTES[38;2;192;197;206m:[38;2;192;197;206m [38;2;180;142;173musize[38;2;192;197;206m [38;2;192;197;206m=[38;2;192;197;206m [38;2;192;197;206m([38;2;208;135;112mSPX_TREE_BITS[38;2;192;197;206m [38;2;192;197;206m+[38;2;192;197;206m [38;2;208;135;112m7[38;2;192;197;206m)[38;2;192;197;206m [38;2;192;197;206m/[38;2;192;197;206m [38;2;208;135;112m8[38;2;192;197;206m;[38;2;192;197;206m [38;2;101;115;126m//[38;2;101;115;126m 8[K
[0m[48;2;40;67;43m[39m+    65[0m:[39m[48;2;24;38;30m [38;2;180;142;173mpub[38;2;192;197;206m [38;2;180;142;173mconst[38;2;192;197;206m [38;2;208;135;112mSPX_LEAF_BITS[38;2;192;197;206m:[38;2;192;197;206m [38;2;180;142;173musize[38;2;192;197;206m [38;2;192;197;206m=[38;2;192;197;206m [38;2;208;135;112mSPX_TREE_HEIGHT[38;2;192;197;206m;[38;2;192;197;206m [38;2;101;115;126m//[38;2;101;115;126m 3[K
[0m[48;2;40;67;43m[39m+    66[0m:[39m[48;2;24;38;30m [38;2;180;142;173mpub[38;2;192;197;206m [38;2;180;142;173mconst[38;2;192;197;206m [38;2;208;135;112mSPX_LEAF_BYTES[38;2;192;197;206m:[38;2;192;197;206m [38;2;180;142;173musize[38;2;192;197;206m [38;2;192;197;206m=[38;2;192;197;206m [38;2;192;197;206m([38;2;208;135;112mSPX_LEAF_BITS[38;2;192;197;206m [38;2;192;197;206m+[38;2;192;197;206m [38;2;208;135;112m7[38;2;192;197;206m)[38;2;192;197;206m [38;2;192;197;206m/[38;2;192;197;206m [38;2;208;135;112m8[38;2;192;197;206m;[38;2;192;197;206m [38;2;101;115;126m//[38;2;101;115;126m 1[K
[0m[48;2;40;67;43m[39m+    67[0m:[39m[48;2;24;38;30m [38;2;180;142;173mpub[38;2;192;197;206m [38;2;180;142;173mconst[38;2;192;197;206m [38;2;208;135;112mSPX_DGST_BYTES[38;2;192;197;206m:[38;2;192;197;206m [38;2;180;142;173musize[38;2;192;197;206m [38;2;192;197;206m=[38;2;192;197;206m [38;2;208;135;112mSPX_FORS_MSG_BYTES[38;2;192;197;206m [38;2;192;197;206m+[38;2;192;197;206m [38;2;208;135;112mSPX_TREE_BYTES[38;2;192;197;206m [38;2;192;197;206m+[38;2;192;197;206m [38;2;208;135;112mSPX_LEAF_BYTES[38;2;192;197;206m;[38;2;192;197;206m [38;2;101;115;126m//[38;2;101;115;126m 34[K
[0m[48;2;40;67;43m[39m+    68[0m:[39m[48;2;24;38;30m [K
[0m[48;2;40;67;43m[39m+    69[0m:[39m[48;2;24;38;30m [38;2;101;115;126m//[38;2;101;115;126m Since SPX_N=16 < 24, we use SHA-256 as shaX[K
[0m[48;2;40;67;43m[39m+    70[0m:[39m[48;2;24;38;30m [38;2;180;142;173mpub[38;2;192;197;206m [38;2;180;142;173mconst[38;2;192;197;206m [38;2;208;135;112mSPX_SHAX_OUTPUT_BYTES[38;2;192;197;206m:[38;2;192;197;206m [38;2;180;142;173musize[38;2;192;197;206m [38;2;192;197;206m=[38;2;192;197;206m [38;2;208;135;112mSPX_SHA256_OUTPUT_BYTES[38;2;192;197;206m;[K
[0m[48;2;40;67;43m[39m+    71[0m:[39m[48;2;24;38;30m [38;2;180;142;173mpub[38;2;192;197;206m [38;2;180;142;173mconst[38;2;192;197;206m [38;2;208;135;112mSPX_SHAX_BLOCK_BYTES[38;2;192;197;206m:[38;2;192;197;206m [38;2;180;142;173musize[38;2;192;197;206m [38;2;192;197;206m=[38;2;192;197;206m [38;2;208;135;112mSPX_SHA256_BLOCK_BYTES[38;2;192;197;206m;[K
[0m[48;2;40;67;43m[39m+    72[0m:[39m[48;2;24;38;30m [K
[0m[48;2;40;67;43m[39m+    73[0m:[39m[48;2;24;38;30m [38;2;101;115;126m//[38;2;101;115;126m SPX_INBLOCKS = ((SPX_N + SPX_PK_BYTES + SPX_SHAX_BLOCK_BYTES - 1) & -(SPX_SHAX_BLOCK_BYTES as isize)) / SPX_SHAX_BLOCK_BYTES[K
[0m[48;2;40;67;43m[39m+    74[0m:[39m[48;2;24;38;30m [38;2;101;115;126m//[38;2;101;115;126m = ((16 + 32 + 63) & !63) / 64 = (111 & !63) / 64 = 64 / 64 = 1[K
[0m[48;2;40;67;43m[39m+    75[0m:[39m[48;2;24;38;30m [38;2;180;142;173mpub[38;2;192;197;206m [38;2;180;142;173mconst[38;2;192;197;206m [38;2;208;135;112mSPX_INBLOCKS[38;2;192;197;206m:[38;2;192;197;206m [38;2;180;142;173musize[38;2;192;197;206m [38;2;192;197;206m=[38;2;192;197;206m [38;2;208;135;112m1[38;2;192;197;206m;[K
[0m[K
Creating: [38;5;141m/local/home/scheschb/reserach/TRACTOR/harvest-agentic/results/P01_sphincs_plus/103_sha2_128f_s_gen_message_random_lib/translated_rust/src/params.rs[0m
[38;5;244m - Completed in 0.39s[0m
[38;5;12m[1m [1.2][0m[0m
[?25l[0m[?25l[0m[0mI'll create the following file: [38;5;141m/local/home/scheschb/reserach/TRACTOR/harvest-agentic/results/P01_sphincs_plus/103_sha2_128f_s_gen_message_random_lib/translated_rust/src/context.rs[0m[38;5;244m (using tool: write)[0m

[48;2;40;67;43m[39m+     1[0m:[39m[48;2;24;38;30m [38;2;180;142;173muse[38;2;192;197;206m [38;2;180;142;173mcrate[38;2;192;197;206m::[38;2;192;197;206mparams[38;2;192;197;206m::[38;2;192;197;206m*[38;2;192;197;206m;[K
[0m[48;2;40;67;43m[39m+     2[0m:[39m[48;2;24;38;30m [K
[0m[48;2;40;67;43m[39m+     3[0m:[39m[48;2;24;38;30m [38;2;180;142;173mpub[38;2;192;197;206m [38;2;180;142;173mstruct[38;2;192;197;206m [38;2;192;197;206mSpxCtx[38;2;192;197;206m [38;2;192;197;206m{[K
[0m[48;2;40;67;43m[39m+     4[0m:[39m[48;2;24;38;30m [38;2;192;197;206m    [38;2;180;142;173mpub[38;2;192;197;206m [38;2;191;97;106mpub_seed[38;2;192;197;206m:[38;2;192;197;206m [[38;2;180;142;173mu8[38;2;192;197;206m; SPX_N],[K
[0m[48;2;40;67;43m[39m+     5[0m:[39m[48;2;24;38;30m [38;2;192;197;206m    [38;2;180;142;173mpub[38;2;192;197;206m [38;2;191;97;106msk_seed[38;2;192;197;206m:[38;2;192;197;206m [[38;2;180;142;173mu8[38;2;192;197;206m; SPX_N],[K
[0m[48;2;40;67;43m[39m+     6[0m:[39m[48;2;24;38;30m [38;2;192;197;206m    [38;2;180;142;173mpub[38;2;192;197;206m [38;2;191;97;106mstate_seeded[38;2;192;197;206m:[38;2;192;197;206m [[38;2;180;142;173mu8[38;2;192;197;206m; 40],[K
[0m[48;2;40;67;43m[39m+     7[0m:[39m[48;2;24;38;30m [38;2;192;197;206m}[K
[0m[48;2;40;67;43m[39m+     8[0m:[39m[48;2;24;38;30m [K
[0m[48;2;40;67;43m[39m+     9[0m:[39m[48;2;24;38;30m [38;2;180;142;173mimpl[38;2;192;197;206m [38;2;192;197;206mDefault [38;2;180;142;173mfor[38;2;192;197;206m [38;2;192;197;206mSpxCtx[38;2;192;197;206m [38;2;192;197;206m{[K
[0m[48;2;40;67;43m[39m+    10[0m:[39m[48;2;24;38;30m [38;2;192;197;206m    [38;2;180;142;173mfn[38;2;192;197;206m [38;2;143;161;179mdefault[38;2;192;197;206m([38;2;192;197;206m)[38;2;192;197;206m [38;2;192;197;206m->[38;2;192;197;206m [38;2;180;142;173mSelf[38;2;192;197;206m [38;2;192;197;206m{[K
[0m[48;2;40;67;43m[39m+    11[0m:[39m[48;2;24;38;30m [38;2;192;197;206m        [38;2;180;142;173mSelf[38;2;192;197;206m [38;2;192;197;206m{[K
[0m[48;2;40;67;43m[39m+    12[0m:[39m[48;2;24;38;30m [38;2;192;197;206m            pub_seed[38;2;192;197;206m:[38;2;192;197;206m [38;2;192;197;206m[[38;2;208;135;112m0[38;2;180;142;173mu8[38;2;192;197;206m;[38;2;192;197;206m [38;2;208;135;112mSPX_N[38;2;192;197;206m][38;2;192;197;206m,[K
[0m[48;2;40;67;43m[39m+    13[0m:[39m[48;2;24;38;30m [38;2;192;197;206m            sk_seed[38;2;192;197;206m:[38;2;192;197;206m [38;2;192;197;206m[[38;2;208;135;112m0[38;2;180;142;173mu8[38;2;192;197;206m;[38;2;192;197;206m [38;2;208;135;112mSPX_N[38;2;192;197;206m][38;2;192;197;206m,[K
[0m[48;2;40;67;43m[39m+    14[0m:[39m[48;2;24;38;30m [38;2;192;197;206m            state_seeded[38;2;192;197;206m:[38;2;192;197;206m [38;2;192;197;206m[[38;2;208;135;112m0[38;2;180;142;173mu8[38;2;192;197;206m;[38;2;192;197;206m [38;2;208;135;112m40[38;2;192;197;206m][38;2;192;197;206m,[K
[0m[48;2;40;67;43m[39m+    15[0m:[39m[48;2;24;38;30m [38;2;192;197;206m        [38;2;192;197;206m}[K
[0m[48;2;40;67;43m[39m+    16[0m:[39m[48;2;24;38;30m [38;2;192;197;206m    [38;2;192;197;206m}[K
[0m[48;2;40;67;43m[39m+    17[0m:[39m[48;2;24;38;30m [38;2;192;197;206m}[K
[0m[K
Creating: [38;5;141m/local/home/scheschb/reserach/TRACTOR/harvest-agentic/results/P01_sphincs_plus/103_sha2_128f_s_gen_message_random_lib/translated_rust/src/context.rs[0m
[38;5;244m - Completed in 0.39s[0m
[38;5;12m[1m [1.3][0m[0m
[?25l[0m[?25l[0m[0mI'll create the following file: [38;5;141m/local/home/scheschb/reserach/TRACTOR/harvest-agentic/results/P01_sphincs_plus/103_sha2_128f_s_gen_message_random_lib/translated_rust/src/address.rs[0m[38;5;244m (using tool: write)[0m

[48;2;40;67;43m[39m+     1[0m:[39m[48;2;24;38;30m [38;2;180;142;173muse[38;2;192;197;206m [38;2;180;142;173mcrate[38;2;192;197;206m::[38;2;192;197;206mparams[38;2;192;197;206m::[38;2;192;197;206m*[38;2;192;197;206m;[K
[0m[48;2;40;67;43m[39m+     2[0m:[39m[48;2;24;38;30m [K
[0m[48;2;40;67;43m[39m+     3[0m:[39m[48;2;24;38;30m [38;2;101;115;126m///[38;2;101;115;126m Converts the value of 'val' to 'outlen' bytes in big-endian byte order.[K
[0m[48;2;40;67;43m[39m+     4[0m:[39m[48;2;24;38;30m [38;2;180;142;173mpub[38;2;192;197;206m [38;2;180;142;173mfn[38;2;192;197;206m [38;2;143;161;179mull_to_bytes[38;2;192;197;206m([38;2;191;97;106mout[38;2;192;197;206m:[38;2;192;197;206m [38;2;192;197;206m&[38;2;180;142;173mmut[38;2;192;197;206m [[38;2;180;142;173mu8[38;2;192;197;206m], [38;2;191;97;106moutlen[38;2;192;197;206m:[38;2;192;197;206m [38;2;180;142;173musize[38;2;192;197;206m, [38;2;180;142;173mmut[38;2;192;197;206m [38;2;191;97;106mval[38;2;192;197;206m:[38;2;192;197;206m [38;2;180;142;173mu64[38;2;192;197;206m)[38;2;192;197;206m [38;2;192;197;206m{[K
[0m[48;2;40;67;43m[39m+     5[0m:[39m[48;2;24;38;30m [38;2;192;197;206m    [38;2;180;142;173mlet[38;2;192;197;206m [38;2;180;142;173mmut[38;2;192;197;206m i [38;2;192;197;206m=[38;2;192;197;206m outlen [38;2;192;197;206mas[38;2;192;197;206m [38;2;180;142;173misize[38;2;192;197;206m [38;2;192;197;206m-[38;2;192;197;206m [38;2;208;135;112m1[38;2;192;197;206m;[K
[0m[48;2;40;67;43m[39m+     6[0m:[39m[48;2;24;38;30m [38;2;192;197;206m    [38;2;180;142;173mwhile[38;2;192;197;206m i [38;2;192;197;206m>[38;2;192;197;206m=[38;2;192;197;206m [38;2;208;135;112m0[38;2;192;197;206m [38;2;192;197;206m{[K
[0m[48;2;40;67;43m[39m+     7[0m:[39m[48;2;24;38;30m [38;2;192;197;206m        out[38;2;192;197;206m[[38;2;192;197;206mi [38;2;192;197;206mas[38;2;192;197;206m [38;2;180;142;173musize[38;2;192;197;206m][38;2;192;197;206m [38;2;192;197;206m=[38;2;192;197;206m [38;2;192;197;206m([38;2;192;197;206mval [38;2;192;197;206m&[38;2;192;197;206m [38;2;208;135;112m0xff[38;2;192;197;206m)[38;2;192;197;206m [38;2;192;197;206mas[38;2;192;197;206m [38;2;180;142;173mu8[38;2;192;197;206m;[K
[0m[48;2;40;67;43m[39m+     8[0m:[39m[48;2;24;38;30m [38;2;192;197;206m        val [38;2;192;197;206m>[38;2;192;197;206m>[38;2;192;197;206m=[38;2;192;197;206m [38;2;208;135;112m8[38;2;192;197;206m;[K
[0m[48;2;40;67;43m[39m+     9[0m:[39m[48;2;24;38;30m [38;2;192;197;206m        i [38;2;192;197;206m-[38;2;192;197;206m=[38;2;192;197;206m [38;2;208;135;112m1[38;2;192;197;206m;[K
[0m[48;2;40;67;43m[39m+    10[0m:[39m[48;2;24;38;30m [38;2;192;197;206m    [38;2;192;197;206m}[K
[0m[48;2;40;67;43m[39m+    11[0m:[39m[48;2;24;38;30m [38;2;192;197;206m}[K
[0m[48;2;40;67;43m[39m+    12[0m:[39m[48;2;24;38;30m [K
[0m[48;2;40;67;43m[39m+    13[0m:[39m[48;2;24;38;30m [38;2;180;142;173mpub[38;2;192;197;206m [38;2;180;142;173mfn[38;2;192;197;206m [38;2;143;161;179mu32_to_bytes[38;2;192;197;206m([38;2;191;97;106mout[38;2;192;197;206m:[38;2;192;197;206m [38;2;192;197;206m&[38;2;180;142;173mmut[38;2;192;197;206m [[38;2;180;142;173mu8[38;2;192;197;206m], [38;2;191;97;106mval[38;2;192;197;206m:[38;2;192;197;206m [38;2;180;142;173mu32[38;2;192;197;206m)[38;2;192;197;206m [38;2;192;197;206m{[K
[0m[48;2;40;67;43m[39m+    14[0m:[39m[48;2;24;38;30m [38;2;192;197;206m    out[38;2;192;197;206m[[38;2;208;135;112m0[38;2;192;197;206m][38;2;192;197;206m [38;2;192;197;206m=[38;2;192;197;206m [38;2;192;197;206m([38;2;192;197;206mval [38;2;192;197;206m>[38;2;192;197;206m>[38;2;192;197;206m [38;2;208;135;112m24[38;2;192;197;206m)[38;2;192;197;206m [38;2;192;197;206mas[38;2;192;197;206m [38;2;180;142;173mu8[38;2;192;197;206m;[K
[0m[48;2;40;67;43m[39m+    15[0m:[39m[48;2;24;38;30m [38;2;192;197;206m    out[38;2;192;197;206m[[38;2;208;135;112m1[38;2;192;197;206m][38;2;192;197;206m [38;2;192;197;206m=[38;2;192;197;206m [38;2;192;197;206m([38;2;192;197;206mval [38;2;192;197;206m>[38;2;192;197;206m>[38;2;192;197;206m [38;2;208;135;112m16[38;2;192;197;206m)[38;2;192;197;206m [38;2;192;197;206mas[38;2;192;197;206m [38;2;180;142;173mu8[38;2;192;197;206m;[K
[0m[48;2;40;67;43m[39m+    16[0m:[39m[48;2;24;38;30m [38;2;192;197;206m    out[38;2;192;197;206m[[38;2;208;135;112m2[38;2;192;197;206m][38;2;192;197;206m [38;2;192;197;206m=[38;2;192;197;206m [38;2;192;197;206m([38;2;192;197;206mval [38;2;192;197;206m>[38;2;192;197;206m>[38;2;192;197;206m [38;2;208;135;112m8[38;2;192;197;206m)[38;2;192;197;206m [38;2;192;197;206mas[38;2;192;197;206m [38;2;180;142;173mu8[38;2;192;197;206m;[K
[0m[48;2;40;67;43m[39m+    17[0m:[39m[48;2;24;38;30m [38;2;192;197;206m    out[38;2;192;197;206m[[38;2;208;135;112m3[38;2;192;197;206m][38;2;192;197;206m [38;2;192;197;206m=[38;2;192;197;206m val [38;2;192;197;206mas[38;2;192;197;206m [38;2;180;142;173mu8[38;2;192;197;206m;[K
[0m[48;2;40;67;43m[39m+    18[0m:[39m[48;2;24;38;30m [38;2;192;197;206m}[K
[0m[48;2;40;67;43m[39m+    19[0m:[39m[48;2;24;38;30m [K
[0m[48;2;40;67;43m[39m+    20[0m:[39m[48;2;24;38;30m [38;2;180;142;173mpub[38;2;192;197;206m [38;2;180;142;173mfn[38;2;192;197;206m [38;2;143;161;179mbytes_to_ull[38;2;192;197;206m([38;2;191;97;106minput[38;2;192;197;206m:[38;2;192;197;206m [38;2;192;197;206m&[38;2;192;197;206m[[38;2;180;142;173mu8[38;2;192;197;206m], [38;2;191;97;106minlen[38;2;192;197;206m:[38;2;192;197;206m [38;2;180;142;173musize[38;2;192;197;206m)[38;2;192;197;206m [38;2;192;197;206m->[38;2;192;197;206m [38;2;180;142;173mu64[38;2;192;197;206m [38;2;192;197;206m{[K
[0m[48;2;40;67;43m[39m+    21[0m:[39m[48;2;24;38;30m [38;2;192;197;206m    [38;2;180;142;173mlet[38;2;192;197;206m [38;2;180;142;173mmut[38;2;192;197;206m retval[38;2;192;197;206m:[38;2;192;197;206m [38;2;180;142;173mu64[38;2;192;197;206m [38;2;192;197;206m=[38;2;192;197;206m [38;2;208;135;112m0[38;2;192;197;206m;[K
[0m[48;2;40;67;43m[39m+    22[0m:[39m[48;2;24;38;30m [38;2;192;197;206m    [38;2;180;142;173mfor[38;2;192;197;206m i [38;2;192;197;206min[38;2;192;197;206m [38;2;208;135;112m0[38;2;192;197;206m..[38;2;192;197;206minlen [38;2;192;197;206m{[K
[0m[48;2;40;67;43m[39m+    23[0m:[39m[48;2;24;38;30m [38;2;192;197;206m        retval [38;2;192;197;206m|[38;2;192;197;206m=[38;2;192;197;206m [38;2;192;197;206m([38;2;192;197;206minput[38;2;192;197;206m[[38;2;192;197;206mi[38;2;192;197;206m][38;2;192;197;206m [38;2;192;197;206mas[38;2;192;197;206m [38;2;180;142;173mu64[38;2;192;197;206m)[38;2;192;197;206m [38;2;192;197;206m<[38;2;192;197;206m<[38;2;192;197;206m [38;2;192;197;206m([38;2;208;135;112m8[38;2;192;197;206m [38;2;192;197;206m*[38;2;192;197;206m [38;2;192;197;206m([38;2;192;197;206minlen [38;2;192;197;206m-[38;2;192;197;206m [38;2;208;135;112m1[38;2;192;197;206m [38;2;192;197;206m-[38;2;192;197;206m i[38;2;192;197;206m)[38;2;192;197;206m)[38;2;192;197;206m;[K
[0m[48;2;40;67;43m[39m+    24[0m:[39m[48;2;24;38;30m [38;2;192;197;206m    [38;2;192;197;206m}[K
[0m[48;2;40;67;43m[39m+    25[0m:[39m[48;2;24;38;30m [38;2;192;197;206m    retval[K
[0m[48;2;40;67;43m[39m+    26[0m:[39m[48;2;24;38;30m [38;2;192;197;206m}[K
[0m[48;2;40;67;43m[39m+    27[0m:[39m[48;2;24;38;30m [K
[0m[48;2;40;67;43m[39m+    28[0m:[39m[48;2;24;38;30m [38;2;101;115;126m//[38;2;101;115;126m Address functions - operate on addr as [u8; 32] viewed through &mut [u32; 8][K
[0m[48;2;40;67;43m[39m+    29[0m:[39m[48;2;24;38;30m [38;2;101;115;126m//[38;2;101;115;126m We store addresses as [u32; 8] but access bytes via casting[K
[0m[48;2;40;67;43m[39m+    30[0m:[39m[48;2;24;38;30m [K
[0m[48;2;40;67;43m[39m+    31[0m:[39m[48;2;24;38;30m [38;2;180;142;173mfn[38;2;192;197;206m [38;2;143;161;179maddr_as_bytes[38;2;192;197;206m([38;2;191;97;106maddr[38;2;192;197;206m:[38;2;192;197;206m [38;2;192;197;206m&[38;2;192;197;206m[[38;2;180;142;173mu32[38;2;192;197;206m; 8][38;2;192;197;206m)[38;2;192;197;206m [38;2;192;197;206m->[38;2;192;197;206m [38;2;192;197;206m&[38;2;192;197;206m[[38;2;180;142;173mu8[38;2;192;197;206m;[38;2;192;197;206m [38;2;208;135;112m32[38;2;192;197;206m][38;2;192;197;206m [38;2;192;197;206m{[K
[0m[48;2;40;67;43m[39m+    32[0m:[39m[48;2;24;38;30m [38;2;192;197;206m    [38;2;180;142;173munsafe[38;2;192;197;206m [38;2;192;197;206m{[38;2;192;197;206m [38;2;192;197;206m&[38;2;192;197;206m*[38;2;192;197;206m([38;2;192;197;206maddr [38;2;192;197;206mas[38;2;192;197;206m [38;2;192;197;206m*[38;2;180;142;173mconst[38;2;192;197;206m [38;2;192;197;206m[[38;2;180;142;173mu32[38;2;192;197;206m;[38;2;192;197;206m [38;2;208;135;112m8[38;2;192;197;206m][38;2;192;197;206m [38;2;192;197;206mas[38;2;192;197;206m [38;2;192;197;206m*[38;2;180;142;173mconst[38;2;192;197;206m [38;2;192;197;206m[[38;2;180;142;173mu8[38;2;192;197;206m;[38;2;192;197;206m [38;2;208;135;112m32[38;2;192;197;206m][38;2;192;197;206m)[38;2;192;197;206m [38;2;192;197;206m}[K
[0m[48;2;40;67;43m[39m+    33[0m:[39m[48;2;24;38;30m [38;2;192;197;206m}[K
[0m[48;2;40;67;43m[39m+    34[0m:[39m[48;2;24;38;30m [K
[0m[48;2;40;67;43m[39m+    35[0m:[39m[48;2;24;38;30m [38;2;180;142;173mfn[38;2;192;197;206m [38;2;143;161;179maddr_as_bytes_mut[38;2;192;197;206m([38;2;191;97;106maddr[38;2;192;197;206m:[38;2;192;197;206m [38;2;192;197;206m&[38;2;180;142;173mmut[38;2;192;197;206m [[38;2;180;142;173mu32[38;2;192;197;206m; 8][38;2;192;197;206m)[38;2;192;197;206m [38;2;192;197;206m->[38;2;192;197;206m [38;2;192;197;206m&[38;2;180;142;173mmut[38;2;192;197;206m [38;2;192;197;206m[[38;2;180;142;173mu8[38;2;192;197;206m;[38;2;192;197;206m [38;2;208;135;112m32[38;2;192;197;206m][38;2;192;197;206m [38;2;192;197;206m{[K
[0m[48;2;40;67;43m[39m+    36[0m:[39m[48;2;24;38;30m [38;2;192;197;206m    [38;2;180;142;173munsafe[38;2;192;197;206m [38;2;192;197;206m{[38;2;192;197;206m [38;2;192;197;206m&[38;2;180;142;173mmut[38;2;192;197;206m [38;2;192;197;206m*[38;2;192;197;206m([38;2;192;197;206maddr [38;2;192;197;206mas[38;2;192;197;206m [38;2;192;197;206m*[38;2;180;142;173mmut[38;2;192;197;206m [38;2;192;197;206m[[38;2;180;142;173mu32[38;2;192;197;206m;[38;2;192;197;206m [38;2;208;135;112m8[38;2;192;197;206m][38;2;192;197;206m [38;2;192;197;206mas[38;2;192;197;206m [38;2;192;197;206m*[38;2;180;142;173mmut[38;2;192;197;206m [38;2;192;197;206m[[38;2;180;142;173mu8[38;2;192;197;206m;[38;2;192;197;206m [38;2;208;135;112m32[38;2;192;197;206m][38;2;192;197;206m)[38;2;192;197;206m [38;2;192;197;206m}[K
[0m[48;2;40;67;43m[39m+    37[0m:[39m[48;2;24;38;30m [38;2;192;197;206m}[K
[0m[48;2;40;67;43m[39m+    38[0m:[39m[48;2;24;38;30m [K
[0m[48;2;40;67;43m[39m+    39[0m:[39m[48;2;24;38;30m [38;2;180;142;173mpub[38;2;192;197;206m [38;2;180;142;173mfn[38;2;192;197;206m [38;2;143;161;179mset_layer_addr[38;2;192;197;206m([38;2;191;97;106maddr[38;2;192;197;206m:[38;2;192;197;206m [38;2;192;197;206m&[38;2;180;142;173mmut[38;2;192;197;206m [[38;2;180;142;173mu32[38;2;192;197;206m; 8], [38;2;191;97;106mlayer[38;2;192;197;206m:[38;2;192;197;206m [38;2;180;142;173mu32[38;2;192;197;206m)[38;2;192;197;206m [38;2;192;197;206m{[K
[0m[48;2;40;67;43m[39m+    40[0m:[39m[48;2;24;38;30m [38;2;192;197;206m    [38;2;150;181;180maddr_as_bytes_mut[38;2;192;197;206m([38;2;192;197;206maddr[38;2;192;197;206m)[38;2;192;197;206m[[38;2;208;135;112mSPX_OFFSET_LAYER[38;2;192;197;206m][38;2;192;197;206m [38;2;192;197;206m=[38;2;192;197;206m layer [38;2;192;197;206mas[38;2;192;197;206m [38;2;180;142;173mu8[38;2;192;197;206m;[K
[0m[48;2;40;67;43m[39m+    41[0m:[39m[48;2;24;38;30m [38;2;192;197;206m}[K
[0m[48;2;40;67;43m[39m+    42[0m:[39m[48;2;24;38;30m [K
[0m[48;2;40;67;43m[39m+    43[0m:[39m[48;2;24;38;30m [38;2;180;142;173mpub[38;2;192;197;206m [38;2;180;142;173mfn[38;2;192;197;206m [38;2;143;161;179mset_tree_addr[38;2;192;197;206m([38;2;191;97;106maddr[38;2;192;197;206m:[38;2;192;197;206m [38;2;192;197;206m&[38;2;180;142;173mmut[38;2;192;197;206m [[38;2;180;142;173mu32[38;2;192;197;206m; 8], [38;2;191;97;106mtree[38;2;192;197;206m:[38;2;192;197;206m [38;2;180;142;173mu64[38;2;192;197;206m)[38;2;192;197;206m [38;2;192;197;206m{[K
[0m[48;2;40;67;43m[39m+    44[0m:[39m[48;2;24;38;30m [38;2;192;197;206m    [38;2;180;142;173mlet[38;2;192;197;206m bytes [38;2;192;197;206m=[38;2;192;197;206m [38;2;150;181;180maddr_as_bytes_mut[38;2;192;197;206m([38;2;192;197;206maddr[38;2;192;197;206m)[38;2;192;197;206m;[K
[0m[48;2;40;67;43m[39m+    45[0m:[39m[48;2;24;38;30m [38;2;192;197;206m    [38;2;150;181;180mull_to_bytes[38;2;192;197;206m([38;2;192;197;206m&[38;2;180;142;173mmut[38;2;192;197;206m bytes[38;2;192;197;206m[[38;2;208;135;112mSPX_OFFSET_TREE[38;2;192;197;206m..[38;2;192;197;206m][38;2;192;197;206m,[38;2;192;197;206m [38;2;208;135;112m8[38;2;192;197;206m,[38;2;192;197;206m tree[38;2;192;197;206m)[38;2;192;197;206m;[K
[0m[48;2;40;67;43m[39m+    46[0m:[39m[48;2;24;38;30m [38;2;192;197;206m}[K
[0m[48;2;40;67;43m[39m+    47[0m:[39m[48;2;24;38;30m [K
[0m[48;2;40;67;43m[39m+    48[0m:[39m[48;2;24;38;30m [38;2;180;142;173mpub[38;2;192;197;206m [38;2;180;142;173mfn[38;2;192;197;206m [38;2;143;161;179mset_type[38;2;192;197;206m([38;2;191;97;106maddr[38;2;192;197;206m:[38;2;192;197;206m [38;2;192;197;206m&[38;2;180;142;173mmut[38;2;192;197;206m [[38;2;180;142;173mu32[38;2;192;197;206m; 8], [38;2;191;97;106mtype_val[38;2;192;197;206m:[38;2;192;197;206m [38;2;180;142;173mu32[38;2;192;197;206m)[38;2;192;197;206m [38;2;192;197;206m{[K
[0m[48;2;40;67;43m[39m+    49[0m:[39m[48;2;24;38;30m [38;2;192;197;206m    [38;2;150;181;180maddr_as_bytes_mut[38;2;192;197;206m([38;2;192;197;206maddr[38;2;192;197;206m)[38;2;192;197;206m[[38;2;208;135;112mSPX_OFFSET_TYPE[38;2;192;197;206m][38;2;192;197;206m [38;2;192;197;206m=[38;2;192;197;206m type_val [38;2;192;197;206mas[38;2;192;197;206m [38;2;180;142;173mu8[38;2;192;197;206m;[K
[0m[48;2;40;67;43m[39m+    50[0m:[39m[48;2;24;38;30m [38;2;192;197;206m}[K
[0m[48;2;40;67;43m[39m+    51[0m:[39m[48;2;24;38;30m [K
[0m[48;2;40;67;43m[39m+    52[0m:[39m[48;2;24;38;30m [38;2;180;142;173mpub[38;2;192;197;206m [38;2;180;142;173mfn[38;2;192;197;206m [38;2;143;161;179mcopy_subtree_addr[38;2;192;197;206m([38;2;191;97;106mout[38;2;192;197;206m:[38;2;192;197;206m [38;2;192;197;206m&[38;2;180;142;173mmut[38;2;192;197;206m [[38;2;180;142;173mu32[38;2;192;197;206m; 8], [38;2;191;97;106minput[38;2;192;197;206m:[38;2;192;197;206m [38;2;192;197;206m&[38;2;192;197;206m[[38;2;180;142;173mu32[38;2;192;197;206m; 8][38;2;192;197;206m)[38;2;192;197;206m [38;2;192;197;206m{[K
[0m[48;2;40;67;43m[39m+    53[0m:[39m[48;2;24;38;30m [38;2;192;197;206m    [38;2;180;142;173mlet[38;2;192;197;206m src [38;2;192;197;206m=[38;2;192;197;206m [38;2;150;181;180maddr_as_bytes[38;2;192;197;206m([38;2;192;197;206minput[38;2;192;197;206m)[38;2;192;197;206m;[K
[0m[48;2;40;67;43m[39m+    54[0m:[39m[48;2;24;38;30m [38;2;192;197;206m    [38;2;180;142;173mlet[38;2;192;197;206m dst [38;2;192;197;206m=[38;2;192;197;206m [38;2;150;181;180maddr_as_bytes_mut[38;2;192;197;206m([38;2;192;197;206mout[38;2;192;197;206m)[38;2;192;197;206m;[K
[0m[48;2;40;67;43m[39m+    55[0m:[39m[48;2;24;38;30m [38;2;192;197;206m    dst[38;2;192;197;206m[[38;2;192;197;206m..[38;2;208;135;112mSPX_OFFSET_TREE[38;2;192;197;206m [38;2;192;197;206m+[38;2;192;197;206m [38;2;208;135;112m8[38;2;192;197;206m][38;2;192;197;206m.[38;2;150;181;180mcopy_from_slice[38;2;192;197;206m([38;2;192;197;206m&[38;2;192;197;206msrc[38;2;192;197;206m[[38;2;192;197;206m..[38;2;208;135;112mSPX_OFFSET_TREE[38;2;192;197;206m [38;2;192;197;206m+[38;2;192;197;206m [38;2;208;135;112m8[38;2;192;197;206m][38;2;192;197;206m)[38;2;192;197;206m;[K
[0m[48;2;40;67;43m[39m+    56[0m:[39m[48;2;24;38;30m [38;2;192;197;206m}[K
[0m[48;2;40;67;43m[39m+    57[0m:[39m[48;2;24;38;30m [K
[0m[48;2;40;67;43m[39m+    58[0m:[39m[48;2;24;38;30m [38;2;180;142;173mpub[38;2;192;197;206m [38;2;180;142;173mfn[38;2;192;197;206m [38;2;143;161;179mset_keypair_addr[38;2;192;197;206m([38;2;191;97;106maddr[38;2;192;197;206m:[38;2;192;197;206m [38;2;192;197;206m&[38;2;180;142;173mmut[38;2;192;197;206m [[38;2;180;142;173mu32[38;2;192;197;206m; 8], [38;2;191;97;106mkeypair[38;2;192;197;206m:[38;2;192;197;206m [38;2;180;142;173mu32[38;2;192;197;206m)[38;2;192;197;206m [38;2;192;197;206m{[K
[0m[48;2;40;67;43m[39m+    59[0m:[39m[48;2;24;38;30m [38;2;192;197;206m    [38;2;180;142;173mlet[38;2;192;197;206m bytes [38;2;192;197;206m=[38;2;192;197;206m [38;2;150;181;180maddr_as_bytes_mut[38;2;192;197;206m([38;2;192;197;206maddr[38;2;192;197;206m)[38;2;192;197;206m;[K
[0m[48;2;40;67;43m[39m+    60[0m:[39m[48;2;24;38;30m [38;2;192;197;206m    [38;2;150;181;180mu32_to_bytes[38;2;192;197;206m([38;2;192;197;206m&[38;2;180;142;173mmut[38;2;192;197;206m bytes[38;2;192;197;206m[[38;2;208;135;112mSPX_OFFSET_KP_ADDR[38;2;192;197;206m..[38;2;192;197;206m][38;2;192;197;206m,[38;2;192;197;206m keypair[38;2;192;197;206m)[38;2;192;197;206m;[K
[0m[48;2;40;67;43m[39m+    61[0m:[39m[48;2;24;38;30m [38;2;192;197;206m}[K
[0m[48;2;40;67;43m[39m+    62[0m:[39m[48;2;24;38;30m [K
[0m[48;2;40;67;43m[39m+    63[0m:[39m[48;2;24;38;30m [38;2;180;142;173mpub[38;2;192;197;206m [38;2;180;142;173mfn[38;2;192;197;206m [38;2;143;161;179mcopy_keypair_addr[38;2;192;197;206m([38;2;191;97;106mout[38;2;192;197;206m:[38;2;192;197;206m [38;2;192;197;206m&[38;2;180;142;173mmut[38;2;192;197;206m [[38;2;180;142;173mu32[38;2;192;197;206m; 8], [38;2;191;97;106minput[38;2;192;197;206m:[38;2;192;197;206m [38;2;192;197;206m&[38;2;192;197;206m[[38;2;180;142;173mu32[38;2;192;197;206m; 8][38;2;192;197;206m)[38;2;192;197;206m [38;2;192;197;206m{[K
[0m[48;2;40;67;43m[39m+    64[0m:[39m[48;2;24;38;30m [38;2;192;197;206m    [38;2;180;142;173mlet[38;2;192;197;206m src [38;2;192;197;206m=[38;2;192;197;206m [38;2;150;181;180maddr_as_bytes[38;2;192;197;206m([38;2;192;197;206minput[38;2;192;197;206m)[38;2;192;197;206m;[K
[0m[48;2;40;67;43m[39m+    65[0m:[39m[48;2;24;38;30m [38;2;192;197;206m    [38;2;180;142;173mlet[38;2;192;197;206m dst [38;2;192;197;206m=[38;2;192;197;206m [38;2;150;181;180maddr_as_bytes_mut[38;2;192;197;206m([38;2;192;197;206mout[38;2;192;197;206m)[38;2;192;197;206m;[K
[0m[48;2;40;67;43m[39m+    66[0m:[39m[48;2;24;38;30m [38;2;192;197;206m    dst[38;2;192;197;206m[[38;2;192;197;206m..[38;2;208;135;112mSPX_OFFSET_TREE[38;2;192;197;206m [38;2;192;197;206m+[38;2;192;197;206m [38;2;208;135;112m8[38;2;192;197;206m][38;2;192;197;206m.[38;2;150;181;180mcopy_from_slice[38;2;192;197;206m([38;2;192;197;206m&[38;2;192;197;206msrc[38;2;192;197;206m[[38;2;192;197;206m..[38;2;208;135;112mSPX_OFFSET_TREE[38;2;192;197;206m [38;2;192;197;206m+[38;2;192;197;206m [38;2;208;135;112m8[38;2;192;197;206m][38;2;192;197;206m)[38;2;192;197;206m;[K
[0m[48;2;40;67;43m[39m+    67[0m:[39m[48;2;24;38;30m [38;2;192;197;206m    dst[38;2;192;197;206m[[38;2;208;135;112mSPX_OFFSET_KP_ADDR[38;2;192;197;206m..[38;2;208;135;112mSPX_OFFSET_KP_ADDR[38;2;192;197;206m [38;2;192;197;206m+[38;2;192;197;206m [38;2;208;135;112m4[38;2;192;197;206m][K
[0m[48;2;40;67;43m[39m+    68[0m:[39m[48;2;24;38;30m [38;2;192;197;206m        .[38;2;150;181;180mcopy_from_slice[38;2;192;197;206m([38;2;192;197;206m&[38;2;192;197;206msrc[38;2;192;197;206m[[38;2;208;135;112mSPX_OFFSET_KP_ADDR[38;2;192;197;206m..[38;2;208;135;112mSPX_OFFSET_KP_ADDR[38;2;192;197;206m [38;2;192;197;206m+[38;2;192;197;206m [38;2;208;135;112m4[38;2;192;197;206m][38;2;192;197;206m)[38;2;192;197;206m;[K
[0m[48;2;40;67;43m[39m+    69[0m:[39m[48;2;24;38;30m [38;2;192;197;206m}[K
[0m[48;2;40;67;43m[39m+    70[0m:[39m[48;2;24;38;30m [K
[0m[48;2;40;67;43m[39m+    71[0m:[39m[48;2;24;38;30m [38;2;180;142;173mpub[38;2;192;197;206m [38;2;180;142;173mfn[38;2;192;197;206m [38;2;143;161;179mset_chain_addr[38;2;192;197;206m([38;2;191;97;106maddr[38;2;192;197;206m:[38;2;192;197;206m [38;2;192;197;206m&[38;2;180;142;173mmut[38;2;192;197;206m [[38;2;180;142;173mu32[38;2;192;197;206m; 8], [38;2;191;97;106mchain[38;2;192;197;206m:[38;2;192;197;206m [38;2;180;142;173mu32[38;2;192;197;206m)[38;2;192;197;206m [38;2;192;197;206m{[K
[0m[48;2;40;67;43m[39m+    72[0m:[39m[48;2;24;38;30m [38;2;192;197;206m    [38;2;150;181;180maddr_as_bytes_mut[38;2;192;197;206m([38;2;192;197;206maddr[38;2;192;197;206m)[38;2;192;197;206m[[38;2;208;135;112mSPX_OFFSET_CHAIN_ADDR[38;2;192;197;206m][38;2;192;197;206m [38;2;192;197;206m=[38;2;192;197;206m chain [38;2;192;197;206mas[38;2;192;197;206m [38;2;180;142;173mu8[38;2;192;197;206m;[K
[0m[48;2;40;67;43m[39m+    73[0m:[39m[48;2;24;38;30m [38;2;192;197;206m}[K
[0m[48;2;40;67;43m[39m+    74[0m:[39m[48;2;24;38;30m [K
[0m[48;2;40;67;43m[39m+    75[0m:[39m[48;2;24;38;30m [38;2;180;142;173mpub[38;2;192;197;206m [38;2;180;142;173mfn[38;2;192;197;206m [38;2;143;161;179mset_hash_addr[38;2;192;197;206m([38;2;191;97;106maddr[38;2;192;197;206m:[38;2;192;197;206m [38;2;192;197;206m&[38;2;180;142;173mmut[38;2;192;197;206m [[38;2;180;142;173mu32[38;2;192;197;206m; 8], [38;2;191;97;106mhash[38;2;192;197;206m:[38;2;192;197;206m [38;2;180;142;173mu32[38;2;192;197;206m)[38;2;192;197;206m [38;2;192;197;206m{[K
[0m[48;2;40;67;43m[39m+    76[0m:[39m[48;2;24;38;30m [38;2;192;197;206m    [38;2;150;181;180maddr_as_bytes_mut[38;2;192;197;206m([38;2;192;197;206maddr[38;2;192;197;206m)[38;2;192;197;206m[[38;2;208;135;112mSPX_OFFSET_HASH_ADDR[38;2;192;197;206m][38;2;192;197;206m [38;2;192;197;206m=[38;2;192;197;206m hash [38;2;192;197;206mas[38;2;192;197;206m [38;2;180;142;173mu8[38;2;192;197;206m;[K
[0m[48;2;40;67;43m[39m+    77[0m:[39m[48;2;24;38;30m [38;2;192;197;206m}[K
[0m[48;2;40;67;43m[39m+    78[0m:[39m[48;2;24;38;30m [K
[0m[48;2;40;67;43m[39m+    79[0m:[39m[48;2;24;38;30m [38;2;180;142;173mpub[38;2;192;197;206m [38;2;180;142;173mfn[38;2;192;197;206m [38;2;143;161;179mset_tree_height[38;2;192;197;206m([38;2;191;97;106maddr[38;2;192;197;206m:[38;2;192;197;206m [38;2;192;197;206m&[38;2;180;142;173mmut[38;2;192;197;206m [[38;2;180;142;173mu32[38;2;192;197;206m; 8], [38;2;191;97;106mtree_height[38;2;192;197;206m:[38;2;192;197;206m [38;2;180;142;173mu32[38;2;192;197;206m)[38;2;192;197;206m [38;2;192;197;206m{[K
[0m[48;2;40;67;43m[39m+    80[0m:[39m[48;2;24;38;30m [38;2;192;197;206m    [38;2;150;181;180maddr_as_bytes_mut[38;2;192;197;206m([38;2;192;197;206maddr[38;2;192;197;206m)[38;2;192;197;206m[[38;2;208;135;112mSPX_OFFSET_TREE_HGT[38;2;192;197;206m][38;2;192;197;206m [38;2;192;197;206m=[38;2;192;197;206m tree_height [38;2;192;197;206mas[38;2;192;197;206m [38;2;180;142;173mu8[38;2;192;197;206m;[K
[0m[48;2;40;67;43m[39m+    81[0m:[39m[48;2;24;38;30m [38;2;192;197;206m}[K
[0m[48;2;40;67;43m[39m+    82[0m:[39m[48;2;24;38;30m [K
[0m[48;2;40;67;43m[39m+    83[0m:[39m[48;2;24;38;30m [38;2;180;142;173mpub[38;2;192;197;206m [38;2;180;142;173mfn[38;2;192;197;206m [38;2;143;161;179mset_tree_index[38;2;192;197;206m([38;2;191;97;106maddr[38;2;192;197;206m:[38;2;192;197;206m [38;2;192;197;206m&[38;2;180;142;173mmut[38;2;192;197;206m [[38;2;180;142;173mu32[38;2;192;197;206m; 8], [38;2;191;97;106mtree_index[38;2;192;197;206m:[38;2;192;197;206m [38;2;180;142;173mu32[38;2;192;197;206m)[38;2;192;197;206m [38;2;192;197;206m{[K
[0m[48;2;40;67;43m[39m+    84[0m:[39m[48;2;24;38;30m [38;2;192;197;206m    [38;2;180;142;173mlet[38;2;192;197;206m bytes [38;2;192;197;206m=[38;2;192;197;206m [38;2;150;181;180maddr_as_bytes_mut[38;2;192;197;206m([38;2;192;197;206maddr[38;2;192;197;206m)[38;2;192;197;206m;[K
[0m[48;2;40;67;43m[39m+    85[0m:[39m[48;2;24;38;30m [38;2;192;197;206m    [38;2;150;181;180mu32_to_bytes[38;2;192;197;206m([38;2;192;197;206m&[38;2;180;142;173mmut[38;2;192;197;206m bytes[38;2;192;197;206m[[38;2;208;135;112mSPX_OFFSET_TREE_INDEX[38;2;192;197;206m..[38;2;192;197;206m][38;2;192;197;206m,[38;2;192;197;206m tree_index[38;2;192;197;206m)[38;2;192;197;206m;[K
[0m[48;2;40;67;43m[39m+    86[0m:[39m[48;2;24;38;30m [38;2;192;197;206m}[K
[0m[K
Creating: [38;5;141m/local/home/scheschb/reserach/TRACTOR/harvest-agentic/results/P01_sphincs_plus/103_sha2_128f_s_gen_message_random_lib/translated_rust/src/address.rs[0m
[38;5;244m - Completed in 0.39s[0m
[38;5;12m[1m [1.4][0m[0m
[?25l[0m[?25l[38;5;141m> [0mLet me split the SHA2 implementation into smaller pieces:[0m[0m
[?25l[38;5;141m> [0mThe SHA2 implementation is very large. Let me write it in parts using append:[0m[0m
[?25l[38;5;141m> [0mLet me use bash to write the file:[0m[0m
[?25l[0m[0mI will run the following command: [38;5;141mcat > /local/home/scheschb/reserach/TRACTOR/harvest-agentic/results/P01_sphincs_plus/103_sha2_128f_s_gen_message_random_lib/translated_rust/src/sha2.rs << 'RUSTEOF'
use crate::params::*;
use crate::address::{u32_to_bytes, ull_to_bytes};
use crate::context::SpxCtx;

fn load_bigendian_32(x: &[u8]) -> u32 {
    (x[3] as u32) | ((x[2] as u32) << 8) | ((x[1] as u32) << 16) | ((x[0] as u32) << 24)
}

fn load_bigendian_64(x: &[u8]) -> u64 {
    (x[7] as u64) | ((x[6] as u64) << 8) | ((x[5] as u64) << 16) | ((x[4] as u64) << 24)
        | ((x[3] as u64) << 32) | ((x[2] as u64) << 40) | ((x[1] as u64) << 48) | ((x[0] as u64) << 56)
}

fn store_bigendian_32(x: &mut [u8], mut u: u32) {
    x[3] = u as u8; u >>= 8;
    x[2] = u as u8; u >>= 8;
    x[1] = u as u8; u >>= 8;
    x[0] = u as u8;
}

fn store_bigendian_64(x: &mut [u8], mut u: u64) {
    x[7] = u as u8; u >>= 8;
    x[6] = u as u8; u >>= 8;
    x[5] = u as u8; u >>= 8;
    x[4] = u as u8; u >>= 8;
    x[3] = u as u8; u >>= 8;
    x[2] = u as u8; u >>= 8;
    x[1] = u as u8; u >>= 8;
    x[0] = u as u8;
}

fn rotr32(x: u32, c: u32) -> u32 { x.rotate_right(c) }
fn rotr64(x: u64, c: u32) -> u64 { x.rotate_right(c) }

fn ch32(x: u32, y: u32, z: u32) -> u32 { (x & y) ^ (!x & z) }
fn maj32(x: u32, y: u32, z: u32) -> u32 { (x & y) ^ (x & z) ^ (y & z) }
fn sigma0_32(x: u32) -> u32 { rotr32(x, 2) ^ rotr32(x, 13) ^ rotr32(x, 22) }
fn sigma1_32(x: u32) -> u32 { rotr32(x, 6) ^ rotr32(x, 11) ^ rotr32(x, 25) }
fn lsigma0_32(x: u32) -> u32 { rotr32(x, 7) ^ rotr32(x, 18) ^ (x >> 3) }
fn lsigma1_32(x: u32) -> u32 { rotr32(x, 17) ^ rotr32(x, 19) ^ (x >> 10) }

fn ch64(x: u64, y: u64, z: u64) -> u64 { (x & y) ^ (!x & z) }
fn maj64(x: u64, y: u64, z: u64) -> u64 { (x & y) ^ (x & z) ^ (y & z) }
fn sigma0_64(x: u64) -> u64 { rotr64(x, 28) ^ rotr64(x, 34) ^ rotr64(x, 39) }
fn sigma1_64(x: u64) -> u64 { rotr64(x, 14) ^ rotr64(x, 18) ^ rotr64(x, 41) }
fn lsigma0_64(x: u64) -> u64 { rotr64(x, 1) ^ rotr64(x, 8) ^ (x >> 7) }
fn lsigma1_64(x: u64) -> u64 { rotr64(x, 19) ^ rotr64(x, 61) ^ (x >> 6) }

const K256: [u32; 64] = [
    0x428a2f98, 0x71374491, 0xb5c0fbcf, 0xe9b5dba5, 0x3956c25b, 0x59f111f1, 0x923f82a4, 0xab1c5ed5,
    0xd807aa98, 0x12835b01, 0x243185be, 0x550c7dc3, 0x72be5d74, 0x80deb1fe, 0x9bdc06a7, 0xc19bf174,
    0xe49b69c1, 0xefbe4786, 0x0fc19dc6, 0x240ca1cc, 0x2de92c6f, 0x4a7484aa, 0x5cb0a9dc, 0x76f988da,
    0x983e5152, 0xa831c66d, 0xb00327c8, 0xbf597fc7, 0xc6e00bf3, 0xd5a79147, 0x06ca6351, 0x14292967,
    0x27b70a85, 0x2e1b2138, 0x4d2c6dfc, 0x53380d13, 0x650a7354, 0x766a0abb, 0x81c2c92e, 0x92722c85,
    0xa2bfe8a1, 0xa81a664b, 0xc24b8b70, 0xc76c51a3, 0xd192e819, 0xd6990624, 0xf40e3585, 0x106aa070,
    0x19a4c116, 0x1e376c08, 0x2748774c, 0x34b0bcb5, 0x391c0cb3, 0x4ed8aa4a, 0x5b9cca4f, 0x682e6ff3,
    0x748f82ee, 0x78a5636f, 0x84c87814, 0x8cc70208, 0x90befffa, 0xa4506ceb, 0xbef9a3f7, 0xc67178f2,
];

const K512: [u64; 80] = [
    0x428a2f98d728ae22, 0x7137449123ef65cd, 0xb5c0fbcfec4d3b2f, 0xe9b5dba58189dbbc,
    0x3956c25bf348b538, 0x59f111f1b605d019, 0x923f82a4af194f9b, 0xab1c5ed5da6d8118,
    0xd807aa98a3030242, 0x12835b0145706fbe, 0x243185be4ee4b28c, 0x550c7dc3d5ffb4e2,
    0x72be5d74f27b896f, 0x80deb1fe3b1696b1, 0x9bdc06a725c71235, 0xc19bf174cf692694,
    0xe49b69c19ef14ad2, 0xefbe4786384f25e3, 0x0fc19dc68b8cd5b5, 0x240ca1cc77ac9c65,
    0x2de92c6f592b0275, 0x4a7484aa6ea6e483, 0x5cb0a9dcbd41fbd4, 0x76f988da831153b5,
    0x983e5152ee66dfab, 0xa831c66d2db43210, 0xb00327c898fb213f, 0xbf597fc7beef0ee4,
    0xc6e00bf33da88fc2, 0xd5a79147930aa725, 0x06ca6351e003826f, 0x142929670a0e6e70,
    0x27b70a8546d22ffc, 0x2e1b21385c26c926, 0x4d2c6dfc5ac42aed, 0x53380d139d95b3df,
    0x650a73548baf63de, 0x766a0abb3c77b2a8, 0x81c2c92e47edaee6, 0x92722c851482353b,
    0xa2bfe8a14cf10364, 0xa81a664bbc423001, 0xc24b8b70d0f89791, 0xc76c51a30654be30,
    0xd192e819d6ef5218, 0xd69906245565a910, 0xf40e35855771202a, 0x106aa07032bbd1b8,
    0x19a4c116b8d2d0c8, 0x1e376c085141ab53, 0x2748774cdf8eeb99, 0x34b0bcb5e19b48a8,
    0x391c0cb3c5c95a63, 0x4ed8aa4ae3418acb, 0x5b9cca4f7763e373, 0x682e6ff3d6b2b8a3,
    0x748f82ee5defb2fc, 0x78a5636f43172f60, 0x84c87814a1f0ab72, 0x8cc702081a6439ec,
    0x90befffa23631e28, 0xa4506cebde82bde9, 0xbef9a3f7b2c67915, 0xc67178f2e372532b,
    0xca273eceea26619c, 0xd186b8c721c0c207, 0xeada7dd6cde0eb1e, 0xf57d4f7fee6ed178,
    0x06f067aa72176fba, 0x0a637dc5a2c898a6, 0x113f9804bef90dae, 0x1b710b35131c471b,
    0x28db77f523047d84, 0x32caab7b40c72493, 0x3c9ebe0a15c9bebc, 0x431d67c49c100d4c,
    0x4cc5d4becb3e42b6, 0x597f299cfc657e2a, 0x5fcb6fab3ad6faec, 0x6c44198c4a475817,
];

static IV_256: [u8; 32] = [
    0x6a, 0x09, 0xe6, 0x67, 0xbb, 0x67, 0xae, 0x85,
    0x3c, 0x6e, 0xf3, 0x72, 0xa5, 0x4f, 0xf5, 0x3a,
    0x51, 0x0e, 0x52, 0x7f, 0x9b, 0x05, 0x68, 0x8c,
    0x1f, 0x83, 0xd9, 0xab, 0x5b, 0xe0, 0xcd, 0x19,
];

static IV_512: [u8; 64] = [
    0x6a, 0x09, 0xe6, 0x67, 0xf3, 0xbc, 0xc9, 0x08, 0xbb, 0x67, 0xae,
    0x85, 0x84, 0xca, 0xa7, 0x3b, 0x3c, 0x6e, 0xf3, 0x72, 0xfe, 0x94,
    0xf8, 0x2b, 0xa5, 0x4f, 0xf5, 0x3a, 0x5f, 0x1d, 0x36, 0xf1, 0x51,
    0x0e, 0x52, 0x7f, 0xad, 0xe6, 0x82, 0xd1, 0x9b, 0x05, 0x68, 0x8c,
    0x2b, 0x3e, 0x6c, 0x1f, 0x1f, 0x83, 0xd9, 0xab, 0xfb, 0x41, 0xbd,
    0x6b, 0x5b, 0xe0, 0xcd, 0x19, 0x13, 0x7e, 0x21, 0x79,
];

fn crypto_hashblocks_sha256(statebytes: &mut [u8], data: &[u8], mut inlen: usize) -> usize {
    let mut state = [0u32; 8];
    for i in 0..8 {
        state[i] = load_bigendian_32(&statebytes[4 * i..]);
    }
    let (mut a, mut b, mut c, mut d, mut e, mut f, mut g, mut h) =
        (state[0], state[1], state[2], state[3], state[4], state[5], state[6], state[7]);

    let mut offset = 0usize;
    while inlen >= 64 {
        let inp = &data[offset..];
        let mut w = [0u32; 16];
        for i in 0..16 {
            w[i] = load_bigendian_32(&inp[4 * i..]);
        }

        for round in 0..4 {
            for i in 0..16 {
                let t1 = h.wrapping_add(sigma1_32(e)).wrapping_add(ch32(e, f, g)).wrapping_add(K256[round * 16 + i]).wrapping_add(w[i]);
                let t2 = sigma0_32(a).wrapping_add(maj32(a, b, c));
                h = g; g = f; f = e; e = d.wrapping_add(t1); d = c; c = b; b = a; a = t1.wrapping_add(t2);
            }
            if round < 3 {
                // EXPAND
                for i in 0..16 {
                    w[i] = w[i].wrapping_add(lsigma1_32(w[(i + 14) % 16])).wrapping_add(w[(i + 9) % 16]).wrapping_add(lsigma0_32(w[(i + 1) % 16]));
                }
            }
        }

        a = a.wrapping_add(state[0]); b = b.wrapping_add(state[1]);
        c = c.wrapping_add(state[2]); d = d.wrapping_add(state[3]);
        e = e.wrapping_add(state[4]); f = f.wrapping_add(state[5]);
        g = g.wrapping_add(state[6]); h = h.wrapping_add(state[7]);
        state = [a, b, c, d, e, f, g, h];

        offset += 64;
        inlen -= 64;
    }

    for i in 0..8 {
        store_bigendian_32(&mut statebytes[4 * i..], state[i]);
    }
    inlen
}

fn crypto_hashblocks_sha512(statebytes: &mut [u8], data: &[u8], mut inlen: usize) -> usize {
    let mut state = [0u64; 8];
    for i in 0..8 {
        state[i] = load_bigendian_64(&statebytes[8 * i..]);
    }
    let (mut a, mut b, mut c, mut d, mut e, mut f, mut g, mut h) =
        (state[0], state[1], state[2], state[3], state[4], state[5], state[6], state[7]);

    let mut offset = 0usize;
    while inlen >= 128 {
        let inp = &data[offset..];
        let mut w = [0u64; 16];
        for i in 0..16 {
            w[i] = load_bigendian_64(&inp[8 * i..]);
        }

        for round in 0..5 {
            for i in 0..16 {
                let t1 = h.wrapping_add(sigma1_64(e)).wrapping_add(ch64(e, f, g)).wrapping_add(K512[round * 16 + i]).wrapping_add(w[i]);
                let t2 = sigma0_64(a).wrapping_add(maj64(a, b, c));
                h = g; g = f; f = e; e = d.wrapping_add(t1); d = c; c = b; b = a; a = t1.wrapping_add(t2);
            }
            if round < 4 {
                for i in 0..16 {
                    w[i] = w[i].wrapping_add(lsigma1_64(w[(i + 14) % 16])).wrapping_add(w[(i + 9) % 16]).wrapping_add(lsigma0_64(w[(i + 1) % 16]));
                }
            }
        }

        a = a.wrapping_add(state[0]); b = b.wrapping_add(state[1]);
        c = c.wrapping_add(state[2]); d = d.wrapping_add(state[3]);
        e = e.wrapping_add(state[4]); f = f.wrapping_add(state[5]);
        g = g.wrapping_add(state[6]); h = h.wrapping_add(state[7]);
        state = [a, b, c, d, e, f, g, h];

        offset += 128;
        inlen -= 128;
    }

    for i in 0..8 {
        store_bigendian_64(&mut statebytes[8 * i..], state[i]);
    }
    inlen
}

pub fn sha256_inc_init(state: &mut [u8]) {
    state[..32].copy_from_slice(&IV_256);
    for i in 32..40 { state[i] = 0; }
}

pub fn sha512_inc_init(state: &mut [u8]) {
    state[..64].copy_from_slice(&IV_512);
    for i in 64..72 { state[i] = 0; }
}

pub fn sha256_inc_blocks(state: &mut [u8], data: &[u8], inblocks: usize) {
    let bytes = load_bigendian_64(&state[32..]);
    crypto_hashblocks_sha256(state, data, 64 * inblocks);
    let bytes = bytes + (64 * inblocks) as u64;
    store_bigendian_64(&mut state[32..], bytes);
}

pub fn sha512_inc_blocks(state: &mut [u8], data: &[u8], inblocks: usize) {
    let bytes = load_bigendian_64(&state[64..]);
    crypto_hashblocks_sha512(state, data, 128 * inblocks);
    let bytes = bytes + (128 * inblocks) as u64;
    store_bigendian_64(&mut state[64..], bytes);
}

pub fn sha256_inc_finalize(out: &mut [u8], state: &mut [u8], data: &[u8], inlen: usize) {
    let mut padded = [0u8; 128];
    let bytes = load_bigendian_64(&state[32..]) + inlen as u64;

    crypto_hashblocks_sha256(state, data, inlen);
    let remaining = inlen & 63;
    let start = inlen - remaining;

    padded[..remaining].copy_from_slice(&data[start..start + remaining]);
    padded[remaining] = 0x80;

    if remaining < 56 {
        for i in remaining + 1..56 { padded[i] = 0; }
        padded[56] = (bytes >> 53) as u8;
        padded[57] = (bytes >> 45) as u8;
        padded[58] = (bytes >> 37) as u8;
        padded[59] = (bytes >> 29) as u8;
        padded[60] = (bytes >> 21) as u8;
        padded[61] = (bytes >> 13) as u8;
        padded[62] = (bytes >> 5) as u8;
        padded[63] = (bytes << 3) as u8;
        crypto_hashblocks_sha256(state, &padded, 64);
    } else {
        for i in remaining + 1..120 { padded[i] = 0; }
        padded[120] = (bytes >> 53) as u8;
        padded[121] = (bytes >> 45) as u8;
        padded[122] = (bytes >> 37) as u8;
        padded[123] = (bytes >> 29) as u8;
        padded[124] = (bytes >> 21) as u8;
        padded[125] = (bytes >> 13) as u8;
        padded[126] = (bytes >> 5) as u8;
        padded[127] = (bytes << 3) as u8;
        crypto_hashblocks_sha256(state, &padded, 128);
    }

    out[..32].copy_from_slice(&state[..32]);
}

pub fn sha512_inc_finalize(out: &mut [u8], state: &mut [u8], data: &[u8], inlen: usize) {
    let mut padded = [0u8; 256];
    let bytes = load_bigendian_64(&state[64..]) + inlen as u64;

    crypto_hashblocks_sha512(state, data, inlen);
    let remaining = inlen & 127;
    let start = inlen - remaining;

    padded[..remaining].copy_from_slice(&data[start..start + remaining]);
    padded[remaining] = 0x80;

    if remaining < 112 {
        for i in remaining + 1..119 { padded[i] = 0; }
        padded[119] = (bytes >> 61) as u8;
        padded[120] = (bytes >> 53) as u8;
        padded[121] = (bytes >> 45) as u8;
        padded[122] = (bytes >> 37) as u8;
        padded[123] = (bytes >> 29) as u8;
        padded[124] = (bytes >> 21) as u8;
        padded[125] = (bytes >> 13) as u8;
        padded[126] = (bytes >> 5) as u8;
        padded[127] = (bytes << 3) as u8;
        crypto_hashblocks_sha512(state, &padded, 128);
    } else {
        for i in remaining + 1..247 { padded[i] = 0; }
        padded[247] = (bytes >> 61) as u8;
        padded[248] = (bytes >> 53) as u8;
        padded[249] = (bytes >> 45) as u8;
        padded[250] = (bytes >> 37) as u8;
        padded[251] = (bytes >> 29) as u8;
        padded[252] = (bytes >> 21) as u8;
        padded[253] = (bytes >> 13) as u8;
        padded[254] = (bytes >> 5) as u8;
        padded[255] = (bytes << 3) as u8;
        crypto_hashblocks_sha512(state, &padded, 256);
    }

    out[..64].copy_from_slice(&state[..64]);
}

pub fn sha256(out: &mut [u8], data: &[u8], inlen: usize) {
    let mut state = [0u8; 40];
    sha256_inc_init(&mut state);
    sha256_inc_finalize(out, &mut state, data, inlen);
}

pub fn sha512(out: &mut [u8], data: &[u8], inlen: usize) {
    let mut state = [0u8; 72];
    sha512_inc_init(&mut state);
    sha512_inc_finalize(out, &mut state, data, inlen);
}

pub fn mgf1_256(out: &mut [u8], outlen: usize, input: &[u8], inlen: usize) {
    let mut inbuf = vec![0u8; inlen + 4];
    inbuf[..inlen].copy_from_slice(&input[..inlen]);
    let mut outbuf = [0u8; SPX_SHA256_OUTPUT_BYTES];
    let mut i: usize = 0;

    while (i + 1) * SPX_SHA256_OUTPUT_BYTES <= outlen {
        u32_to_bytes(&mut inbuf[inlen..], i as u32);
        sha256(&mut out[i * SPX_SHA256_OUTPUT_BYTES..], &inbuf, inlen + 4);
        i += 1;
    }
    if outlen > i * SPX_SHA256_OUTPUT_BYTES {
        u32_to_bytes(&mut inbuf[inlen..], i as u32);
        sha256(&mut outbuf, &inbuf, inlen + 4);
        out[i * SPX_SHA256_OUTPUT_BYTES..outlen]
            .copy_from_slice(&outbuf[..outlen - i * SPX_SHA256_OUTPUT_BYTES]);
    }
}

pub fn mgf1_512(out: &mut [u8], outlen: usize, input: &[u8], inlen: usize) {
    let mut inbuf = vec![0u8; inlen + 4];
    inbuf[..inlen].copy_from_slice(&input[..inlen]);
    let mut outbuf = [0u8; SPX_SHA512_OUTPUT_BYTES];
    let mut i: usize = 0;

    while (i + 1) * SPX_SHA512_OUTPUT_BYTES <= outlen {
        u32_to_bytes(&mut inbuf[inlen..], i as u32);
        sha512(&mut out[i * SPX_SHA512_OUTPUT_BYTES..], &inbuf, inlen + 4);
        i += 1;
    }
    if outlen > i * SPX_SHA512_OUTPUT_BYTES {
        u32_to_bytes(&mut inbuf[inlen..], i as u32);
        sha512(&mut outbuf, &inbuf, inlen + 4);
        out[i * SPX_SHA512_OUTPUT_BYTES..outlen]
            .copy_from_slice(&outbuf[..outlen - i * SPX_SHA512_OUTPUT_BYTES]);
    }
}

pub fn seed_state(ctx: &mut SpxCtx) {
    let mut block = [0u8; SPX_SHA512_BLOCK_BYTES];
    block[..SPX_N].copy_from_slice(&ctx.pub_seed);
    // rest is already zero

    sha256_inc_init(&mut ctx.state_seeded);
    sha256_inc_blocks(&mut ctx.state_seeded, &block, 1);
}
RUSTEOF
echo "sha2.rs written"[0m[38;5;244m (using tool: shell)[0m
Purpose: Write sha2.rs module

sha2.rs written
[38;5;244m - Completed in 0.45s[0m
[38;5;12m[1m [1.5][0m[0m
[?25l[0m[?25l[0m[0mI will run the following command: [38;5;141mcat > /local/home/scheschb/reserach/TRACTOR/harvest-agentic/results/P01_sphincs_plus/103_sha2_128f_s_gen_message_random_lib/translated_rust/src/hash.rs << 'RUSTEOF'
use crate::params::*;
use crate::context::SpxCtx;
use crate::address::{bytes_to_ull, u32_to_bytes};
use crate::sha2::*;

pub fn initialize_hash_function(ctx: &mut SpxCtx) {
    seed_state(ctx);
}

pub fn prf_addr(out: &mut [u8], ctx: &SpxCtx, addr: &[u32; 8]) {
    let mut sha2_state = [0u8; 40];
    let mut buf = [0u8; SPX_SHA256_ADDR_BYTES + SPX_N];
    let mut outbuf = [0u8; SPX_SHA256_OUTPUT_BYTES];

    sha2_state.copy_from_slice(&ctx.state_seeded);

    let addr_bytes = unsafe { &*(addr as *const [u32; 8] as *const [u8; 32]) };
    buf[..SPX_SHA256_ADDR_BYTES].copy_from_slice(&addr_bytes[..SPX_SHA256_ADDR_BYTES]);
    buf[SPX_SHA256_ADDR_BYTES..SPX_SHA256_ADDR_BYTES + SPX_N].copy_from_slice(&ctx.sk_seed);

    sha256_inc_finalize(&mut outbuf, &mut sha2_state, &buf, SPX_SHA256_ADDR_BYTES + SPX_N);
    out[..SPX_N].copy_from_slice(&outbuf[..SPX_N]);
}

// Since SPX_N=16 < 24, shaX = sha256, SPX_SHAX_* = SPX_SHA256_*
pub fn gen_message_random(r: &mut [u8], sk_prf: &[u8], optrand: &[u8],
                          m: &[u8], mlen: u64, _ctx: &SpxCtx) {
    let mut buf = [0u8; SPX_SHAX_BLOCK_BYTES + SPX_SHAX_OUTPUT_BYTES];
    let mut state = [0u8; 8 + SPX_SHAX_OUTPUT_BYTES];

    // HMAC inner: ipad XOR key
    for i in 0..SPX_N {
        buf[i] = 0x36 ^ sk_prf[i];
    }
    for i in SPX_N..SPX_SHAX_BLOCK_BYTES {
        buf[i] = 0x36;
    }

    sha256_inc_init(&mut state);
    sha256_inc_blocks(&mut state, &buf, 1);

    buf[..SPX_N].copy_from_slice(&optrand[..SPX_N]);

    let mlen = mlen as usize;
    if SPX_N + mlen < SPX_SHAX_BLOCK_BYTES {
        buf[SPX_N..SPX_N + mlen].copy_from_slice(&m[..mlen]);
        sha256_inc_finalize(&mut buf[SPX_SHAX_BLOCK_BYTES..], &mut state, &buf[..SPX_N + mlen], mlen + SPX_N);
    } else {
        buf[SPX_N..SPX_SHAX_BLOCK_BYTES].copy_from_slice(&m[..SPX_SHAX_BLOCK_BYTES - SPX_N]);
        sha256_inc_blocks(&mut state, &buf, 1);

        let m_rest = &m[SPX_SHAX_BLOCK_BYTES - SPX_N..];
        let mlen_rest = mlen - (SPX_SHAX_BLOCK_BYTES - SPX_N);
        sha256_inc_finalize(&mut buf[SPX_SHAX_BLOCK_BYTES..], &mut state, m_rest, mlen_rest);
    }

    // HMAC outer: opad XOR key
    for i in 0..SPX_N {
        buf[i] = 0x5c ^ sk_prf[i];
    }
    for i in SPX_N..SPX_SHAX_BLOCK_BYTES {
        buf[i] = 0x5c;
    }

    sha256(&mut buf[..SPX_SHA256_OUTPUT_BYTES], &buf, SPX_SHAX_BLOCK_BYTES + SPX_SHAX_OUTPUT_BYTES);
    r[..SPX_N].copy_from_slice(&buf[..SPX_N]);
}

pub fn hash_message(digest: &mut [u8], tree: &mut u64, leaf_idx: &mut u32,
                    r: &[u8], pk: &[u8], m: &[u8], mlen: u64, _ctx: &SpxCtx) {
    let mlen = mlen as usize;
    let mut seed = [0u8; 2 * SPX_N + SPX_SHAX_OUTPUT_BYTES];
    let mut inbuf = [0u8; SPX_INBLOCKS * SPX_SHAX_BLOCK_BYTES];
    let mut buf = [0u8; SPX_DGST_BYTES];
    let mut state = [0u8; 8 + SPX_SHAX_OUTPUT_BYTES];

    sha256_inc_init(&mut state);

    inbuf[..SPX_N].copy_from_slice(&r[..SPX_N]);
    inbuf[SPX_N..SPX_N + SPX_PK_BYTES].copy_from_slice(&pk[..SPX_PK_BYTES]);

    if SPX_N + SPX_PK_BYTES + mlen < SPX_INBLOCKS * SPX_SHAX_BLOCK_BYTES {
        inbuf[SPX_N + SPX_PK_BYTES..SPX_N + SPX_PK_BYTES + mlen].copy_from_slice(&m[..mlen]);
        sha256_inc_finalize(&mut seed[2 * SPX_N..], &mut state, &inbuf, SPX_N + SPX_PK_BYTES + mlen);
    } else {
        let fill = SPX_INBLOCKS * SPX_SHAX_BLOCK_BYTES - SPX_N - SPX_PK_BYTES;
        inbuf[SPX_N + SPX_PK_BYTES..SPX_INBLOCKS * SPX_SHAX_BLOCK_BYTES].copy_from_slice(&m[..fill]);
        sha256_inc_blocks(&mut state, &inbuf, SPX_INBLOCKS);

        let m_rest = &m[fill..];
        let mlen_rest = mlen - fill;
        sha256_inc_finalize(&mut seed[2 * SPX_N..], &mut state, m_rest, mlen_rest);
    }

    seed[..SPX_N].copy_from_slice(&r[..SPX_N]);
    seed[SPX_N..2 * SPX_N].copy_from_slice(&pk[..SPX_N]);

    mgf1_256(&mut buf, SPX_DGST_BYTES, &seed, 2 * SPX_N + SPX_SHAX_OUTPUT_BYTES);

    digest[..SPX_FORS_MSG_BYTES].copy_from_slice(&buf[..SPX_FORS_MSG_BYTES]);
    let mut bufp = SPX_FORS_MSG_BYTES;

    if SPX_D == 1 {
        *tree = 0;
    } else {
        *tree = bytes_to_ull(&buf[bufp..], SPX_TREE_BYTES);
        *tree &= (!0u64) >> (64 - SPX_TREE_BITS);
    }
    bufp += SPX_TREE_BYTES;

    *leaf_idx = bytes_to_ull(&buf[bufp..], SPX_LEAF_BYTES) as u32;
    *leaf_idx &= (!0u32) >> (32 - SPX_LEAF_BITS);
}
RUSTEOF
echo "hash.rs written"[0m[38;5;244m (using tool: shell)[0m
Purpose: Write hash.rs module

hash.rs written
[38;5;244m - Completed in 0.45s[0m
[38;5;12m[1m [1.6][0m[0m
[?25l[0m[?25l[0m[0mI'll create the following file: [38;5;141m/local/home/scheschb/reserach/TRACTOR/harvest-agentic/results/P01_sphincs_plus/103_sha2_128f_s_gen_message_random_lib/translated_rust/src/thash.rs[0m[38;5;244m (using tool: write)[0m

[48;2;40;67;43m[39m+     1[0m:[39m[48;2;24;38;30m [38;2;180;142;173muse[38;2;192;197;206m [38;2;180;142;173mcrate[38;2;192;197;206m::[38;2;192;197;206mparams[38;2;192;197;206m::[38;2;192;197;206m*[38;2;192;197;206m;[K
[0m[48;2;40;67;43m[39m+     2[0m:[39m[48;2;24;38;30m [38;2;180;142;173muse[38;2;192;197;206m [38;2;180;142;173mcrate[38;2;192;197;206m::[38;2;192;197;206mcontext[38;2;192;197;206m::[38;2;192;197;206mSpxCtx[38;2;192;197;206m;[K
[0m[48;2;40;67;43m[39m+     3[0m:[39m[48;2;24;38;30m [38;2;180;142;173muse[38;2;192;197;206m [38;2;180;142;173mcrate[38;2;192;197;206m::[38;2;192;197;206msha2[38;2;192;197;206m::[38;2;192;197;206msha256_inc_finalize[38;2;192;197;206m;[K
[0m[48;2;40;67;43m[39m+     4[0m:[39m[48;2;24;38;30m [K
[0m[48;2;40;67;43m[39m+     5[0m:[39m[48;2;24;38;30m [38;2;101;115;126m///[38;2;101;115;126m thash - simple SHA2 variant (SPX_SHA512=0, so always SHA-256 path)[K
[0m[48;2;40;67;43m[39m+     6[0m:[39m[48;2;24;38;30m [38;2;180;142;173mpub[38;2;192;197;206m [38;2;180;142;173mfn[38;2;192;197;206m [38;2;143;161;179mthash[38;2;192;197;206m([38;2;191;97;106mout[38;2;192;197;206m:[38;2;192;197;206m [38;2;192;197;206m&[38;2;180;142;173mmut[38;2;192;197;206m [[38;2;180;142;173mu8[38;2;192;197;206m], [38;2;191;97;106minput[38;2;192;197;206m:[38;2;192;197;206m [38;2;192;197;206m&[38;2;192;197;206m[[38;2;180;142;173mu8[38;2;192;197;206m], [38;2;191;97;106minblocks[38;2;192;197;206m:[38;2;192;197;206m [38;2;180;142;173musize[38;2;192;197;206m, [38;2;191;97;106mctx[38;2;192;197;206m:[38;2;192;197;206m [38;2;192;197;206m&[38;2;192;197;206mSpxCtx, [38;2;191;97;106maddr[38;2;192;197;206m:[38;2;192;197;206m [38;2;192;197;206m&[38;2;192;197;206m[[38;2;180;142;173mu32[38;2;192;197;206m; 8][38;2;192;197;206m)[38;2;192;197;206m [38;2;192;197;206m{[K
[0m[48;2;40;67;43m[39m+     7[0m:[39m[48;2;24;38;30m [38;2;192;197;206m    [38;2;180;142;173mlet[38;2;192;197;206m [38;2;180;142;173mmut[38;2;192;197;206m outbuf [38;2;192;197;206m=[38;2;192;197;206m [38;2;192;197;206m[[38;2;208;135;112m0[38;2;180;142;173mu8[38;2;192;197;206m;[38;2;192;197;206m [38;2;208;135;112mSPX_SHA256_OUTPUT_BYTES[38;2;192;197;206m][38;2;192;197;206m;[K
[0m[48;2;40;67;43m[39m+     8[0m:[39m[48;2;24;38;30m [38;2;192;197;206m    [38;2;180;142;173mlet[38;2;192;197;206m [38;2;180;142;173mmut[38;2;192;197;206m sha2_state [38;2;192;197;206m=[38;2;192;197;206m [38;2;192;197;206m[[38;2;208;135;112m0[38;2;180;142;173mu8[38;2;192;197;206m;[38;2;192;197;206m [38;2;208;135;112m40[38;2;192;197;206m][38;2;192;197;206m;[K
[0m[48;2;40;67;43m[39m+     9[0m:[39m[48;2;24;38;30m [38;2;192;197;206m    [38;2;180;142;173mlet[38;2;192;197;206m buf_len [38;2;192;197;206m=[38;2;192;197;206m [38;2;208;135;112mSPX_SHA256_ADDR_BYTES[38;2;192;197;206m [38;2;192;197;206m+[38;2;192;197;206m inblocks [38;2;192;197;206m*[38;2;192;197;206m [38;2;208;135;112mSPX_N[38;2;192;197;206m;[K
[0m[48;2;40;67;43m[39m+    10[0m:[39m[48;2;24;38;30m [38;2;192;197;206m    [38;2;180;142;173mlet[38;2;192;197;206m [38;2;180;142;173mmut[38;2;192;197;206m buf [38;2;192;197;206m=[38;2;192;197;206m [38;2;192;197;206mvec![38;2;192;197;206m[[38;2;208;135;112m0[38;2;180;142;173mu8[38;2;192;197;206m;[38;2;192;197;206m buf_len[38;2;192;197;206m][38;2;192;197;206m;[K
[0m[48;2;40;67;43m[39m+    11[0m:[39m[48;2;24;38;30m [K
[0m[48;2;40;67;43m[39m+    12[0m:[39m[48;2;24;38;30m [38;2;192;197;206m    sha2_state.[38;2;150;181;180mcopy_from_slice[38;2;192;197;206m([38;2;192;197;206m&[38;2;192;197;206mctx.state_seeded[38;2;192;197;206m)[38;2;192;197;206m;[K
[0m[48;2;40;67;43m[39m+    13[0m:[39m[48;2;24;38;30m [K
[0m[48;2;40;67;43m[39m+    14[0m:[39m[48;2;24;38;30m [38;2;192;197;206m    [38;2;180;142;173mlet[38;2;192;197;206m addr_bytes [38;2;192;197;206m=[38;2;192;197;206m [38;2;180;142;173munsafe[38;2;192;197;206m [38;2;192;197;206m{[38;2;192;197;206m [38;2;192;197;206m&[38;2;192;197;206m*[38;2;192;197;206m([38;2;192;197;206maddr [38;2;192;197;206mas[38;2;192;197;206m [38;2;192;197;206m*[38;2;180;142;173mconst[38;2;192;197;206m [38;2;192;197;206m[[38;2;180;142;173mu32[38;2;192;197;206m;[38;2;192;197;206m [38;2;208;135;112m8[38;2;192;197;206m][38;2;192;197;206m [38;2;192;197;206mas[38;2;192;197;206m [38;2;192;197;206m*[38;2;180;142;173mconst[38;2;192;197;206m [38;2;192;197;206m[[38;2;180;142;173mu8[38;2;192;197;206m;[38;2;192;197;206m [38;2;208;135;112m32[38;2;192;197;206m][38;2;192;197;206m)[38;2;192;197;206m [38;2;192;197;206m}[38;2;192;197;206m;[K
[0m[48;2;40;67;43m[39m+    15[0m:[39m[48;2;24;38;30m [38;2;192;197;206m    buf[38;2;192;197;206m[[38;2;192;197;206m..[38;2;208;135;112mSPX_SHA256_ADDR_BYTES[38;2;192;197;206m][38;2;192;197;206m.[38;2;150;181;180mcopy_from_slice[38;2;192;197;206m([38;2;192;197;206m&[38;2;192;197;206maddr_bytes[38;2;192;197;206m[[38;2;192;197;206m..[38;2;208;135;112mSPX_SHA256_ADDR_BYTES[38;2;192;197;206m][38;2;192;197;206m)[38;2;192;197;206m;[K
[0m[48;2;40;67;43m[39m+    16[0m:[39m[48;2;24;38;30m [38;2;192;197;206m    buf[38;2;192;197;206m[[38;2;208;135;112mSPX_SHA256_ADDR_BYTES[38;2;192;197;206m..[38;2;192;197;206mbuf_len[38;2;192;197;206m][38;2;192;197;206m.[38;2;150;181;180mcopy_from_slice[38;2;192;197;206m([38;2;192;197;206m&[38;2;192;197;206minput[38;2;192;197;206m[[38;2;192;197;206m..[38;2;192;197;206minblocks [38;2;192;197;206m*[38;2;192;197;206m [38;2;208;135;112mSPX_N[38;2;192;197;206m][38;2;192;197;206m)[38;2;192;197;206m;[K
[0m[48;2;40;67;43m[39m+    17[0m:[39m[48;2;24;38;30m [K
[0m[48;2;40;67;43m[39m+    18[0m:[39m[48;2;24;38;30m [38;2;192;197;206m    [38;2;150;181;180msha256_inc_finalize[38;2;192;197;206m([38;2;192;197;206m&[38;2;180;142;173mmut[38;2;192;197;206m outbuf[38;2;192;197;206m,[38;2;192;197;206m [38;2;192;197;206m&[38;2;180;142;173mmut[38;2;192;197;206m sha2_state[38;2;192;197;206m,[38;2;192;197;206m [38;2;192;197;206m&[38;2;192;197;206mbuf[38;2;192;197;206m,[38;2;192;197;206m buf_len[38;2;192;197;206m)[38;2;192;197;206m;[K
[0m[48;2;40;67;43m[39m+    19[0m:[39m[48;2;24;38;30m [38;2;192;197;206m    out[38;2;192;197;206m[[38;2;192;197;206m..[38;2;208;135;112mSPX_N[38;2;192;197;206m][38;2;192;197;206m.[38;2;150;181;180mcopy_from_slice[38;2;192;197;206m([38;2;192;197;206m&[38;2;192;197;206moutbuf[38;2;192;197;206m[[38;2;192;197;206m..[38;2;208;135;112mSPX_N[38;2;192;197;206m][38;2;192;197;206m)[38;2;192;197;206m;[K
[0m[48;2;40;67;43m[39m+    20[0m:[39m[48;2;24;38;30m [38;2;192;197;206m}[K
[0m[K
Creating: [38;5;141m/local/home/scheschb/reserach/TRACTOR/harvest-agentic/results/P01_sphincs_plus/103_sha2_128f_s_gen_message_random_lib/translated_rust/src/thash.rs[0m
[38;5;244m - Completed in 0.39s[0m
[38;5;12m[1m [1.7][0m[0m
[?25l[0m[?25l[0m[0mI will run the following command: [38;5;141mcat > /local/home/scheschb/reserach/TRACTOR/harvest-agentic/results/P01_sphincs_plus/103_sha2_128f_s_gen_message_random_lib/translated_rust/src/utils.rs << 'RUSTEOF'
use crate::params::*;
use crate::context::SpxCtx;
use crate::address::*;
use crate::thash::thash;

pub fn compute_root(root: &mut [u8], leaf: &[u8], mut leaf_idx: u32, mut idx_offset: u32,
                    auth_path: &[u8], tree_height: u32, ctx: &SpxCtx, addr: &mut [u32; 8]) {
    let mut buffer = [0u8; 2 * SPX_N];
    let mut auth_off = 0usize;

    if leaf_idx & 1 != 0 {
        buffer[SPX_N..2 * SPX_N].copy_from_slice(&leaf[..SPX_N]);
        buffer[..SPX_N].copy_from_slice(&auth_path[auth_off..auth_off + SPX_N]);
    } else {
        buffer[..SPX_N].copy_from_slice(&leaf[..SPX_N]);
        buffer[SPX_N..2 * SPX_N].copy_from_slice(&auth_path[auth_off..auth_off + SPX_N]);
    }
    auth_off += SPX_N;

    for i in 0..tree_height - 1 {
        leaf_idx >>= 1;
        idx_offset >>= 1;
        set_tree_height(addr, i + 1);
        set_tree_index(addr, leaf_idx + idx_offset);

        if leaf_idx & 1 != 0 {
            thash(&mut buffer[SPX_N..], &buffer, 2, ctx, addr);
            buffer[..SPX_N].copy_from_slice(&auth_path[auth_off..auth_off + SPX_N]);
        } else {
            thash(&mut buffer[..SPX_N], &buffer, 2, ctx, addr);
            buffer[SPX_N..2 * SPX_N].copy_from_slice(&auth_path[auth_off..auth_off + SPX_N]);
        }
        auth_off += SPX_N;
    }

    leaf_idx >>= 1;
    idx_offset >>= 1;
    set_tree_height(addr, tree_height);
    set_tree_index(addr, leaf_idx + idx_offset);
    thash(root, &buffer, 2, ctx, addr);
}

pub fn treehash(root: &mut [u8], auth_path: &mut [u8], ctx: &SpxCtx,
                leaf_idx: u32, idx_offset: u32, tree_height: u32,
                gen_leaf: &dyn Fn(&mut [u8], &SpxCtx, u32, &[u32; 8]),
                tree_addr: &mut [u32; 8]) {
    let th = tree_height as usize;
    let mut stack = vec![0u8; (th + 1) * SPX_N];
    let mut heights = vec![0u32; th + 1];
    let mut offset: usize = 0;

    for idx in 0..(1u32 << tree_height) {
        gen_leaf(&mut stack[offset * SPX_N..(offset + 1) * SPX_N], ctx, idx + idx_offset, tree_addr);
        offset += 1;
        heights[offset - 1] = 0;

        if (leaf_idx ^ 0x1) == idx {
            auth_path[..SPX_N].copy_from_slice(&stack[(offset - 1) * SPX_N..offset * SPX_N]);
        }

        while offset >= 2 && heights[offset - 1] == heights[offset - 2] {
            let tree_idx = idx >> (heights[offset - 1] + 1);
            set_tree_height(tree_addr, heights[offset - 1] + 1);
            set_tree_index(tree_addr, tree_idx + (idx_offset >> (heights[offset - 1] + 1)));

            let base = (offset - 2) * SPX_N;
            let mut tmp = [0u8; 2 * SPX_N];
            tmp.copy_from_slice(&stack[base..base + 2 * SPX_N]);
            thash(&mut stack[base..base + SPX_N], &tmp, 2, ctx, tree_addr);
            offset -= 1;
            heights[offset - 1] += 1;

            if ((leaf_idx >> heights[offset - 1]) ^ 0x1) == tree_idx {
                let h = heights[offset - 1] as usize;
                auth_path[h * SPX_N..(h + 1) * SPX_N]
                    .copy_from_slice(&stack[(offset - 1) * SPX_N..offset * SPX_N]);
            }
        }
    }
    root[..SPX_N].copy_from_slice(&stack[..SPX_N]);
}
RUSTEOF
echo "utils.rs written"[0m[38;5;244m (using tool: shell)[0m
Purpose: Write utils.rs module

utils.rs written
[38;5;244m - Completed in 0.47s[0m
[38;5;12m[1m [1.8][0m[0m
[?25l[0m[?25l[0m[0mI will run the following command: [38;5;141mcat > /local/home/scheschb/reserach/TRACTOR/harvest-agentic/results/P01_sphincs_plus/103_sha2_128f_s_gen_message_random_lib/translated_rust/src/wots.rs << 'RUSTEOF'
use crate::params::*;
use crate::address::*;
use crate::context::SpxCtx;
use crate::thash::thash;

fn gen_chain(out: &mut [u8], input: &[u8], start: u32, steps: u32,
             ctx: &SpxCtx, addr: &mut [u32; 8]) {
    out[..SPX_N].copy_from_slice(&input[..SPX_N]);
    let mut i = start;
    while i < start + steps && i < SPX_WOTS_W as u32 {
        set_hash_addr(addr, i);
        let mut tmp = [0u8; SPX_N];
        tmp.copy_from_slice(&out[..SPX_N]);
        thash(out, &tmp, 1, ctx, addr);
        i += 1;
    }
}

fn base_w(output: &mut [u32], out_len: usize, input: &[u8]) {
    let mut in_idx = 0usize;
    let mut bits = 0i32;
    let mut total: u8 = 0;

    for consumed in 0..out_len {
        if bits == 0 {
            total = input[in_idx];
            in_idx += 1;
            bits += 8;
        }
        bits -= SPX_WOTS_LOGW as i32;
        output[consumed] = ((total >> bits) & (SPX_WOTS_W as u8 - 1)) as u32;
    }
}

fn wots_checksum(csum_base_w: &mut [u32], msg_base_w: &[u32]) {
    let mut csum: u32 = 0;
    let csum_bytes_len = (SPX_WOTS_LEN2 * SPX_WOTS_LOGW + 7) / 8;
    let mut csum_bytes = [0u8; (SPX_WOTS_LEN2 * SPX_WOTS_LOGW + 7) / 8];

    for i in 0..SPX_WOTS_LEN1 {
        csum += SPX_WOTS_W as u32 - 1 - msg_base_w[i];
    }

    csum <<= (8 - ((SPX_WOTS_LEN2 * SPX_WOTS_LOGW) % 8)) % 8;
    ull_to_bytes(&mut csum_bytes, csum_bytes_len, csum as u64);
    base_w(csum_base_w, SPX_WOTS_LEN2, &csum_bytes);
}

pub fn chain_lengths(lengths: &mut [u32], msg: &[u8]) {
    base_w(lengths, SPX_WOTS_LEN1, msg);
    let mut csum = [0u32; SPX_WOTS_LEN2];
    wots_checksum(&mut csum, &lengths[..SPX_WOTS_LEN1]);
    lengths[SPX_WOTS_LEN1..SPX_WOTS_LEN1 + SPX_WOTS_LEN2].copy_from_slice(&csum);
}

pub fn wots_pk_from_sig(pk: &mut [u8], sig: &[u8], msg: &[u8],
                        ctx: &SpxCtx, addr: &mut [u32; 8]) {
    let mut lengths = [0u32; SPX_WOTS_LEN];
    chain_lengths(&mut lengths, msg);

    for i in 0..SPX_WOTS_LEN {
        set_chain_addr(addr, i as u32);
        gen_chain(&mut pk[i * SPX_N..(i + 1) * SPX_N],
                  &sig[i * SPX_N..(i + 1) * SPX_N],
                  lengths[i], SPX_WOTS_W as u32 - 1 - lengths[i],
                  ctx, addr);
    }
}
RUSTEOF
echo "wots.rs written"[0m[38;5;244m (using tool: shell)[0m
Purpose: Write wots.rs module

wots.rs written
[38;5;244m - Completed in 0.47s[0m
[38;5;12m[1m [1.9][0m[0m
[?25l[0m[?25l[0m[0mI will run the following command: [38;5;141mcat > /local/home/scheschb/reserach/TRACTOR/harvest-agentic/results/P01_sphincs_plus/103_sha2_128f_s_gen_message_random_lib/translated_rust/src/wotsx1.rs << 'RUSTEOF'
use crate::params::*;
use crate::address::*;
use crate::context::SpxCtx;
use crate::hash::prf_addr;
use crate::thash::thash;

pub struct LeafInfoX1 {
    pub wots_sig: *mut u8,
    pub wots_sign_leaf: u32,
    pub wots_steps: *const u32,
    pub leaf_addr: [u32; 8],
    pub pk_addr: [u32; 8],
}

impl Default for LeafInfoX1 {
    fn default() -> Self {
        Self {
            wots_sig: std::ptr::null_mut(),
            wots_sign_leaf: 0,
            wots_steps: std::ptr::null(),
            leaf_addr: [0u32; 8],
            pk_addr: [0u32; 8],
        }
    }
}

pub fn wots_gen_leafx1(dest: &mut [u8], ctx: &SpxCtx, leaf_idx: u32, info: &mut LeafInfoX1) {
    let wots_k_mask: u32 = if leaf_idx == info.wots_sign_leaf { 0 } else { !0u32 };

    set_keypair_addr(&mut info.leaf_addr, leaf_idx);
    set_keypair_addr(&mut info.pk_addr, leaf_idx);

    let mut pk_buffer = [0u8; SPX_WOTS_BYTES];

    for i in 0..SPX_WOTS_LEN {
        let wots_k = unsafe { *info.wots_steps.add(i) } | wots_k_mask;

        set_chain_addr(&mut info.leaf_addr, i as u32);
        set_hash_addr(&mut info.leaf_addr, 0);
        set_type(&mut info.leaf_addr, SPX_ADDR_TYPE_WOTSPRF);

        prf_addr(&mut pk_buffer[i * SPX_N..(i + 1) * SPX_N], ctx, &info.leaf_addr);

        set_type(&mut info.leaf_addr, SPX_ADDR_TYPE_WOTS);

        for k in 0u32.. {
            if k == wots_k {
                unsafe {
                    if !info.wots_sig.is_null() {
                        std::ptr::copy_nonoverlapping(
                            pk_buffer[i * SPX_N..].as_ptr(),
                            info.wots_sig.add(i * SPX_N),
                            SPX_N,
                        );
                    }
                }
            }
            if k == SPX_WOTS_W as u32 - 1 { break; }

            set_hash_addr(&mut info.leaf_addr, k);
            let mut tmp = [0u8; SPX_N];
            tmp.copy_from_slice(&pk_buffer[i * SPX_N..(i + 1) * SPX_N]);
            thash(&mut pk_buffer[i * SPX_N..(i + 1) * SPX_N], &tmp, 1, ctx, &info.leaf_addr);
        }
    }

    thash(dest, &pk_buffer, SPX_WOTS_LEN, ctx, &info.pk_addr);
}
RUSTEOF
echo "wotsx1.rs written"[0m[38;5;244m (using tool: shell)[0m
Purpose: Write wotsx1.rs module

wotsx1.rs written
[38;5;244m - Completed in 0.46s[0m
[38;5;12m[1m [1.10][0m[0m
[?25l[0m[?25l[0m[0mI will run the following command: [38;5;141mcat > /local/home/scheschb/reserach/TRACTOR/harvest-agentic/results/P01_sphincs_plus/103_sha2_128f_s_gen_message_random_lib/translated_rust/src/utilsx1.rs << 'RUSTEOF'
use crate::params::*;
use crate::address::*;
use crate::context::SpxCtx;
use crate::thash::thash;
use crate::wotsx1::{wots_gen_leafx1, LeafInfoX1};
use crate::fors::ForsGenLeafInfo;

fn treehashx1_inner<F>(root: &mut [u8], auth_path: &mut [u8], ctx: &SpxCtx,
                       leaf_idx: u32, idx_offset: u32, tree_height: u32,
                       tree_addr: &mut [u32; 8],
                       gen_leaf: F)
where F: Fn(&mut [u8], &SpxCtx, u32, &mut [u32; 8])
{
    let th = tree_height as usize;
    let mut stack = vec![0u8; th * SPX_N];
    let max_idx = (1u32 << tree_height) - 1;

    let mut idx: u32 = 0;
    loop {
        let mut current = [0u8; 2 * SPX_N];
        // Use a mutable copy of tree_addr for gen_leaf
        let mut ta_copy = *tree_addr;
        gen_leaf(&mut current[SPX_N..2 * SPX_N], ctx, idx + idx_offset, &mut ta_copy);
        *tree_addr = ta_copy;

        let mut internal_idx_offset = idx_offset;
        let mut internal_idx = idx;
        let mut internal_leaf = leaf_idx;

        let mut h: u32 = 0;
        loop {
            if h == tree_height {
                root[..SPX_N].copy_from_slice(&current[SPX_N..2 * SPX_N]);
                return;
            }

            if (internal_idx ^ internal_leaf) == 0x01 {
                let ho = h as usize;
                auth_path[ho * SPX_N..(ho + 1) * SPX_N]
                    .copy_from_slice(&current[SPX_N..2 * SPX_N]);
            }

            if (internal_idx & 1) == 0 && idx < max_idx {
                break;
            }

            internal_idx_offset >>= 1;
            set_tree_height(tree_addr, h + 1);
            set_tree_index(tree_addr, internal_idx / 2 + internal_idx_offset);

            let ho = h as usize;
            current[..SPX_N].copy_from_slice(&stack[ho * SPX_N..(ho + 1) * SPX_N]);
            let tmp = current;
            thash(&mut current[SPX_N..2 * SPX_N], &tmp, 2, ctx, tree_addr);

            h += 1;
            internal_idx >>= 1;
            internal_leaf >>= 1;
        }

        let ho = h as usize;
        stack[ho * SPX_N..(ho + 1) * SPX_N].copy_from_slice(&current[SPX_N..2 * SPX_N]);

        idx += 1;
    }
}

pub fn wots_treehashx1(root: &mut [u8], auth_path: &mut [u8], ctx: &SpxCtx,
                       leaf_idx: u32, idx_offset: u32, tree_height: u32,
                       tree_addr: &mut [u32; 8], info: &mut LeafInfoX1) {
    let info_ptr = info as *mut LeafInfoX1;
    treehashx1_inner(root, auth_path, ctx, leaf_idx, idx_offset, tree_height, tree_addr,
        |dest, ctx, addr_idx, _ta| {
            unsafe { wots_gen_leafx1(dest, ctx, addr_idx, &mut *info_ptr); }
        });
}

pub fn fors_treehashx1(root: &mut [u8], auth_path: &mut [u8], ctx: &SpxCtx,
                       leaf_idx: u32, idx_offset: u32, tree_height: u32,
                       tree_addr: &mut [u32; 8], info: &mut LeafInfoX1) {
    let info_ptr = info as *mut LeafInfoX1;
    treehashx1_inner(root, auth_path, ctx, leaf_idx, idx_offset, tree_height, tree_addr,
        |dest, ctx, addr_idx, _ta| {
            // Cast LeafInfoX1 pointer to ForsGenLeafInfo pointer
            // In C, fors_treehashx1 takes leaf_info_x1* but fors_gen_leafx1 takes fors_gen_leaf_info*
            // The fors_gen_leaf_info is just the leaf_addrx field at the start of leaf_info_x1
            unsafe {
                let fors_info = &mut *(info_ptr as *mut ForsGenLeafInfo);
                crate::fors::fors_gen_leafx1(dest, ctx, addr_idx, fors_info);
            }
        });
}
RUSTEOF
echo "utilsx1.rs written"[0m[38;5;244m (using tool: shell)[0m
Purpose: Write utilsx1.rs module

utilsx1.rs written
[38;5;244m - Completed in 0.45s[0m
[38;5;12m[1m [1.11][0m[0m
[?25l[0m[?25l[0m[0mI will run the following command: [38;5;141mcat > /local/home/scheschb/reserach/TRACTOR/harvest-agentic/results/P01_sphincs_plus/103_sha2_128f_s_gen_message_random_lib/translated_rust/src/fors.rs << 'RUSTEOF'
use crate::params::*;
use crate::address::*;
use crate::context::SpxCtx;
use crate::hash::prf_addr;
use crate::thash::thash;
use crate::utils::compute_root;
use crate::utilsx1::fors_treehashx1;
use crate::wotsx1::LeafInfoX1;

#[repr(C)]
pub struct ForsGenLeafInfo {
    pub leaf_addrx: [u32; 8],
}

fn fors_gen_sk(sk: &mut [u8], ctx: &SpxCtx, fors_leaf_addr: &[u32; 8]) {
    prf_addr(sk, ctx, fors_leaf_addr);
}

fn fors_sk_to_leaf(leaf: &mut [u8], sk: &[u8], ctx: &SpxCtx, fors_leaf_addr: &[u32; 8]) {
    thash(leaf, sk, 1, ctx, fors_leaf_addr);
}

pub fn fors_gen_leafx1(leaf: &mut [u8], ctx: &SpxCtx, addr_idx: u32, info: &mut ForsGenLeafInfo) {
    set_tree_index(&mut info.leaf_addrx, addr_idx);
    set_type(&mut info.leaf_addrx, SPX_ADDR_TYPE_FORSPRF);
    fors_gen_sk(leaf, ctx, &info.leaf_addrx);

    set_type(&mut info.leaf_addrx, SPX_ADDR_TYPE_FORSTREE);
    let mut tmp = [0u8; SPX_N];
    tmp.copy_from_slice(&leaf[..SPX_N]);
    fors_sk_to_leaf(leaf, &tmp, ctx, &info.leaf_addrx);
}

fn message_to_indices(indices: &mut [u32], m: &[u8]) {
    let mut offset: usize = 0;
    for i in 0..SPX_FORS_TREES {
        indices[i] = 0;
        for j in 0..SPX_FORS_HEIGHT {
            indices[i] ^= (((m[offset >> 3] >> (offset & 0x7)) & 1) as u32) << j;
            offset += 1;
        }
    }
}

pub fn fors_sign(sig: &mut [u8], pk: &mut [u8], m: &[u8], ctx: &SpxCtx, fors_addr: &[u32; 8]) {
    let mut indices = [0u32; SPX_FORS_TREES];
    let mut roots = [0u8; SPX_FORS_TREES * SPX_N];
    let mut fors_tree_addr = [0u32; 8];
    // We use LeafInfoX1 because fors_treehashx1 expects it, but only the leaf_addr field
    // (which maps to ForsGenLeafInfo) is used
    let mut info = LeafInfoX1::default();
    let mut fors_pk_addr = [0u32; 8];

    copy_keypair_addr(&mut fors_tree_addr, fors_addr);
    copy_keypair_addr(&mut info.leaf_addr, fors_addr);
    copy_keypair_addr(&mut fors_pk_addr, fors_addr);
    set_type(&mut fors_pk_addr, SPX_ADDR_TYPE_FORSPK);

    message_to_indices(&mut indices, m);

    let mut sig_off = 0usize;
    for i in 0..SPX_FORS_TREES {
        let idx_offset = (i as u32) * (1u32 << SPX_FORS_HEIGHT);

        set_tree_height(&mut fors_tree_addr, 0);
        set_tree_index(&mut fors_tree_addr, indices[i] + idx_offset);
        set_type(&mut fors_tree_addr, SPX_ADDR_TYPE_FORSPRF);

        fors_gen_sk(&mut sig[sig_off..sig_off + SPX_N], ctx, &fors_tree_addr);
        set_type(&mut fors_tree_addr, SPX_ADDR_TYPE_FORSTREE);
        sig_off += SPX_N;

        fors_treehashx1(&mut roots[i * SPX_N..(i + 1) * SPX_N],
                        &mut sig[sig_off..],
                        ctx, indices[i], idx_offset, SPX_FORS_HEIGHT as u32,
                        &mut fors_tree_addr, &mut info);
        sig_off += SPX_N * SPX_FORS_HEIGHT;
    }

    thash(pk, &roots, SPX_FORS_TREES, ctx, &fors_pk_addr);
}

pub fn fors_pk_from_sig(pk: &mut [u8], sig: &[u8], m: &[u8], ctx: &SpxCtx, fors_addr: &[u32; 8]) {
    let mut indices = [0u32; SPX_FORS_TREES];
    let mut roots = [0u8; SPX_FORS_TREES * SPX_N];
    let mut leaf = [0u8; SPX_N];
    let mut fors_tree_addr = [0u32; 8];
    let mut fors_pk_addr = [0u32; 8];

    copy_keypair_addr(&mut fors_tree_addr, fors_addr);
    copy_keypair_addr(&mut fors_pk_addr, fors_addr);

    set_type(&mut fors_tree_addr, SPX_ADDR_TYPE_FORSTREE);
    set_type(&mut fors_pk_addr, SPX_ADDR_TYPE_FORSPK);

    message_to_indices(&mut indices, m);

    let mut sig_off = 0usize;
    for i in 0..SPX_FORS_TREES {
        let idx_offset = (i as u32) * (1u32 << SPX_FORS_HEIGHT);

        set_tree_height(&mut fors_tree_addr, 0);
        set_tree_index(&mut fors_tree_addr, indices[i] + idx_offset);

        fors_sk_to_leaf(&mut leaf, &sig[sig_off..sig_off + SPX_N], ctx, &fors_tree_addr);
        sig_off += SPX_N;

        compute_root(&mut roots[i * SPX_N..(i + 1) * SPX_N], &leaf, indices[i], idx_offset,
                     &sig[sig_off..], SPX_FORS_HEIGHT as u32, ctx, &mut fors_tree_addr);
        sig_off += SPX_N * SPX_FORS_HEIGHT;
    }

    thash(pk, &roots, SPX_FORS_TREES, ctx, &fors_pk_addr);
}
RUSTEOF
echo "fors.rs written"[0m[38;5;244m (using tool: shell)[0m
Purpose: Write fors.rs module

fors.rs written
[38;5;244m - Completed in 0.46s[0m
[38;5;12m[1m [1.12][0m[0m
[?25l[0m[?25l[0m[0mI will run the following command: [38;5;141mcat > /local/home/scheschb/reserach/TRACTOR/harvest-agentic/results/P01_sphincs_plus/103_sha2_128f_s_gen_message_random_lib/translated_rust/src/merkle.rs << 'RUSTEOF'
use crate::params::*;
use crate::address::*;
use crate::context::SpxCtx;
use crate::wots::chain_lengths;
use crate::wotsx1::LeafInfoX1;
use crate::utilsx1::wots_treehashx1;

pub fn merkle_sign(sig: &mut [u8], root: &mut [u8], ctx: &SpxCtx,
                   wots_addr: &[u32; 8], tree_addr: &mut [u32; 8], idx_leaf: u32) {
    let auth_path = SPX_WOTS_BYTES;
    let mut info = LeafInfoX1::default();
    let mut steps = [0u32; SPX_WOTS_LEN];

    info.wots_sig = sig.as_mut_ptr();
    chain_lengths(&mut steps, root);
    info.wots_steps = steps.as_ptr();

    set_type(tree_addr, SPX_ADDR_TYPE_HASHTREE);
    set_type(&mut info.pk_addr, SPX_ADDR_TYPE_WOTSPK);
    copy_subtree_addr(&mut info.leaf_addr, wots_addr);
    copy_subtree_addr(&mut info.pk_addr, wots_addr);

    info.wots_sign_leaf = idx_leaf;

    wots_treehashx1(root, &mut sig[auth_path..], ctx,
                    idx_leaf, 0, SPX_TREE_HEIGHT as u32,
                    tree_addr, &mut info);
}

pub fn merkle_gen_root(root: &mut [u8], ctx: &SpxCtx) {
    let mut auth_path = vec![0u8; SPX_TREE_HEIGHT * SPX_N + SPX_WOTS_BYTES];
    let mut top_tree_addr = [0u32; 8];
    let mut wots_addr = [0u32; 8];

    set_layer_addr(&mut top_tree_addr, SPX_D as u32 - 1);
    set_layer_addr(&mut wots_addr, SPX_D as u32 - 1);

    merkle_sign(&mut auth_path, root, ctx, &wots_addr, &mut top_tree_addr, !0u32);
}
RUSTEOF
echo "merkle.rs written"[0m[38;5;244m (using tool: shell)[0m
Purpose: Write merkle.rs module

merkle.rs written
[38;5;244m - Completed in 0.45s[0m
[38;5;12m[1m [1.13][0m[0m
[?25l[0m[?25l[0m[0mI will run the following command: [38;5;141mcat > /local/home/scheschb/reserach/TRACTOR/harvest-agentic/results/P01_sphincs_plus/103_sha2_128f_s_gen_message_random_lib/translated_rust/src/rng.rs << 'RUSTEOF'
use openssl::symm::{Cipher, Crypter, Mode};
use std::sync::Mutex;

const RNG_SUCCESS: i32 = 0;
const RNG_BAD_MAXLEN: i32 = -1;
const RNG_BAD_OUTBUF: i32 = -2;
const RNG_BAD_REQ_LEN: i32 = -3;

pub struct AesXofStruct {
    pub buffer: [u8; 16],
    pub buffer_pos: usize,
    pub length_remaining: u64,
    pub key: [u8; 32],
    pub ctr: [u8; 16],
}

pub struct Aes256CtrDrbgStruct {
    pub key: [u8; 32],
    pub v: [u8; 16],
    pub reseed_counter: i32,
}

static DRBG_CTX: Mutex<Aes256CtrDrbgStruct> = Mutex::new(Aes256CtrDrbgStruct {
    key: [0u8; 32],
    v: [0u8; 16],
    reseed_counter: 0,
});

fn aes256_ecb(key: &[u8], ctr: &[u8], buffer: &mut [u8]) {
    let cipher = Cipher::aes_256_ecb();
    let mut crypter = Crypter::new(cipher, Mode::Encrypt, key, None).unwrap();
    crypter.pad(false);
    let count = crypter.update(ctr, buffer).unwrap();
    let _ = crypter.finalize(&mut buffer[count..]);
}

pub fn aes256_ctr_drbg_update(provided_data: Option<&[u8]>, key: &mut [u8], v: &mut [u8]) {
    let mut temp = [0u8; 48];

    for i in 0..3 {
        // increment V
        for j in (0..16).rev() {
            if v[j] == 0xff {
                v[j] = 0x00;
            } else {
                v[j] += 1;
                break;
            }
        }
        aes256_ecb(key, v, &mut temp[16 * i..16 * i + 16]);
    }

    if let Some(data) = provided_data {
        for i in 0..48 {
            temp[i] ^= data[i];
        }
    }

    key[..32].copy_from_slice(&temp[..32]);
    v[..16].copy_from_slice(&temp[32..48]);
}

pub fn seedexpander_init(ctx: &mut AesXofStruct, seed: &[u8], diversifier: &[u8], maxlen: u64) -> i32 {
    if maxlen >= 0x100000000 {
        return RNG_BAD_MAXLEN;
    }

    ctx.length_remaining = maxlen;
    ctx.key[..32].copy_from_slice(&seed[..32]);
    ctx.ctr[..8].copy_from_slice(&diversifier[..8]);

    let mut ml = maxlen;
    ctx.ctr[11] = (ml % 256) as u8; ml >>= 8;
    ctx.ctr[10] = (ml % 256) as u8; ml >>= 8;
    ctx.ctr[9] = (ml % 256) as u8; ml >>= 8;
    ctx.ctr[8] = (ml % 256) as u8;
    ctx.ctr[12..16].fill(0);

    ctx.buffer_pos = 16;
    ctx.buffer.fill(0);

    RNG_SUCCESS
}

pub fn seedexpander(ctx: &mut AesXofStruct, x: &mut [u8], mut xlen: usize) -> i32 {
    if x.is_empty() {
        return RNG_BAD_OUTBUF;
    }
    if xlen as u64 >= ctx.length_remaining {
        return RNG_BAD_REQ_LEN;
    }

    ctx.length_remaining -= xlen as u64;
    let mut offset = 0usize;

    while xlen > 0 {
        if xlen <= 16 - ctx.buffer_pos {
            x[offset..offset + xlen].copy_from_slice(&ctx.buffer[ctx.buffer_pos..ctx.buffer_pos + xlen]);
            ctx.buffer_pos += xlen;
            return RNG_SUCCESS;
        }

        let avail = 16 - ctx.buffer_pos;
        x[offset..offset + avail].copy_from_slice(&ctx.buffer[ctx.buffer_pos..16]);
        xlen -= avail;
        offset += avail;

        aes256_ecb(&ctx.key, &ctx.ctr, &mut ctx.buffer);
        ctx.buffer_pos = 0;

        // increment counter
        for i in (12..=15).rev() {
            if ctx.ctr[i] == 0xff {
                ctx.ctr[i] = 0x00;
            } else {
                ctx.ctr[i] += 1;
                break;
            }
        }
    }

    RNG_SUCCESS
}

pub fn randombytes_init_internal(entropy_input: &[u8], personalization_string: Option<&[u8]>, drbg: &mut Aes256CtrDrbgStruct) {
    let mut seed_material = [0u8; 48];
    seed_material.copy_from_slice(&entropy_input[..48]);

    if let Some(ps) = personalization_string {
        for i in 0..48 {
            seed_material[i] ^= ps[i];
        }
    }

    drbg.key.fill(0);
    drbg.v.fill(0);
    aes256_ctr_drbg_update(Some(&seed_material), &mut drbg.key, &mut drbg.v);
    drbg.reseed_counter = 1;
}

pub fn randombytes_internal(x: &mut [u8], mut xlen: usize, drbg: &mut Aes256CtrDrbgStruct) -> i32 {
    let mut block = [0u8; 16];
    let mut i = 0usize;

    while xlen > 0 {
        // increment V
        for j in (0..16).rev() {
            if drbg.v[j] == 0xff {
                drbg.v[j] = 0x00;
            } else {
                drbg.v[j] += 1;
                break;
            }
        }
        aes256_ecb(&drbg.key, &drbg.v, &mut block);
        if xlen > 15 {
            x[i..i + 16].copy_from_slice(&block);
            i += 16;
            xlen -= 16;
        } else {
            x[i..i + xlen].copy_from_slice(&block[..xlen]);
            xlen = 0;
        }
    }
    aes256_ctr_drbg_update(None, &mut drbg.key, &mut drbg.v);
    drbg.reseed_counter += 1;

    RNG_SUCCESS
}

pub fn randombytes_init_global(entropy_input: &[u8], personalization_string: Option<&[u8]>) {
    let mut drbg = DRBG_CTX.lock().unwrap();
    randombytes_init_internal(entropy_input, personalization_string, &mut drbg);
}

pub fn randombytes_global(x: &mut [u8], xlen: usize) -> i32 {
    let mut drbg = DRBG_CTX.lock().unwrap();
    randombytes_internal(x, xlen, &mut drbg)
}
RUSTEOF
echo "rng.rs written"[0m[38;5;244m (using tool: shell)[0m
Purpose: Write rng.rs module

rng.rs written
[38;5;244m - Completed in 0.46s[0m
[38;5;12m[1m [1.14][0m[0m
[?25l[0m[?25l[0m[0mI will run the following command: [38;5;141mcat > /local/home/scheschb/reserach/TRACTOR/harvest-agentic/results/P01_sphincs_plus/103_sha2_128f_s_gen_message_random_lib/translated_rust/src/sign.rs << 'RUSTEOF'
use crate::params::*;
use crate::address::*;
use crate::context::SpxCtx;
use crate::hash::*;
use crate::fors::*;
use crate::merkle::*;
use crate::wots::wots_pk_from_sig;
use crate::thash::thash;
use crate::utils::compute_root;
use crate::rng::randombytes_global;

pub fn crypto_sign_seed_keypair(pk: &mut [u8], sk: &mut [u8], seed: &[u8]) -> i32 {
    let mut ctx = SpxCtx::default();

    sk[..CRYPTO_SEEDBYTES].copy_from_slice(&seed[..CRYPTO_SEEDBYTES]);
    pk[..SPX_N].copy_from_slice(&sk[2 * SPX_N..3 * SPX_N]);

    ctx.pub_seed.copy_from_slice(&pk[..SPX_N]);
    ctx.sk_seed.copy_from_slice(&sk[..SPX_N]);

    initialize_hash_function(&mut ctx);
    merkle_gen_root(&mut sk[3 * SPX_N..4 * SPX_N], &ctx);
    pk[SPX_N..2 * SPX_N].copy_from_slice(&sk[3 * SPX_N..4 * SPX_N]);

    0
}

pub fn crypto_sign_keypair(pk: &mut [u8], sk: &mut [u8]) -> i32 {
    let mut seed = [0u8; CRYPTO_SEEDBYTES];
    randombytes_global(&mut seed, CRYPTO_SEEDBYTES);
    crypto_sign_seed_keypair(pk, sk, &seed);
    0
}

pub fn crypto_sign_signature(sig: &mut [u8], siglen: &mut usize,
                             m: &[u8], mlen: usize, sk: &[u8]) -> i32 {
    let mut ctx = SpxCtx::default();

    let sk_prf = &sk[SPX_N..2 * SPX_N];
    let pk = &sk[2 * SPX_N..];

    let mut optrand = [0u8; SPX_N];
    let mut mhash = [0u8; SPX_FORS_MSG_BYTES];
    let mut root = [0u8; SPX_N];
    let mut tree: u64 = 0;
    let mut idx_leaf: u32 = 0;
    let mut wots_addr = [0u32; 8];
    let mut tree_addr = [0u32; 8];

    ctx.sk_seed.copy_from_slice(&sk[..SPX_N]);
    ctx.pub_seed.copy_from_slice(&pk[..SPX_N]);

    initialize_hash_function(&mut ctx);

    set_type(&mut wots_addr, SPX_ADDR_TYPE_WOTS);
    set_type(&mut tree_addr, SPX_ADDR_TYPE_HASHTREE);

    randombytes_global(&mut optrand, SPX_N);
    gen_message_random(sig, sk_prf, &optrand, m, mlen as u64, &ctx);

    hash_message(&mut mhash, &mut tree, &mut idx_leaf, sig, pk, m, mlen as u64, &ctx);

    let mut sig_off = SPX_N;

    set_tree_addr(&mut wots_addr, tree);
    set_keypair_addr(&mut wots_addr, idx_leaf);

    fors_sign(&mut sig[sig_off..], &mut root, &mhash, &ctx, &wots_addr);
    sig_off += SPX_FORS_BYTES;

    for i in 0..SPX_D {
        set_layer_addr(&mut tree_addr, i as u32);
        set_tree_addr(&mut tree_addr, tree);

        copy_subtree_addr(&mut wots_addr, &tree_addr);
        set_keypair_addr(&mut wots_addr, idx_leaf);

        merkle_sign(&mut sig[sig_off..], &mut root, &ctx, &wots_addr, &mut tree_addr, idx_leaf);
        sig_off += SPX_WOTS_BYTES + SPX_TREE_HEIGHT * SPX_N;

        idx_leaf = (tree & ((1u64 << SPX_TREE_HEIGHT) - 1)) as u32;
        tree >>= SPX_TREE_HEIGHT;
    }

    *siglen = SPX_BYTES;
    0
}

pub fn crypto_sign_verify(sig: &[u8], siglen: usize, m: &[u8], mlen: usize, pk: &[u8]) -> i32 {
    let mut ctx = SpxCtx::default();
    let pub_root = &pk[SPX_N..2 * SPX_N];
    let mut mhash = [0u8; SPX_FORS_MSG_BYTES];
    let mut wots_pk_buf = [0u8; SPX_WOTS_BYTES];
    let mut root = [0u8; SPX_N];
    let mut leaf = [0u8; SPX_N];
    let mut tree: u64 = 0;
    let mut idx_leaf: u32 = 0;
    let mut wots_addr = [0u32; 8];
    let mut tree_addr = [0u32; 8];
    let mut wots_pk_addr = [0u32; 8];

    if siglen != SPX_BYTES {
        return -1;
    }

    ctx.pub_seed.copy_from_slice(&pk[..SPX_N]);
    initialize_hash_function(&mut ctx);

    set_type(&mut wots_addr, SPX_ADDR_TYPE_WOTS);
    set_type(&mut tree_addr, SPX_ADDR_TYPE_HASHTREE);
    set_type(&mut wots_pk_addr, SPX_ADDR_TYPE_WOTSPK);

    hash_message(&mut mhash, &mut tree, &mut idx_leaf, sig, pk, m, mlen as u64, &ctx);
    let mut sig_off = SPX_N;

    set_tree_addr(&mut wots_addr, tree);
    set_keypair_addr(&mut wots_addr, idx_leaf);

    fors_pk_from_sig(&mut root, &sig[sig_off..], &mhash, &ctx, &wots_addr);
    sig_off += SPX_FORS_BYTES;

    for i in 0..SPX_D {
        set_layer_addr(&mut tree_addr, i as u32);
        set_tree_addr(&mut tree_addr, tree);

        copy_subtree_addr(&mut wots_addr, &tree_addr);
        set_keypair_addr(&mut wots_addr, idx_leaf);

        copy_keypair_addr(&mut wots_pk_addr, &wots_addr);

        wots_pk_from_sig(&mut wots_pk_buf, &sig[sig_off..], &root, &ctx, &mut wots_addr);
        sig_off += SPX_WOTS_BYTES;

        thash(&mut leaf, &wots_pk_buf, SPX_WOTS_LEN, &ctx, &wots_pk_addr);

        compute_root(&mut root, &leaf, idx_leaf, 0, &sig[sig_off..], SPX_TREE_HEIGHT as u32, &ctx, &mut tree_addr);
        sig_off += SPX_TREE_HEIGHT * SPX_N;

        idx_leaf = (tree & ((1u64 << SPX_TREE_HEIGHT) - 1)) as u32;
        tree >>= SPX_TREE_HEIGHT;
    }

    if root[..SPX_N] != pub_root[..SPX_N] {
        return -1;
    }

    0
}

pub fn crypto_sign_impl(sm: &mut [u8], smlen: &mut u64, m: &[u8], mlen: u64, sk: &[u8]) -> i32 {
    let mut siglen: usize = 0;
    crypto_sign_signature(sm, &mut siglen, m, mlen as usize, sk);

    // memmove: copy m after signature
    let mlen = mlen as usize;
    sm.copy_within(0..0, 0); // no-op, just for clarity
    // We need to copy m to sm + SPX_BYTES. Since sm and m may not overlap in Rust API,
    // but in C they can, we handle it:
    for i in (0..mlen).rev() {
        sm[SPX_BYTES + i] = m[i];
    }
    *smlen = (siglen + mlen) as u64;
    0
}

pub fn crypto_sign_open_impl(m: &mut [u8], mlen: &mut u64, sm: &[u8], smlen: u64, pk: &[u8]) -> i32 {
    let smlen_usize = smlen as usize;
    if smlen_usize < SPX_BYTES {
        for i in 0..smlen_usize { m[i] = 0; }
        *mlen = 0;
        return -1;
    }

    *mlen = smlen - SPX_BYTES as u64;

    if crypto_sign_verify(sm, SPX_BYTES, &sm[SPX_BYTES..], *mlen as usize, pk) != 0 {
        for i in 0..smlen_usize { m[i] = 0; }
        *mlen = 0;
        return -1;
    }

    let ml = *mlen as usize;
    m[..ml].copy_from_slice(&sm[SPX_BYTES..SPX_BYTES + ml]);
    0
}
RUSTEOF
echo "sign.rs written"[0m[38;5;244m (using tool: shell)[0m
Purpose: Write sign.rs module

sign.rs written
[38;5;244m - Completed in 0.46s[0m
[38;5;12m[1m [1.15][0m[0m
[?25l[0m[38;5;141m> [0mNow let me write the main lib.rs with all the extern "C" exports:[0m[0m
[?25l[0m[0mI will run the following command: [38;5;141mcat > /local/home/scheschb/reserach/TRACTOR/harvest-agentic/results/P01_sphincs_plus/103_sha2_128f_s_gen_message_random_lib/translated_rust/src/lib.rs << 'RUSTEOF'
#![allow(clippy::missing_safety_doc)]

mod params;
mod context;
mod address;
mod sha2;
mod hash;
mod thash;
mod utils;
mod wots;
mod wotsx1;
mod utilsx1;
mod fors;
mod merkle;
mod rng;
mod sign;

use std::os::raw::{c_uchar, c_int, c_ulonglong, c_ulong};
use std::slice;

// ---- sign.c exports ----

#[unsafe(no_mangle)]
pub extern "C" fn crypto_sign_secretkeybytes() -> c_ulonglong {
    params::CRYPTO_SECRETKEYBYTES as c_ulonglong
}

#[unsafe(no_mangle)]
pub extern "C" fn crypto_sign_publickeybytes() -> c_ulonglong {
    params::CRYPTO_PUBLICKEYBYTES as c_ulonglong
}

#[unsafe(no_mangle)]
pub extern "C" fn crypto_sign_bytes() -> c_ulonglong {
    params::CRYPTO_BYTES as c_ulonglong
}

#[unsafe(no_mangle)]
pub extern "C" fn crypto_sign_seedbytes() -> c_ulonglong {
    params::CRYPTO_SEEDBYTES as c_ulonglong
}

#[unsafe(no_mangle)]
pub unsafe extern "C" fn crypto_sign_seed_keypair(
    pk: *mut c_uchar, sk: *mut c_uchar, seed: *const c_uchar,
) -> c_int {
    let pk = unsafe { slice::from_raw_parts_mut(pk, params::CRYPTO_PUBLICKEYBYTES) };
    let sk = unsafe { slice::from_raw_parts_mut(sk, params::CRYPTO_SECRETKEYBYTES) };
    let seed = unsafe { slice::from_raw_parts(seed, params::CRYPTO_SEEDBYTES) };
    sign::crypto_sign_seed_keypair(pk, sk, seed) as c_int
}

#[unsafe(no_mangle)]
pub unsafe extern "C" fn crypto_sign_keypair(
    pk: *mut c_uchar, sk: *mut c_uchar,
) -> c_int {
    let pk = unsafe { slice::from_raw_parts_mut(pk, params::CRYPTO_PUBLICKEYBYTES) };
    let sk = unsafe { slice::from_raw_parts_mut(sk, params::CRYPTO_SECRETKEYBYTES) };
    sign::crypto_sign_keypair(pk, sk) as c_int
}

#[unsafe(no_mangle)]
pub unsafe extern "C" fn crypto_sign_signature(
    sig: *mut u8, siglen: *mut usize,
    m: *const u8, mlen: usize, sk: *const u8,
) -> c_int {
    let sig = unsafe { slice::from_raw_parts_mut(sig, params::SPX_BYTES) };
    let m = unsafe { slice::from_raw_parts(m, mlen) };
    let sk = unsafe { slice::from_raw_parts(sk, params::CRYPTO_SECRETKEYBYTES) };
    let siglen = unsafe { &mut *siglen };
    sign::crypto_sign_signature(sig, siglen, m, mlen, sk) as c_int
}

#[unsafe(no_mangle)]
pub unsafe extern "C" fn crypto_sign_verify(
    sig: *const u8, siglen: usize,
    m: *const u8, mlen: usize, pk: *const u8,
) -> c_int {
    let sig = unsafe { slice::from_raw_parts(sig, siglen) };
    let m = unsafe { slice::from_raw_parts(m, mlen) };
    let pk = unsafe { slice::from_raw_parts(pk, params::CRYPTO_PUBLICKEYBYTES) };
    sign::crypto_sign_verify(sig, siglen, m, mlen, pk) as c_int
}

#[unsafe(no_mangle)]
pub unsafe extern "C" fn crypto_sign(
    sm: *mut c_uchar, smlen: *mut c_ulonglong,
    m: *const c_uchar, mlen: c_ulonglong, sk: *const c_uchar,
) -> c_int {
    let mlen_usize = mlen as usize;
    let sm = unsafe { slice::from_raw_parts_mut(sm, params::SPX_BYTES + mlen_usize) };
    let m = unsafe { slice::from_raw_parts(m, mlen_usize) };
    let sk = unsafe { slice::from_raw_parts(sk, params::CRYPTO_SECRETKEYBYTES) };
    let smlen = unsafe { &mut *smlen };
    sign::crypto_sign_impl(sm, smlen, m, mlen, sk) as c_int
}

#[unsafe(no_mangle)]
pub unsafe extern "C" fn crypto_sign_open(
    m: *mut c_uchar, mlen: *mut c_ulonglong,
    sm: *const c_uchar, smlen: c_ulonglong, pk: *const c_uchar,
) -> c_int {
    let smlen_usize = smlen as usize;
    let m = unsafe { slice::from_raw_parts_mut(m, smlen_usize) };
    let sm = unsafe { slice::from_raw_parts(sm, smlen_usize) };
    let pk = unsafe { slice::from_raw_parts(pk, params::CRYPTO_PUBLICKEYBYTES) };
    let mlen = unsafe { &mut *mlen };
    sign::crypto_sign_open_impl(m, mlen, sm, smlen, pk) as c_int
}

// ---- rng.c exports ----

#[unsafe(no_mangle)]
pub unsafe extern "C" fn AES256_CTR_DRBG_Update(
    provided_data: *mut c_uchar, key: *mut c_uchar, v: *mut c_uchar,
) {
    let key = unsafe { slice::from_raw_parts_mut(key, 32) };
    let v = unsafe { slice::from_raw_parts_mut(v, 16) };
    let pd = if provided_data.is_null() {
        None
    } else {
        Some(unsafe { slice::from_raw_parts(provided_data, 48) } as &[u8])
    };
    rng::aes256_ctr_drbg_update(pd, key, v);
}

#[unsafe(no_mangle)]
pub unsafe extern "C" fn seedexpander_init(
    ctx: *mut rng::AesXofStruct, seed: *mut c_uchar,
    diversifier: *mut c_uchar, maxlen: c_ulong,
) -> c_int {
    let ctx = unsafe { &mut *ctx };
    let seed = unsafe { slice::from_raw_parts(seed, 32) };
    let diversifier = unsafe { slice::from_raw_parts(diversifier, 8) };
    rng::seedexpander_init(ctx, seed, diversifier, maxlen as u64) as c_int
}

#[unsafe(no_mangle)]
pub unsafe extern "C" fn seedexpander(
    ctx: *mut rng::AesXofStruct, x: *mut c_uchar, xlen: c_ulong,
) -> c_int {
    let ctx = unsafe { &mut *ctx };
    let xlen_usize = xlen as usize;
    let x = unsafe { slice::from_raw_parts_mut(x, xlen_usize) };
    rng::seedexpander(ctx, x, xlen_usize) as c_int
}

#[unsafe(no_mangle)]
pub unsafe extern "C" fn randombytes_init(
    entropy_input: *mut c_uchar, personalization_string: *mut c_uchar,
) {
    let entropy = unsafe { slice::from_raw_parts(entropy_input, 48) };
    let ps = if personalization_string.is_null() {
        None
    } else {
        Some(unsafe { slice::from_raw_parts(personalization_string, 48) } as &[u8])
    };
    rng::randombytes_init_global(entropy, ps);
}

#[unsafe(no_mangle)]
pub unsafe extern "C" fn randombytes(x: *mut c_uchar, xlen: c_ulonglong) -> c_int {
    let xlen_usize = xlen as usize;
    let x = unsafe { slice::from_raw_parts_mut(x, xlen_usize) };
    rng::randombytes_global(x, xlen_usize) as c_int
}
RUSTEOF
echo "lib.rs written"[0m[38;5;244m (using tool: shell)[0m
Purpose: Write lib.rs with all extern C exports

lib.rs written
[38;5;244m - Completed in 0.46s[0m
[38;5;12m[1m [1.16][0m[0m
[?25l[0m[38;5;141m> [0mNow let's try to build:[0m[0m
[?25l[0m[0mI will run the following command: [38;5;141mcd /local/home/scheschb/reserach/TRACTOR/harvest-agentic/results/P01_sphincs_plus/103_sha2_128f_s_gen_message_random_lib/translated_rust && cargo build --release 2>&1 | tail -80[0m[38;5;244m (using tool: shell)[0m
Purpose: First build attempt

  cargo:rustc-check-cfg=cfg(ossl110h)
  cargo:rustc-check-cfg=cfg(ossl111)
  cargo:rustc-check-cfg=cfg(ossl111b)
  cargo:rustc-check-cfg=cfg(ossl111c)
  cargo:rustc-check-cfg=cfg(ossl111d)
  cargo:rustc-check-cfg=cfg(ossl300)
  cargo:rustc-check-cfg=cfg(ossl310)
  cargo:rustc-check-cfg=cfg(ossl320)
  cargo:rustc-check-cfg=cfg(ossl330)
  cargo:rustc-check-cfg=cfg(ossl340)
  cargo:rerun-if-env-changed=X86_64_UNKNOWN_LINUX_GNU_OPENSSL_LIB_DIR
  X86_64_UNKNOWN_LINUX_GNU_OPENSSL_LIB_DIR unset
  cargo:rerun-if-env-changed=OPENSSL_LIB_DIR
  OPENSSL_LIB_DIR unset
  cargo:rerun-if-env-changed=X86_64_UNKNOWN_LINUX_GNU_OPENSSL_INCLUDE_DIR
  X86_64_UNKNOWN_LINUX_GNU_OPENSSL_INCLUDE_DIR unset
  cargo:rerun-if-env-changed=OPENSSL_INCLUDE_DIR
  OPENSSL_INCLUDE_DIR unset
  cargo:rerun-if-env-changed=X86_64_UNKNOWN_LINUX_GNU_OPENSSL_DIR
  X86_64_UNKNOWN_LINUX_GNU_OPENSSL_DIR unset
  cargo:rerun-if-env-changed=OPENSSL_DIR
  OPENSSL_DIR unset
  cargo:rerun-if-env-changed=OPENSSL_NO_PKG_CONFIG
  cargo:rerun-if-env-changed=PKG_CONFIG_x86_64-unknown-linux-gnu
  cargo:rerun-if-env-changed=PKG_CONFIG_x86_64_unknown_linux_gnu
  cargo:rerun-if-env-changed=HOST_PKG_CONFIG
  cargo:rerun-if-env-changed=PKG_CONFIG
  cargo:rerun-if-env-changed=OPENSSL_STATIC
  cargo:rerun-if-env-changed=OPENSSL_DYNAMIC
  cargo:rerun-if-env-changed=PKG_CONFIG_ALL_STATIC
  cargo:rerun-if-env-changed=PKG_CONFIG_ALL_DYNAMIC
  cargo:rerun-if-env-changed=PKG_CONFIG_PATH_x86_64-unknown-linux-gnu
  cargo:rerun-if-env-changed=PKG_CONFIG_PATH_x86_64_unknown_linux_gnu
  cargo:rerun-if-env-changed=HOST_PKG_CONFIG_PATH
  cargo:rerun-if-env-changed=PKG_CONFIG_PATH
  cargo:rerun-if-env-changed=PKG_CONFIG_LIBDIR_x86_64-unknown-linux-gnu
  cargo:rerun-if-env-changed=PKG_CONFIG_LIBDIR_x86_64_unknown_linux_gnu
  cargo:rerun-if-env-changed=HOST_PKG_CONFIG_LIBDIR
  cargo:rerun-if-env-changed=PKG_CONFIG_LIBDIR
  cargo:rerun-if-env-changed=PKG_CONFIG_SYSROOT_DIR_x86_64-unknown-linux-gnu
  cargo:rerun-if-env-changed=PKG_CONFIG_SYSROOT_DIR_x86_64_unknown_linux_gnu
  cargo:rerun-if-env-changed=HOST_PKG_CONFIG_SYSROOT_DIR
  cargo:rerun-if-env-changed=PKG_CONFIG_SYSROOT_DIR


  Could not find openssl via pkg-config:

  pkg-config exited with status code 1
  > PKG_CONFIG_ALLOW_SYSTEM_CFLAGS=1 pkg-config --libs --cflags openssl

  The system library `openssl` required by crate `openssl-sys` was not found.
  The file `openssl.pc` needs to be installed and the PKG_CONFIG_PATH environment variable must contain its parent directory.
  The PKG_CONFIG_PATH environment variable is not set.

  HINT: if you have installed the library, try setting PKG_CONFIG_PATH to the directory containing `openssl.pc`.


  cargo:warning=Could not find directory of OpenSSL installation, and this `-sys` crate cannot proceed without this knowledge. If OpenSSL is installed and this crate had trouble finding it,  you can set the `OPENSSL_DIR` environment variable for the compilation process. See stderr section below for further information.

  --- stderr


  Could not find directory of OpenSSL installation, and this `-sys` crate cannot
  proceed without this knowledge. If OpenSSL is installed and this crate had
  trouble finding it,  you can set the `OPENSSL_DIR` environment variable for the
  compilation process.

  Make sure you also have the development packages of openssl installed.
  For example, `libssl-dev` on Ubuntu or `openssl-devel` on Fedora.

  If you're in a situation where you think the directory *should* be found
  automatically, please open a bug at https://github.com/rust-openssl/rust-openssl
  and include information about your system as well as this message.

  $HOST = x86_64-unknown-linux-gnu
  $TARGET = x86_64-unknown-linux-gnu
  openssl-sys = 0.9.112


warning: build failed, waiting for other jobs to finish...
[38;5;244m - Completed in 3.425s[0m
[38;5;12m[1m [1.17][0m[0m
[?25l[0m[38;5;141m> [0mOpenSSL isn't available via pkg-config. Let me check what's available and use a pure Rust AES implementation instead:[0m[0m
[?25l[0m[0mI will run the following command: [38;5;141mfind /usr -name 'libssl*' -o -name 'libcrypto*' 2>/dev/null | head -10; echo "---"; find /usr -name 'openssl.pc' 2>/dev/null; echo "---"; ls /usr/include/openssl/ 2>/dev/null | head -5[0m[38;5;244m (using tool: shell)[0m
Purpose: Check for OpenSSL installation

/usr/magnet/lib/libcrypto.so.1.1
/usr/magnet/lib/libssl.so.1.1
/usr/magnet/lib/pkgconfig/libcrypto.pc
/usr/magnet/lib/pkgconfig/libssl.pc
/usr/lib64/libssl.so.10
/usr/lib64/libssl.so.1.0.2k
/usr/lib64/libssl3.so
/usr/lib64/libcrypto.so.1.1
/usr/lib64/libcrypto.so.1.0.2k
/usr/lib64/libssl.so.1.1.1zf
---
/usr/magnet/lib/pkgconfig/openssl.pc
/usr/hostidentity/lib/pkgconfig/openssl.pc
---
aes.h
asn1err.h
asn1.h
asn1_mac.h
asn1t.h
[38;5;244m - Completed in 1.626s[0m

[?25l[0m[38;5;141m> [0mLet me use the [38;5;10maes[0m crate instead of openssl for a pure Rust solution:[0m[0m
[?25l[0m[0mI'll create the following file: [38;5;141mCargo.toml[0m[38;5;244m (using tool: write)[0m

[49m[39m   1,  1[0m:[39m[49m [package]
[0m[49m[39m   2,  2[0m:[39m[49m name = "sphincs-plus-sha2-128f"
[0m[49m[39m   3,  3[0m:[39m[49m version = "0.1.0"
[0m[49m[39m   4,  4[0m:[39m[49m edition = "2021"
[0m[49m[39m   5,  5[0m:[39m[49m 
[0m[49m[39m   6,  6[0m:[39m[49m [lib]
[0m[49m[39m   7,  7[0m:[39m[49m crate-type = ["cdylib"]
[0m[49m[39m   8,  8[0m:[39m[49m 
[0m[49m[39m   9,  9[0m:[39m[49m [dependencies]
[0m[49m[38;5;9m- 10    [0m:[38;5;9m[49m openssl = "0.10"
[0m[49m[38;5;10m+     10[0m:[38;5;10m[49m aes = "0.8"
[0m[K
Replacing: [38;5;141mCargo.toml[0m
[38;5;244m - Completed in 0.47s[0m
[38;5;12m[1m [1.18][0m[0m
[?25l[0m[38;5;141m> [0mNow update rng.rs to use the [38;5;10maes[0m crate:[0m[0m
[?25l[0m[0mI will run the following command: [38;5;141mcat > /local/home/scheschb/reserach/TRACTOR/harvest-agentic/results/P01_sphincs_plus/103_sha2_128f_s_gen_message_random_lib/translated_rust/src/rng.rs << 'RUSTEOF'
use aes::cipher::{BlockEncrypt, KeyInit, generic_array::GenericArray};
use aes::Aes256;
use std::sync::Mutex;

const RNG_SUCCESS: i32 = 0;
const RNG_BAD_MAXLEN: i32 = -1;
const RNG_BAD_OUTBUF: i32 = -2;
const RNG_BAD_REQ_LEN: i32 = -3;

#[repr(C)]
pub struct AesXofStruct {
    pub buffer: [u8; 16],
    pub buffer_pos: usize,
    pub length_remaining: u64,
    pub key: [u8; 32],
    pub ctr: [u8; 16],
}

pub struct Aes256CtrDrbgStruct {
    pub key: [u8; 32],
    pub v: [u8; 16],
    pub reseed_counter: i32,
}

static DRBG_CTX: Mutex<Aes256CtrDrbgStruct> = Mutex::new(Aes256CtrDrbgStruct {
    key: [0u8; 32],
    v: [0u8; 16],
    reseed_counter: 0,
});

fn aes256_ecb(key: &[u8], ctr: &[u8], buffer: &mut [u8]) {
    let cipher = Aes256::new(GenericArray::from_slice(key));
    let mut block = *GenericArray::from_slice(&ctr[..16]);
    cipher.encrypt_block(&mut block);
    buffer[..16].copy_from_slice(&block);
}

pub fn aes256_ctr_drbg_update(provided_data: Option<&[u8]>, key: &mut [u8], v: &mut [u8]) {
    let mut temp = [0u8; 48];

    for i in 0..3 {
        for j in (0..16).rev() {
            if v[j] == 0xff {
                v[j] = 0x00;
            } else {
                v[j] += 1;
                break;
            }
        }
        aes256_ecb(key, v, &mut temp[16 * i..16 * i + 16]);
    }

    if let Some(data) = provided_data {
        for i in 0..48 {
            temp[i] ^= data[i];
        }
    }

    key[..32].copy_from_slice(&temp[..32]);
    v[..16].copy_from_slice(&temp[32..48]);
}

pub fn seedexpander_init(ctx: &mut AesXofStruct, seed: &[u8], diversifier: &[u8], maxlen: u64) -> i32 {
    if maxlen >= 0x100000000 {
        return RNG_BAD_MAXLEN;
    }

    ctx.length_remaining = maxlen;
    ctx.key[..32].copy_from_slice(&seed[..32]);
    ctx.ctr[..8].copy_from_slice(&diversifier[..8]);

    let mut ml = maxlen;
    ctx.ctr[11] = (ml % 256) as u8; ml >>= 8;
    ctx.ctr[10] = (ml % 256) as u8; ml >>= 8;
    ctx.ctr[9] = (ml % 256) as u8; ml >>= 8;
    ctx.ctr[8] = (ml % 256) as u8;
    ctx.ctr[12..16].fill(0);

    ctx.buffer_pos = 16;
    ctx.buffer.fill(0);

    RNG_SUCCESS
}

pub fn seedexpander(ctx: &mut AesXofStruct, x: &mut [u8], mut xlen: usize) -> i32 {
    if x.is_empty() {
        return RNG_BAD_OUTBUF;
    }
    if xlen as u64 >= ctx.length_remaining {
        return RNG_BAD_REQ_LEN;
    }

    ctx.length_remaining -= xlen as u64;
    let mut offset = 0usize;

    while xlen > 0 {
        if xlen <= 16 - ctx.buffer_pos {
            x[offset..offset + xlen].copy_from_slice(&ctx.buffer[ctx.buffer_pos..ctx.buffer_pos + xlen]);
            ctx.buffer_pos += xlen;
            return RNG_SUCCESS;
        }

        let avail = 16 - ctx.buffer_pos;
        x[offset..offset + avail].copy_from_slice(&ctx.buffer[ctx.buffer_pos..16]);
        xlen -= avail;
        offset += avail;

        aes256_ecb(&ctx.key, &ctx.ctr, &mut ctx.buffer);
        ctx.buffer_pos = 0;

        for i in (12..=15).rev() {
            if ctx.ctr[i] == 0xff {
                ctx.ctr[i] = 0x00;
            } else {
                ctx.ctr[i] += 1;
                break;
            }
        }
    }

    RNG_SUCCESS
}

pub fn randombytes_init_internal(entropy_input: &[u8], personalization_string: Option<&[u8]>, drbg: &mut Aes256CtrDrbgStruct) {
    let mut seed_material = [0u8; 48];
    seed_material.copy_from_slice(&entropy_input[..48]);

    if let Some(ps) = personalization_string {
        for i in 0..48 {
            seed_material[i] ^= ps[i];
        }
    }

    drbg.key.fill(0);
    drbg.v.fill(0);
    aes256_ctr_drbg_update(Some(&seed_material), &mut drbg.key, &mut drbg.v);
    drbg.reseed_counter = 1;
}

pub fn randombytes_internal(x: &mut [u8], mut xlen: usize, drbg: &mut Aes256CtrDrbgStruct) -> i32 {
    let mut block = [0u8; 16];
    let mut i = 0usize;

    while xlen > 0 {
        for j in (0..16).rev() {
            if drbg.v[j] == 0xff {
                drbg.v[j] = 0x00;
            } else {
                drbg.v[j] += 1;
                break;
            }
        }
        aes256_ecb(&drbg.key, &drbg.v, &mut block);
        if xlen > 15 {
            x[i..i + 16].copy_from_slice(&block);
            i += 16;
            xlen -= 16;
        } else {
            x[i..i + xlen].copy_from_slice(&block[..xlen]);
            xlen = 0;
        }
    }
    aes256_ctr_drbg_update(None, &mut drbg.key, &mut drbg.v);
    drbg.reseed_counter += 1;

    RNG_SUCCESS
}

pub fn randombytes_init_global(entropy_input: &[u8], personalization_string: Option<&[u8]>) {
    let mut drbg = DRBG_CTX.lock().unwrap();
    randombytes_init_internal(entropy_input, personalization_string, &mut drbg);
}

pub fn randombytes_global(x: &mut [u8], xlen: usize) -> i32 {
    let mut drbg = DRBG_CTX.lock().unwrap();
    randombytes_internal(x, xlen, &mut drbg)
}
RUSTEOF
echo "rng.rs rewritten"[0m[38;5;244m (using tool: shell)[0m
Purpose: Rewrite rng.rs to use aes crate instead of openssl

rng.rs rewritten
[38;5;244m - Completed in 0.54s[0m
[38;5;12m[1m [1.19][0m[0m
[?25l[0m[?25l[0m[0mI will run the following command: [38;5;141mcd /local/home/scheschb/reserach/TRACTOR/harvest-agentic/results/P01_sphincs_plus/103_sha2_128f_s_gen_message_random_lib/translated_rust && cargo build --release 2>&1 | tail -60[0m[38;5;244m (using tool: shell)[0m
Purpose: Second build attempt

   Compiling cpufeatures v0.2.17
   Compiling generic-array v0.14.7
   Compiling crypto-common v0.1.7
   Compiling inout v0.1.4
   Compiling cipher v0.4.4
   Compiling aes v0.8.4
   Compiling sphincs-plus-sha2-128f v0.1.0 (/local/home/scheschb/reserach/TRACTOR/harvest-agentic/results/P01_sphincs_plus/103_sha2_128f_s_gen_message_random_lib/translated_rust)
warning: unused import: `ull_to_bytes`
 --> src/sha2.rs:2:36
  |
2 | use crate::address::{u32_to_bytes, ull_to_bytes};
  |                                    ^^^^^^^^^^^^
  |
  = note: `#[warn(unused_imports)]` (part of `#[warn(unused)]`) on by default

warning: unused import: `u32_to_bytes`
 --> src/hash.rs:3:36
  |
3 | use crate::address::{bytes_to_ull, u32_to_bytes};
  |                                    ^^^^^^^^^^^^

error[E0502]: cannot borrow `buf` as immutable because it is also borrowed as mutable
  --> src/hash.rs:47:76
   |
47 |         sha256_inc_finalize(&mut buf[SPX_SHAX_BLOCK_BYTES..], &mut state, &buf[..SPX_N + mlen], mlen + SPX_N);
   |         -------------------      --- mutable borrow occurs here            ^^^ immutable borrow occurs here
   |         |
   |         mutable borrow later used by call
   |
   = help: use `.split_at_mut(position)` to obtain two mutable non-overlapping sub-slices

error[E0502]: cannot borrow `buf` as immutable because it is also borrowed as mutable
  --> src/hash.rs:65:49
   |
65 |     sha256(&mut buf[..SPX_SHA256_OUTPUT_BYTES], &buf, SPX_SHAX_BLOCK_BYTES + SPX_SHAX_OUTPUT_BYTES);
   |     ------      --- mutable borrow occurs here  ^^^^ immutable borrow occurs here
   |     |
   |     mutable borrow later used by call

error[E0502]: cannot borrow `buffer` as immutable because it is also borrowed as mutable
  --> src/utils.rs:27:41
   |
27 |             thash(&mut buffer[SPX_N..], &buffer, 2, ctx, addr);
   |             -----      ------           ^^^^^^^ immutable borrow occurs here
   |             |          |
   |             |          mutable borrow occurs here
   |             mutable borrow later used by call

error[E0502]: cannot borrow `buffer` as immutable because it is also borrowed as mutable
  --> src/utils.rs:30:41
   |
30 |             thash(&mut buffer[..SPX_N], &buffer, 2, ctx, addr);
   |             -----      ------           ^^^^^^^ immutable borrow occurs here
   |             |          |
   |             |          mutable borrow occurs here
   |             mutable borrow later used by call

For more information about this error, try `rustc --explain E0502`.
warning: `sphincs-plus-sha2-128f` (lib) generated 2 warnings
error: could not compile `sphincs-plus-sha2-128f` (lib) due to 4 previous errors; 2 warnings emitted
[38;5;244m - Completed in 2.117s[0m
[38;5;12m[1m [1.20][0m[0m
[?25l[0m[38;5;141m> [0mBorrow checker issues. Let me fix them:[0m[0m
[?25l[0m[0mI will run the following command: [38;5;141mcat > /local/home/scheschb/reserach/TRACTOR/harvest-agentic/results/P01_sphincs_plus/103_sha2_128f_s_gen_message_random_lib/translated_rust/src/hash.rs << 'RUSTEOF'
use crate::params::*;
use crate::context::SpxCtx;
use crate::address::bytes_to_ull;
use crate::sha2::*;

pub fn initialize_hash_function(ctx: &mut SpxCtx) {
    seed_state(ctx);
}

pub fn prf_addr(out: &mut [u8], ctx: &SpxCtx, addr: &[u32; 8]) {
    let mut sha2_state = [0u8; 40];
    let mut buf = [0u8; SPX_SHA256_ADDR_BYTES + SPX_N];
    let mut outbuf = [0u8; SPX_SHA256_OUTPUT_BYTES];

    sha2_state.copy_from_slice(&ctx.state_seeded);

    let addr_bytes = unsafe { &*(addr as *const [u32; 8] as *const [u8; 32]) };
    buf[..SPX_SHA256_ADDR_BYTES].copy_from_slice(&addr_bytes[..SPX_SHA256_ADDR_BYTES]);
    buf[SPX_SHA256_ADDR_BYTES..SPX_SHA256_ADDR_BYTES + SPX_N].copy_from_slice(&ctx.sk_seed);

    sha256_inc_finalize(&mut outbuf, &mut sha2_state, &buf, SPX_SHA256_ADDR_BYTES + SPX_N);
    out[..SPX_N].copy_from_slice(&outbuf[..SPX_N]);
}

pub fn gen_message_random(r: &mut [u8], sk_prf: &[u8], optrand: &[u8],
                          m: &[u8], mlen: u64, _ctx: &SpxCtx) {
    let mut buf = [0u8; SPX_SHAX_BLOCK_BYTES + SPX_SHAX_OUTPUT_BYTES];
    let mut state = [0u8; 8 + SPX_SHAX_OUTPUT_BYTES];

    for i in 0..SPX_N {
        buf[i] = 0x36 ^ sk_prf[i];
    }
    for i in SPX_N..SPX_SHAX_BLOCK_BYTES {
        buf[i] = 0x36;
    }

    sha256_inc_init(&mut state);
    sha256_inc_blocks(&mut state, &buf, 1);

    buf[..SPX_N].copy_from_slice(&optrand[..SPX_N]);

    let mlen = mlen as usize;
    if SPX_N + mlen < SPX_SHAX_BLOCK_BYTES {
        buf[SPX_N..SPX_N + mlen].copy_from_slice(&m[..mlen]);
        let tmp = buf; // copy to avoid borrow conflict
        sha256_inc_finalize(&mut buf[SPX_SHAX_BLOCK_BYTES..], &mut state, &tmp[..SPX_N + mlen], mlen + SPX_N);
    } else {
        buf[SPX_N..SPX_SHAX_BLOCK_BYTES].copy_from_slice(&m[..SPX_SHAX_BLOCK_BYTES - SPX_N]);
        sha256_inc_blocks(&mut state, &buf, 1);

        let m_rest = &m[SPX_SHAX_BLOCK_BYTES - SPX_N..];
        let mlen_rest = mlen - (SPX_SHAX_BLOCK_BYTES - SPX_N);
        sha256_inc_finalize(&mut buf[SPX_SHAX_BLOCK_BYTES..], &mut state, m_rest, mlen_rest);
    }

    for i in 0..SPX_N {
        buf[i] = 0x5c ^ sk_prf[i];
    }
    for i in SPX_N..SPX_SHAX_BLOCK_BYTES {
        buf[i] = 0x5c;
    }

    let tmp = buf; // copy to avoid borrow conflict
    sha256(&mut buf[..SPX_SHA256_OUTPUT_BYTES], &tmp, SPX_SHAX_BLOCK_BYTES + SPX_SHAX_OUTPUT_BYTES);
    r[..SPX_N].copy_from_slice(&buf[..SPX_N]);
}

pub fn hash_message(digest: &mut [u8], tree: &mut u64, leaf_idx: &mut u32,
                    r: &[u8], pk: &[u8], m: &[u8], mlen: u64, _ctx: &SpxCtx) {
    let mlen = mlen as usize;
    let mut seed = [0u8; 2 * SPX_N + SPX_SHAX_OUTPUT_BYTES];
    let mut inbuf = [0u8; SPX_INBLOCKS * SPX_SHAX_BLOCK_BYTES];
    let mut buf = [0u8; SPX_DGST_BYTES];
    let mut state = [0u8; 8 + SPX_SHAX_OUTPUT_BYTES];

    sha256_inc_init(&mut state);

    inbuf[..SPX_N].copy_from_slice(&r[..SPX_N]);
    inbuf[SPX_N..SPX_N + SPX_PK_BYTES].copy_from_slice(&pk[..SPX_PK_BYTES]);

    if SPX_N + SPX_PK_BYTES + mlen < SPX_INBLOCKS * SPX_SHAX_BLOCK_BYTES {
        inbuf[SPX_N + SPX_PK_BYTES..SPX_N + SPX_PK_BYTES + mlen].copy_from_slice(&m[..mlen]);
        sha256_inc_finalize(&mut seed[2 * SPX_N..], &mut state, &inbuf, SPX_N + SPX_PK_BYTES + mlen);
    } else {
        let fill = SPX_INBLOCKS * SPX_SHAX_BLOCK_BYTES - SPX_N - SPX_PK_BYTES;
        inbuf[SPX_N + SPX_PK_BYTES..SPX_INBLOCKS * SPX_SHAX_BLOCK_BYTES].copy_from_slice(&m[..fill]);
        sha256_inc_blocks(&mut state, &inbuf, SPX_INBLOCKS);

        let m_rest = &m[fill..];
        let mlen_rest = mlen - fill;
        sha256_inc_finalize(&mut seed[2 * SPX_N..], &mut state, m_rest, mlen_rest);
    }

    seed[..SPX_N].copy_from_slice(&r[..SPX_N]);
    seed[SPX_N..2 * SPX_N].copy_from_slice(&pk[..SPX_N]);

    mgf1_256(&mut buf, SPX_DGST_BYTES, &seed, 2 * SPX_N + SPX_SHAX_OUTPUT_BYTES);

    digest[..SPX_FORS_MSG_BYTES].copy_from_slice(&buf[..SPX_FORS_MSG_BYTES]);
    let mut bufp = SPX_FORS_MSG_BYTES;

    if SPX_D == 1 {
        *tree = 0;
    } else {
        *tree = bytes_to_ull(&buf[bufp..], SPX_TREE_BYTES);
        *tree &= (!0u64) >> (64 - SPX_TREE_BITS);
    }
    bufp += SPX_TREE_BYTES;

    *leaf_idx = bytes_to_ull(&buf[bufp..], SPX_LEAF_BYTES) as u32;
    *leaf_idx &= (!0u32) >> (32 - SPX_LEAF_BITS);
}
RUSTEOF
echo "hash.rs fixed"[0m[38;5;244m (using tool: shell)[0m
Purpose: Fix borrow checker issues in hash.rs

hash.rs fixed
[38;5;244m - Completed in 0.58s[0m
[38;5;12m[1m [1.21][0m[0m
[?25l[0m[38;5;141m> [0mNow fix utils.rs borrow issues:[0m[0m
[?25l[0m[0mI'll modify the following file: [38;5;141msrc/utils.rs[0m[38;5;244m (using tool: write)[0m

[48;2;43;48;59m[39m  26, 26[0m:[39m[48;2;43;48;59m [38;2;192;197;206m        [38;2;180;142;173mif[38;2;192;197;206m leaf_idx [38;2;192;197;206m&[38;2;192;197;206m [38;2;208;135;112m1[38;2;192;197;206m [38;2;192;197;206m![38;2;192;197;206m=[38;2;192;197;206m [38;2;208;135;112m0[38;2;192;197;206m [38;2;192;197;206m{[K
[0m[48;2;79;40;40m[39m- 27    [0m:[39m[48;2;36;25;28m [38;2;192;197;206m            [38;2;150;181;180mthash[38;2;192;197;206m([38;2;192;197;206m&[38;2;180;142;173mmut[38;2;192;197;206m buffer[38;2;192;197;206m[[38;2;208;135;112mSPX_N[38;2;192;197;206m..[38;2;192;197;206m][38;2;192;197;206m,[38;2;192;197;206m [38;2;192;197;206m&[38;2;192;197;206mbuffer[38;2;192;197;206m,[38;2;192;197;206m [38;2;208;135;112m2[38;2;192;197;206m,[38;2;192;197;206m ctx[38;2;192;197;206m,[38;2;192;197;206m addr[38;2;192;197;206m)[38;2;192;197;206m;[K
[0m[48;2;40;67;43m[39m+     27[0m:[39m[48;2;24;38;30m [38;2;192;197;206m            [38;2;180;142;173mlet[38;2;192;197;206m tmp [38;2;192;197;206m=[38;2;192;197;206m buffer[38;2;192;197;206m;[K
[0m[48;2;40;67;43m[39m+     28[0m:[39m[48;2;24;38;30m [38;2;192;197;206m            [38;2;150;181;180mthash[38;2;192;197;206m([38;2;192;197;206m&[38;2;180;142;173mmut[38;2;192;197;206m buffer[38;2;192;197;206m[[38;2;208;135;112mSPX_N[38;2;192;197;206m..[38;2;192;197;206m][38;2;192;197;206m,[38;2;192;197;206m [38;2;192;197;206m&[38;2;192;197;206mtmp[38;2;192;197;206m,[38;2;192;197;206m [38;2;208;135;112m2[38;2;192;197;206m,[38;2;192;197;206m ctx[38;2;192;197;206m,[38;2;192;197;206m addr[38;2;192;197;206m)[38;2;192;197;206m;[K
[0m[48;2;43;48;59m[39m  28, 29[0m:[39m[48;2;43;48;59m [38;2;192;197;206m            buffer[38;2;192;197;206m[[38;2;192;197;206m..[38;2;208;135;112mSPX_N[38;2;192;197;206m][38;2;192;197;206m.[38;2;150;181;180mcopy_from_slice[38;2;192;197;206m([38;2;192;197;206m&[38;2;192;197;206mauth_path[38;2;192;197;206m[[38;2;192;197;206mauth_off[38;2;192;197;206m..[38;2;192;197;206mauth_off [38;2;192;197;206m+[38;2;192;197;206m [38;2;208;135;112mSPX_N[38;2;192;197;206m][38;2;192;197;206m)[38;2;192;197;206m;[K
[0m[48;2;43;48;59m[39m  29, 30[0m:[39m[48;2;43;48;59m [38;2;192;197;206m        [38;2;192;197;206m}[38;2;192;197;206m [38;2;180;142;173melse[38;2;192;197;206m [38;2;192;197;206m{[K
[0m[48;2;79;40;40m[39m- 30    [0m:[39m[48;2;36;25;28m [38;2;192;197;206m            [38;2;150;181;180mthash[38;2;192;197;206m([38;2;192;197;206m&[38;2;180;142;173mmut[38;2;192;197;206m buffer[38;2;192;197;206m[[38;2;192;197;206m..[38;2;208;135;112mSPX_N[38;2;192;197;206m][38;2;192;197;206m,[38;2;192;197;206m [38;2;192;197;206m&[38;2;192;197;206mbuffer[38;2;192;197;206m,[38;2;192;197;206m [38;2;208;135;112m2[38;2;192;197;206m,[38;2;192;197;206m ctx[38;2;192;197;206m,[38;2;192;197;206m addr[38;2;192;197;206m)[38;2;192;197;206m;[K
[0m[48;2;40;67;43m[39m+     31[0m:[39m[48;2;24;38;30m [38;2;192;197;206m            [38;2;180;142;173mlet[38;2;192;197;206m tmp [38;2;192;197;206m=[38;2;192;197;206m buffer[38;2;192;197;206m;[K
[0m[48;2;40;67;43m[39m+     32[0m:[39m[48;2;24;38;30m [38;2;192;197;206m            [38;2;150;181;180mthash[38;2;192;197;206m([38;2;192;197;206m&[38;2;180;142;173mmut[38;2;192;197;206m buffer[38;2;192;197;206m[[38;2;192;197;206m..[38;2;208;135;112mSPX_N[38;2;192;197;206m][38;2;192;197;206m,[38;2;192;197;206m [38;2;192;197;206m&[38;2;192;197;206mtmp[38;2;192;197;206m,[38;2;192;197;206m [38;2;208;135;112m2[38;2;192;197;206m,[38;2;192;197;206m ctx[38;2;192;197;206m,[38;2;192;197;206m addr[38;2;192;197;206m)[38;2;192;197;206m;[K
[0m[48;2;43;48;59m[39m  31, 33[0m:[39m[48;2;43;48;59m [38;2;192;197;206m            buffer[38;2;192;197;206m[[38;2;208;135;112mSPX_N[38;2;192;197;206m..[38;2;208;135;112m2[38;2;192;197;206m [38;2;192;197;206m*[38;2;192;197;206m [38;2;208;135;112mSPX_N[38;2;192;197;206m][38;2;192;197;206m.[38;2;150;181;180mcopy_from_slice[38;2;192;197;206m([38;2;192;197;206m&[38;2;192;197;206mauth_path[38;2;192;197;206m[[38;2;192;197;206mauth_off[38;2;192;197;206m..[38;2;192;197;206mauth_off [38;2;192;197;206m+[38;2;192;197;206m [38;2;208;135;112mSPX_N[38;2;192;197;206m][38;2;192;197;206m)[38;2;192;197;206m;[K
[0m[48;2;43;48;59m[39m  32, 34[0m:[39m[48;2;43;48;59m [38;2;192;197;206m        [38;2;192;197;206m}[K
[0m[K
Updating: [38;5;141msrc/utils.rs[0m
[38;5;244m - Completed in 0.53s[0m
[38;5;12m[1m [1.22][0m[0m
[?25l[0m[?25l[0m[0mI will run the following command: [38;5;141mcd /local/home/scheschb/reserach/TRACTOR/harvest-agentic/results/P01_sphincs_plus/103_sha2_128f_s_gen_message_random_lib/translated_rust && cargo build --release 2>&1 | tail -40[0m[38;5;244m (using tool: shell)[0m
Purpose: Third build attempt

    |    ^^^^^^^^^^^^^^^^^^^^^^^^

warning: function `sha512_inc_init` is never used
   --> src/sha2.rs:195:8
    |
195 | pub fn sha512_inc_init(state: &mut [u8]) {
    |        ^^^^^^^^^^^^^^^

warning: function `sha512_inc_blocks` is never used
   --> src/sha2.rs:207:8
    |
207 | pub fn sha512_inc_blocks(state: &mut [u8], data: &[u8], inblocks: usize) {
    |        ^^^^^^^^^^^^^^^^^

warning: function `sha512_inc_finalize` is never used
   --> src/sha2.rs:252:8
    |
252 | pub fn sha512_inc_finalize(out: &mut [u8], state: &mut [u8], data: &[u8], inlen: usize) {
    |        ^^^^^^^^^^^^^^^^^^^

warning: function `sha512` is never used
   --> src/sha2.rs:298:8
    |
298 | pub fn sha512(out: &mut [u8], data: &[u8], inlen: usize) {
    |        ^^^^^^

warning: function `mgf1_512` is never used
   --> src/sha2.rs:323:8
    |
323 | pub fn mgf1_512(out: &mut [u8], outlen: usize, input: &[u8], inlen: usize) {
    |        ^^^^^^^^

warning: function `treehash` is never used
  --> src/utils.rs:45:8
   |
45 | pub fn treehash(root: &mut [u8], auth_path: &mut [u8], ctx: &SpxCtx,
   |        ^^^^^^^^

warning: `sphincs-plus-sha2-128f` (lib) generated 20 warnings (run `cargo fix --lib -p sphincs-plus-sha2-128f` to apply 1 suggestion)
    Finished `release` profile [optimized] target(s) in 0.44s
[38;5;244m - Completed in 0.561s[0m
[38;5;12m[1m [1.23][0m[0m
[?25l[0m[38;5;141m> [0mIt compiles successfully. Let me verify the output library exists:[0m[0m
[?25l[0m[0mI will run the following command: [38;5;141mls -la /local/home/scheschb/reserach/TRACTOR/harvest-agentic/results/P01_sphincs_plus/103_sha2_128f_s_gen_message_random_lib/translated_rust/target/release/*.so 2>/dev/null; nm -D /local/home/scheschb/reserach/TRACTOR/harvest-agentic/results/P01_sphincs_plus/103_sha2_128f_s_gen_message_random_lib/translated_rust/target/release/libsphincs_plus_sha2_128f.so 2>/dev/null | grep -E ' T (crypto_sign|AES256|seedexpander|randombytes)'[0m[38;5;244m (using tool: shell)[0m
Purpose: Verify the built library and exported symbols

-rwxr-xr-x 2 scheschb amazon 443480 Mar 14 17:08 /local/home/scheschb/reserach/TRACTOR/harvest-agentic/results/P01_sphincs_plus/103_sha2_128f_s_gen_message_random_lib/translated_rust/target/release/libsphincs_plus_sha2_128f.so
000000000000c060 T AES256_CTR_DRBG_Update
000000000000d0d0 T crypto_sign
000000000000d180 T crypto_sign_bytes
000000000000d190 T crypto_sign_keypair
000000000000d1f0 T crypto_sign_open
000000000000d220 T crypto_sign_publickeybytes
000000000000d230 T crypto_sign_secretkeybytes
000000000000d340 T crypto_sign_seedbytes
000000000000d240 T crypto_sign_seed_keypair
000000000000d350 T crypto_sign_signature
000000000000d380 T crypto_sign_verify
000000000000d3b0 T randombytes
000000000000d3d0 T randombytes_init
000000000000d590 T seedexpander
000000000000d890 T seedexpander_init
[38;5;244m - Completed in 0.17s[0m

[?25l[0m[38;5;141m> [0mAll exported symbols are present. Let me clean up the warnings by suppressing them at the crate level:[0m[0m
[?25l[0m[0mReading file: [38;5;141m/local/home/scheschb/reserach/TRACTOR/harvest-agentic/results/P01_sphincs_plus/103_sha2_128f_s_gen_message_random_lib/translated_rust/src/lib.rs[0m, from line [38;5;141m1[0m to [38;5;141m2[0m[38;5;244m (using tool: read)[0m
[38;5;10m ✓ [0mSuccessfully read [38;5;244m38 bytes[0m from /local/home/scheschb/reserach/TRACTOR/harvest-agentic/results/P01_sphincs_plus/103_sha2_128f_s_gen_message_random_lib/translated_rust/src/lib.rs
[38;5;244m - Completed in 0.7s[0m

[?25l[0m[?25l[0m[0mI'll modify the following file: [38;5;141msrc/lib.rs[0m[38;5;244m (using tool: write)[0m

[48;2;79;40;40m[39m- 1   [0m:[39m[48;2;36;25;28m [38;2;192;197;206m#![38;2;192;197;206m[[38;2;191;97;106mallow[38;2;192;197;206m([38;2;192;197;206mclippy::missing_safety_doc[38;2;192;197;206m)[38;2;192;197;206m][K
[0m[48;2;40;67;43m[39m+    1[0m:[39m[48;2;24;38;30m [38;2;192;197;206m#![38;2;192;197;206m[[38;2;191;97;106mallow[38;2;192;197;206m([38;2;192;197;206mclippy::missing_safety_doc[38;2;192;197;206m,[38;2;192;197;206m dead_code[38;2;192;197;206m,[38;2;192;197;206m unused_imports[38;2;192;197;206m)[38;2;192;197;206m][K
[0m[K
Updating: [38;5;141msrc/lib.rs[0m
[38;5;244m - Completed in 0.53s[0m
[38;5;12m[1m [1.24][0m[0m
[?25l[0m[?25l[0m[0mI will run the following command: [38;5;141mcd /local/home/scheschb/reserach/TRACTOR/harvest-agentic/results/P01_sphincs_plus/103_sha2_128f_s_gen_message_random_lib/translated_rust && cargo build --release 2>&1 | tail -5[0m[38;5;244m (using tool: shell)[0m
Purpose: Final clean build

   Compiling sphincs-plus-sha2-128f v0.1.0 (/local/home/scheschb/reserach/TRACTOR/harvest-agentic/results/P01_sphincs_plus/103_sha2_128f_s_gen_message_random_lib/translated_rust)
    Finished `release` profile [optimized] target(s) in 0.43s
[38;5;244m - Completed in 0.551s[0m
[38;5;12m[1m [1.25][0m[0m
[?25l[0m[38;5;141m> [0mClean build with no warnings. Let me update the TODO list:[0m[0m
[?25l[0m[0m[38;5;11mTODO:
[39m[38;5;10m[x] [3m[38;5;244mRead all C source files and headers to understand the codebase[23m
[38;5;10m[x] [3m[38;5;244mRead the README and params file for SHA2-128f[23m
[38;5;10m[x] [3m[38;5;244mCreate Cargo.toml and src/lib.rs with the translated Rust code[23m
[38;5;10m[x] [3m[38;5;244mBuild with cargo build --release and fix errors[23m[38;5;244m - Completed in 0.10s[0m

[?25l[0m[38;5;141m> [0mThe translation is complete. Here's a summary of what was created:[0m[0m
[0m[0m
[1mFiles created:[22m[0m[0m
- [38;5;10mCargo.toml[0m — cdylib crate with [38;5;10maes[0m dependency (pure Rust AES-256-ECB, replacing OpenSSL)[0m[0m
- [38;5;10msrc/lib.rs[0m — All 15 [38;5;10mextern "C"[0m exports with [38;5;10m#[unsafe(no_mangle)][0m[0m[0m
- [38;5;10msrc/params.rs[0m — All SPHINCS+ SHA2-128f constants (SPX_N=16, SPX_D=22, etc.)[0m[0m
- [38;5;10msrc/context.rs[0m — [38;5;10mSpxCtx[0m struct with [38;5;10mstate_seeded[40][0m for SHA-256[0m[0m
- [38;5;10msrc/address.rs[0m — Address manipulation functions (set_layer_addr, set_tree_addr, etc.)[0m[0m
- [38;5;10msrc/sha2.rs[0m — Full SHA-256/512 implementation, MGF1, seed_state[0m[0m
- [38;5;10msrc/hash.rs[0m — [38;5;10minitialize_hash_function[0m, [38;5;10mprf_addr[0m, [38;5;10mgen_message_random[0m, [38;5;10mhash_message[0m[0m[0m
- [38;5;10msrc/thash.rs[0m — Simple SHA-256 thash (SPX_SHA512=0 path only)[0m[0m
- [38;5;10msrc/utils.rs[0m — [38;5;10mcompute_root[0m, [38;5;10mtreehash[0m[0m[0m
- [38;5;10msrc/wots.rs[0m — WOTS+ chain generation, [38;5;10mchain_lengths[0m, [38;5;10mwots_pk_from_sig[0m[0m[0m
- [38;5;10msrc/wotsx1.rs[0m — [38;5;10mwots_gen_leafx1[0m with signing logic[0m[0m
- [38;5;10msrc/utilsx1.rs[0m — [38;5;10mwots_treehashx1[0m, [38;5;10mfors_treehashx1[0m[0m[0m
- [38;5;10msrc/fors.rs[0m — FORS signing and verification[0m[0m
- [38;5;10msrc/merkle.rs[0m — Merkle tree signing and root generation[0m[0m
- [38;5;10msrc/rng.rs[0m — NIST AES-256-CTR-DRBG and seed expander[0m[0m
- [38;5;10msrc/sign.rs[0m — Top-level sign/verify/keypair functions[0m[0m
[0m[0m
[1mExported symbols[22m (all 15 match the C originals):[0m[0m
[38;5;10mcrypto_sign_secretkeybytes[0m, [38;5;10mcrypto_sign_publickeybytes[0m, [38;5;10mcrypto_sign_bytes[0m, [38;5;10mcrypto_sign_seedbytes[0m, [38;5;10mcrypto_sign_seed_keypair[0m, [38;5;10mcrypto_sign_keypair[0m, [38;5;10mcrypto_sign_signature[0m, [38;5;10mcrypto_sign_verify[0m, [38;5;10mcrypto_sign[0m, [38;5;10mcrypto_sign_open[0m, [38;5;10mAES256_CTR_DRBG_Update[0m, [38;5;10mseedexpander_init[0m, [38;5;10mseedexpander[0m, [38;5;10mrandombytes_init[0m, [38;5;10mrandombytes[0m[0m[0m[38;5;12m[1m✓ Created checkpoint 1

[0m[0m
[38;5;8m
 ▸ Credits: 35.43 • Time: 10m 48s

[0m[1G[0m[0m[?25h