[32mAll tools are now trusted ([0m[31m![0m[32m). Kiro will execute tools without asking for confirmation.[0m
Agents can sometimes do unexpected things so understand the risks.

Learn more at [38;5;141mhttps://kiro.dev/docs/cli/chat/security/#using-tools-trust-all-safely[0m

[38;5;12m[1m📷 Checkpoints are enabled! (took 0.04s)

[0m
[38;5;252m[0m[?25l[38;5;141m> [0m[0m[0m
[0m[0m
Let me start by examining the C source code to understand what needs to be translated.[0m[0m
[?25l[0m[0mReading directory: [38;5;141m/local/home/scheschb/reserach/TRACTOR/harvest-agentic/results/B02_synthetic/hashmap-tree/translated_rust/c_src[0m[38;5;244m (using tool: read, max depth: 1, max entries: 1000, excluding: defaults)[0m
[38;5;10m ✓ [0mSuccessfully read directory [38;5;141m/local/home/scheschb/reserach/TRACTOR/harvest-agentic/results/B02_synthetic/hashmap-tree/translated_rust/c_src[0m [38;5;244m(8 entries)[0m
[38;5;244m - Completed in 0.4s[0m

[?25l[0m[?25l[0m[0mBatch fs_read operation with [38;5;141m5[0m operations[38;5;244m (using tool: read)[0m

↱ Operation 1: Reading file: [38;5;141m/local/home/scheschb/reserach/TRACTOR/harvest-agentic/results/B02_synthetic/hashmap-tree/translated_rust/c_src/include/hashmap.h[0m, all lines
↱ Operation 2: Reading file: [38;5;141m/local/home/scheschb/reserach/TRACTOR/harvest-agentic/results/B02_synthetic/hashmap-tree/translated_rust/c_src/include/tree.h[0m, all lines
↱ Operation 3: Reading file: [38;5;141m/local/home/scheschb/reserach/TRACTOR/harvest-agentic/results/B02_synthetic/hashmap-tree/translated_rust/c_src/src/hashmap.c[0m, all lines
↱ Operation 4: Reading file: [38;5;141m/local/home/scheschb/reserach/TRACTOR/harvest-agentic/results/B02_synthetic/hashmap-tree/translated_rust/c_src/src/tree.c[0m, all lines
↱ Operation 5: Reading file: [38;5;141m/local/home/scheschb/reserach/TRACTOR/harvest-agentic/results/B02_synthetic/hashmap-tree/translated_rust/c_src/src/main.c[0m, all lines
[38;5;10m ✓ [0mSuccessfully read [38;5;244m2229 bytes[0m from /local/home/scheschb/reserach/TRACTOR/harvest-agentic/results/B02_synthetic/hashmap-tree/translated_rust/c_src/include/hashmap.h

[38;5;10m ✓ [0mSuccessfully read [38;5;244m2499 bytes[0m from /local/home/scheschb/reserach/TRACTOR/harvest-agentic/results/B02_synthetic/hashmap-tree/translated_rust/c_src/include/tree.h

[38;5;10m ✓ [0mSuccessfully read [38;5;244m6009 bytes[0m from /local/home/scheschb/reserach/TRACTOR/harvest-agentic/results/B02_synthetic/hashmap-tree/translated_rust/c_src/src/hashmap.c

[38;5;10m ✓ [0mSuccessfully read [38;5;244m8497 bytes[0m from /local/home/scheschb/reserach/TRACTOR/harvest-agentic/results/B02_synthetic/hashmap-tree/translated_rust/c_src/src/tree.c

[38;5;10m ✓ [0mSuccessfully read [38;5;244m12162 bytes[0m from /local/home/scheschb/reserach/TRACTOR/harvest-agentic/results/B02_synthetic/hashmap-tree/translated_rust/c_src/src/main.c

 ⋮ 

[38;5;244m- [0mSummary: 5 operations processed, 5 successful, 0 failed
[38;5;244m - Completed in 0.4s[0m

[?25l[0m[38;5;141m> [0mNow I have a thorough understanding of the C code. Let me create the Rust translation.[0m[0m
[?25l[0m[0m[38;5;11mTODO:
[39m[0m[ ] Create Cargo.toml
[0m[ ] Create src/main.rs with hashmap, tree, and all tests translated from C
[0m[ ] Build and fix any compilation errors[38;5;244m - Completed in 0.4s[0m

[?25l[0m[?25l[0m[0mI'll create the following file: [38;5;141m/local/home/scheschb/reserach/TRACTOR/harvest-agentic/results/B02_synthetic/hashmap-tree/translated_rust/Cargo.toml[0m[38;5;244m (using tool: write)[0m

[49m[38;5;10m+    1[0m:[38;5;10m[49m [package]
[0m[49m[38;5;10m+    2[0m:[38;5;10m[49m name = "hashmap-tree"
[0m[49m[38;5;10m+    3[0m:[38;5;10m[49m version = "0.1.0"
[0m[49m[38;5;10m+    4[0m:[38;5;10m[49m edition = "2021"
[0m[K
Creating: [38;5;141m/local/home/scheschb/reserach/TRACTOR/harvest-agentic/results/B02_synthetic/hashmap-tree/translated_rust/Cargo.toml[0m
[38;5;244m - Completed in 0.35s[0m
[38;5;12m[1m [1.1][0m[0m
[?25l[0m[?25l[0m[0m[38;5;11mTODO:
[39m[38;5;10m[x] [3m[38;5;244mCreate Cargo.toml[23m
[0m[ ] Create src/main.rs with hashmap, tree, and all tests translated from C[38;5;244m - Completed in 0.4s[0m

[?25l[0m[38;5;141m> [0mNow the main translation. Key observations from the C code:[0m[0m
[0m[0m
- [38;5;10mtree_id_t[0m is [38;5;10mu64[0m[0m[0m
- Hashmap uses FNV-1a hash with open addressing (linear probing)[0m[0m
- [38;5;10m%lu[0m format for [38;5;10mtree_id_t[0m — on Linux/64-bit this prints [38;5;10mu64[0m as decimal[0m[0m
- [38;5;10mtree_add_node[0m prints errors to stderr with [38;5;10m%lu[0m[0m[0m
- [38;5;10mtree_print[0m uses [38;5;10mprintf("[%lu] %s\n", ...)[0m with 2-space indentation per depth[0m[0m
- Tests use UTF-8 checkmark/cross characters and [38;5;10m__func__[0m equivalent[0m[0m
- The [38;5;10mtest_tree_duplicate_id[0m test triggers the stderr "already exists" message[0m[0m
- The [38;5;10mtest_tree_max_children[0m test triggers the stderr "maximum children" message[0m[0m
[?25l[0m[0mI'll create the following file: [38;5;141m/local/home/scheschb/reserach/TRACTOR/harvest-agentic/results/B02_synthetic/hashmap-tree/translated_rust/src/main.rs[0m[38;5;244m (using tool: write)[0m

[48;2;40;67;43m[39m+      1[0m:[39m[48;2;24;38;30m [38;2;180;142;173muse[38;2;192;197;206m [38;2;192;197;206mstd[38;2;192;197;206m::[38;2;192;197;206mcollections[38;2;192;197;206m::[38;2;192;197;206mHashMap[38;2;192;197;206m;[K
[0m[48;2;40;67;43m[39m+      2[0m:[39m[48;2;24;38;30m [K
[0m[48;2;40;67;43m[39m+      3[0m:[39m[48;2;24;38;30m [38;2;101;115;126m//[38;2;101;115;126m ============================================================[K
[0m[48;2;40;67;43m[39m+      4[0m:[39m[48;2;24;38;30m [38;2;101;115;126m//[38;2;101;115;126m Hashmap (open-addressing, FNV-1a, linear probing)[K
[0m[48;2;40;67;43m[39m+      5[0m:[39m[48;2;24;38;30m [38;2;101;115;126m//[38;2;101;115;126m ============================================================[K
[0m[48;2;40;67;43m[39m+      6[0m:[39m[48;2;24;38;30m [K
[0m[48;2;40;67;43m[39m+      7[0m:[39m[48;2;24;38;30m [38;2;180;142;173mconst[38;2;192;197;206m [38;2;208;135;112mHASHMAP_INITIAL_CAPACITY[38;2;192;197;206m:[38;2;192;197;206m [38;2;180;142;173musize[38;2;192;197;206m [38;2;192;197;206m=[38;2;192;197;206m [38;2;208;135;112m16[38;2;192;197;206m;[K
[0m[48;2;40;67;43m[39m+      8[0m:[39m[48;2;24;38;30m [38;2;180;142;173mconst[38;2;192;197;206m [38;2;208;135;112mHASHMAP_LOAD_FACTOR[38;2;192;197;206m:[38;2;192;197;206m [38;2;180;142;173mf64[38;2;192;197;206m [38;2;192;197;206m=[38;2;192;197;206m [38;2;208;135;112m0.[38;2;208;135;112m75[38;2;192;197;206m;[K
[0m[48;2;40;67;43m[39m+      9[0m:[39m[48;2;24;38;30m [K
[0m[48;2;40;67;43m[39m+     10[0m:[39m[48;2;24;38;30m [38;2;180;142;173mtype[38;2;192;197;206m [38;2;192;197;206mTreeId[38;2;192;197;206m [38;2;192;197;206m=[38;2;192;197;206m [38;2;180;142;173mu64[38;2;192;197;206m;[K
[0m[48;2;40;67;43m[39m+     11[0m:[39m[48;2;24;38;30m [K
[0m[48;2;40;67;43m[39m+     12[0m:[39m[48;2;24;38;30m [38;2;192;197;206m#[38;2;192;197;206m[[38;2;191;97;106mderive[38;2;192;197;206m([38;2;192;197;206mClone[38;2;192;197;206m)[38;2;192;197;206m][K
[0m[48;2;40;67;43m[39m+     13[0m:[39m[48;2;24;38;30m [38;2;180;142;173mstruct[38;2;192;197;206m [38;2;192;197;206mHashmapEntry[38;2;192;197;206m [38;2;192;197;206m{[K
[0m[48;2;40;67;43m[39m+     14[0m:[39m[48;2;24;38;30m [38;2;192;197;206m    [38;2;191;97;106mkey[38;2;192;197;206m:[38;2;192;197;206m TreeId,[K
[0m[48;2;40;67;43m[39m+     15[0m:[39m[48;2;24;38;30m [38;2;192;197;206m    [38;2;191;97;106mvalue[38;2;192;197;206m:[38;2;192;197;206m [38;2;180;142;173musize[38;2;192;197;206m, [38;2;101;115;126m//[38;2;101;115;126m index into a value store[K
[0m[48;2;40;67;43m[39m+     16[0m:[39m[48;2;24;38;30m [38;2;192;197;206m    [38;2;191;97;106moccupied[38;2;192;197;206m:[38;2;192;197;206m [38;2;180;142;173mbool[38;2;192;197;206m,[K
[0m[48;2;40;67;43m[39m+     17[0m:[39m[48;2;24;38;30m [38;2;192;197;206m    [38;2;191;97;106mdeleted[38;2;192;197;206m:[38;2;192;197;206m [38;2;180;142;173mbool[38;2;192;197;206m,[K
[0m[48;2;40;67;43m[39m+     18[0m:[39m[48;2;24;38;30m [38;2;192;197;206m}[K
[0m[48;2;40;67;43m[39m+     19[0m:[39m[48;2;24;38;30m [K
[0m[48;2;40;67;43m[39m+     20[0m:[39m[48;2;24;38;30m [38;2;180;142;173mimpl[38;2;192;197;206m [38;2;192;197;206mDefault [38;2;180;142;173mfor[38;2;192;197;206m [38;2;192;197;206mHashmapEntry[38;2;192;197;206m [38;2;192;197;206m{[K
[0m[48;2;40;67;43m[39m+     21[0m:[39m[48;2;24;38;30m [38;2;192;197;206m    [38;2;180;142;173mfn[38;2;192;197;206m [38;2;143;161;179mdefault[38;2;192;197;206m([38;2;192;197;206m)[38;2;192;197;206m [38;2;192;197;206m->[38;2;192;197;206m [38;2;180;142;173mSelf[38;2;192;197;206m [38;2;192;197;206m{[K
[0m[48;2;40;67;43m[39m+     22[0m:[39m[48;2;24;38;30m [38;2;192;197;206m        [38;2;180;142;173mSelf[38;2;192;197;206m [38;2;192;197;206m{[38;2;192;197;206m key[38;2;192;197;206m:[38;2;192;197;206m [38;2;208;135;112m0[38;2;192;197;206m,[38;2;192;197;206m value[38;2;192;197;206m:[38;2;192;197;206m [38;2;208;135;112m0[38;2;192;197;206m,[38;2;192;197;206m occupied[38;2;192;197;206m:[38;2;192;197;206m [38;2;208;135;112mfalse[38;2;192;197;206m,[38;2;192;197;206m deleted[38;2;192;197;206m:[38;2;192;197;206m [38;2;208;135;112mfalse[38;2;192;197;206m [38;2;192;197;206m}[K
[0m[48;2;40;67;43m[39m+     23[0m:[39m[48;2;24;38;30m [38;2;192;197;206m    [38;2;192;197;206m}[K
[0m[48;2;40;67;43m[39m+     24[0m:[39m[48;2;24;38;30m [38;2;192;197;206m}[K
[0m[48;2;40;67;43m[39m+     25[0m:[39m[48;2;24;38;30m [K
[0m[48;2;40;67;43m[39m+     26[0m:[39m[48;2;24;38;30m [38;2;180;142;173mstruct[38;2;192;197;206m [38;2;192;197;206mHashmap[38;2;192;197;206m [38;2;192;197;206m{[K
[0m[48;2;40;67;43m[39m+     27[0m:[39m[48;2;24;38;30m [38;2;192;197;206m    [38;2;191;97;106mentries[38;2;192;197;206m:[38;2;192;197;206m [38;2;192;197;206mVec[38;2;192;197;206m<[38;2;192;197;206mHashmapEntry[38;2;192;197;206m>[38;2;192;197;206m,[K
[0m[48;2;40;67;43m[39m+     28[0m:[39m[48;2;24;38;30m [38;2;192;197;206m    [38;2;191;97;106mcapacity[38;2;192;197;206m:[38;2;192;197;206m [38;2;180;142;173musize[38;2;192;197;206m,[K
[0m[48;2;40;67;43m[39m+     29[0m:[39m[48;2;24;38;30m [38;2;192;197;206m    [38;2;191;97;106msize[38;2;192;197;206m:[38;2;192;197;206m [38;2;180;142;173musize[38;2;192;197;206m,[K
[0m[48;2;40;67;43m[39m+     30[0m:[39m[48;2;24;38;30m [38;2;192;197;206m    [38;2;191;97;106mdeleted_count[38;2;192;197;206m:[38;2;192;197;206m [38;2;180;142;173musize[38;2;192;197;206m,[K
[0m[48;2;40;67;43m[39m+     31[0m:[39m[48;2;24;38;30m [38;2;192;197;206m}[K
[0m[48;2;40;67;43m[39m+     32[0m:[39m[48;2;24;38;30m [K
[0m[48;2;40;67;43m[39m+     33[0m:[39m[48;2;24;38;30m [38;2;180;142;173mfn[38;2;192;197;206m [38;2;143;161;179mhash_function[38;2;192;197;206m([38;2;191;97;106mkey[38;2;192;197;206m:[38;2;192;197;206m TreeId[38;2;192;197;206m)[38;2;192;197;206m [38;2;192;197;206m->[38;2;192;197;206m [38;2;180;142;173mu64[38;2;192;197;206m [38;2;192;197;206m{[K
[0m[48;2;40;67;43m[39m+     34[0m:[39m[48;2;24;38;30m [38;2;192;197;206m    [38;2;180;142;173mlet[38;2;192;197;206m bytes [38;2;192;197;206m=[38;2;192;197;206m key.[38;2;150;181;180mto_ne_bytes[38;2;192;197;206m([38;2;192;197;206m)[38;2;192;197;206m;[K
[0m[48;2;40;67;43m[39m+     35[0m:[39m[48;2;24;38;30m [38;2;192;197;206m    [38;2;180;142;173mlet[38;2;192;197;206m [38;2;180;142;173mmut[38;2;192;197;206m hash[38;2;192;197;206m:[38;2;192;197;206m [38;2;180;142;173mu64[38;2;192;197;206m [38;2;192;197;206m=[38;2;192;197;206m [38;2;208;135;112m14695981039346656037[38;2;192;197;206m;[K
[0m[48;2;40;67;43m[39m+     36[0m:[39m[48;2;24;38;30m [38;2;192;197;206m    [38;2;180;142;173mfor[38;2;192;197;206m [38;2;192;197;206m&[38;2;192;197;206mb [38;2;192;197;206min[38;2;192;197;206m [38;2;192;197;206m&[38;2;192;197;206mbytes [38;2;192;197;206m{[K
[0m[48;2;40;67;43m[39m+     37[0m:[39m[48;2;24;38;30m [38;2;192;197;206m        hash [38;2;192;197;206m^[38;2;192;197;206m=[38;2;192;197;206m b [38;2;192;197;206mas[38;2;192;197;206m [38;2;180;142;173mu64[38;2;192;197;206m;[K
[0m[48;2;40;67;43m[39m+     38[0m:[39m[48;2;24;38;30m [38;2;192;197;206m        hash [38;2;192;197;206m=[38;2;192;197;206m hash.[38;2;150;181;180mwrapping_mul[38;2;192;197;206m([38;2;208;135;112m1099511628211[38;2;192;197;206m)[38;2;192;197;206m;[K
[0m[48;2;40;67;43m[39m+     39[0m:[39m[48;2;24;38;30m [38;2;192;197;206m    [38;2;192;197;206m}[K
[0m[48;2;40;67;43m[39m+     40[0m:[39m[48;2;24;38;30m [38;2;192;197;206m    hash[K
[0m[48;2;40;67;43m[39m+     41[0m:[39m[48;2;24;38;30m [38;2;192;197;206m}[K
[0m[48;2;40;67;43m[39m+     42[0m:[39m[48;2;24;38;30m [K
[0m[48;2;40;67;43m[39m+     43[0m:[39m[48;2;24;38;30m [38;2;180;142;173mimpl[38;2;192;197;206m [38;2;192;197;206mHashmap[38;2;192;197;206m [38;2;192;197;206m{[K
[0m[48;2;40;67;43m[39m+     44[0m:[39m[48;2;24;38;30m [38;2;192;197;206m    [38;2;180;142;173mfn[38;2;192;197;206m [38;2;143;161;179mnew[38;2;192;197;206m([38;2;192;197;206m)[38;2;192;197;206m [38;2;192;197;206m->[38;2;192;197;206m [38;2;180;142;173mSelf[38;2;192;197;206m [38;2;192;197;206m{[K
[0m[48;2;40;67;43m[39m+     45[0m:[39m[48;2;24;38;30m [38;2;192;197;206m        [38;2;180;142;173mSelf[38;2;192;197;206m [38;2;192;197;206m{[K
[0m[48;2;40;67;43m[39m+     46[0m:[39m[48;2;24;38;30m [38;2;192;197;206m            entries[38;2;192;197;206m:[38;2;192;197;206m [38;2;192;197;206mvec![38;2;192;197;206m[[38;2;192;197;206mHashmapEntry[38;2;192;197;206m::[38;2;192;197;206mdefault[38;2;192;197;206m([38;2;192;197;206m)[38;2;192;197;206m;[38;2;192;197;206m [38;2;208;135;112mHASHMAP_INITIAL_CAPACITY[38;2;192;197;206m][38;2;192;197;206m,[K
[0m[48;2;40;67;43m[39m+     47[0m:[39m[48;2;24;38;30m [38;2;192;197;206m            capacity[38;2;192;197;206m:[38;2;192;197;206m [38;2;208;135;112mHASHMAP_INITIAL_CAPACITY[38;2;192;197;206m,[K
[0m[48;2;40;67;43m[39m+     48[0m:[39m[48;2;24;38;30m [38;2;192;197;206m            size[38;2;192;197;206m:[38;2;192;197;206m [38;2;208;135;112m0[38;2;192;197;206m,[K
[0m[48;2;40;67;43m[39m+     49[0m:[39m[48;2;24;38;30m [38;2;192;197;206m            deleted_count[38;2;192;197;206m:[38;2;192;197;206m [38;2;208;135;112m0[38;2;192;197;206m,[K
[0m[48;2;40;67;43m[39m+     50[0m:[39m[48;2;24;38;30m [38;2;192;197;206m        [38;2;192;197;206m}[K
[0m[48;2;40;67;43m[39m+     51[0m:[39m[48;2;24;38;30m [38;2;192;197;206m    [38;2;192;197;206m}[K
[0m[48;2;40;67;43m[39m+     52[0m:[39m[48;2;24;38;30m [K
[0m[48;2;40;67;43m[39m+     53[0m:[39m[48;2;24;38;30m [38;2;192;197;206m    [38;2;180;142;173mfn[38;2;192;197;206m [38;2;143;161;179mshould_resize[38;2;192;197;206m([38;2;192;197;206m&[38;2;191;97;106mself[38;2;192;197;206m)[38;2;192;197;206m [38;2;192;197;206m->[38;2;192;197;206m [38;2;180;142;173mbool[38;2;192;197;206m [38;2;192;197;206m{[K
[0m[48;2;40;67;43m[39m+     54[0m:[39m[48;2;24;38;30m [38;2;192;197;206m        [38;2;180;142;173mlet[38;2;192;197;206m load [38;2;192;197;206m=[38;2;192;197;206m [38;2;192;197;206m([38;2;191;97;106mself[38;2;192;197;206m.size [38;2;192;197;206m+[38;2;192;197;206m [38;2;191;97;106mself[38;2;192;197;206m.deleted_count[38;2;192;197;206m)[38;2;192;197;206m [38;2;192;197;206mas[38;2;192;197;206m [38;2;180;142;173mf64[38;2;192;197;206m [38;2;192;197;206m/[38;2;192;197;206m [38;2;191;97;106mself[38;2;192;197;206m.capacity [38;2;192;197;206mas[38;2;192;197;206m [38;2;180;142;173mf64[38;2;192;197;206m;[K
[0m[48;2;40;67;43m[39m+     55[0m:[39m[48;2;24;38;30m [38;2;192;197;206m        load [38;2;192;197;206m>[38;2;192;197;206m [38;2;208;135;112mHASHMAP_LOAD_FACTOR[K
[0m[48;2;40;67;43m[39m+     56[0m:[39m[48;2;24;38;30m [38;2;192;197;206m    [38;2;192;197;206m}[K
[0m[48;2;40;67;43m[39m+     57[0m:[39m[48;2;24;38;30m [K
[0m[48;2;40;67;43m[39m+     58[0m:[39m[48;2;24;38;30m [38;2;192;197;206m    [38;2;180;142;173mfn[38;2;192;197;206m [38;2;143;161;179mresize[38;2;192;197;206m([38;2;192;197;206m&[38;2;180;142;173mmut[38;2;192;197;206m [38;2;191;97;106mself[38;2;192;197;206m)[38;2;192;197;206m [38;2;192;197;206m{[K
[0m[48;2;40;67;43m[39m+     59[0m:[39m[48;2;24;38;30m [38;2;192;197;206m        [38;2;180;142;173mlet[38;2;192;197;206m old_entries [38;2;192;197;206m=[38;2;192;197;206m [38;2;192;197;206mstd[38;2;192;197;206m::[38;2;192;197;206mmem[38;2;192;197;206m::[38;2;192;197;206mtake[38;2;192;197;206m([38;2;192;197;206m&[38;2;180;142;173mmut[38;2;192;197;206m [38;2;191;97;106mself[38;2;192;197;206m.entries[38;2;192;197;206m)[38;2;192;197;206m;[K
[0m[48;2;40;67;43m[39m+     60[0m:[39m[48;2;24;38;30m [38;2;192;197;206m        [38;2;180;142;173mlet[38;2;192;197;206m old_capacity [38;2;192;197;206m=[38;2;192;197;206m [38;2;191;97;106mself[38;2;192;197;206m.capacity[38;2;192;197;206m;[K
[0m[48;2;40;67;43m[39m+     61[0m:[39m[48;2;24;38;30m [38;2;192;197;206m        [38;2;191;97;106mself[38;2;192;197;206m.capacity [38;2;192;197;206m*[38;2;192;197;206m=[38;2;192;197;206m [38;2;208;135;112m2[38;2;192;197;206m;[K
[0m[48;2;40;67;43m[39m+     62[0m:[39m[48;2;24;38;30m [38;2;192;197;206m        [38;2;191;97;106mself[38;2;192;197;206m.entries [38;2;192;197;206m=[38;2;192;197;206m [38;2;192;197;206mvec![38;2;192;197;206m[[38;2;192;197;206mHashmapEntry[38;2;192;197;206m::[38;2;192;197;206mdefault[38;2;192;197;206m([38;2;192;197;206m)[38;2;192;197;206m;[38;2;192;197;206m [38;2;191;97;106mself[38;2;192;197;206m.capacity[38;2;192;197;206m][38;2;192;197;206m;[K
[0m[48;2;40;67;43m[39m+     63[0m:[39m[48;2;24;38;30m [38;2;192;197;206m        [38;2;191;97;106mself[38;2;192;197;206m.size [38;2;192;197;206m=[38;2;192;197;206m [38;2;208;135;112m0[38;2;192;197;206m;[K
[0m[48;2;40;67;43m[39m+     64[0m:[39m[48;2;24;38;30m [38;2;192;197;206m        [38;2;191;97;106mself[38;2;192;197;206m.deleted_count [38;2;192;197;206m=[38;2;192;197;206m [38;2;208;135;112m0[38;2;192;197;206m;[K
[0m[48;2;40;67;43m[39m+     65[0m:[39m[48;2;24;38;30m [38;2;192;197;206m        [38;2;180;142;173mfor[38;2;192;197;206m i [38;2;192;197;206min[38;2;192;197;206m [38;2;208;135;112m0[38;2;192;197;206m..[38;2;192;197;206mold_capacity [38;2;192;197;206m{[K
[0m[48;2;40;67;43m[39m+     66[0m:[39m[48;2;24;38;30m [38;2;192;197;206m            [38;2;180;142;173mif[38;2;192;197;206m old_entries[38;2;192;197;206m[[38;2;192;197;206mi[38;2;192;197;206m][38;2;192;197;206m.occupied [38;2;192;197;206m&[38;2;192;197;206m&[38;2;192;197;206m [38;2;192;197;206m![38;2;192;197;206mold_entries[38;2;192;197;206m[[38;2;192;197;206mi[38;2;192;197;206m][38;2;192;197;206m.deleted [38;2;192;197;206m{[K
[0m[48;2;40;67;43m[39m+     67[0m:[39m[48;2;24;38;30m [38;2;192;197;206m                [38;2;191;97;106mself[38;2;192;197;206m.[38;2;150;181;180mput[38;2;192;197;206m([38;2;192;197;206mold_entries[38;2;192;197;206m[[38;2;192;197;206mi[38;2;192;197;206m][38;2;192;197;206m.key[38;2;192;197;206m,[38;2;192;197;206m old_entries[38;2;192;197;206m[[38;2;192;197;206mi[38;2;192;197;206m][38;2;192;197;206m.value[38;2;192;197;206m)[38;2;192;197;206m;[K
[0m[48;2;40;67;43m[39m+     68[0m:[39m[48;2;24;38;30m [38;2;192;197;206m            [38;2;192;197;206m}[K
[0m[48;2;40;67;43m[39m+     69[0m:[39m[48;2;24;38;30m [38;2;192;197;206m        [38;2;192;197;206m}[K
[0m[48;2;40;67;43m[39m+     70[0m:[39m[48;2;24;38;30m [38;2;192;197;206m    [38;2;192;197;206m}[K
[0m[48;2;40;67;43m[39m+     71[0m:[39m[48;2;24;38;30m [K
[0m[48;2;40;67;43m[39m+     72[0m:[39m[48;2;24;38;30m [38;2;192;197;206m    [38;2;180;142;173mfn[38;2;192;197;206m [38;2;143;161;179mput[38;2;192;197;206m([38;2;192;197;206m&[38;2;180;142;173mmut[38;2;192;197;206m [38;2;191;97;106mself[38;2;192;197;206m, [38;2;191;97;106mkey[38;2;192;197;206m:[38;2;192;197;206m TreeId, [38;2;191;97;106mvalue[38;2;192;197;206m:[38;2;192;197;206m [38;2;180;142;173musize[38;2;192;197;206m)[38;2;192;197;206m [38;2;192;197;206m->[38;2;192;197;206m [38;2;180;142;173mi32[38;2;192;197;206m [38;2;192;197;206m{[K
[0m[48;2;40;67;43m[39m+     73[0m:[39m[48;2;24;38;30m [38;2;192;197;206m        [38;2;180;142;173mif[38;2;192;197;206m [38;2;191;97;106mself[38;2;192;197;206m.[38;2;150;181;180mshould_resize[38;2;192;197;206m([38;2;192;197;206m)[38;2;192;197;206m [38;2;192;197;206m{[K
[0m[48;2;40;67;43m[39m+     74[0m:[39m[48;2;24;38;30m [38;2;192;197;206m            [38;2;191;97;106mself[38;2;192;197;206m.[38;2;150;181;180mresize[38;2;192;197;206m([38;2;192;197;206m)[38;2;192;197;206m;[K
[0m[48;2;40;67;43m[39m+     75[0m:[39m[48;2;24;38;30m [38;2;192;197;206m        [38;2;192;197;206m}[K
[0m[48;2;40;67;43m[39m+     76[0m:[39m[48;2;24;38;30m [38;2;192;197;206m        [38;2;180;142;173mlet[38;2;192;197;206m hash [38;2;192;197;206m=[38;2;192;197;206m [38;2;150;181;180mhash_function[38;2;192;197;206m([38;2;192;197;206mkey[38;2;192;197;206m)[38;2;192;197;206m;[K
[0m[48;2;40;67;43m[39m+     77[0m:[39m[48;2;24;38;30m [38;2;192;197;206m        [38;2;180;142;173mlet[38;2;192;197;206m index [38;2;192;197;206m=[38;2;192;197;206m [38;2;192;197;206m([38;2;192;197;206mhash [38;2;192;197;206mas[38;2;192;197;206m [38;2;180;142;173musize[38;2;192;197;206m)[38;2;192;197;206m [38;2;192;197;206m%[38;2;192;197;206m [38;2;191;97;106mself[38;2;192;197;206m.capacity[38;2;192;197;206m;[K
[0m[48;2;40;67;43m[39m+     78[0m:[39m[48;2;24;38;30m [38;2;192;197;206m        [38;2;180;142;173mfor[38;2;192;197;206m probe [38;2;192;197;206min[38;2;192;197;206m [38;2;208;135;112m0[38;2;192;197;206m..[38;2;191;97;106mself[38;2;192;197;206m.capacity [38;2;192;197;206m{[K
[0m[48;2;40;67;43m[39m+     79[0m:[39m[48;2;24;38;30m [38;2;192;197;206m            [38;2;180;142;173mlet[38;2;192;197;206m current [38;2;192;197;206m=[38;2;192;197;206m [38;2;192;197;206m([38;2;192;197;206mindex [38;2;192;197;206m+[38;2;192;197;206m probe[38;2;192;197;206m)[38;2;192;197;206m [38;2;192;197;206m%[38;2;192;197;206m [38;2;191;97;106mself[38;2;192;197;206m.capacity[38;2;192;197;206m;[K
[0m[48;2;40;67;43m[39m+     80[0m:[39m[48;2;24;38;30m [38;2;192;197;206m            [38;2;180;142;173mif[38;2;192;197;206m [38;2;192;197;206m![38;2;191;97;106mself[38;2;192;197;206m.entries[38;2;192;197;206m[[38;2;192;197;206mcurrent[38;2;192;197;206m][38;2;192;197;206m.occupied [38;2;192;197;206m{[K
[0m[48;2;40;67;43m[39m+     81[0m:[39m[48;2;24;38;30m [38;2;192;197;206m                [38;2;191;97;106mself[38;2;192;197;206m.entries[38;2;192;197;206m[[38;2;192;197;206mcurrent[38;2;192;197;206m][38;2;192;197;206m.key [38;2;192;197;206m=[38;2;192;197;206m key[38;2;192;197;206m;[K
[0m[48;2;40;67;43m[39m+     82[0m:[39m[48;2;24;38;30m [38;2;192;197;206m                [38;2;191;97;106mself[38;2;192;197;206m.entries[38;2;192;197;206m[[38;2;192;197;206mcurrent[38;2;192;197;206m][38;2;192;197;206m.value [38;2;192;197;206m=[38;2;192;197;206m value[38;2;192;197;206m;[K
[0m[48;2;40;67;43m[39m+     83[0m:[39m[48;2;24;38;30m [38;2;192;197;206m                [38;2;191;97;106mself[38;2;192;197;206m.entries[38;2;192;197;206m[[38;2;192;197;206mcurrent[38;2;192;197;206m][38;2;192;197;206m.occupied [38;2;192;197;206m=[38;2;192;197;206m [38;2;208;135;112mtrue[38;2;192;197;206m;[K
[0m[48;2;40;67;43m[39m+     84[0m:[39m[48;2;24;38;30m [38;2;192;197;206m                [38;2;191;97;106mself[38;2;192;197;206m.entries[38;2;192;197;206m[[38;2;192;197;206mcurrent[38;2;192;197;206m][38;2;192;197;206m.deleted [38;2;192;197;206m=[38;2;192;197;206m [38;2;208;135;112mfalse[38;2;192;197;206m;[K
[0m[48;2;40;67;43m[39m+     85[0m:[39m[48;2;24;38;30m [38;2;192;197;206m                [38;2;191;97;106mself[38;2;192;197;206m.size [38;2;192;197;206m+[38;2;192;197;206m=[38;2;192;197;206m [38;2;208;135;112m1[38;2;192;197;206m;[K
[0m[48;2;40;67;43m[39m+     86[0m:[39m[48;2;24;38;30m [38;2;192;197;206m                [38;2;180;142;173mreturn[38;2;192;197;206m [38;2;208;135;112m0[38;2;192;197;206m;[K
[0m[48;2;40;67;43m[39m+     87[0m:[39m[48;2;24;38;30m [38;2;192;197;206m            [38;2;192;197;206m}[38;2;192;197;206m [38;2;180;142;173melse[38;2;192;197;206m [38;2;180;142;173mif[38;2;192;197;206m [38;2;191;97;106mself[38;2;192;197;206m.entries[38;2;192;197;206m[[38;2;192;197;206mcurrent[38;2;192;197;206m][38;2;192;197;206m.deleted [38;2;192;197;206m{[K
[0m[48;2;40;67;43m[39m+     88[0m:[39m[48;2;24;38;30m [38;2;192;197;206m                [38;2;191;97;106mself[38;2;192;197;206m.entries[38;2;192;197;206m[[38;2;192;197;206mcurrent[38;2;192;197;206m][38;2;192;197;206m.key [38;2;192;197;206m=[38;2;192;197;206m key[38;2;192;197;206m;[K
[0m[48;2;40;67;43m[39m+     89[0m:[39m[48;2;24;38;30m [38;2;192;197;206m                [38;2;191;97;106mself[38;2;192;197;206m.entries[38;2;192;197;206m[[38;2;192;197;206mcurrent[38;2;192;197;206m][38;2;192;197;206m.value [38;2;192;197;206m=[38;2;192;197;206m value[38;2;192;197;206m;[K
[0m[48;2;40;67;43m[39m+     90[0m:[39m[48;2;24;38;30m [38;2;192;197;206m                [38;2;191;97;106mself[38;2;192;197;206m.entries[38;2;192;197;206m[[38;2;192;197;206mcurrent[38;2;192;197;206m][38;2;192;197;206m.deleted [38;2;192;197;206m=[38;2;192;197;206m [38;2;208;135;112mfalse[38;2;192;197;206m;[K
[0m[48;2;40;67;43m[39m+     91[0m:[39m[48;2;24;38;30m [38;2;192;197;206m                [38;2;191;97;106mself[38;2;192;197;206m.size [38;2;192;197;206m+[38;2;192;197;206m=[38;2;192;197;206m [38;2;208;135;112m1[38;2;192;197;206m;[K
[0m[48;2;40;67;43m[39m+     92[0m:[39m[48;2;24;38;30m [38;2;192;197;206m                [38;2;191;97;106mself[38;2;192;197;206m.deleted_count [38;2;192;197;206m-[38;2;192;197;206m=[38;2;192;197;206m [38;2;208;135;112m1[38;2;192;197;206m;[K
[0m[48;2;40;67;43m[39m+     93[0m:[39m[48;2;24;38;30m [38;2;192;197;206m                [38;2;180;142;173mreturn[38;2;192;197;206m [38;2;208;135;112m0[38;2;192;197;206m;[K
[0m[48;2;40;67;43m[39m+     94[0m:[39m[48;2;24;38;30m [38;2;192;197;206m            [38;2;192;197;206m}[38;2;192;197;206m [38;2;180;142;173melse[38;2;192;197;206m [38;2;180;142;173mif[38;2;192;197;206m [38;2;191;97;106mself[38;2;192;197;206m.entries[38;2;192;197;206m[[38;2;192;197;206mcurrent[38;2;192;197;206m][38;2;192;197;206m.key [38;2;192;197;206m=[38;2;192;197;206m=[38;2;192;197;206m key [38;2;192;197;206m{[K
[0m[48;2;40;67;43m[39m+     95[0m:[39m[48;2;24;38;30m [38;2;192;197;206m                [38;2;191;97;106mself[38;2;192;197;206m.entries[38;2;192;197;206m[[38;2;192;197;206mcurrent[38;2;192;197;206m][38;2;192;197;206m.value [38;2;192;197;206m=[38;2;192;197;206m value[38;2;192;197;206m;[K
[0m[48;2;40;67;43m[39m+     96[0m:[39m[48;2;24;38;30m [38;2;192;197;206m                [38;2;180;142;173mreturn[38;2;192;197;206m [38;2;208;135;112m0[38;2;192;197;206m;[K
[0m[48;2;40;67;43m[39m+     97[0m:[39m[48;2;24;38;30m [38;2;192;197;206m            [38;2;192;197;206m}[K
[0m[48;2;40;67;43m[39m+     98[0m:[39m[48;2;24;38;30m [38;2;192;197;206m        [38;2;192;197;206m}[K
[0m[48;2;40;67;43m[39m+     99[0m:[39m[48;2;24;38;30m [38;2;192;197;206m        [38;2;192;197;206m-[38;2;208;135;112m1[K
[0m[48;2;40;67;43m[39m+    100[0m:[39m[48;2;24;38;30m [38;2;192;197;206m    [38;2;192;197;206m}[K
[0m[48;2;40;67;43m[39m+    101[0m:[39m[48;2;24;38;30m [K
[0m[48;2;40;67;43m[39m+    102[0m:[39m[48;2;24;38;30m [38;2;192;197;206m    [38;2;180;142;173mfn[38;2;192;197;206m [38;2;143;161;179mget[38;2;192;197;206m([38;2;192;197;206m&[38;2;191;97;106mself[38;2;192;197;206m, [38;2;191;97;106mkey[38;2;192;197;206m:[38;2;192;197;206m TreeId[38;2;192;197;206m)[38;2;192;197;206m [38;2;192;197;206m->[38;2;192;197;206m [38;2;192;197;206mOption[38;2;192;197;206m<[38;2;180;142;173musize[38;2;192;197;206m>[38;2;192;197;206m [38;2;192;197;206m{[K
[0m[48;2;40;67;43m[39m+    103[0m:[39m[48;2;24;38;30m [38;2;192;197;206m        [38;2;180;142;173mlet[38;2;192;197;206m hash [38;2;192;197;206m=[38;2;192;197;206m [38;2;150;181;180mhash_function[38;2;192;197;206m([38;2;192;197;206mkey[38;2;192;197;206m)[38;2;192;197;206m;[K
[0m[48;2;40;67;43m[39m+    104[0m:[39m[48;2;24;38;30m [38;2;192;197;206m        [38;2;180;142;173mlet[38;2;192;197;206m index [38;2;192;197;206m=[38;2;192;197;206m [38;2;192;197;206m([38;2;192;197;206mhash [38;2;192;197;206mas[38;2;192;197;206m [38;2;180;142;173musize[38;2;192;197;206m)[38;2;192;197;206m [38;2;192;197;206m%[38;2;192;197;206m [38;2;191;97;106mself[38;2;192;197;206m.capacity[38;2;192;197;206m;[K
[0m[48;2;40;67;43m[39m+    105[0m:[39m[48;2;24;38;30m [38;2;192;197;206m        [38;2;180;142;173mfor[38;2;192;197;206m probe [38;2;192;197;206min[38;2;192;197;206m [38;2;208;135;112m0[38;2;192;197;206m..[38;2;191;97;106mself[38;2;192;197;206m.capacity [38;2;192;197;206m{[K
[0m[48;2;40;67;43m[39m+    106[0m:[39m[48;2;24;38;30m [38;2;192;197;206m            [38;2;180;142;173mlet[38;2;192;197;206m current [38;2;192;197;206m=[38;2;192;197;206m [38;2;192;197;206m([38;2;192;197;206mindex [38;2;192;197;206m+[38;2;192;197;206m probe[38;2;192;197;206m)[38;2;192;197;206m [38;2;192;197;206m%[38;2;192;197;206m [38;2;191;97;106mself[38;2;192;197;206m.capacity[38;2;192;197;206m;[K
[0m[48;2;40;67;43m[39m+    107[0m:[39m[48;2;24;38;30m [38;2;192;197;206m            [38;2;180;142;173mif[38;2;192;197;206m [38;2;192;197;206m![38;2;191;97;106mself[38;2;192;197;206m.entries[38;2;192;197;206m[[38;2;192;197;206mcurrent[38;2;192;197;206m][38;2;192;197;206m.occupied [38;2;192;197;206m{[K
[0m[48;2;40;67;43m[39m+    108[0m:[39m[48;2;24;38;30m [38;2;192;197;206m                [38;2;180;142;173mreturn[38;2;192;197;206m [38;2;192;197;206mNone[38;2;192;197;206m;[K
[0m[48;2;40;67;43m[39m+    109[0m:[39m[48;2;24;38;30m [38;2;192;197;206m            [38;2;192;197;206m}[K
[0m[48;2;40;67;43m[39m+    110[0m:[39m[48;2;24;38;30m [38;2;192;197;206m            [38;2;180;142;173mif[38;2;192;197;206m [38;2;192;197;206m![38;2;191;97;106mself[38;2;192;197;206m.entries[38;2;192;197;206m[[38;2;192;197;206mcurrent[38;2;192;197;206m][38;2;192;197;206m.deleted [38;2;192;197;206m&[38;2;192;197;206m&[38;2;192;197;206m [38;2;191;97;106mself[38;2;192;197;206m.entries[38;2;192;197;206m[[38;2;192;197;206mcurrent[38;2;192;197;206m][38;2;192;197;206m.key [38;2;192;197;206m=[38;2;192;197;206m=[38;2;192;197;206m key [38;2;192;197;206m{[K
[0m[48;2;40;67;43m[39m+    111[0m:[39m[48;2;24;38;30m [38;2;192;197;206m                [38;2;180;142;173mreturn[38;2;192;197;206m [38;2;192;197;206mSome[38;2;192;197;206m([38;2;191;97;106mself[38;2;192;197;206m.entries[38;2;192;197;206m[[38;2;192;197;206mcurrent[38;2;192;197;206m][38;2;192;197;206m.value[38;2;192;197;206m)[38;2;192;197;206m;[K
[0m[48;2;40;67;43m[39m+    112[0m:[39m[48;2;24;38;30m [38;2;192;197;206m            [38;2;192;197;206m}[K
[0m[48;2;40;67;43m[39m+    113[0m:[39m[48;2;24;38;30m [38;2;192;197;206m        [38;2;192;197;206m}[K
[0m[48;2;40;67;43m[39m+    114[0m:[39m[48;2;24;38;30m [38;2;192;197;206m        [38;2;192;197;206mNone[K
[0m[48;2;40;67;43m[39m+    115[0m:[39m[48;2;24;38;30m [38;2;192;197;206m    [38;2;192;197;206m}[K
[0m[48;2;40;67;43m[39m+    116[0m:[39m[48;2;24;38;30m [K
[0m[48;2;40;67;43m[39m+    117[0m:[39m[48;2;24;38;30m [38;2;192;197;206m    [38;2;180;142;173mfn[38;2;192;197;206m [38;2;143;161;179mremove[38;2;192;197;206m([38;2;192;197;206m&[38;2;180;142;173mmut[38;2;192;197;206m [38;2;191;97;106mself[38;2;192;197;206m, [38;2;191;97;106mkey[38;2;192;197;206m:[38;2;192;197;206m TreeId[38;2;192;197;206m)[38;2;192;197;206m [38;2;192;197;206m->[38;2;192;197;206m [38;2;192;197;206mOption[38;2;192;197;206m<[38;2;180;142;173musize[38;2;192;197;206m>[38;2;192;197;206m [38;2;192;197;206m{[K
[0m[48;2;40;67;43m[39m+    118[0m:[39m[48;2;24;38;30m [38;2;192;197;206m        [38;2;180;142;173mlet[38;2;192;197;206m hash [38;2;192;197;206m=[38;2;192;197;206m [38;2;150;181;180mhash_function[38;2;192;197;206m([38;2;192;197;206mkey[38;2;192;197;206m)[38;2;192;197;206m;[K
[0m[48;2;40;67;43m[39m+    119[0m:[39m[48;2;24;38;30m [38;2;192;197;206m        [38;2;180;142;173mlet[38;2;192;197;206m index [38;2;192;197;206m=[38;2;192;197;206m [38;2;192;197;206m([38;2;192;197;206mhash [38;2;192;197;206mas[38;2;192;197;206m [38;2;180;142;173musize[38;2;192;197;206m)[38;2;192;197;206m [38;2;192;197;206m%[38;2;192;197;206m [38;2;191;97;106mself[38;2;192;197;206m.capacity[38;2;192;197;206m;[K
[0m[48;2;40;67;43m[39m+    120[0m:[39m[48;2;24;38;30m [38;2;192;197;206m        [38;2;180;142;173mfor[38;2;192;197;206m probe [38;2;192;197;206min[38;2;192;197;206m [38;2;208;135;112m0[38;2;192;197;206m..[38;2;191;97;106mself[38;2;192;197;206m.capacity [38;2;192;197;206m{[K
[0m[48;2;40;67;43m[39m+    121[0m:[39m[48;2;24;38;30m [38;2;192;197;206m            [38;2;180;142;173mlet[38;2;192;197;206m current [38;2;192;197;206m=[38;2;192;197;206m [38;2;192;197;206m([38;2;192;197;206mindex [38;2;192;197;206m+[38;2;192;197;206m probe[38;2;192;197;206m)[38;2;192;197;206m [38;2;192;197;206m%[38;2;192;197;206m [38;2;191;97;106mself[38;2;192;197;206m.capacity[38;2;192;197;206m;[K
[0m[48;2;40;67;43m[39m+    122[0m:[39m[48;2;24;38;30m [38;2;192;197;206m            [38;2;180;142;173mif[38;2;192;197;206m [38;2;192;197;206m![38;2;191;97;106mself[38;2;192;197;206m.entries[38;2;192;197;206m[[38;2;192;197;206mcurrent[38;2;192;197;206m][38;2;192;197;206m.occupied [38;2;192;197;206m{[K
[0m[48;2;40;67;43m[39m+    123[0m:[39m[48;2;24;38;30m [38;2;192;197;206m                [38;2;180;142;173mreturn[38;2;192;197;206m [38;2;192;197;206mNone[38;2;192;197;206m;[K
[0m[48;2;40;67;43m[39m+    124[0m:[39m[48;2;24;38;30m [38;2;192;197;206m            [38;2;192;197;206m}[K
[0m[48;2;40;67;43m[39m+    125[0m:[39m[48;2;24;38;30m [38;2;192;197;206m            [38;2;180;142;173mif[38;2;192;197;206m [38;2;192;197;206m![38;2;191;97;106mself[38;2;192;197;206m.entries[38;2;192;197;206m[[38;2;192;197;206mcurrent[38;2;192;197;206m][38;2;192;197;206m.deleted [38;2;192;197;206m&[38;2;192;197;206m&[38;2;192;197;206m [38;2;191;97;106mself[38;2;192;197;206m.entries[38;2;192;197;206m[[38;2;192;197;206mcurrent[38;2;192;197;206m][38;2;192;197;206m.key [38;2;192;197;206m=[38;2;192;197;206m=[38;2;192;197;206m key [38;2;192;197;206m{[K
[0m[48;2;40;67;43m[39m+    126[0m:[39m[48;2;24;38;30m [38;2;192;197;206m                [38;2;180;142;173mlet[38;2;192;197;206m value [38;2;192;197;206m=[38;2;192;197;206m [38;2;191;97;106mself[38;2;192;197;206m.entries[38;2;192;197;206m[[38;2;192;197;206mcurrent[38;2;192;197;206m][38;2;192;197;206m.value[38;2;192;197;206m;[K
[0m[48;2;40;67;43m[39m+    127[0m:[39m[48;2;24;38;30m [38;2;192;197;206m                [38;2;191;97;106mself[38;2;192;197;206m.entries[38;2;192;197;206m[[38;2;192;197;206mcurrent[38;2;192;197;206m][38;2;192;197;206m.deleted [38;2;192;197;206m=[38;2;192;197;206m [38;2;208;135;112mtrue[38;2;192;197;206m;[K
[0m[48;2;40;67;43m[39m+    128[0m:[39m[48;2;24;38;30m [38;2;192;197;206m                [38;2;191;97;106mself[38;2;192;197;206m.size [38;2;192;197;206m-[38;2;192;197;206m=[38;2;192;197;206m [38;2;208;135;112m1[38;2;192;197;206m;[K
[0m[48;2;40;67;43m[39m+    129[0m:[39m[48;2;24;38;30m [38;2;192;197;206m                [38;2;191;97;106mself[38;2;192;197;206m.deleted_count [38;2;192;197;206m+[38;2;192;197;206m=[38;2;192;197;206m [38;2;208;135;112m1[38;2;192;197;206m;[K
[0m[48;2;40;67;43m[39m+    130[0m:[39m[48;2;24;38;30m [38;2;192;197;206m                [38;2;180;142;173mreturn[38;2;192;197;206m [38;2;192;197;206mSome[38;2;192;197;206m([38;2;192;197;206mvalue[38;2;192;197;206m)[38;2;192;197;206m;[K
[0m[48;2;40;67;43m[39m+    131[0m:[39m[48;2;24;38;30m [38;2;192;197;206m            [38;2;192;197;206m}[K
[0m[48;2;40;67;43m[39m+    132[0m:[39m[48;2;24;38;30m [38;2;192;197;206m        [38;2;192;197;206m}[K
[0m[48;2;40;67;43m[39m+    133[0m:[39m[48;2;24;38;30m [38;2;192;197;206m        [38;2;192;197;206mNone[K
[0m[48;2;40;67;43m[39m+    134[0m:[39m[48;2;24;38;30m [38;2;192;197;206m    [38;2;192;197;206m}[K
[0m[48;2;40;67;43m[39m+    135[0m:[39m[48;2;24;38;30m [K
[0m[48;2;40;67;43m[39m+    136[0m:[39m[48;2;24;38;30m [38;2;192;197;206m    [38;2;180;142;173mfn[38;2;192;197;206m [38;2;143;161;179mcontains[38;2;192;197;206m([38;2;192;197;206m&[38;2;191;97;106mself[38;2;192;197;206m, [38;2;191;97;106mkey[38;2;192;197;206m:[38;2;192;197;206m TreeId[38;2;192;197;206m)[38;2;192;197;206m [38;2;192;197;206m->[38;2;192;197;206m [38;2;180;142;173mbool[38;2;192;197;206m [38;2;192;197;206m{[K
[0m[48;2;40;67;43m[39m+    137[0m:[39m[48;2;24;38;30m [38;2;192;197;206m        [38;2;191;97;106mself[38;2;192;197;206m.[38;2;150;181;180mget[38;2;192;197;206m([38;2;192;197;206mkey[38;2;192;197;206m)[38;2;192;197;206m.[38;2;150;181;180mis_some[38;2;192;197;206m([38;2;192;197;206m)[K
[0m[48;2;40;67;43m[39m+    138[0m:[39m[48;2;24;38;30m [38;2;192;197;206m    [38;2;192;197;206m}[K
[0m[48;2;40;67;43m[39m+    139[0m:[39m[48;2;24;38;30m [K
[0m[48;2;40;67;43m[39m+    140[0m:[39m[48;2;24;38;30m [38;2;192;197;206m    [38;2;180;142;173mfn[38;2;192;197;206m [38;2;143;161;179msize[38;2;192;197;206m([38;2;192;197;206m&[38;2;191;97;106mself[38;2;192;197;206m)[38;2;192;197;206m [38;2;192;197;206m->[38;2;192;197;206m [38;2;180;142;173musize[38;2;192;197;206m [38;2;192;197;206m{[K
[0m[48;2;40;67;43m[39m+    141[0m:[39m[48;2;24;38;30m [38;2;192;197;206m        [38;2;191;97;106mself[38;2;192;197;206m.size[K
[0m[48;2;40;67;43m[39m+    142[0m:[39m[48;2;24;38;30m [38;2;192;197;206m    [38;2;192;197;206m}[K
[0m[48;2;40;67;43m[39m+    143[0m:[39m[48;2;24;38;30m [38;2;192;197;206m}[K
[0m[48;2;40;67;43m[39m+    144[0m:[39m[48;2;24;38;30m [K
[0m[48;2;40;67;43m[39m+    145[0m:[39m[48;2;24;38;30m [38;2;101;115;126m//[38;2;101;115;126m ============================================================[K
[0m[48;2;40;67;43m[39m+    146[0m:[39m[48;2;24;38;30m [38;2;101;115;126m//[38;2;101;115;126m Tree[K
[0m[48;2;40;67;43m[39m+    147[0m:[39m[48;2;24;38;30m [38;2;101;115;126m//[38;2;101;115;126m ============================================================[K
[0m[48;2;40;67;43m[39m+    148[0m:[39m[48;2;24;38;30m [K
[0m[48;2;40;67;43m[39m+    149[0m:[39m[48;2;24;38;30m [38;2;180;142;173mconst[38;2;192;197;206m [38;2;208;135;112mMAX_CHILDREN[38;2;192;197;206m:[38;2;192;197;206m [38;2;180;142;173musize[38;2;192;197;206m [38;2;192;197;206m=[38;2;192;197;206m [38;2;208;135;112m32[38;2;192;197;206m;[K
[0m[48;2;40;67;43m[39m+    150[0m:[39m[48;2;24;38;30m [38;2;180;142;173mconst[38;2;192;197;206m [38;2;208;135;112mMAX_DATA_LENGTH[38;2;192;197;206m:[38;2;192;197;206m [38;2;180;142;173musize[38;2;192;197;206m [38;2;192;197;206m=[38;2;192;197;206m [38;2;208;135;112m256[38;2;192;197;206m;[K
[0m[48;2;40;67;43m[39m+    151[0m:[39m[48;2;24;38;30m [K
[0m[48;2;40;67;43m[39m+    152[0m:[39m[48;2;24;38;30m [38;2;180;142;173mstruct[38;2;192;197;206m [38;2;192;197;206mTreeNode[38;2;192;197;206m [38;2;192;197;206m{[K
[0m[48;2;40;67;43m[39m+    153[0m:[39m[48;2;24;38;30m [38;2;192;197;206m    [38;2;191;97;106mid[38;2;192;197;206m:[38;2;192;197;206m TreeId,[K
[0m[48;2;40;67;43m[39m+    154[0m:[39m[48;2;24;38;30m [38;2;192;197;206m    [38;2;191;97;106mparent_id[38;2;192;197;206m:[38;2;192;197;206m TreeId,[K
[0m[48;2;40;67;43m[39m+    155[0m:[39m[48;2;24;38;30m [38;2;192;197;206m    [38;2;191;97;106mchild_ids[38;2;192;197;206m:[38;2;192;197;206m [TreeId; MAX_CHILDREN],[K
[0m[48;2;40;67;43m[39m+    156[0m:[39m[48;2;24;38;30m [38;2;192;197;206m    [38;2;191;97;106mchild_count[38;2;192;197;206m:[38;2;192;197;206m [38;2;180;142;173mi32[38;2;192;197;206m,[K
[0m[48;2;40;67;43m[39m+    157[0m:[39m[48;2;24;38;30m [38;2;192;197;206m    [38;2;191;97;106mdata[38;2;192;197;206m:[38;2;192;197;206m String,[K
[0m[48;2;40;67;43m[39m+    158[0m:[39m[48;2;24;38;30m [38;2;192;197;206m}[K
[0m[48;2;40;67;43m[39m+    159[0m:[39m[48;2;24;38;30m [K
[0m[48;2;40;67;43m[39m+    160[0m:[39m[48;2;24;38;30m [38;2;180;142;173mstruct[38;2;192;197;206m [38;2;192;197;206mTree[38;2;192;197;206m [38;2;192;197;206m{[K
[0m[48;2;40;67;43m[39m+    161[0m:[39m[48;2;24;38;30m [38;2;192;197;206m    [38;2;191;97;106mnode_map[38;2;192;197;206m:[38;2;192;197;206m Hashmap,[K
[0m[48;2;40;67;43m[39m+    162[0m:[39m[48;2;24;38;30m [38;2;192;197;206m    [38;2;191;97;106mnodes[38;2;192;197;206m:[38;2;192;197;206m [38;2;192;197;206mVec[38;2;192;197;206m<[38;2;192;197;206mOption[38;2;192;197;206m<[38;2;192;197;206mTreeNode[38;2;192;197;206m>[38;2;192;197;206m>[38;2;192;197;206m, [38;2;101;115;126m//[38;2;101;115;126m node storage; index = value stored in hashmap[K
[0m[48;2;40;67;43m[39m+    163[0m:[39m[48;2;24;38;30m [38;2;192;197;206m    [38;2;191;97;106mroot_id[38;2;192;197;206m:[38;2;192;197;206m TreeId,[K
[0m[48;2;40;67;43m[39m+    164[0m:[39m[48;2;24;38;30m [38;2;192;197;206m    [38;2;191;97;106mhas_root[38;2;192;197;206m:[38;2;192;197;206m [38;2;180;142;173mbool[38;2;192;197;206m,[K
[0m[48;2;40;67;43m[39m+    165[0m:[39m[48;2;24;38;30m [38;2;192;197;206m    [38;2;191;97;106mnode_count[38;2;192;197;206m:[38;2;192;197;206m [38;2;180;142;173musize[38;2;192;197;206m,[K
[0m[48;2;40;67;43m[39m+    166[0m:[39m[48;2;24;38;30m [38;2;192;197;206m    [38;2;191;97;106mfree_slots[38;2;192;197;206m:[38;2;192;197;206m [38;2;192;197;206mVec[38;2;192;197;206m<[38;2;180;142;173musize[38;2;192;197;206m>[38;2;192;197;206m,[K
[0m[48;2;40;67;43m[39m+    167[0m:[39m[48;2;24;38;30m [38;2;192;197;206m}[K
[0m[48;2;40;67;43m[39m+    168[0m:[39m[48;2;24;38;30m [K
[0m[48;2;40;67;43m[39m+    169[0m:[39m[48;2;24;38;30m [38;2;180;142;173mimpl[38;2;192;197;206m [38;2;192;197;206mTree[38;2;192;197;206m [38;2;192;197;206m{[K
[0m[48;2;40;67;43m[39m+    170[0m:[39m[48;2;24;38;30m [38;2;192;197;206m    [38;2;180;142;173mfn[38;2;192;197;206m [38;2;143;161;179mnew[38;2;192;197;206m([38;2;192;197;206m)[38;2;192;197;206m [38;2;192;197;206m->[38;2;192;197;206m [38;2;180;142;173mSelf[38;2;192;197;206m [38;2;192;197;206m{[K
[0m[48;2;40;67;43m[39m+    171[0m:[39m[48;2;24;38;30m [38;2;192;197;206m        [38;2;180;142;173mSelf[38;2;192;197;206m [38;2;192;197;206m{[K
[0m[48;2;40;67;43m[39m+    172[0m:[39m[48;2;24;38;30m [38;2;192;197;206m            node_map[38;2;192;197;206m:[38;2;192;197;206m [38;2;192;197;206mHashmap[38;2;192;197;206m::[38;2;192;197;206mnew[38;2;192;197;206m([38;2;192;197;206m)[38;2;192;197;206m,[K
[0m[48;2;40;67;43m[39m+    173[0m:[39m[48;2;24;38;30m [38;2;192;197;206m            nodes[38;2;192;197;206m:[38;2;192;197;206m [38;2;192;197;206mVec[38;2;192;197;206m::[38;2;192;197;206mnew[38;2;192;197;206m([38;2;192;197;206m)[38;2;192;197;206m,[K
[0m[48;2;40;67;43m[39m+    174[0m:[39m[48;2;24;38;30m [38;2;192;197;206m            root_id[38;2;192;197;206m:[38;2;192;197;206m [38;2;208;135;112m0[38;2;192;197;206m,[K
[0m[48;2;40;67;43m[39m+    175[0m:[39m[48;2;24;38;30m [38;2;192;197;206m            has_root[38;2;192;197;206m:[38;2;192;197;206m [38;2;208;135;112mfalse[38;2;192;197;206m,[K
[0m[48;2;40;67;43m[39m+    176[0m:[39m[48;2;24;38;30m [38;2;192;197;206m            node_count[38;2;192;197;206m:[38;2;192;197;206m [38;2;208;135;112m0[38;2;192;197;206m,[K
[0m[48;2;40;67;43m[39m+    177[0m:[39m[48;2;24;38;30m [38;2;192;197;206m            free_slots[38;2;192;197;206m:[38;2;192;197;206m [38;2;192;197;206mVec[38;2;192;197;206m::[38;2;192;197;206mnew[38;2;192;197;206m([38;2;192;197;206m)[38;2;192;197;206m,[K
[0m[48;2;40;67;43m[39m+    178[0m:[39m[48;2;24;38;30m [38;2;192;197;206m        [38;2;192;197;206m}[K
[0m[48;2;40;67;43m[39m+    179[0m:[39m[48;2;24;38;30m [38;2;192;197;206m    [38;2;192;197;206m}[K
[0m[48;2;40;67;43m[39m+    180[0m:[39m[48;2;24;38;30m [K
[0m[48;2;40;67;43m[39m+    181[0m:[39m[48;2;24;38;30m [38;2;192;197;206m    [38;2;180;142;173mfn[38;2;192;197;206m [38;2;143;161;179malloc_node[38;2;192;197;206m([38;2;192;197;206m&[38;2;180;142;173mmut[38;2;192;197;206m [38;2;191;97;106mself[38;2;192;197;206m, [38;2;191;97;106mnode[38;2;192;197;206m:[38;2;192;197;206m TreeNode[38;2;192;197;206m)[38;2;192;197;206m [38;2;192;197;206m->[38;2;192;197;206m [38;2;180;142;173musize[38;2;192;197;206m [38;2;192;197;206m{[K
[0m[48;2;40;67;43m[39m+    182[0m:[39m[48;2;24;38;30m [38;2;192;197;206m        [38;2;180;142;173mif[38;2;192;197;206m [38;2;180;142;173mlet[38;2;192;197;206m [38;2;192;197;206mSome[38;2;192;197;206m([38;2;192;197;206midx[38;2;192;197;206m)[38;2;192;197;206m [38;2;192;197;206m=[38;2;192;197;206m [38;2;191;97;106mself[38;2;192;197;206m.free_slots.[38;2;150;181;180mpop[38;2;192;197;206m([38;2;192;197;206m)[38;2;192;197;206m [38;2;192;197;206m{[K
[0m[48;2;40;67;43m[39m+    183[0m:[39m[48;2;24;38;30m [38;2;192;197;206m            [38;2;191;97;106mself[38;2;192;197;206m.nodes[38;2;192;197;206m[[38;2;192;197;206midx[38;2;192;197;206m][38;2;192;197;206m [38;2;192;197;206m=[38;2;192;197;206m [38;2;192;197;206mSome[38;2;192;197;206m([38;2;192;197;206mnode[38;2;192;197;206m)[38;2;192;197;206m;[K
[0m[48;2;40;67;43m[39m+    184[0m:[39m[48;2;24;38;30m [38;2;192;197;206m            idx[K
[0m[48;2;40;67;43m[39m+    185[0m:[39m[48;2;24;38;30m [38;2;192;197;206m        [38;2;192;197;206m}[38;2;192;197;206m [38;2;180;142;173melse[38;2;192;197;206m [38;2;192;197;206m{[K
[0m[48;2;40;67;43m[39m+    186[0m:[39m[48;2;24;38;30m [38;2;192;197;206m            [38;2;180;142;173mlet[38;2;192;197;206m idx [38;2;192;197;206m=[38;2;192;197;206m [38;2;191;97;106mself[38;2;192;197;206m.nodes.[38;2;150;181;180mlen[38;2;192;197;206m([38;2;192;197;206m)[38;2;192;197;206m;[K
[0m[48;2;40;67;43m[39m+    187[0m:[39m[48;2;24;38;30m [38;2;192;197;206m            [38;2;191;97;106mself[38;2;192;197;206m.nodes.[38;2;150;181;180mpush[38;2;192;197;206m([38;2;192;197;206mSome[38;2;192;197;206m([38;2;192;197;206mnode[38;2;192;197;206m)[38;2;192;197;206m)[38;2;192;197;206m;[K
[0m[48;2;40;67;43m[39m+    188[0m:[39m[48;2;24;38;30m [38;2;192;197;206m            idx[K
[0m[48;2;40;67;43m[39m+    189[0m:[39m[48;2;24;38;30m [38;2;192;197;206m        [38;2;192;197;206m}[K
[0m[48;2;40;67;43m[39m+    190[0m:[39m[48;2;24;38;30m [38;2;192;197;206m    [38;2;192;197;206m}[K
[0m[48;2;40;67;43m[39m+    191[0m:[39m[48;2;24;38;30m [K
[0m[48;2;40;67;43m[39m+    192[0m:[39m[48;2;24;38;30m [38;2;192;197;206m    [38;2;180;142;173mfn[38;2;192;197;206m [38;2;143;161;179mfree_node[38;2;192;197;206m([38;2;192;197;206m&[38;2;180;142;173mmut[38;2;192;197;206m [38;2;191;97;106mself[38;2;192;197;206m, [38;2;191;97;106midx[38;2;192;197;206m:[38;2;192;197;206m [38;2;180;142;173musize[38;2;192;197;206m)[38;2;192;197;206m [38;2;192;197;206m{[K
[0m[48;2;40;67;43m[39m+    193[0m:[39m[48;2;24;38;30m [38;2;192;197;206m        [38;2;191;97;106mself[38;2;192;197;206m.nodes[38;2;192;197;206m[[38;2;192;197;206midx[38;2;192;197;206m][38;2;192;197;206m [38;2;192;197;206m=[38;2;192;197;206m [38;2;192;197;206mNone[38;2;192;197;206m;[K
[0m[48;2;40;67;43m[39m+    194[0m:[39m[48;2;24;38;30m [38;2;192;197;206m        [38;2;191;97;106mself[38;2;192;197;206m.free_slots.[38;2;150;181;180mpush[38;2;192;197;206m([38;2;192;197;206midx[38;2;192;197;206m)[38;2;192;197;206m;[K
[0m[48;2;40;67;43m[39m+    195[0m:[39m[48;2;24;38;30m [38;2;192;197;206m    [38;2;192;197;206m}[K
[0m[48;2;40;67;43m[39m+    196[0m:[39m[48;2;24;38;30m [K
[0m[48;2;40;67;43m[39m+    197[0m:[39m[48;2;24;38;30m [38;2;192;197;206m    [38;2;180;142;173mfn[38;2;192;197;206m [38;2;143;161;179mget_node[38;2;192;197;206m([38;2;192;197;206m&[38;2;191;97;106mself[38;2;192;197;206m, [38;2;191;97;106mid[38;2;192;197;206m:[38;2;192;197;206m TreeId[38;2;192;197;206m)[38;2;192;197;206m [38;2;192;197;206m->[38;2;192;197;206m [38;2;192;197;206mOption[38;2;192;197;206m<[38;2;192;197;206m&[38;2;192;197;206mTreeNode[38;2;192;197;206m>[38;2;192;197;206m [38;2;192;197;206m{[K
[0m[48;2;40;67;43m[39m+    198[0m:[39m[48;2;24;38;30m [38;2;192;197;206m        [38;2;191;97;106mself[38;2;192;197;206m.node_map.[38;2;150;181;180mget[38;2;192;197;206m([38;2;192;197;206mid[38;2;192;197;206m)[38;2;192;197;206m.[38;2;150;181;180mand_then[38;2;192;197;206m([38;2;192;197;206m|[38;2;191;97;106midx[38;2;192;197;206m|[38;2;192;197;206m [38;2;191;97;106mself[38;2;192;197;206m.nodes[38;2;192;197;206m[[38;2;192;197;206midx[38;2;192;197;206m][38;2;192;197;206m.[38;2;150;181;180mas_ref[38;2;192;197;206m([38;2;192;197;206m)[38;2;192;197;206m)[K
[0m[48;2;40;67;43m[39m+    199[0m:[39m[48;2;24;38;30m [38;2;192;197;206m    [38;2;192;197;206m}[K
[0m[48;2;40;67;43m[39m+    200[0m:[39m[48;2;24;38;30m [K
[0m[48;2;40;67;43m[39m+    201[0m:[39m[48;2;24;38;30m [38;2;192;197;206m    [38;2;180;142;173mfn[38;2;192;197;206m [38;2;143;161;179mget_node_mut[38;2;192;197;206m([38;2;192;197;206m&[38;2;180;142;173mmut[38;2;192;197;206m [38;2;191;97;106mself[38;2;192;197;206m, [38;2;191;97;106mid[38;2;192;197;206m:[38;2;192;197;206m TreeId[38;2;192;197;206m)[38;2;192;197;206m [38;2;192;197;206m->[38;2;192;197;206m [38;2;192;197;206mOption[38;2;192;197;206m<[38;2;192;197;206m&[38;2;180;142;173mmut[38;2;192;197;206m TreeNode[38;2;192;197;206m>[38;2;192;197;206m [38;2;192;197;206m{[K
[0m[48;2;40;67;43m[39m+    202[0m:[39m[48;2;24;38;30m [38;2;192;197;206m        [38;2;191;97;106mself[38;2;192;197;206m.node_map.[38;2;150;181;180mget[38;2;192;197;206m([38;2;192;197;206mid[38;2;192;197;206m)[38;2;192;197;206m.[38;2;150;181;180mand_then[38;2;192;197;206m([38;2;192;197;206m|[38;2;191;97;106midx[38;2;192;197;206m|[38;2;192;197;206m [38;2;191;97;106mself[38;2;192;197;206m.nodes[38;2;192;197;206m[[38;2;192;197;206midx[38;2;192;197;206m][38;2;192;197;206m.[38;2;150;181;180mas_mut[38;2;192;197;206m([38;2;192;197;206m)[38;2;192;197;206m)[K
[0m[48;2;40;67;43m[39m+    203[0m:[39m[48;2;24;38;30m [38;2;192;197;206m    [38;2;192;197;206m}[K
[0m[48;2;40;67;43m[39m+    204[0m:[39m[48;2;24;38;30m [K
[0m[48;2;40;67;43m[39m+    205[0m:[39m[48;2;24;38;30m [38;2;192;197;206m    [38;2;180;142;173mfn[38;2;192;197;206m [38;2;143;161;179mcontains[38;2;192;197;206m([38;2;192;197;206m&[38;2;191;97;106mself[38;2;192;197;206m, [38;2;191;97;106mid[38;2;192;197;206m:[38;2;192;197;206m TreeId[38;2;192;197;206m)[38;2;192;197;206m [38;2;192;197;206m->[38;2;192;197;206m [38;2;180;142;173mbool[38;2;192;197;206m [38;2;192;197;206m{[K
[0m[48;2;40;67;43m[39m+    206[0m:[39m[48;2;24;38;30m [38;2;192;197;206m        [38;2;191;97;106mself[38;2;192;197;206m.node_map.[38;2;150;181;180mcontains[38;2;192;197;206m([38;2;192;197;206mid[38;2;192;197;206m)[K
[0m[48;2;40;67;43m[39m+    207[0m:[39m[48;2;24;38;30m [38;2;192;197;206m    [38;2;192;197;206m}[K
[0m[48;2;40;67;43m[39m+    208[0m:[39m[48;2;24;38;30m [K
[0m[48;2;40;67;43m[39m+    209[0m:[39m[48;2;24;38;30m [38;2;192;197;206m    [38;2;180;142;173mfn[38;2;192;197;206m [38;2;143;161;179msize[38;2;192;197;206m([38;2;192;197;206m&[38;2;191;97;106mself[38;2;192;197;206m)[38;2;192;197;206m [38;2;192;197;206m->[38;2;192;197;206m [38;2;180;142;173musize[38;2;192;197;206m [38;2;192;197;206m{[K
[0m[48;2;40;67;43m[39m+    210[0m:[39m[48;2;24;38;30m [38;2;192;197;206m        [38;2;191;97;106mself[38;2;192;197;206m.node_count[K
[0m[48;2;40;67;43m[39m+    211[0m:[39m[48;2;24;38;30m [38;2;192;197;206m    [38;2;192;197;206m}[K
[0m[48;2;40;67;43m[39m+    212[0m:[39m[48;2;24;38;30m [K
[0m[48;2;40;67;43m[39m+    213[0m:[39m[48;2;24;38;30m [38;2;192;197;206m    [38;2;180;142;173mfn[38;2;192;197;206m [38;2;143;161;179madd_node[38;2;192;197;206m([38;2;192;197;206m&[38;2;180;142;173mmut[38;2;192;197;206m [38;2;191;97;106mself[38;2;192;197;206m, [38;2;191;97;106mid[38;2;192;197;206m:[38;2;192;197;206m TreeId, [38;2;191;97;106mparent_id[38;2;192;197;206m:[38;2;192;197;206m TreeId, [38;2;191;97;106mdata[38;2;192;197;206m:[38;2;192;197;206m [38;2;192;197;206m&[38;2;180;142;173mstr[38;2;192;197;206m)[38;2;192;197;206m [38;2;192;197;206m->[38;2;192;197;206m [38;2;180;142;173mi32[38;2;192;197;206m [38;2;192;197;206m{[K
[0m[48;2;40;67;43m[39m+    214[0m:[39m[48;2;24;38;30m [38;2;192;197;206m        [38;2;180;142;173mif[38;2;192;197;206m [38;2;191;97;106mself[38;2;192;197;206m.[38;2;150;181;180mcontains[38;2;192;197;206m([38;2;192;197;206mid[38;2;192;197;206m)[38;2;192;197;206m [38;2;192;197;206m{[K
[0m[48;2;40;67;43m[39m+    215[0m:[39m[48;2;24;38;30m [38;2;192;197;206m            [38;2;192;197;206meprint![38;2;192;197;206m([38;2;192;197;206m"[38;2;163;190;140mError: Node with ID {} already exists[38;2;150;181;180m\n[38;2;192;197;206m"[38;2;192;197;206m,[38;2;192;197;206m id[38;2;192;197;206m)[38;2;192;197;206m;[K
[0m[48;2;40;67;43m[39m+    216[0m:[39m[48;2;24;38;30m [38;2;192;197;206m            [38;2;180;142;173mreturn[38;2;192;197;206m [38;2;192;197;206m-[38;2;208;135;112m1[38;2;192;197;206m;[K
[0m[48;2;40;67;43m[39m+    217[0m:[39m[48;2;24;38;30m [38;2;192;197;206m        [38;2;192;197;206m}[K
[0m[48;2;40;67;43m[39m+    218[0m:[39m[48;2;24;38;30m [K
[0m[48;2;40;67;43m[39m+    219[0m:[39m[48;2;24;38;30m [38;2;192;197;206m        [38;2;180;142;173mlet[38;2;192;197;206m [38;2;180;142;173mmut[38;2;192;197;206m node [38;2;192;197;206m=[38;2;192;197;206m TreeNode [38;2;192;197;206m{[K
[0m[48;2;40;67;43m[39m+    220[0m:[39m[48;2;24;38;30m [38;2;192;197;206m            id[38;2;192;197;206m,[K
[0m[48;2;40;67;43m[39m+    221[0m:[39m[48;2;24;38;30m [38;2;192;197;206m            parent_id[38;2;192;197;206m,[K
[0m[48;2;40;67;43m[39m+    222[0m:[39m[48;2;24;38;30m [38;2;192;197;206m            child_ids[38;2;192;197;206m:[38;2;192;197;206m [38;2;192;197;206m[[38;2;208;135;112m0[38;2;192;197;206m;[38;2;192;197;206m [38;2;208;135;112mMAX_CHILDREN[38;2;192;197;206m][38;2;192;197;206m,[K
[0m[48;2;40;67;43m[39m+    223[0m:[39m[48;2;24;38;30m [38;2;192;197;206m            child_count[38;2;192;197;206m:[38;2;192;197;206m [38;2;208;135;112m0[38;2;192;197;206m,[K
[0m[48;2;40;67;43m[39m+    224[0m:[39m[48;2;24;38;30m [38;2;192;197;206m            data[38;2;192;197;206m:[38;2;192;197;206m [38;2;192;197;206mString[38;2;192;197;206m::[38;2;192;197;206mnew[38;2;192;197;206m([38;2;192;197;206m)[38;2;192;197;206m,[K
[0m[48;2;40;67;43m[39m+    225[0m:[39m[48;2;24;38;30m [38;2;192;197;206m        [38;2;192;197;206m}[38;2;192;197;206m;[K
[0m[48;2;40;67;43m[39m+    226[0m:[39m[48;2;24;38;30m [K
[0m[48;2;40;67;43m[39m+    227[0m:[39m[48;2;24;38;30m [38;2;192;197;206m        [38;2;101;115;126m//[38;2;101;115;126m strncpy behavior: copy up to MAX_DATA_LENGTH-1 chars[K
[0m[48;2;40;67;43m[39m+    228[0m:[39m[48;2;24;38;30m [38;2;192;197;206m        [38;2;180;142;173mlet[38;2;192;197;206m truncated[38;2;192;197;206m:[38;2;192;197;206m [38;2;192;197;206mString[38;2;192;197;206m [38;2;192;197;206m=[38;2;192;197;206m data.[38;2;150;181;180mchars[38;2;192;197;206m([38;2;192;197;206m)[38;2;192;197;206m.[38;2;150;181;180mtake[38;2;192;197;206m([38;2;208;135;112mMAX_DATA_LENGTH[38;2;192;197;206m [38;2;192;197;206m-[38;2;192;197;206m [38;2;208;135;112m1[38;2;192;197;206m)[38;2;192;197;206m.[38;2;150;181;180mcollect[38;2;192;197;206m([38;2;192;197;206m)[38;2;192;197;206m;[K
[0m[48;2;40;67;43m[39m+    229[0m:[39m[48;2;24;38;30m [38;2;192;197;206m        node.data [38;2;192;197;206m=[38;2;192;197;206m truncated[38;2;192;197;206m;[K
[0m[48;2;40;67;43m[39m+    230[0m:[39m[48;2;24;38;30m [K
[0m[48;2;40;67;43m[39m+    231[0m:[39m[48;2;24;38;30m [38;2;192;197;206m        [38;2;180;142;173mif[38;2;192;197;206m [38;2;192;197;206m![38;2;191;97;106mself[38;2;192;197;206m.has_root [38;2;192;197;206m{[K
[0m[48;2;40;67;43m[39m+    232[0m:[39m[48;2;24;38;30m [38;2;192;197;206m            [38;2;191;97;106mself[38;2;192;197;206m.root_id [38;2;192;197;206m=[38;2;192;197;206m id[38;2;192;197;206m;[K
[0m[48;2;40;67;43m[39m+    233[0m:[39m[48;2;24;38;30m [38;2;192;197;206m            [38;2;191;97;106mself[38;2;192;197;206m.has_root [38;2;192;197;206m=[38;2;192;197;206m [38;2;208;135;112mtrue[38;2;192;197;206m;[K
[0m[48;2;40;67;43m[39m+    234[0m:[39m[48;2;24;38;30m [38;2;192;197;206m            node.parent_id [38;2;192;197;206m=[38;2;192;197;206m [38;2;208;135;112m0[38;2;192;197;206m;[K
[0m[48;2;40;67;43m[39m+    235[0m:[39m[48;2;24;38;30m [38;2;192;197;206m        [38;2;192;197;206m}[38;2;192;197;206m [38;2;180;142;173melse[38;2;192;197;206m [38;2;192;197;206m{[K
[0m[48;2;40;67;43m[39m+    236[0m:[39m[48;2;24;38;30m [38;2;192;197;206m            [38;2;101;115;126m//[38;2;101;115;126m Check parent exists and has room[K
[0m[48;2;40;67;43m[39m+    237[0m:[39m[48;2;24;38;30m [38;2;192;197;206m            [38;2;180;142;173mlet[38;2;192;197;206m parent_child_count [38;2;192;197;206m=[38;2;192;197;206m [38;2;180;142;173mmatch[38;2;192;197;206m [38;2;191;97;106mself[38;2;192;197;206m.[38;2;150;181;180mget_node[38;2;192;197;206m([38;2;192;197;206mparent_id[38;2;192;197;206m)[38;2;192;197;206m [38;2;192;197;206m{[K
[0m[48;2;40;67;43m[39m+    238[0m:[39m[48;2;24;38;30m [38;2;192;197;206m                [38;2;192;197;206mSome[38;2;192;197;206m([38;2;192;197;206mp[38;2;192;197;206m)[38;2;192;197;206m [38;2;192;197;206m=>[38;2;192;197;206m p.child_count[38;2;192;197;206m,[K
[0m[48;2;40;67;43m[39m+    239[0m:[39m[48;2;24;38;30m [38;2;192;197;206m                [38;2;192;197;206mNone[38;2;192;197;206m [38;2;192;197;206m=>[38;2;192;197;206m [38;2;192;197;206m{[K
[0m[48;2;40;67;43m[39m+    240[0m:[39m[48;2;24;38;30m [38;2;192;197;206m                    [38;2;192;197;206meprint![38;2;192;197;206m([38;2;192;197;206m"[38;2;163;190;140mError: Parent node {} not found[38;2;150;181;180m\n[38;2;192;197;206m"[38;2;192;197;206m,[38;2;192;197;206m parent_id[38;2;192;197;206m)[38;2;192;197;206m;[K
[0m[48;2;40;67;43m[39m+    241[0m:[39m[48;2;24;38;30m [38;2;192;197;206m                    [38;2;180;142;173mreturn[38;2;192;197;206m [38;2;192;197;206m-[38;2;208;135;112m1[38;2;192;197;206m;[K
[0m[48;2;40;67;43m[39m+    242[0m:[39m[48;2;24;38;30m [38;2;192;197;206m                [38;2;192;197;206m}[K
[0m[48;2;40;67;43m[39m+    243[0m:[39m[48;2;24;38;30m [38;2;192;197;206m            [38;2;192;197;206m}[38;2;192;197;206m;[K
[0m[48;2;40;67;43m[39m+    244[0m:[39m[48;2;24;38;30m [38;2;192;197;206m            [38;2;180;142;173mif[38;2;192;197;206m parent_child_count [38;2;192;197;206m>[38;2;192;197;206m=[38;2;192;197;206m [38;2;208;135;112mMAX_CHILDREN[38;2;192;197;206m [38;2;192;197;206mas[38;2;192;197;206m [38;2;180;142;173mi32[38;2;192;197;206m [38;2;192;197;206m{[K
[0m[48;2;40;67;43m[39m+    245[0m:[39m[48;2;24;38;30m [38;2;192;197;206m                [38;2;192;197;206meprint![38;2;192;197;206m([38;2;192;197;206m"[38;2;163;190;140mError: Parent has maximum children[38;2;150;181;180m\n[38;2;192;197;206m"[38;2;192;197;206m)[38;2;192;197;206m;[K
[0m[48;2;40;67;43m[39m+    246[0m:[39m[48;2;24;38;30m [38;2;192;197;206m                [38;2;180;142;173mreturn[38;2;192;197;206m [38;2;192;197;206m-[38;2;208;135;112m1[38;2;192;197;206m;[K
[0m[48;2;40;67;43m[39m+    247[0m:[39m[48;2;24;38;30m [38;2;192;197;206m            [38;2;192;197;206m}[K
[0m[48;2;40;67;43m[39m+    248[0m:[39m[48;2;24;38;30m [38;2;192;197;206m            [38;2;101;115;126m//[38;2;101;115;126m Add child id to parent[K
[0m[48;2;40;67;43m[39m+    249[0m:[39m[48;2;24;38;30m [38;2;192;197;206m            [38;2;180;142;173mlet[38;2;192;197;206m parent [38;2;192;197;206m=[38;2;192;197;206m [38;2;191;97;106mself[38;2;192;197;206m.[38;2;150;181;180mget_node_mut[38;2;192;197;206m([38;2;192;197;206mparent_id[38;2;192;197;206m)[38;2;192;197;206m.[38;2;150;181;180munwrap[38;2;192;197;206m([38;2;192;197;206m)[38;2;192;197;206m;[K
[0m[48;2;40;67;43m[39m+    250[0m:[39m[48;2;24;38;30m [38;2;192;197;206m            parent.child_ids[38;2;192;197;206m[[38;2;192;197;206mparent.child_count [38;2;192;197;206mas[38;2;192;197;206m [38;2;180;142;173musize[38;2;192;197;206m][38;2;192;197;206m [38;2;192;197;206m=[38;2;192;197;206m id[38;2;192;197;206m;[K
[0m[48;2;40;67;43m[39m+    251[0m:[39m[48;2;24;38;30m [38;2;192;197;206m            parent.child_count [38;2;192;197;206m+[38;2;192;197;206m=[38;2;192;197;206m [38;2;208;135;112m1[38;2;192;197;206m;[K
[0m[48;2;40;67;43m[39m+    252[0m:[39m[48;2;24;38;30m [38;2;192;197;206m        [38;2;192;197;206m}[K
[0m[48;2;40;67;43m[39m+    253[0m:[39m[48;2;24;38;30m [K
[0m[48;2;40;67;43m[39m+    254[0m:[39m[48;2;24;38;30m [38;2;192;197;206m        [38;2;180;142;173mlet[38;2;192;197;206m idx [38;2;192;197;206m=[38;2;192;197;206m [38;2;191;97;106mself[38;2;192;197;206m.[38;2;150;181;180malloc_node[38;2;192;197;206m([38;2;192;197;206mnode[38;2;192;197;206m)[38;2;192;197;206m;[K
[0m[48;2;40;67;43m[39m+    255[0m:[39m[48;2;24;38;30m [38;2;192;197;206m        [38;2;180;142;173mif[38;2;192;197;206m [38;2;191;97;106mself[38;2;192;197;206m.node_map.[38;2;150;181;180mput[38;2;192;197;206m([38;2;192;197;206mid[38;2;192;197;206m,[38;2;192;197;206m idx[38;2;192;197;206m)[38;2;192;197;206m [38;2;192;197;206m![38;2;192;197;206m=[38;2;192;197;206m [38;2;208;135;112m0[38;2;192;197;206m [38;2;192;197;206m{[K
[0m[48;2;40;67;43m[39m+    256[0m:[39m[48;2;24;38;30m [38;2;192;197;206m            [38;2;192;197;206meprint![38;2;192;197;206m([38;2;192;197;206m"[38;2;163;190;140mError: Failed to add node to hashmap[38;2;150;181;180m\n[38;2;192;197;206m"[38;2;192;197;206m)[38;2;192;197;206m;[K
[0m[48;2;40;67;43m[39m+    257[0m:[39m[48;2;24;38;30m [38;2;192;197;206m            [38;2;191;97;106mself[38;2;192;197;206m.[38;2;150;181;180mfree_node[38;2;192;197;206m([38;2;192;197;206midx[38;2;192;197;206m)[38;2;192;197;206m;[K
[0m[48;2;40;67;43m[39m+    258[0m:[39m[48;2;24;38;30m [38;2;192;197;206m            [38;2;180;142;173mreturn[38;2;192;197;206m [38;2;192;197;206m-[38;2;208;135;112m1[38;2;192;197;206m;[K
[0m[48;2;40;67;43m[39m+    259[0m:[39m[48;2;24;38;30m [38;2;192;197;206m        [38;2;192;197;206m}[K
[0m[48;2;40;67;43m[39m+    260[0m:[39m[48;2;24;38;30m [K
[0m[48;2;40;67;43m[39m+    261[0m:[39m[48;2;24;38;30m [38;2;192;197;206m        [38;2;191;97;106mself[38;2;192;197;206m.node_count [38;2;192;197;206m+[38;2;192;197;206m=[38;2;192;197;206m [38;2;208;135;112m1[38;2;192;197;206m;[K
[0m[48;2;40;67;43m[39m+    262[0m:[39m[48;2;24;38;30m [38;2;192;197;206m        [38;2;208;135;112m0[K
[0m[48;2;40;67;43m[39m+    263[0m:[39m[48;2;24;38;30m [38;2;192;197;206m    [38;2;192;197;206m}[K
[0m[48;2;40;67;43m[39m+    264[0m:[39m[48;2;24;38;30m [K
[0m[48;2;40;67;43m[39m+    265[0m:[39m[48;2;24;38;30m [38;2;192;197;206m    [38;2;180;142;173mfn[38;2;192;197;206m [38;2;143;161;179mremove_subtree[38;2;192;197;206m([38;2;192;197;206m&[38;2;180;142;173mmut[38;2;192;197;206m [38;2;191;97;106mself[38;2;192;197;206m, [38;2;191;97;106mid[38;2;192;197;206m:[38;2;192;197;206m TreeId[38;2;192;197;206m)[38;2;192;197;206m [38;2;192;197;206m{[K
[0m[48;2;40;67;43m[39m+    266[0m:[39m[48;2;24;38;30m [38;2;192;197;206m        [38;2;101;115;126m//[38;2;101;115;126m Collect child ids first to avoid borrow issues[K
[0m[48;2;40;67;43m[39m+    267[0m:[39m[48;2;24;38;30m [38;2;192;197;206m        [38;2;180;142;173mlet[38;2;192;197;206m child_ids[38;2;192;197;206m:[38;2;192;197;206m [38;2;192;197;206mVec[38;2;192;197;206m<[38;2;192;197;206mTreeId[38;2;192;197;206m>[38;2;192;197;206m [38;2;192;197;206m=[38;2;192;197;206m [38;2;180;142;173mmatch[38;2;192;197;206m [38;2;191;97;106mself[38;2;192;197;206m.[38;2;150;181;180mget_node[38;2;192;197;206m([38;2;192;197;206mid[38;2;192;197;206m)[38;2;192;197;206m [38;2;192;197;206m{[K
[0m[48;2;40;67;43m[39m+    268[0m:[39m[48;2;24;38;30m [38;2;192;197;206m            [38;2;192;197;206mSome[38;2;192;197;206m([38;2;192;197;206mnode[38;2;192;197;206m)[38;2;192;197;206m [38;2;192;197;206m=>[38;2;192;197;206m [38;2;192;197;206m{[K
[0m[48;2;40;67;43m[39m+    269[0m:[39m[48;2;24;38;30m [38;2;192;197;206m                [38;2;180;142;173mlet[38;2;192;197;206m [38;2;180;142;173mmut[38;2;192;197;206m v [38;2;192;197;206m=[38;2;192;197;206m [38;2;192;197;206mVec[38;2;192;197;206m::[38;2;192;197;206mnew[38;2;192;197;206m([38;2;192;197;206m)[38;2;192;197;206m;[K
[0m[48;2;40;67;43m[39m+    270[0m:[39m[48;2;24;38;30m [38;2;192;197;206m                [38;2;180;142;173mfor[38;2;192;197;206m i [38;2;192;197;206min[38;2;192;197;206m [38;2;208;135;112m0[38;2;192;197;206m..[38;2;192;197;206mnode.child_count [38;2;192;197;206mas[38;2;192;197;206m [38;2;180;142;173musize[38;2;192;197;206m [38;2;192;197;206m{[K
[0m[48;2;40;67;43m[39m+    271[0m:[39m[48;2;24;38;30m [38;2;192;197;206m                    v.[38;2;150;181;180mpush[38;2;192;197;206m([38;2;192;197;206mnode.child_ids[38;2;192;197;206m[[38;2;192;197;206mi[38;2;192;197;206m][38;2;192;197;206m)[38;2;192;197;206m;[K
[0m[48;2;40;67;43m[39m+    272[0m:[39m[48;2;24;38;30m [38;2;192;197;206m                [38;2;192;197;206m}[K
[0m[48;2;40;67;43m[39m+    273[0m:[39m[48;2;24;38;30m [38;2;192;197;206m                v[K
[0m[48;2;40;67;43m[39m+    274[0m:[39m[48;2;24;38;30m [38;2;192;197;206m            [38;2;192;197;206m}[K
[0m[48;2;40;67;43m[39m+    275[0m:[39m[48;2;24;38;30m [38;2;192;197;206m            [38;2;192;197;206mNone[38;2;192;197;206m [38;2;192;197;206m=>[38;2;192;197;206m [38;2;180;142;173mreturn[38;2;192;197;206m,[K
[0m[48;2;40;67;43m[39m+    276[0m:[39m[48;2;24;38;30m [38;2;192;197;206m        [38;2;192;197;206m}[38;2;192;197;206m;[K
[0m[48;2;40;67;43m[39m+    277[0m:[39m[48;2;24;38;30m [K
[0m[48;2;40;67;43m[39m+    278[0m:[39m[48;2;24;38;30m [38;2;192;197;206m        [38;2;180;142;173mfor[38;2;192;197;206m cid [38;2;192;197;206min[38;2;192;197;206m child_ids [38;2;192;197;206m{[K
[0m[48;2;40;67;43m[39m+    279[0m:[39m[48;2;24;38;30m [38;2;192;197;206m            [38;2;191;97;106mself[38;2;192;197;206m.[38;2;150;181;180mremove_subtree[38;2;192;197;206m([38;2;192;197;206mcid[38;2;192;197;206m)[38;2;192;197;206m;[K
[0m[48;2;40;67;43m[39m+    280[0m:[39m[48;2;24;38;30m [38;2;192;197;206m        [38;2;192;197;206m}[K
[0m[48;2;40;67;43m[39m+    281[0m:[39m[48;2;24;38;30m [K
[0m[48;2;40;67;43m[39m+    282[0m:[39m[48;2;24;38;30m [38;2;192;197;206m        [38;2;180;142;173mif[38;2;192;197;206m [38;2;180;142;173mlet[38;2;192;197;206m [38;2;192;197;206mSome[38;2;192;197;206m([38;2;192;197;206midx[38;2;192;197;206m)[38;2;192;197;206m [38;2;192;197;206m=[38;2;192;197;206m [38;2;191;97;106mself[38;2;192;197;206m.node_map.[38;2;150;181;180mremove[38;2;192;197;206m([38;2;192;197;206mid[38;2;192;197;206m)[38;2;192;197;206m [38;2;192;197;206m{[K
[0m[48;2;40;67;43m[39m+    283[0m:[39m[48;2;24;38;30m [38;2;192;197;206m            [38;2;191;97;106mself[38;2;192;197;206m.[38;2;150;181;180mfree_node[38;2;192;197;206m([38;2;192;197;206midx[38;2;192;197;206m)[38;2;192;197;206m;[K
[0m[48;2;40;67;43m[39m+    284[0m:[39m[48;2;24;38;30m [38;2;192;197;206m            [38;2;191;97;106mself[38;2;192;197;206m.node_count [38;2;192;197;206m-[38;2;192;197;206m=[38;2;192;197;206m [38;2;208;135;112m1[38;2;192;197;206m;[K
[0m[48;2;40;67;43m[39m+    285[0m:[39m[48;2;24;38;30m [38;2;192;197;206m        [38;2;192;197;206m}[K
[0m[48;2;40;67;43m[39m+    286[0m:[39m[48;2;24;38;30m [38;2;192;197;206m    [38;2;192;197;206m}[K
[0m[48;2;40;67;43m[39m+    287[0m:[39m[48;2;24;38;30m [K
[0m[48;2;40;67;43m[39m+    288[0m:[39m[48;2;24;38;30m [38;2;192;197;206m    [38;2;180;142;173mfn[38;2;192;197;206m [38;2;143;161;179mremove_node[38;2;192;197;206m([38;2;192;197;206m&[38;2;180;142;173mmut[38;2;192;197;206m [38;2;191;97;106mself[38;2;192;197;206m, [38;2;191;97;106mid[38;2;192;197;206m:[38;2;192;197;206m TreeId[38;2;192;197;206m)[38;2;192;197;206m [38;2;192;197;206m->[38;2;192;197;206m [38;2;180;142;173mi32[38;2;192;197;206m [38;2;192;197;206m{[K
[0m[48;2;40;67;43m[39m+    289[0m:[39m[48;2;24;38;30m [38;2;192;197;206m        [38;2;180;142;173mif[38;2;192;197;206m [38;2;191;97;106mself[38;2;192;197;206m.[38;2;150;181;180mget_node[38;2;192;197;206m([38;2;192;197;206mid[38;2;192;197;206m)[38;2;192;197;206m.[38;2;150;181;180mis_none[38;2;192;197;206m([38;2;192;197;206m)[38;2;192;197;206m [38;2;192;197;206m{[K
[0m[48;2;40;67;43m[39m+    290[0m:[39m[48;2;24;38;30m [38;2;192;197;206m            [38;2;192;197;206meprint![38;2;192;197;206m([38;2;192;197;206m"[38;2;163;190;140mError: Node {} not found[38;2;150;181;180m\n[38;2;192;197;206m"[38;2;192;197;206m,[38;2;192;197;206m id[38;2;192;197;206m)[38;2;192;197;206m;[K
[0m[48;2;40;67;43m[39m+    291[0m:[39m[48;2;24;38;30m [38;2;192;197;206m            [38;2;180;142;173mreturn[38;2;192;197;206m [38;2;192;197;206m-[38;2;208;135;112m1[38;2;192;197;206m;[K
[0m[48;2;40;67;43m[39m+    292[0m:[39m[48;2;24;38;30m [38;2;192;197;206m        [38;2;192;197;206m}[K
[0m[48;2;40;67;43m[39m+    293[0m:[39m[48;2;24;38;30m [K
[0m[48;2;40;67;43m[39m+    294[0m:[39m[48;2;24;38;30m [38;2;192;197;206m        [38;2;180;142;173mif[38;2;192;197;206m id [38;2;192;197;206m=[38;2;192;197;206m=[38;2;192;197;206m [38;2;191;97;106mself[38;2;192;197;206m.root_id [38;2;192;197;206m{[K
[0m[48;2;40;67;43m[39m+    295[0m:[39m[48;2;24;38;30m [38;2;192;197;206m            [38;2;191;97;106mself[38;2;192;197;206m.[38;2;150;181;180mremove_subtree[38;2;192;197;206m([38;2;192;197;206mid[38;2;192;197;206m)[38;2;192;197;206m;[K
[0m[48;2;40;67;43m[39m+    296[0m:[39m[48;2;24;38;30m [38;2;192;197;206m            [38;2;191;97;106mself[38;2;192;197;206m.has_root [38;2;192;197;206m=[38;2;192;197;206m [38;2;208;135;112mfalse[38;2;192;197;206m;[K
[0m[48;2;40;67;43m[39m+    297[0m:[39m[48;2;24;38;30m [38;2;192;197;206m            [38;2;191;97;106mself[38;2;192;197;206m.root_id [38;2;192;197;206m=[38;2;192;197;206m [38;2;208;135;112m0[38;2;192;197;206m;[K
[0m[48;2;40;67;43m[39m+    298[0m:[39m[48;2;24;38;30m [38;2;192;197;206m            [38;2;180;142;173mreturn[38;2;192;197;206m [38;2;208;135;112m0[38;2;192;197;206m;[K
[0m[48;2;40;67;43m[39m+    299[0m:[39m[48;2;24;38;30m [38;2;192;197;206m        [38;2;192;197;206m}[K
[0m[48;2;40;67;43m[39m+    300[0m:[39m[48;2;24;38;30m [K
[0m[48;2;40;67;43m[39m+    301[0m:[39m[48;2;24;38;30m [38;2;192;197;206m        [38;2;180;142;173mlet[38;2;192;197;206m parent_id [38;2;192;197;206m=[38;2;192;197;206m [38;2;191;97;106mself[38;2;192;197;206m.[38;2;150;181;180mget_node[38;2;192;197;206m([38;2;192;197;206mid[38;2;192;197;206m)[38;2;192;197;206m.[38;2;150;181;180munwrap[38;2;192;197;206m([38;2;192;197;206m)[38;2;192;197;206m.parent_id[38;2;192;197;206m;[K
[0m[48;2;40;67;43m[39m+    302[0m:[39m[48;2;24;38;30m [K
[0m[48;2;40;67;43m[39m+    303[0m:[39m[48;2;24;38;30m [38;2;192;197;206m        [38;2;101;115;126m//[38;2;101;115;126m Remove from parent's child list[K
[0m[48;2;40;67;43m[39m+    304[0m:[39m[48;2;24;38;30m [38;2;192;197;206m        [38;2;180;142;173mif[38;2;192;197;206m [38;2;180;142;173mlet[38;2;192;197;206m [38;2;192;197;206mSome[38;2;192;197;206m([38;2;192;197;206mparent[38;2;192;197;206m)[38;2;192;197;206m [38;2;192;197;206m=[38;2;192;197;206m [38;2;191;97;106mself[38;2;192;197;206m.[38;2;150;181;180mget_node_mut[38;2;192;197;206m([38;2;192;197;206mparent_id[38;2;192;197;206m)[38;2;192;197;206m [38;2;192;197;206m{[K
[0m[48;2;40;67;43m[39m+    305[0m:[39m[48;2;24;38;30m [38;2;192;197;206m            [38;2;180;142;173mlet[38;2;192;197;206m [38;2;180;142;173mmut[38;2;192;197;206m i [38;2;192;197;206m=[38;2;192;197;206m [38;2;208;135;112m0[38;2;192;197;206m;[K
[0m[48;2;40;67;43m[39m+    306[0m:[39m[48;2;24;38;30m [38;2;192;197;206m            [38;2;180;142;173mwhile[38;2;192;197;206m i [38;2;192;197;206m<[38;2;192;197;206m parent.child_count [38;2;192;197;206mas[38;2;192;197;206m [38;2;180;142;173musize[38;2;192;197;206m [38;2;192;197;206m{[K
[0m[48;2;40;67;43m[39m+    307[0m:[39m[48;2;24;38;30m [38;2;192;197;206m                [38;2;180;142;173mif[38;2;192;197;206m parent.child_ids[38;2;192;197;206m[[38;2;192;197;206mi[38;2;192;197;206m][38;2;192;197;206m [38;2;192;197;206m=[38;2;192;197;206m=[38;2;192;197;206m id [38;2;192;197;206m{[K
[0m[48;2;40;67;43m[39m+    308[0m:[39m[48;2;24;38;30m [38;2;192;197;206m                    [38;2;180;142;173mlet[38;2;192;197;206m [38;2;180;142;173mmut[38;2;192;197;206m j [38;2;192;197;206m=[38;2;192;197;206m i[38;2;192;197;206m;[K
[0m[48;2;40;67;43m[39m+    309[0m:[39m[48;2;24;38;30m [38;2;192;197;206m                    [38;2;180;142;173mwhile[38;2;192;197;206m j [38;2;192;197;206m<[38;2;192;197;206m [38;2;192;197;206m([38;2;192;197;206mparent.child_count [38;2;192;197;206m-[38;2;192;197;206m [38;2;208;135;112m1[38;2;192;197;206m)[38;2;192;197;206m [38;2;192;197;206mas[38;2;192;197;206m [38;2;180;142;173musize[38;2;192;197;206m [38;2;192;197;206m{[K
[0m[48;2;40;67;43m[39m+    310[0m:[39m[48;2;24;38;30m [38;2;192;197;206m                        parent.child_ids[38;2;192;197;206m[[38;2;192;197;206mj[38;2;192;197;206m][38;2;192;197;206m [38;2;192;197;206m=[38;2;192;197;206m parent.child_ids[38;2;192;197;206m[[38;2;192;197;206mj [38;2;192;197;206m+[38;2;192;197;206m [38;2;208;135;112m1[38;2;192;197;206m][38;2;192;197;206m;[K
[0m[48;2;40;67;43m[39m+    311[0m:[39m[48;2;24;38;30m [38;2;192;197;206m                        j [38;2;192;197;206m+[38;2;192;197;206m=[38;2;192;197;206m [38;2;208;135;112m1[38;2;192;197;206m;[K
[0m[48;2;40;67;43m[39m+    312[0m:[39m[48;2;24;38;30m [38;2;192;197;206m                    [38;2;192;197;206m}[K
[0m[48;2;40;67;43m[39m+    313[0m:[39m[48;2;24;38;30m [38;2;192;197;206m                    parent.child_count [38;2;192;197;206m-[38;2;192;197;206m=[38;2;192;197;206m [38;2;208;135;112m1[38;2;192;197;206m;[K
[0m[48;2;40;67;43m[39m+    314[0m:[39m[48;2;24;38;30m [38;2;192;197;206m                    [38;2;180;142;173mbreak[38;2;192;197;206m;[K
[0m[48;2;40;67;43m[39m+    315[0m:[39m[48;2;24;38;30m [38;2;192;197;206m                [38;2;192;197;206m}[K
[0m[48;2;40;67;43m[39m+    316[0m:[39m[48;2;24;38;30m [38;2;192;197;206m                i [38;2;192;197;206m+[38;2;192;197;206m=[38;2;192;197;206m [38;2;208;135;112m1[38;2;192;197;206m;[K
[0m[48;2;40;67;43m[39m+    317[0m:[39m[48;2;24;38;30m [38;2;192;197;206m            [38;2;192;197;206m}[K
[0m[48;2;40;67;43m[39m+    318[0m:[39m[48;2;24;38;30m [38;2;192;197;206m        [38;2;192;197;206m}[K
[0m[48;2;40;67;43m[39m+    319[0m:[39m[48;2;24;38;30m [K
[0m[48;2;40;67;43m[39m+    320[0m:[39m[48;2;24;38;30m [38;2;192;197;206m        [38;2;191;97;106mself[38;2;192;197;206m.[38;2;150;181;180mremove_subtree[38;2;192;197;206m([38;2;192;197;206mid[38;2;192;197;206m)[38;2;192;197;206m;[K
[0m[48;2;40;67;43m[39m+    321[0m:[39m[48;2;24;38;30m [38;2;192;197;206m        [38;2;208;135;112m0[K
[0m[48;2;40;67;43m[39m+    322[0m:[39m[48;2;24;38;30m [38;2;192;197;206m    [38;2;192;197;206m}[K
[0m[48;2;40;67;43m[39m+    323[0m:[39m[48;2;24;38;30m [K
[0m[48;2;40;67;43m[39m+    324[0m:[39m[48;2;24;38;30m [38;2;192;197;206m    [38;2;180;142;173mfn[38;2;192;197;206m [38;2;143;161;179mprint_helper[38;2;192;197;206m([38;2;192;197;206m&[38;2;191;97;106mself[38;2;192;197;206m, [38;2;191;97;106mid[38;2;192;197;206m:[38;2;192;197;206m TreeId, [38;2;191;97;106mdepth[38;2;192;197;206m:[38;2;192;197;206m [38;2;180;142;173mi32[38;2;192;197;206m)[38;2;192;197;206m [38;2;192;197;206m{[K
[0m[48;2;40;67;43m[39m+    325[0m:[39m[48;2;24;38;30m [38;2;192;197;206m        [38;2;180;142;173mlet[38;2;192;197;206m node [38;2;192;197;206m=[38;2;192;197;206m [38;2;180;142;173mmatch[38;2;192;197;206m [38;2;191;97;106mself[38;2;192;197;206m.[38;2;150;181;180mget_node[38;2;192;197;206m([38;2;192;197;206mid[38;2;192;197;206m)[38;2;192;197;206m [38;2;192;197;206m{[K
[0m[48;2;40;67;43m[39m+    326[0m:[39m[48;2;24;38;30m [38;2;192;197;206m            [38;2;192;197;206mSome[38;2;192;197;206m([38;2;192;197;206mn[38;2;192;197;206m)[38;2;192;197;206m [38;2;192;197;206m=>[38;2;192;197;206m n[38;2;192;197;206m,[K
[0m[48;2;40;67;43m[39m+    327[0m:[39m[48;2;24;38;30m [38;2;192;197;206m            [38;2;192;197;206mNone[38;2;192;197;206m [38;2;192;197;206m=>[38;2;192;197;206m [38;2;180;142;173mreturn[38;2;192;197;206m,[K
[0m[48;2;40;67;43m[39m+    328[0m:[39m[48;2;24;38;30m [38;2;192;197;206m        [38;2;192;197;206m}[38;2;192;197;206m;[K
[0m[48;2;40;67;43m[39m+    329[0m:[39m[48;2;24;38;30m [K
[0m[48;2;40;67;43m[39m+    330[0m:[39m[48;2;24;38;30m [38;2;192;197;206m        [38;2;180;142;173mfor[38;2;192;197;206m [38;2;192;197;206m_[38;2;192;197;206m [38;2;192;197;206min[38;2;192;197;206m [38;2;208;135;112m0[38;2;192;197;206m..[38;2;192;197;206mdepth [38;2;192;197;206m{[K
[0m[48;2;40;67;43m[39m+    331[0m:[39m[48;2;24;38;30m [38;2;192;197;206m            [38;2;192;197;206mprint![38;2;192;197;206m([38;2;192;197;206m"[38;2;163;190;140m  [38;2;192;197;206m"[38;2;192;197;206m)[38;2;192;197;206m;[K
[0m[48;2;40;67;43m[39m+    332[0m:[39m[48;2;24;38;30m [38;2;192;197;206m        [38;2;192;197;206m}[K
[0m[48;2;40;67;43m[39m+    333[0m:[39m[48;2;24;38;30m [38;2;192;197;206m        [38;2;192;197;206mprint![38;2;192;197;206m([38;2;192;197;206m"[38;2;163;190;140m[[38;2;208;135;112m{}[38;2;163;190;140m] [38;2;208;135;112m{}[38;2;150;181;180m\n[38;2;192;197;206m"[38;2;192;197;206m,[38;2;192;197;206m node.id[38;2;192;197;206m,[38;2;192;197;206m node.data[38;2;192;197;206m)[38;2;192;197;206m;[K
[0m[48;2;40;67;43m[39m+    334[0m:[39m[48;2;24;38;30m [K
[0m[48;2;40;67;43m[39m+    335[0m:[39m[48;2;24;38;30m [38;2;192;197;206m        [38;2;180;142;173mfor[38;2;192;197;206m i [38;2;192;197;206min[38;2;192;197;206m [38;2;208;135;112m0[38;2;192;197;206m..[38;2;192;197;206mnode.child_count [38;2;192;197;206mas[38;2;192;197;206m [38;2;180;142;173musize[38;2;192;197;206m [38;2;192;197;206m{[K
[0m[48;2;40;67;43m[39m+    336[0m:[39m[48;2;24;38;30m [38;2;192;197;206m            [38;2;191;97;106mself[38;2;192;197;206m.[38;2;150;181;180mprint_helper[38;2;192;197;206m([38;2;192;197;206mnode.child_ids[38;2;192;197;206m[[38;2;192;197;206mi[38;2;192;197;206m][38;2;192;197;206m,[38;2;192;197;206m depth [38;2;192;197;206m+[38;2;192;197;206m [38;2;208;135;112m1[38;2;192;197;206m)[38;2;192;197;206m;[K
[0m[48;2;40;67;43m[39m+    337[0m:[39m[48;2;24;38;30m [38;2;192;197;206m        [38;2;192;197;206m}[K
[0m[48;2;40;67;43m[39m+    338[0m:[39m[48;2;24;38;30m [38;2;192;197;206m    [38;2;192;197;206m}[K
[0m[48;2;40;67;43m[39m+    339[0m:[39m[48;2;24;38;30m [K
[0m[48;2;40;67;43m[39m+    340[0m:[39m[48;2;24;38;30m [38;2;192;197;206m    [38;2;180;142;173mfn[38;2;192;197;206m [38;2;143;161;179mprint[38;2;192;197;206m([38;2;192;197;206m&[38;2;191;97;106mself[38;2;192;197;206m)[38;2;192;197;206m [38;2;192;197;206m{[K
[0m[48;2;40;67;43m[39m+    341[0m:[39m[48;2;24;38;30m [38;2;192;197;206m        [38;2;180;142;173mif[38;2;192;197;206m [38;2;192;197;206m![38;2;191;97;106mself[38;2;192;197;206m.has_root [38;2;192;197;206m{[K
[0m[48;2;40;67;43m[39m+    342[0m:[39m[48;2;24;38;30m [38;2;192;197;206m            [38;2;192;197;206mprint![38;2;192;197;206m([38;2;192;197;206m"[38;2;163;190;140m(empty tree)[38;2;150;181;180m\n[38;2;192;197;206m"[38;2;192;197;206m)[38;2;192;197;206m;[K
[0m[48;2;40;67;43m[39m+    343[0m:[39m[48;2;24;38;30m [38;2;192;197;206m            [38;2;180;142;173mreturn[38;2;192;197;206m;[K
[0m[48;2;40;67;43m[39m+    344[0m:[39m[48;2;24;38;30m [38;2;192;197;206m        [38;2;192;197;206m}[K
[0m[48;2;40;67;43m[39m+    345[0m:[39m[48;2;24;38;30m [38;2;192;197;206m        [38;2;191;97;106mself[38;2;192;197;206m.[38;2;150;181;180mprint_helper[38;2;192;197;206m([38;2;191;97;106mself[38;2;192;197;206m.root_id[38;2;192;197;206m,[38;2;192;197;206m [38;2;208;135;112m0[38;2;192;197;206m)[38;2;192;197;206m;[K
[0m[48;2;40;67;43m[39m+    346[0m:[39m[48;2;24;38;30m [38;2;192;197;206m    [38;2;192;197;206m}[K
[0m[48;2;40;67;43m[39m+    347[0m:[39m[48;2;24;38;30m [K
[0m[48;2;40;67;43m[39m+    348[0m:[39m[48;2;24;38;30m [38;2;192;197;206m    [38;2;180;142;173mfn[38;2;192;197;206m [38;2;143;161;179mget_depth[38;2;192;197;206m([38;2;192;197;206m&[38;2;191;97;106mself[38;2;192;197;206m, [38;2;191;97;106mid[38;2;192;197;206m:[38;2;192;197;206m TreeId[38;2;192;197;206m)[38;2;192;197;206m [38;2;192;197;206m->[38;2;192;197;206m [38;2;180;142;173mi32[38;2;192;197;206m [38;2;192;197;206m{[K
[0m[48;2;40;67;43m[39m+    349[0m:[39m[48;2;24;38;30m [38;2;192;197;206m        [38;2;180;142;173mif[38;2;192;197;206m [38;2;192;197;206m![38;2;191;97;106mself[38;2;192;197;206m.[38;2;150;181;180mcontains[38;2;192;197;206m([38;2;192;197;206mid[38;2;192;197;206m)[38;2;192;197;206m [38;2;192;197;206m{[K
[0m[48;2;40;67;43m[39m+    350[0m:[39m[48;2;24;38;30m [38;2;192;197;206m            [38;2;180;142;173mreturn[38;2;192;197;206m [38;2;192;197;206m-[38;2;208;135;112m1[38;2;192;197;206m;[K
[0m[48;2;40;67;43m[39m+    351[0m:[39m[48;2;24;38;30m [38;2;192;197;206m        [38;2;192;197;206m}[K
[0m[48;2;40;67;43m[39m+    352[0m:[39m[48;2;24;38;30m [38;2;192;197;206m        [38;2;180;142;173mlet[38;2;192;197;206m [38;2;180;142;173mmut[38;2;192;197;206m depth [38;2;192;197;206m=[38;2;192;197;206m [38;2;208;135;112m0[38;2;192;197;206m;[K
[0m[48;2;40;67;43m[39m+    353[0m:[39m[48;2;24;38;30m [38;2;192;197;206m        [38;2;180;142;173mlet[38;2;192;197;206m [38;2;180;142;173mmut[38;2;192;197;206m current_id [38;2;192;197;206m=[38;2;192;197;206m id[38;2;192;197;206m;[K
[0m[48;2;40;67;43m[39m+    354[0m:[39m[48;2;24;38;30m [38;2;192;197;206m        [38;2;180;142;173mwhile[38;2;192;197;206m current_id [38;2;192;197;206m![38;2;192;197;206m=[38;2;192;197;206m [38;2;191;97;106mself[38;2;192;197;206m.root_id [38;2;192;197;206m{[K
[0m[48;2;40;67;43m[39m+    355[0m:[39m[48;2;24;38;30m [38;2;192;197;206m            [38;2;180;142;173mlet[38;2;192;197;206m node [38;2;192;197;206m=[38;2;192;197;206m [38;2;180;142;173mmatch[38;2;192;197;206m [38;2;191;97;106mself[38;2;192;197;206m.[38;2;150;181;180mget_node[38;2;192;197;206m([38;2;192;197;206mcurrent_id[38;2;192;197;206m)[38;2;192;197;206m [38;2;192;197;206m{[K
[0m[48;2;40;67;43m[39m+    356[0m:[39m[48;2;24;38;30m [38;2;192;197;206m                [38;2;192;197;206mSome[38;2;192;197;206m([38;2;192;197;206mn[38;2;192;197;206m)[38;2;192;197;206m [38;2;192;197;206m=>[38;2;192;197;206m n[38;2;192;197;206m,[K
[0m[48;2;40;67;43m[39m+    357[0m:[39m[48;2;24;38;30m [38;2;192;197;206m                [38;2;192;197;206mNone[38;2;192;197;206m [38;2;192;197;206m=>[38;2;192;197;206m [38;2;180;142;173mreturn[38;2;192;197;206m [38;2;192;197;206m-[38;2;208;135;112m1[38;2;192;197;206m,[K
[0m[48;2;40;67;43m[39m+    358[0m:[39m[48;2;24;38;30m [38;2;192;197;206m            [38;2;192;197;206m}[38;2;192;197;206m;[K
[0m[48;2;40;67;43m[39m+    359[0m:[39m[48;2;24;38;30m [38;2;192;197;206m            current_id [38;2;192;197;206m=[38;2;192;197;206m node.parent_id[38;2;192;197;206m;[K
[0m[48;2;40;67;43m[39m+    360[0m:[39m[48;2;24;38;30m [38;2;192;197;206m            depth [38;2;192;197;206m+[38;2;192;197;206m=[38;2;192;197;206m [38;2;208;135;112m1[38;2;192;197;206m;[K
[0m[48;2;40;67;43m[39m+    361[0m:[39m[48;2;24;38;30m [38;2;192;197;206m        [38;2;192;197;206m}[K
[0m[48;2;40;67;43m[39m+    362[0m:[39m[48;2;24;38;30m [38;2;192;197;206m        depth[K
[0m[48;2;40;67;43m[39m+    363[0m:[39m[48;2;24;38;30m [38;2;192;197;206m    [38;2;192;197;206m}[K
[0m[48;2;40;67;43m[39m+    364[0m:[39m[48;2;24;38;30m [K
[0m[48;2;40;67;43m[39m+    365[0m:[39m[48;2;24;38;30m [38;2;192;197;206m    [38;2;180;142;173mfn[38;2;192;197;206m [38;2;143;161;179mget_height[38;2;192;197;206m([38;2;192;197;206m&[38;2;191;97;106mself[38;2;192;197;206m, [38;2;191;97;106mid[38;2;192;197;206m:[38;2;192;197;206m TreeId[38;2;192;197;206m)[38;2;192;197;206m [38;2;192;197;206m->[38;2;192;197;206m [38;2;180;142;173mi32[38;2;192;197;206m [38;2;192;197;206m{[K
[0m[48;2;40;67;43m[39m+    366[0m:[39m[48;2;24;38;30m [38;2;192;197;206m        [38;2;180;142;173mlet[38;2;192;197;206m node [38;2;192;197;206m=[38;2;192;197;206m [38;2;180;142;173mmatch[38;2;192;197;206m [38;2;191;97;106mself[38;2;192;197;206m.[38;2;150;181;180mget_node[38;2;192;197;206m([38;2;192;197;206mid[38;2;192;197;206m)[38;2;192;197;206m [38;2;192;197;206m{[K
[0m[48;2;40;67;43m[39m+    367[0m:[39m[48;2;24;38;30m [38;2;192;197;206m            [38;2;192;197;206mSome[38;2;192;197;206m([38;2;192;197;206mn[38;2;192;197;206m)[38;2;192;197;206m [38;2;192;197;206m=>[38;2;192;197;206m n[38;2;192;197;206m,[K
[0m[48;2;40;67;43m[39m+    368[0m:[39m[48;2;24;38;30m [38;2;192;197;206m            [38;2;192;197;206mNone[38;2;192;197;206m [38;2;192;197;206m=>[38;2;192;197;206m [38;2;180;142;173mreturn[38;2;192;197;206m [38;2;192;197;206m-[38;2;208;135;112m1[38;2;192;197;206m,[K
[0m[48;2;40;67;43m[39m+    369[0m:[39m[48;2;24;38;30m [38;2;192;197;206m        [38;2;192;197;206m}[38;2;192;197;206m;[K
[0m[48;2;40;67;43m[39m+    370[0m:[39m[48;2;24;38;30m [38;2;192;197;206m        [38;2;180;142;173mif[38;2;192;197;206m node.child_count [38;2;192;197;206m=[38;2;192;197;206m=[38;2;192;197;206m [38;2;208;135;112m0[38;2;192;197;206m [38;2;192;197;206m{[K
[0m[48;2;40;67;43m[39m+    371[0m:[39m[48;2;24;38;30m [38;2;192;197;206m            [38;2;180;142;173mreturn[38;2;192;197;206m [38;2;208;135;112m0[38;2;192;197;206m;[K
[0m[48;2;40;67;43m[39m+    372[0m:[39m[48;2;24;38;30m [38;2;192;197;206m        [38;2;192;197;206m}[K
[0m[48;2;40;67;43m[39m+    373[0m:[39m[48;2;24;38;30m [38;2;192;197;206m        [38;2;180;142;173mlet[38;2;192;197;206m [38;2;180;142;173mmut[38;2;192;197;206m max_height [38;2;192;197;206m=[38;2;192;197;206m [38;2;208;135;112m0[38;2;192;197;206m;[K
[0m[48;2;40;67;43m[39m+    374[0m:[39m[48;2;24;38;30m [38;2;192;197;206m        [38;2;180;142;173mfor[38;2;192;197;206m i [38;2;192;197;206min[38;2;192;197;206m [38;2;208;135;112m0[38;2;192;197;206m..[38;2;192;197;206mnode.child_count [38;2;192;197;206mas[38;2;192;197;206m [38;2;180;142;173musize[38;2;192;197;206m [38;2;192;197;206m{[K
[0m[48;2;40;67;43m[39m+    375[0m:[39m[48;2;24;38;30m [38;2;192;197;206m            [38;2;180;142;173mlet[38;2;192;197;206m ch [38;2;192;197;206m=[38;2;192;197;206m [38;2;191;97;106mself[38;2;192;197;206m.[38;2;150;181;180mget_height[38;2;192;197;206m([38;2;192;197;206mnode.child_ids[38;2;192;197;206m[[38;2;192;197;206mi[38;2;192;197;206m][38;2;192;197;206m)[38;2;192;197;206m;[K
[0m[48;2;40;67;43m[39m+    376[0m:[39m[48;2;24;38;30m [38;2;192;197;206m            [38;2;180;142;173mif[38;2;192;197;206m ch [38;2;192;197;206m>[38;2;192;197;206m max_height [38;2;192;197;206m{[K
[0m[48;2;40;67;43m[39m+    377[0m:[39m[48;2;24;38;30m [38;2;192;197;206m                max_height [38;2;192;197;206m=[38;2;192;197;206m ch[38;2;192;197;206m;[K
[0m[48;2;40;67;43m[39m+    378[0m:[39m[48;2;24;38;30m [38;2;192;197;206m            [38;2;192;197;206m}[K
[0m[48;2;40;67;43m[39m+    379[0m:[39m[48;2;24;38;30m [38;2;192;197;206m        [38;2;192;197;206m}[K
[0m[48;2;40;67;43m[39m+    380[0m:[39m[48;2;24;38;30m [38;2;192;197;206m        max_height [38;2;192;197;206m+[38;2;192;197;206m [38;2;208;135;112m1[K
[0m[48;2;40;67;43m[39m+    381[0m:[39m[48;2;24;38;30m [38;2;192;197;206m    [38;2;192;197;206m}[K
[0m[48;2;40;67;43m[39m+    382[0m:[39m[48;2;24;38;30m [K
[0m[48;2;40;67;43m[39m+    383[0m:[39m[48;2;24;38;30m [38;2;192;197;206m    [38;2;180;142;173mfn[38;2;192;197;206m [38;2;143;161;179mcount_descendants[38;2;192;197;206m([38;2;192;197;206m&[38;2;191;97;106mself[38;2;192;197;206m, [38;2;191;97;106mid[38;2;192;197;206m:[38;2;192;197;206m TreeId[38;2;192;197;206m)[38;2;192;197;206m [38;2;192;197;206m->[38;2;192;197;206m [38;2;180;142;173mi32[38;2;192;197;206m [38;2;192;197;206m{[K
[0m[48;2;40;67;43m[39m+    384[0m:[39m[48;2;24;38;30m [38;2;192;197;206m        [38;2;180;142;173mlet[38;2;192;197;206m node [38;2;192;197;206m=[38;2;192;197;206m [38;2;180;142;173mmatch[38;2;192;197;206m [38;2;191;97;106mself[38;2;192;197;206m.[38;2;150;181;180mget_node[38;2;192;197;206m([38;2;192;197;206mid[38;2;192;197;206m)[38;2;192;197;206m [38;2;192;197;206m{[K
[0m[48;2;40;67;43m[39m+    385[0m:[39m[48;2;24;38;30m [38;2;192;197;206m            [38;2;192;197;206mSome[38;2;192;197;206m([38;2;192;197;206mn[38;2;192;197;206m)[38;2;192;197;206m [38;2;192;197;206m=>[38;2;192;197;206m n[38;2;192;197;206m,[K
[0m[48;2;40;67;43m[39m+    386[0m:[39m[48;2;24;38;30m [38;2;192;197;206m            [38;2;192;197;206mNone[38;2;192;197;206m [38;2;192;197;206m=>[38;2;192;197;206m [38;2;180;142;173mreturn[38;2;192;197;206m [38;2;192;197;206m-[38;2;208;135;112m1[38;2;192;197;206m,[K
[0m[48;2;40;67;43m[39m+    387[0m:[39m[48;2;24;38;30m [38;2;192;197;206m        [38;2;192;197;206m}[38;2;192;197;206m;[K
[0m[48;2;40;67;43m[39m+    388[0m:[39m[48;2;24;38;30m [38;2;192;197;206m        [38;2;180;142;173mlet[38;2;192;197;206m [38;2;180;142;173mmut[38;2;192;197;206m count [38;2;192;197;206m=[38;2;192;197;206m [38;2;208;135;112m0[38;2;192;197;206m;[K
[0m[48;2;40;67;43m[39m+    389[0m:[39m[48;2;24;38;30m [38;2;192;197;206m        [38;2;180;142;173mfor[38;2;192;197;206m i [38;2;192;197;206min[38;2;192;197;206m [38;2;208;135;112m0[38;2;192;197;206m..[38;2;192;197;206mnode.child_count [38;2;192;197;206mas[38;2;192;197;206m [38;2;180;142;173musize[38;2;192;197;206m [38;2;192;197;206m{[K
[0m[48;2;40;67;43m[39m+    390[0m:[39m[48;2;24;38;30m [38;2;192;197;206m            count [38;2;192;197;206m+[38;2;192;197;206m=[38;2;192;197;206m [38;2;208;135;112m1[38;2;192;197;206m;[K
[0m[48;2;40;67;43m[39m+    391[0m:[39m[48;2;24;38;30m [38;2;192;197;206m            count [38;2;192;197;206m+[38;2;192;197;206m=[38;2;192;197;206m [38;2;191;97;106mself[38;2;192;197;206m.[38;2;150;181;180mcount_descendants[38;2;192;197;206m([38;2;192;197;206mnode.child_ids[38;2;192;197;206m[[38;2;192;197;206mi[38;2;192;197;206m][38;2;192;197;206m)[38;2;192;197;206m;[K
[0m[48;2;40;67;43m[39m+    392[0m:[39m[48;2;24;38;30m [38;2;192;197;206m        [38;2;192;197;206m}[K
[0m[48;2;40;67;43m[39m+    393[0m:[39m[48;2;24;38;30m [38;2;192;197;206m        count[K
[0m[48;2;40;67;43m[39m+    394[0m:[39m[48;2;24;38;30m [38;2;192;197;206m    [38;2;192;197;206m}[K
[0m[48;2;40;67;43m[39m+    395[0m:[39m[48;2;24;38;30m [K
[0m[48;2;40;67;43m[39m+    396[0m:[39m[48;2;24;38;30m [38;2;192;197;206m    [38;2;180;142;173mfn[38;2;192;197;206m [38;2;143;161;179mfind_path[38;2;192;197;206m([38;2;192;197;206m&[38;2;191;97;106mself[38;2;192;197;206m, [38;2;191;97;106mid[38;2;192;197;206m:[38;2;192;197;206m TreeId, [38;2;191;97;106mpath[38;2;192;197;206m:[38;2;192;197;206m [38;2;192;197;206m&[38;2;180;142;173mmut[38;2;192;197;206m [TreeId], [38;2;191;97;106mmax_length[38;2;192;197;206m:[38;2;192;197;206m [38;2;180;142;173musize[38;2;192;197;206m)[38;2;192;197;206m [38;2;192;197;206m->[38;2;192;197;206m [38;2;180;142;173mi32[38;2;192;197;206m [38;2;192;197;206m{[K
[0m[48;2;40;67;43m[39m+    397[0m:[39m[48;2;24;38;30m [38;2;192;197;206m        [38;2;180;142;173mif[38;2;192;197;206m [38;2;192;197;206m![38;2;191;97;106mself[38;2;192;197;206m.[38;2;150;181;180mcontains[38;2;192;197;206m([38;2;192;197;206mid[38;2;192;197;206m)[38;2;192;197;206m [38;2;192;197;206m{[K
[0m[48;2;40;67;43m[39m+    398[0m:[39m[48;2;24;38;30m [38;2;192;197;206m            [38;2;180;142;173mreturn[38;2;192;197;206m [38;2;192;197;206m-[38;2;208;135;112m1[38;2;192;197;206m;[K
[0m[48;2;40;67;43m[39m+    399[0m:[39m[48;2;24;38;30m [38;2;192;197;206m        [38;2;192;197;206m}[K
[0m[48;2;40;67;43m[39m+    400[0m:[39m[48;2;24;38;30m [38;2;192;197;206m        [38;2;180;142;173mlet[38;2;192;197;206m [38;2;180;142;173mmut[38;2;192;197;206m temp_path [38;2;192;197;206m=[38;2;192;197;206m [38;2;192;197;206m[[38;2;208;135;112m0[38;2;180;142;173mu64[38;2;192;197;206m;[38;2;192;197;206m [38;2;208;135;112m1000[38;2;192;197;206m][38;2;192;197;206m;[K
[0m[48;2;40;67;43m[39m+    401[0m:[39m[48;2;24;38;30m [38;2;192;197;206m        [38;2;180;142;173mlet[38;2;192;197;206m [38;2;180;142;173mmut[38;2;192;197;206m length [38;2;192;197;206m=[38;2;192;197;206m [38;2;208;135;112m0[38;2;180;142;173musize[38;2;192;197;206m;[K
[0m[48;2;40;67;43m[39m+    402[0m:[39m[48;2;24;38;30m [38;2;192;197;206m        [38;2;180;142;173mlet[38;2;192;197;206m [38;2;180;142;173mmut[38;2;192;197;206m current_id [38;2;192;197;206m=[38;2;192;197;206m id[38;2;192;197;206m;[K
[0m[48;2;40;67;43m[39m+    403[0m:[39m[48;2;24;38;30m [K
[0m[48;2;40;67;43m[39m+    404[0m:[39m[48;2;24;38;30m [38;2;192;197;206m        [38;2;180;142;173mwhile[38;2;192;197;206m length [38;2;192;197;206m<[38;2;192;197;206m [38;2;208;135;112m1000[38;2;192;197;206m [38;2;192;197;206m{[K
[0m[48;2;40;67;43m[39m+    405[0m:[39m[48;2;24;38;30m [38;2;192;197;206m            temp_path[38;2;192;197;206m[[38;2;192;197;206mlength[38;2;192;197;206m][38;2;192;197;206m [38;2;192;197;206m=[38;2;192;197;206m current_id[38;2;192;197;206m;[K
[0m[48;2;40;67;43m[39m+    406[0m:[39m[48;2;24;38;30m [38;2;192;197;206m            length [38;2;192;197;206m+[38;2;192;197;206m=[38;2;192;197;206m [38;2;208;135;112m1[38;2;192;197;206m;[K
[0m[48;2;40;67;43m[39m+    407[0m:[39m[48;2;24;38;30m [38;2;192;197;206m            [38;2;180;142;173mif[38;2;192;197;206m current_id [38;2;192;197;206m=[38;2;192;197;206m=[38;2;192;197;206m [38;2;191;97;106mself[38;2;192;197;206m.root_id [38;2;192;197;206m{[K
[0m[48;2;40;67;43m[39m+    408[0m:[39m[48;2;24;38;30m [38;2;192;197;206m                [38;2;180;142;173mbreak[38;2;192;197;206m;[K
[0m[48;2;40;67;43m[39m+    409[0m:[39m[48;2;24;38;30m [38;2;192;197;206m            [38;2;192;197;206m}[K
[0m[48;2;40;67;43m[39m+    410[0m:[39m[48;2;24;38;30m [38;2;192;197;206m            [38;2;180;142;173mlet[38;2;192;197;206m node [38;2;192;197;206m=[38;2;192;197;206m [38;2;180;142;173mmatch[38;2;192;197;206m [38;2;191;97;106mself[38;2;192;197;206m.[38;2;150;181;180mget_node[38;2;192;197;206m([38;2;192;197;206mcurrent_id[38;2;192;197;206m)[38;2;192;197;206m [38;2;192;197;206m{[K
[0m[48;2;40;67;43m[39m+    411[0m:[39m[48;2;24;38;30m [38;2;192;197;206m                [38;2;192;197;206mSome[38;2;192;197;206m([38;2;192;197;206mn[38;2;192;197;206m)[38;2;192;197;206m [38;2;192;197;206m=>[38;2;192;197;206m n[38;2;192;197;206m,[K
[0m[48;2;40;67;43m[39m+    412[0m:[39m[48;2;24;38;30m [38;2;192;197;206m                [38;2;192;197;206mNone[38;2;192;197;206m [38;2;192;197;206m=>[38;2;192;197;206m [38;2;180;142;173mreturn[38;2;192;197;206m [38;2;192;197;206m-[38;2;208;135;112m1[38;2;192;197;206m,[K
[0m[48;2;40;67;43m[39m+    413[0m:[39m[48;2;24;38;30m [38;2;192;197;206m            [38;2;192;197;206m}[38;2;192;197;206m;[K
[0m[48;2;40;67;43m[39m+    414[0m:[39m[48;2;24;38;30m [38;2;192;197;206m            current_id [38;2;192;197;206m=[38;2;192;197;206m node.parent_id[38;2;192;197;206m;[K
[0m[48;2;40;67;43m[39m+    415[0m:[39m[48;2;24;38;30m [38;2;192;197;206m        [38;2;192;197;206m}[K
[0m[48;2;40;67;43m[39m+    416[0m:[39m[48;2;24;38;30m [K
[0m[48;2;40;67;43m[39m+    417[0m:[39m[48;2;24;38;30m [38;2;192;197;206m        [38;2;180;142;173mif[38;2;192;197;206m length [38;2;192;197;206m>[38;2;192;197;206m max_length [38;2;192;197;206m{[K
[0m[48;2;40;67;43m[39m+    418[0m:[39m[48;2;24;38;30m [38;2;192;197;206m            length [38;2;192;197;206m=[38;2;192;197;206m max_length[38;2;192;197;206m;[K
[0m[48;2;40;67;43m[39m+    419[0m:[39m[48;2;24;38;30m [38;2;192;197;206m        [38;2;192;197;206m}[K
[0m[48;2;40;67;43m[39m+    420[0m:[39m[48;2;24;38;30m [K
[0m[48;2;40;67;43m[39m+    421[0m:[39m[48;2;24;38;30m [38;2;192;197;206m        [38;2;180;142;173mfor[38;2;192;197;206m i [38;2;192;197;206min[38;2;192;197;206m [38;2;208;135;112m0[38;2;192;197;206m..[38;2;192;197;206mlength [38;2;192;197;206m{[K
[0m[48;2;40;67;43m[39m+    422[0m:[39m[48;2;24;38;30m [38;2;192;197;206m            path[38;2;192;197;206m[[38;2;192;197;206mi[38;2;192;197;206m][38;2;192;197;206m [38;2;192;197;206m=[38;2;192;197;206m temp_path[38;2;192;197;206m[[38;2;192;197;206mlength [38;2;192;197;206m-[38;2;192;197;206m [38;2;208;135;112m1[38;2;192;197;206m [38;2;192;197;206m-[38;2;192;197;206m i[38;2;192;197;206m][38;2;192;197;206m;[K
[0m[48;2;40;67;43m[39m+    423[0m:[39m[48;2;24;38;30m [38;2;192;197;206m        [38;2;192;197;206m}[K
[0m[48;2;40;67;43m[39m+    424[0m:[39m[48;2;24;38;30m [K
[0m[48;2;40;67;43m[39m+    425[0m:[39m[48;2;24;38;30m [38;2;192;197;206m        length [38;2;192;197;206mas[38;2;192;197;206m [38;2;180;142;173mi32[K
[0m[48;2;40;67;43m[39m+    426[0m:[39m[48;2;24;38;30m [38;2;192;197;206m    [38;2;192;197;206m}[K
[0m[48;2;40;67;43m[39m+    427[0m:[39m[48;2;24;38;30m [38;2;192;197;206m}[K
[0m[48;2;40;67;43m[39m+    428[0m:[39m[48;2;24;38;30m [K
[0m[48;2;40;67;43m[39m+    429[0m:[39m[48;2;24;38;30m [38;2;101;115;126m//[38;2;101;115;126m ============================================================[K
[0m[48;2;40;67;43m[39m+    430[0m:[39m[48;2;24;38;30m [38;2;101;115;126m//[38;2;101;115;126m Tests — exact C output reproduction[K
[0m[48;2;40;67;43m[39m+    431[0m:[39m[48;2;24;38;30m [38;2;101;115;126m//[38;2;101;115;126m ============================================================[K
[0m[48;2;40;67;43m[39m+    432[0m:[39m[48;2;24;38;30m [K
[0m[48;2;40;67;43m[39m+    433[0m:[39m[48;2;24;38;30m [38;2;101;115;126m//[38;2;101;115;126m The C code uses a simple value store where hashmap values are pointers.[K
[0m[48;2;40;67;43m[39m+    434[0m:[39m[48;2;24;38;30m [38;2;101;115;126m//[38;2;101;115;126m For the hashmap-only tests we replicate that with a Vec<i32> as a value pool.[K
[0m[48;2;40;67;43m[39m+    435[0m:[39m[48;2;24;38;30m [K
[0m[48;2;40;67;43m[39m+    436[0m:[39m[48;2;24;38;30m [38;2;180;142;173mfn[38;2;192;197;206m [38;2;143;161;179mtest_hashmap_basic[38;2;192;197;206m([38;2;192;197;206m)[38;2;192;197;206m [38;2;192;197;206m{[K
[0m[48;2;40;67;43m[39m+    437[0m:[39m[48;2;24;38;30m [38;2;192;197;206m    [38;2;192;197;206mprint![38;2;192;197;206m([38;2;192;197;206m"[38;2;150;181;180m\n[38;2;163;190;140m=== Testing Hashmap Basic Operations ===[38;2;150;181;180m\n[38;2;192;197;206m"[38;2;192;197;206m)[38;2;192;197;206m;[K
[0m[48;2;40;67;43m[39m+    438[0m:[39m[48;2;24;38;30m [K
[0m[48;2;40;67;43m[39m+    439[0m:[39m[48;2;24;38;30m [38;2;192;197;206m    [38;2;180;142;173mlet[38;2;192;197;206m [38;2;180;142;173mmut[38;2;192;197;206m map [38;2;192;197;206m=[38;2;192;197;206m [38;2;192;197;206mHashmap[38;2;192;197;206m::[38;2;192;197;206mnew[38;2;192;197;206m([38;2;192;197;206m)[38;2;192;197;206m;[K
[0m[48;2;40;67;43m[39m+    440[0m:[39m[48;2;24;38;30m [38;2;192;197;206m    [38;2;192;197;206massert![38;2;192;197;206m([38;2;192;197;206mmap.[38;2;150;181;180msize[38;2;192;197;206m([38;2;192;197;206m)[38;2;192;197;206m [38;2;192;197;206m=[38;2;192;197;206m=[38;2;192;197;206m [38;2;208;135;112m0[38;2;192;197;206m)[38;2;192;197;206m;[K
[0m[48;2;40;67;43m[39m+    441[0m:[39m[48;2;24;38;30m [K
[0m[48;2;40;67;43m[39m+    442[0m:[39m[48;2;24;38;30m [38;2;192;197;206m    [38;2;101;115;126m//[38;2;101;115;126m val indices: 0=42, 1=100, 2=200[K
[0m[48;2;40;67;43m[39m+    443[0m:[39m[48;2;24;38;30m [38;2;192;197;206m    [38;2;180;142;173mlet[38;2;192;197;206m [38;2;180;142;173mmut[38;2;192;197;206m vals[38;2;192;197;206m:[38;2;192;197;206m [38;2;192;197;206mVec[38;2;192;197;206m<[38;2;180;142;173mi32[38;2;192;197;206m>[38;2;192;197;206m [38;2;192;197;206m=[38;2;192;197;206m [38;2;192;197;206mvec![38;2;192;197;206m[[38;2;208;135;112m42[38;2;192;197;206m,[38;2;192;197;206m [38;2;208;135;112m100[38;2;192;197;206m,[38;2;192;197;206m [38;2;208;135;112m200[38;2;192;197;206m][38;2;192;197;206m;[K
[0m[48;2;40;67;43m[39m+    444[0m:[39m[48;2;24;38;30m [38;2;192;197;206m    [38;2;192;197;206massert![38;2;192;197;206m([38;2;192;197;206mmap.[38;2;150;181;180mput[38;2;192;197;206m([38;2;208;135;112m1[38;2;192;197;206m,[38;2;192;197;206m [38;2;208;135;112m0[38;2;192;197;206m)[38;2;192;197;206m [38;2;192;197;206m=[38;2;192;197;206m=[38;2;192;197;206m [38;2;208;135;112m0[38;2;192;197;206m)[38;2;192;197;206m;[K
[0m[48;2;40;67;43m[39m+    445[0m:[39m[48;2;24;38;30m [38;2;192;197;206m    [38;2;192;197;206massert![38;2;192;197;206m([38;2;192;197;206mmap.[38;2;150;181;180mput[38;2;192;197;206m([38;2;208;135;112m2[38;2;192;197;206m,[38;2;192;197;206m [38;2;208;135;112m1[38;2;192;197;206m)[38;2;192;197;206m [38;2;192;197;206m=[38;2;192;197;206m=[38;2;192;197;206m [38;2;208;135;112m0[38;2;192;197;206m)[38;2;192;197;206m;[K
[0m[48;2;40;67;43m[39m+    446[0m:[39m[48;2;24;38;30m [38;2;192;197;206m    [38;2;192;197;206massert![38;2;192;197;206m([38;2;192;197;206mmap.[38;2;150;181;180mput[38;2;192;197;206m([38;2;208;135;112m3[38;2;192;197;206m,[38;2;192;197;206m [38;2;208;135;112m2[38;2;192;197;206m)[38;2;192;197;206m [38;2;192;197;206m=[38;2;192;197;206m=[38;2;192;197;206m [38;2;208;135;112m0[38;2;192;197;206m)[38;2;192;197;206m;[K
[0m[48;2;40;67;43m[39m+    447[0m:[39m[48;2;24;38;30m [38;2;192;197;206m    [38;2;192;197;206massert![38;2;192;197;206m([38;2;192;197;206mmap.[38;2;150;181;180msize[38;2;192;197;206m([38;2;192;197;206m)[38;2;192;197;206m [38;2;192;197;206m=[38;2;192;197;206m=[38;2;192;197;206m [38;2;208;135;112m3[38;2;192;197;206m)[38;2;192;197;206m;[K
[0m[48;2;40;67;43m[39m+    448[0m:[39m[48;2;24;38;30m [K
[0m[48;2;40;67;43m[39m+    449[0m:[39m[48;2;24;38;30m [38;2;192;197;206m    [38;2;192;197;206massert![38;2;192;197;206m([38;2;192;197;206mvals[38;2;192;197;206m[[38;2;192;197;206mmap.[38;2;150;181;180mget[38;2;192;197;206m([38;2;208;135;112m1[38;2;192;197;206m)[38;2;192;197;206m.[38;2;150;181;180munwrap[38;2;192;197;206m([38;2;192;197;206m)[38;2;192;197;206m][38;2;192;197;206m [38;2;192;197;206m=[38;2;192;197;206m=[38;2;192;197;206m [38;2;208;135;112m42[38;2;192;197;206m)[38;2;192;197;206m;[K
[0m[48;2;40;67;43m[39m+    450[0m:[39m[48;2;24;38;30m [38;2;192;197;206m    [38;2;192;197;206massert![38;2;192;197;206m([38;2;192;197;206mvals[38;2;192;197;206m[[38;2;192;197;206mmap.[38;2;150;181;180mget[38;2;192;197;206m([38;2;208;135;112m2[38;2;192;197;206m)[38;2;192;197;206m.[38;2;150;181;180munwrap[38;2;192;197;206m([38;2;192;197;206m)[38;2;192;197;206m][38;2;192;197;206m [38;2;192;197;206m=[38;2;192;197;206m=[38;2;192;197;206m [38;2;208;135;112m100[38;2;192;197;206m)[38;2;192;197;206m;[K
[0m[48;2;40;67;43m[39m+    451[0m:[39m[48;2;24;38;30m [38;2;192;197;206m    [38;2;192;197;206massert![38;2;192;197;206m([38;2;192;197;206mvals[38;2;192;197;206m[[38;2;192;197;206mmap.[38;2;150;181;180mget[38;2;192;197;206m([38;2;208;135;112m3[38;2;192;197;206m)[38;2;192;197;206m.[38;2;150;181;180munwrap[38;2;192;197;206m([38;2;192;197;206m)[38;2;192;197;206m][38;2;192;197;206m [38;2;192;197;206m=[38;2;192;197;206m=[38;2;192;197;206m [38;2;208;135;112m200[38;2;192;197;206m)[38;2;192;197;206m;[K
[0m[48;2;40;67;43m[39m+    452[0m:[39m[48;2;24;38;30m [K
[0m[48;2;40;67;43m[39m+    453[0m:[39m[48;2;24;38;30m [38;2;192;197;206m    [38;2;101;115;126m//[38;2;101;115;126m Update key 1 -> val4=500[K
[0m[48;2;40;67;43m[39m+    454[0m:[39m[48;2;24;38;30m [38;2;192;197;206m    vals.[38;2;150;181;180mpush[38;2;192;197;206m([38;2;208;135;112m500[38;2;192;197;206m)[38;2;192;197;206m;[38;2;192;197;206m [38;2;101;115;126m//[38;2;101;115;126m index 3[K
[0m[48;2;40;67;43m[39m+    455[0m:[39m[48;2;24;38;30m [38;2;192;197;206m    [38;2;192;197;206massert![38;2;192;197;206m([38;2;192;197;206mmap.[38;2;150;181;180mput[38;2;192;197;206m([38;2;208;135;112m1[38;2;192;197;206m,[38;2;192;197;206m [38;2;208;135;112m3[38;2;192;197;206m)[38;2;192;197;206m [38;2;192;197;206m=[38;2;192;197;206m=[38;2;192;197;206m [38;2;208;135;112m0[38;2;192;197;206m)[38;2;192;197;206m;[K
[0m[48;2;40;67;43m[39m+    456[0m:[39m[48;2;24;38;30m [38;2;192;197;206m    [38;2;192;197;206massert![38;2;192;197;206m([38;2;192;197;206mmap.[38;2;150;181;180msize[38;2;192;197;206m([38;2;192;197;206m)[38;2;192;197;206m [38;2;192;197;206m=[38;2;192;197;206m=[38;2;192;197;206m [38;2;208;135;112m3[38;2;192;197;206m)[38;2;192;197;206m;[K
[0m[48;2;40;67;43m[39m+    457[0m:[39m[48;2;24;38;30m [38;2;192;197;206m    [38;2;192;197;206massert![38;2;192;197;206m([38;2;192;197;206mvals[38;2;192;197;206m[[38;2;192;197;206mmap.[38;2;150;181;180mget[38;2;192;197;206m([38;2;208;135;112m1[38;2;192;197;206m)[38;2;192;197;206m.[38;2;150;181;180munwrap[38;2;192;197;206m([38;2;192;197;206m)[38;2;192;197;206m][38;2;192;197;206m [38;2;192;197;206m=[38;2;192;197;206m=[38;2;192;197;206m [38;2;208;135;112m500[38;2;192;197;206m)[38;2;192;197;206m;[K
[0m[48;2;40;67;43m[39m+    458[0m:[39m[48;2;24;38;30m [K
[0m[48;2;40;67;43m[39m+    459[0m:[39m[48;2;24;38;30m [38;2;192;197;206m    [38;2;101;115;126m//[38;2;101;115;126m Remove key 2[K
[0m[48;2;40;67;43m[39m+    460[0m:[39m[48;2;24;38;30m [38;2;192;197;206m    [38;2;180;142;173mlet[38;2;192;197;206m removed [38;2;192;197;206m=[38;2;192;197;206m map.[38;2;150;181;180mremove[38;2;192;197;206m([38;2;208;135;112m2[38;2;192;197;206m)[38;2;192;197;206m;[K
[0m[48;2;40;67;43m[39m+    461[0m:[39m[48;2;24;38;30m [38;2;192;197;206m    [38;2;192;197;206massert![38;2;192;197;206m([38;2;192;197;206mremoved [38;2;192;197;206m=[38;2;192;197;206m=[38;2;192;197;206m [38;2;192;197;206mSome[38;2;192;197;206m([38;2;208;135;112m1[38;2;192;197;206m)[38;2;192;197;206m)[38;2;192;197;206m;[38;2;192;197;206m [38;2;101;115;126m//[38;2;101;115;126m index 1 -> &val2[K
[0m[48;2;40;67;43m[39m+    462[0m:[39m[48;2;24;38;30m [38;2;192;197;206m    [38;2;192;197;206massert![38;2;192;197;206m([38;2;192;197;206mmap.[38;2;150;181;180msize[38;2;192;197;206m([38;2;192;197;206m)[38;2;192;197;206m [38;2;192;197;206m=[38;2;192;197;206m=[38;2;192;197;206m [38;2;208;135;112m2[38;2;192;197;206m)[38;2;192;197;206m;[K
[0m[48;2;40;67;43m[39m+    463[0m:[39m[48;2;24;38;30m [38;2;192;197;206m    [38;2;192;197;206massert![38;2;192;197;206m([38;2;192;197;206mmap.[38;2;150;181;180mget[38;2;192;197;206m([38;2;208;135;112m2[38;2;192;197;206m)[38;2;192;197;206m.[38;2;150;181;180mis_none[38;2;192;197;206m([38;2;192;197;206m)[38;2;192;197;206m)[38;2;192;197;206m;[K
[0m[48;2;40;67;43m[39m+    464[0m:[39m[48;2;24;38;30m [K
[0m[48;2;40;67;43m[39m+    465[0m:[39m[48;2;24;38;30m [38;2;192;197;206m    [38;2;101;115;126m//[38;2;101;115;126m Contains[K
[0m[48;2;40;67;43m[39m+    466[0m:[39m[48;2;24;38;30m [38;2;192;197;206m    [38;2;192;197;206massert![38;2;192;197;206m([38;2;192;197;206mmap.[38;2;150;181;180mcontains[38;2;192;197;206m([38;2;208;135;112m1[38;2;192;197;206m)[38;2;192;197;206m)[38;2;192;197;206m;[K
[0m[48;2;40;67;43m[39m+    467[0m:[39m[48;2;24;38;30m [38;2;192;197;206m    [38;2;192;197;206massert![38;2;192;197;206m([38;2;192;197;206m![38;2;192;197;206mmap.[38;2;150;181;180mcontains[38;2;192;197;206m([38;2;208;135;112m2[38;2;192;197;206m)[38;2;192;197;206m)[38;2;192;197;206m;[K
[0m[48;2;40;67;43m[39m+    468[0m:[39m[48;2;24;38;30m [38;2;192;197;206m    [38;2;192;197;206massert![38;2;192;197;206m([38;2;192;197;206mmap.[38;2;150;181;180mcontains[38;2;192;197;206m([38;2;208;135;112m3[38;2;192;197;206m)[38;2;192;197;206m)[38;2;192;197;206m;[K
[0m[48;2;40;67;43m[39m+    469[0m:[39m[48;2;24;38;30m [K
[0m[48;2;40;67;43m[39m+    470[0m:[39m[48;2;24;38;30m [38;2;192;197;206m    [38;2;192;197;206mprint![38;2;192;197;206m([38;2;192;197;206m"[38;2;150;181;180m\u{2713}[38;2;163;190;140m PASS: test_hashmap_basic[38;2;150;181;180m\n[38;2;192;197;206m"[38;2;192;197;206m)[38;2;192;197;206m;[K
[0m[48;2;40;67;43m[39m+    471[0m:[39m[48;2;24;38;30m [38;2;192;197;206m}[K
[0m[48;2;40;67;43m[39m+    472[0m:[39m[48;2;24;38;30m [K
[0m[48;2;40;67;43m[39m+    473[0m:[39m[48;2;24;38;30m [38;2;180;142;173mfn[38;2;192;197;206m [38;2;143;161;179mtest_hashmap_collisions[38;2;192;197;206m([38;2;192;197;206m)[38;2;192;197;206m [38;2;192;197;206m{[K
[0m[48;2;40;67;43m[39m+    474[0m:[39m[48;2;24;38;30m [38;2;192;197;206m    [38;2;192;197;206mprint![38;2;192;197;206m([38;2;192;197;206m"[38;2;150;181;180m\n[38;2;163;190;140m=== Testing Hashmap Collisions ===[38;2;150;181;180m\n[38;2;192;197;206m"[38;2;192;197;206m)[38;2;192;197;206m;[K
[0m[48;2;40;67;43m[39m+    475[0m:[39m[48;2;24;38;30m [K
[0m[48;2;40;67;43m[39m+    476[0m:[39m[48;2;24;38;30m [38;2;192;197;206m    [38;2;180;142;173mlet[38;2;192;197;206m [38;2;180;142;173mmut[38;2;192;197;206m map [38;2;192;197;206m=[38;2;192;197;206m [38;2;192;197;206mHashmap[38;2;192;197;206m::[38;2;192;197;206mnew[38;2;192;197;206m([38;2;192;197;206m)[38;2;192;197;206m;[K
[0m[48;2;40;67;43m[39m+    477[0m:[39m[48;2;24;38;30m [K
[0m[48;2;40;67;43m[39m+    478[0m:[39m[48;2;24;38;30m [38;2;192;197;206m    [38;2;180;142;173mlet[38;2;192;197;206m [38;2;180;142;173mmut[38;2;192;197;206m values[38;2;192;197;206m:[38;2;192;197;206m [38;2;192;197;206mVec[38;2;192;197;206m<[38;2;180;142;173mi32[38;2;192;197;206m>[38;2;192;197;206m [38;2;192;197;206m=[38;2;192;197;206m [38;2;192;197;206mVec[38;2;192;197;206m::[38;2;192;197;206mnew[38;2;192;197;206m([38;2;192;197;206m)[38;2;192;197;206m;[K
[0m[48;2;40;67;43m[39m+    479[0m:[39m[48;2;24;38;30m [38;2;192;197;206m    [38;2;180;142;173mfor[38;2;192;197;206m i [38;2;192;197;206min[38;2;192;197;206m [38;2;208;135;112m0[38;2;192;197;206m..[38;2;208;135;112m100[38;2;192;197;206m [38;2;192;197;206m{[K
[0m[48;2;40;67;43m[39m+    480[0m:[39m[48;2;24;38;30m [38;2;192;197;206m        values.[38;2;150;181;180mpush[38;2;192;197;206m([38;2;192;197;206mi [38;2;192;197;206m*[38;2;192;197;206m [38;2;208;135;112m10[38;2;192;197;206m)[38;2;192;197;206m;[K
[0m[48;2;40;67;43m[39m+    481[0m:[39m[48;2;24;38;30m [38;2;192;197;206m        [38;2;192;197;206massert![38;2;192;197;206m([38;2;192;197;206mmap.[38;2;150;181;180mput[38;2;192;197;206m([38;2;192;197;206mi [38;2;192;197;206mas[38;2;192;197;206m [38;2;180;142;173mu64[38;2;192;197;206m,[38;2;192;197;206m i [38;2;192;197;206mas[38;2;192;197;206m [38;2;180;142;173musize[38;2;192;197;206m)[38;2;192;197;206m [38;2;192;197;206m=[38;2;192;197;206m=[38;2;192;197;206m [38;2;208;135;112m0[38;2;192;197;206m)[38;2;192;197;206m;[K
[0m[48;2;40;67;43m[39m+    482[0m:[39m[48;2;24;38;30m [38;2;192;197;206m    [38;2;192;197;206m}[K
[0m[48;2;40;67;43m[39m+    483[0m:[39m[48;2;24;38;30m [38;2;192;197;206m    [38;2;192;197;206massert![38;2;192;197;206m([38;2;192;197;206mmap.[38;2;150;181;180msize[38;2;192;197;206m([38;2;192;197;206m)[38;2;192;197;206m [38;2;192;197;206m=[38;2;192;197;206m=[38;2;192;197;206m [38;2;208;135;112m100[38;2;192;197;206m)[38;2;192;197;206m;[K
[0m[48;2;40;67;43m[39m+    484[0m:[39m[48;2;24;38;30m [K
[0m[48;2;40;67;43m[39m+    485[0m:[39m[48;2;24;38;30m [38;2;192;197;206m    [38;2;180;142;173mfor[38;2;192;197;206m i [38;2;192;197;206min[38;2;192;197;206m [38;2;208;135;112m0[38;2;192;197;206m..[38;2;208;135;112m100[38;2;192;197;206m [38;2;192;197;206m{[K
[0m[48;2;40;67;43m[39m+    486[0m:[39m[48;2;24;38;30m [38;2;192;197;206m        [38;2;180;142;173mlet[38;2;192;197;206m val [38;2;192;197;206m=[38;2;192;197;206m map.[38;2;150;181;180mget[38;2;192;197;206m([38;2;192;197;206mi [38;2;192;197;206mas[38;2;192;197;206m [38;2;180;142;173mu64[38;2;192;197;206m)[38;2;192;197;206m;[K
[0m[48;2;40;67;43m[39m+    487[0m:[39m[48;2;24;38;30m [38;2;192;197;206m        [38;2;192;197;206massert![38;2;192;197;206m([38;2;192;197;206mval.[38;2;150;181;180mis_some[38;2;192;197;206m([38;2;192;197;206m)[38;2;192;197;206m)[38;2;192;197;206m;[K
[0m[48;2;40;67;43m[39m+    488[0m:[39m[48;2;24;38;30m [38;2;192;197;206m        [38;2;192;197;206massert![38;2;192;197;206m([38;2;192;197;206mvalues[38;2;192;197;206m[[38;2;192;197;206mval.[38;2;150;181;180munwrap[38;2;192;197;206m([38;2;192;197;206m)[38;2;192;197;206m][38;2;192;197;206m [38;2;192;197;206m=[38;2;192;197;206m=[38;2;192;197;206m i [38;2;192;197;206m*[38;2;192;197;206m [38;2;208;135;112m10[38;2;192;197;206m)[38;2;192;197;206m;[K
[0m[48;2;40;67;43m[39m+    489[0m:[39m[48;2;24;38;30m [38;2;192;197;206m    [38;2;192;197;206m}[K
[0m[48;2;40;67;43m[39m+    490[0m:[39m[48;2;24;38;30m [K
[0m[48;2;40;67;43m[39m+    491[0m:[39m[48;2;24;38;30m [38;2;192;197;206m    [38;2;192;197;206mprint![38;2;192;197;206m([38;2;192;197;206m"[38;2;150;181;180m\u{2713}[38;2;163;190;140m PASS: test_hashmap_collisions[38;2;150;181;180m\n[38;2;192;197;206m"[38;2;192;197;206m)[38;2;192;197;206m;[K
[0m[48;2;40;67;43m[39m+    492[0m:[39m[48;2;24;38;30m [38;2;192;197;206m}[K
[0m[48;2;40;67;43m[39m+    493[0m:[39m[48;2;24;38;30m [K
[0m[48;2;40;67;43m[39m+    494[0m:[39m[48;2;24;38;30m [38;2;180;142;173mfn[38;2;192;197;206m [38;2;143;161;179mtest_tree_creation[38;2;192;197;206m([38;2;192;197;206m)[38;2;192;197;206m [38;2;192;197;206m{[K
[0m[48;2;40;67;43m[39m+    495[0m:[39m[48;2;24;38;30m [38;2;192;197;206m    [38;2;192;197;206mprint![38;2;192;197;206m([38;2;192;197;206m"[38;2;150;181;180m\n[38;2;163;190;140m=== Testing Tree Creation ===[38;2;150;181;180m\n[38;2;192;197;206m"[38;2;192;197;206m)[38;2;192;197;206m;[K
[0m[48;2;40;67;43m[39m+    496[0m:[39m[48;2;24;38;30m [K
[0m[48;2;40;67;43m[39m+    497[0m:[39m[48;2;24;38;30m [38;2;192;197;206m    [38;2;180;142;173mlet[38;2;192;197;206m tree [38;2;192;197;206m=[38;2;192;197;206m [38;2;192;197;206mTree[38;2;192;197;206m::[38;2;192;197;206mnew[38;2;192;197;206m([38;2;192;197;206m)[38;2;192;197;206m;[K
[0m[48;2;40;67;43m[39m+    498[0m:[39m[48;2;24;38;30m [38;2;192;197;206m    [38;2;192;197;206massert![38;2;192;197;206m([38;2;192;197;206mtree.[38;2;150;181;180msize[38;2;192;197;206m([38;2;192;197;206m)[38;2;192;197;206m [38;2;192;197;206m=[38;2;192;197;206m=[38;2;192;197;206m [38;2;208;135;112m0[38;2;192;197;206m)[38;2;192;197;206m;[K
[0m[48;2;40;67;43m[39m+    499[0m:[39m[48;2;24;38;30m [38;2;192;197;206m    [38;2;192;197;206massert![38;2;192;197;206m([38;2;192;197;206m![38;2;192;197;206mtree.has_root[38;2;192;197;206m)[38;2;192;197;206m;[K
[0m[48;2;40;67;43m[39m+    500[0m:[39m[48;2;24;38;30m [K
[0m[48;2;40;67;43m[39m+    501[0m:[39m[48;2;24;38;30m [38;2;192;197;206m    [38;2;192;197;206mprint![38;2;192;197;206m([38;2;192;197;206m"[38;2;150;181;180m\u{2713}[38;2;163;190;140m PASS: test_tree_creation[38;2;150;181;180m\n[38;2;192;197;206m"[38;2;192;197;206m)[38;2;192;197;206m;[K
[0m[48;2;40;67;43m[39m+    502[0m:[39m[48;2;24;38;30m [38;2;192;197;206m}[K
[0m[48;2;40;67;43m[39m+    503[0m:[39m[48;2;24;38;30m [K
[0m[48;2;40;67;43m[39m+    504[0m:[39m[48;2;24;38;30m [38;2;180;142;173mfn[38;2;192;197;206m [38;2;143;161;179mtest_tree_add_root[38;2;192;197;206m([38;2;192;197;206m)[38;2;192;197;206m [38;2;192;197;206m{[K
[0m[48;2;40;67;43m[39m+    505[0m:[39m[48;2;24;38;30m [38;2;192;197;206m    [38;2;192;197;206mprint![38;2;192;197;206m([38;2;192;197;206m"[38;2;150;181;180m\n[38;2;163;190;140m=== Testing Tree Add Root ===[38;2;150;181;180m\n[38;2;192;197;206m"[38;2;192;197;206m)[38;2;192;197;206m;[K
[0m[48;2;40;67;43m[39m+    506[0m:[39m[48;2;24;38;30m [K
[0m[48;2;40;67;43m[39m+    507[0m:[39m[48;2;24;38;30m [38;2;192;197;206m    [38;2;180;142;173mlet[38;2;192;197;206m [38;2;180;142;173mmut[38;2;192;197;206m tree [38;2;192;197;206m=[38;2;192;197;206m [38;2;192;197;206mTree[38;2;192;197;206m::[38;2;192;197;206mnew[38;2;192;197;206m([38;2;192;197;206m)[38;2;192;197;206m;[K
[0m[48;2;40;67;43m[39m+    508[0m:[39m[48;2;24;38;30m [38;2;192;197;206m    [38;2;192;197;206massert![38;2;192;197;206m([38;2;192;197;206mtree.[38;2;150;181;180madd_node[38;2;192;197;206m([38;2;208;135;112m1[38;2;192;197;206m,[38;2;192;197;206m [38;2;208;135;112m0[38;2;192;197;206m,[38;2;192;197;206m [38;2;192;197;206m"[38;2;163;190;140mroot[38;2;192;197;206m"[38;2;192;197;206m)[38;2;192;197;206m [38;2;192;197;206m=[38;2;192;197;206m=[38;2;192;197;206m [38;2;208;135;112m0[38;2;192;197;206m)[38;2;192;197;206m;[K
[0m[48;2;40;67;43m[39m+    509[0m:[39m[48;2;24;38;30m [38;2;192;197;206m    [38;2;192;197;206massert![38;2;192;197;206m([38;2;192;197;206mtree.[38;2;150;181;180msize[38;2;192;197;206m([38;2;192;197;206m)[38;2;192;197;206m [38;2;192;197;206m=[38;2;192;197;206m=[38;2;192;197;206m [38;2;208;135;112m1[38;2;192;197;206m)[38;2;192;197;206m;[K
[0m[48;2;40;67;43m[39m+    510[0m:[39m[48;2;24;38;30m [38;2;192;197;206m    [38;2;192;197;206massert![38;2;192;197;206m([38;2;192;197;206mtree.has_root[38;2;192;197;206m)[38;2;192;197;206m;[K
[0m[48;2;40;67;43m[39m+    511[0m:[39m[48;2;24;38;30m [38;2;192;197;206m    [38;2;192;197;206massert![38;2;192;197;206m([38;2;192;197;206mtree.root_id [38;2;192;197;206m=[38;2;192;197;206m=[38;2;192;197;206m [38;2;208;135;112m1[38;2;192;197;206m)[38;2;192;197;206m;[K
[0m[48;2;40;67;43m[39m+    512[0m:[39m[48;2;24;38;30m [K
[0m[48;2;40;67;43m[39m+    513[0m:[39m[48;2;24;38;30m [38;2;192;197;206m    [38;2;180;142;173mlet[38;2;192;197;206m root [38;2;192;197;206m=[38;2;192;197;206m tree.[38;2;150;181;180mget_node[38;2;192;197;206m([38;2;208;135;112m1[38;2;192;197;206m)[38;2;192;197;206m.[38;2;150;181;180munwrap[38;2;192;197;206m([38;2;192;197;206m)[38;2;192;197;206m;[K
[0m[48;2;40;67;43m[39m+    514[0m:[39m[48;2;24;38;30m [38;2;192;197;206m    [38;2;192;197;206massert![38;2;192;197;206m([38;2;192;197;206mroot.id [38;2;192;197;206m=[38;2;192;197;206m=[38;2;192;197;206m [38;2;208;135;112m1[38;2;192;197;206m)[38;2;192;197;206m;[K
[0m[48;2;40;67;43m[39m+    515[0m:[39m[48;2;24;38;30m [38;2;192;197;206m    [38;2;192;197;206massert![38;2;192;197;206m([38;2;192;197;206mroot.data [38;2;192;197;206m=[38;2;192;197;206m=[38;2;192;197;206m [38;2;192;197;206m"[38;2;163;190;140mroot[38;2;192;197;206m"[38;2;192;197;206m)[38;2;192;197;206m;[K
[0m[48;2;40;67;43m[39m+    516[0m:[39m[48;2;24;38;30m [38;2;192;197;206m    [38;2;192;197;206massert![38;2;192;197;206m([38;2;192;197;206mroot.child_count [38;2;192;197;206m=[38;2;192;197;206m=[38;2;192;197;206m [38;2;208;135;112m0[38;2;192;197;206m)[38;2;192;197;206m;[K
[0m[48;2;40;67;43m[39m+    517[0m:[39m[48;2;24;38;30m [K
[0m[48;2;40;67;43m[39m+    518[0m:[39m[48;2;24;38;30m [38;2;192;197;206m    [38;2;192;197;206mprint![38;2;192;197;206m([38;2;192;197;206m"[38;2;150;181;180m\u{2713}[38;2;163;190;140m PASS: test_tree_add_root[38;2;150;181;180m\n[38;2;192;197;206m"[38;2;192;197;206m)[38;2;192;197;206m;[K
[0m[48;2;40;67;43m[39m+    519[0m:[39m[48;2;24;38;30m [38;2;192;197;206m}[K
[0m[48;2;40;67;43m[39m+    520[0m:[39m[48;2;24;38;30m [K
[0m[48;2;40;67;43m[39m+    521[0m:[39m[48;2;24;38;30m [38;2;180;142;173mfn[38;2;192;197;206m [38;2;143;161;179mtest_tree_add_children[38;2;192;197;206m([38;2;192;197;206m)[38;2;192;197;206m [38;2;192;197;206m{[K
[0m[48;2;40;67;43m[39m+    522[0m:[39m[48;2;24;38;30m [38;2;192;197;206m    [38;2;192;197;206mprint![38;2;192;197;206m([38;2;192;197;206m"[38;2;150;181;180m\n[38;2;163;190;140m=== Testing Tree Add Children ===[38;2;150;181;180m\n[38;2;192;197;206m"[38;2;192;197;206m)[38;2;192;197;206m;[K
[0m[48;2;40;67;43m[39m+    523[0m:[39m[48;2;24;38;30m [K
[0m[48;2;40;67;43m[39m+    524[0m:[39m[48;2;24;38;30m [38;2;192;197;206m    [38;2;180;142;173mlet[38;2;192;197;206m [38;2;180;142;173mmut[38;2;192;197;206m tree [38;2;192;197;206m=[38;2;192;197;206m [38;2;192;197;206mTree[38;2;192;197;206m::[38;2;192;197;206mnew[38;2;192;197;206m([38;2;192;197;206m)[38;2;192;197;206m;[K
[0m[48;2;40;67;43m[39m+    525[0m:[39m[48;2;24;38;30m [38;2;192;197;206m    [38;2;192;197;206massert![38;2;192;197;206m([38;2;192;197;206mtree.[38;2;150;181;180madd_node[38;2;192;197;206m([38;2;208;135;112m1[38;2;192;197;206m,[38;2;192;197;206m [38;2;208;135;112m0[38;2;192;197;206m,[38;2;192;197;206m [38;2;192;197;206m"[38;2;163;190;140mroot[38;2;192;197;206m"[38;2;192;197;206m)[38;2;192;197;206m [38;2;192;197;206m=[38;2;192;197;206m=[38;2;192;197;206m [38;2;208;135;112m0[38;2;192;197;206m)[38;2;192;197;206m;[K
[0m[48;2;40;67;43m[39m+    526[0m:[39m[48;2;24;38;30m [38;2;192;197;206m    [38;2;192;197;206massert![38;2;192;197;206m([38;2;192;197;206mtree.[38;2;150;181;180madd_node[38;2;192;197;206m([38;2;208;135;112m2[38;2;192;197;206m,[38;2;192;197;206m [38;2;208;135;112m1[38;2;192;197;206m,[38;2;192;197;206m [38;2;192;197;206m"[38;2;163;190;140mchild1[38;2;192;197;206m"[38;2;192;197;206m)[38;2;192;197;206m [38;2;192;197;206m=[38;2;192;197;206m=[38;2;192;197;206m [38;2;208;135;112m0[38;2;192;197;206m)[38;2;192;197;206m;[K
[0m[48;2;40;67;43m[39m+    527[0m:[39m[48;2;24;38;30m [38;2;192;197;206m    [38;2;192;197;206massert![38;2;192;197;206m([38;2;192;197;206mtree.[38;2;150;181;180madd_node[38;2;192;197;206m([38;2;208;135;112m3[38;2;192;197;206m,[38;2;192;197;206m [38;2;208;135;112m1[38;2;192;197;206m,[38;2;192;197;206m [38;2;192;197;206m"[38;2;163;190;140mchild2[38;2;192;197;206m"[38;2;192;197;206m)[38;2;192;197;206m [38;2;192;197;206m=[38;2;192;197;206m=[38;2;192;197;206m [38;2;208;135;112m0[38;2;192;197;206m)[38;2;192;197;206m;[K
[0m[48;2;40;67;43m[39m+    528[0m:[39m[48;2;24;38;30m [38;2;192;197;206m    [38;2;192;197;206massert![38;2;192;197;206m([38;2;192;197;206mtree.[38;2;150;181;180madd_node[38;2;192;197;206m([38;2;208;135;112m4[38;2;192;197;206m,[38;2;192;197;206m [38;2;208;135;112m1[38;2;192;197;206m,[38;2;192;197;206m [38;2;192;197;206m"[38;2;163;190;140mchild3[38;2;192;197;206m"[38;2;192;197;206m)[38;2;192;197;206m [38;2;192;197;206m=[38;2;192;197;206m=[38;2;192;197;206m [38;2;208;135;112m0[38;2;192;197;206m)[38;2;192;197;206m;[K
[0m[48;2;40;67;43m[39m+    529[0m:[39m[48;2;24;38;30m [38;2;192;197;206m    [38;2;192;197;206massert![38;2;192;197;206m([38;2;192;197;206mtree.[38;2;150;181;180msize[38;2;192;197;206m([38;2;192;197;206m)[38;2;192;197;206m [38;2;192;197;206m=[38;2;192;197;206m=[38;2;192;197;206m [38;2;208;135;112m4[38;2;192;197;206m)[38;2;192;197;206m;[K
[0m[48;2;40;67;43m[39m+    530[0m:[39m[48;2;24;38;30m [K
[0m[48;2;40;67;43m[39m+    531[0m:[39m[48;2;24;38;30m [38;2;192;197;206m    [38;2;180;142;173mlet[38;2;192;197;206m root [38;2;192;197;206m=[38;2;192;197;206m tree.[38;2;150;181;180mget_node[38;2;192;197;206m([38;2;208;135;112m1[38;2;192;197;206m)[38;2;192;197;206m.[38;2;150;181;180munwrap[38;2;192;197;206m([38;2;192;197;206m)[38;2;192;197;206m;[K
[0m[48;2;40;67;43m[39m+    532[0m:[39m[48;2;24;38;30m [38;2;192;197;206m    [38;2;192;197;206massert![38;2;192;197;206m([38;2;192;197;206mroot.child_count [38;2;192;197;206m=[38;2;192;197;206m=[38;2;192;197;206m [38;2;208;135;112m3[38;2;192;197;206m)[38;2;192;197;206m;[K
[0m[48;2;40;67;43m[39m+    533[0m:[39m[48;2;24;38;30m [38;2;192;197;206m    [38;2;192;197;206massert![38;2;192;197;206m([38;2;192;197;206mroot.child_ids[38;2;192;197;206m[[38;2;208;135;112m0[38;2;192;197;206m][38;2;192;197;206m [38;2;192;197;206m=[38;2;192;197;206m=[38;2;192;197;206m [38;2;208;135;112m2[38;2;192;197;206m)[38;2;192;197;206m;[K
[0m[48;2;40;67;43m[39m+    534[0m:[39m[48;2;24;38;30m [38;2;192;197;206m    [38;2;192;197;206massert![38;2;192;197;206m([38;2;192;197;206mroot.child_ids[38;2;192;197;206m[[38;2;208;135;112m1[38;2;192;197;206m][38;2;192;197;206m [38;2;192;197;206m=[38;2;192;197;206m=[38;2;192;197;206m [38;2;208;135;112m3[38;2;192;197;206m)[38;2;192;197;206m;[K
[0m[48;2;40;67;43m[39m+    535[0m:[39m[48;2;24;38;30m [38;2;192;197;206m    [38;2;192;197;206massert![38;2;192;197;206m([38;2;192;197;206mroot.child_ids[38;2;192;197;206m[[38;2;208;135;112m2[38;2;192;197;206m][38;2;192;197;206m [38;2;192;197;206m=[38;2;192;197;206m=[38;2;192;197;206m [38;2;208;135;112m4[38;2;192;197;206m)[38;2;192;197;206m;[K
[0m[48;2;40;67;43m[39m+    536[0m:[39m[48;2;24;38;30m [K
[0m[48;2;40;67;43m[39m+    537[0m:[39m[48;2;24;38;30m [38;2;192;197;206m    [38;2;192;197;206mprint![38;2;192;197;206m([38;2;192;197;206m"[38;2;150;181;180m\u{2713}[38;2;163;190;140m PASS: test_tree_add_children[38;2;150;181;180m\n[38;2;192;197;206m"[38;2;192;197;206m)[38;2;192;197;206m;[K
[0m[48;2;40;67;43m[39m+    538[0m:[39m[48;2;24;38;30m [38;2;192;197;206m}[K
[0m[48;2;40;67;43m[39m+    539[0m:[39m[48;2;24;38;30m [K
[0m[48;2;40;67;43m[39m+    540[0m:[39m[48;2;24;38;30m [38;2;180;142;173mfn[38;2;192;197;206m [38;2;143;161;179mtest_tree_deep_hierarchy[38;2;192;197;206m([38;2;192;197;206m)[38;2;192;197;206m [38;2;192;197;206m{[K
[0m[48;2;40;67;43m[39m+    541[0m:[39m[48;2;24;38;30m [38;2;192;197;206m    [38;2;192;197;206mprint![38;2;192;197;206m([38;2;192;197;206m"[38;2;150;181;180m\n[38;2;163;190;140m=== Testing Tree Deep Hierarchy ===[38;2;150;181;180m\n[38;2;192;197;206m"[38;2;192;197;206m)[38;2;192;197;206m;[K
[0m[48;2;40;67;43m[39m+    542[0m:[39m[48;2;24;38;30m [K
[0m[48;2;40;67;43m[39m+    543[0m:[39m[48;2;24;38;30m [38;2;192;197;206m    [38;2;180;142;173mlet[38;2;192;197;206m [38;2;180;142;173mmut[38;2;192;197;206m tree [38;2;192;197;206m=[38;2;192;197;206m [38;2;192;197;206mTree[38;2;192;197;206m::[38;2;192;197;206mnew[38;2;192;197;206m([38;2;192;197;206m)[38;2;192;197;206m;[K
[0m[48;2;40;67;43m[39m+    544[0m:[39m[48;2;24;38;30m [38;2;192;197;206m    [38;2;192;197;206massert![38;2;192;197;206m([38;2;192;197;206mtree.[38;2;150;181;180madd_node[38;2;192;197;206m([38;2;208;135;112m1[38;2;192;197;206m,[38;2;192;197;206m [38;2;208;135;112m0[38;2;192;197;206m,[38;2;192;197;206m [38;2;192;197;206m"[38;2;163;190;140mlevel0[38;2;192;197;206m"[38;2;192;197;206m)[38;2;192;197;206m [38;2;192;197;206m=[38;2;192;197;206m=[38;2;192;197;206m [38;2;208;135;112m0[38;2;192;197;206m)[38;2;192;197;206m;[K
[0m[48;2;40;67;43m[39m+    545[0m:[39m[48;2;24;38;30m [38;2;192;197;206m    [38;2;192;197;206massert![38;2;192;197;206m([38;2;192;197;206mtree.[38;2;150;181;180madd_node[38;2;192;197;206m([38;2;208;135;112m2[38;2;192;197;206m,[38;2;192;197;206m [38;2;208;135;112m1[38;2;192;197;206m,[38;2;192;197;206m [38;2;192;197;206m"[38;2;163;190;140mlevel1[38;2;192;197;206m"[38;2;192;197;206m)[38;2;192;197;206m [38;2;192;197;206m=[38;2;192;197;206m=[38;2;192;197;206m [38;2;208;135;112m0[38;2;192;197;206m)[38;2;192;197;206m;[K
[0m[48;2;40;67;43m[39m+    546[0m:[39m[48;2;24;38;30m [38;2;192;197;206m    [38;2;192;197;206massert![38;2;192;197;206m([38;2;192;197;206mtree.[38;2;150;181;180madd_node[38;2;192;197;206m([38;2;208;135;112m3[38;2;192;197;206m,[38;2;192;197;206m [38;2;208;135;112m2[38;2;192;197;206m,[38;2;192;197;206m [38;2;192;197;206m"[38;2;163;190;140mlevel2[38;2;192;197;206m"[38;2;192;197;206m)[38;2;192;197;206m [38;2;192;197;206m=[38;2;192;197;206m=[38;2;192;197;206m [38;2;208;135;112m0[38;2;192;197;206m)[38;2;192;197;206m;[K
[0m[48;2;40;67;43m[39m+    547[0m:[39m[48;2;24;38;30m [38;2;192;197;206m    [38;2;192;197;206massert![38;2;192;197;206m([38;2;192;197;206mtree.[38;2;150;181;180madd_node[38;2;192;197;206m([38;2;208;135;112m4[38;2;192;197;206m,[38;2;192;197;206m [38;2;208;135;112m3[38;2;192;197;206m,[38;2;192;197;206m [38;2;192;197;206m"[38;2;163;190;140mlevel3[38;2;192;197;206m"[38;2;192;197;206m)[38;2;192;197;206m [38;2;192;197;206m=[38;2;192;197;206m=[38;2;192;197;206m [38;2;208;135;112m0[38;2;192;197;206m)[38;2;192;197;206m;[K
[0m[48;2;40;67;43m[39m+    548[0m:[39m[48;2;24;38;30m [38;2;192;197;206m    [38;2;192;197;206massert![38;2;192;197;206m([38;2;192;197;206mtree.[38;2;150;181;180madd_node[38;2;192;197;206m([38;2;208;135;112m5[38;2;192;197;206m,[38;2;192;197;206m [38;2;208;135;112m4[38;2;192;197;206m,[38;2;192;197;206m [38;2;192;197;206m"[38;2;163;190;140mlevel4[38;2;192;197;206m"[38;2;192;197;206m)[38;2;192;197;206m [38;2;192;197;206m=[38;2;192;197;206m=[38;2;192;197;206m [38;2;208;135;112m0[38;2;192;197;206m)[38;2;192;197;206m;[K
[0m[48;2;40;67;43m[39m+    549[0m:[39m[48;2;24;38;30m [38;2;192;197;206m    [38;2;192;197;206massert![38;2;192;197;206m([38;2;192;197;206mtree.[38;2;150;181;180msize[38;2;192;197;206m([38;2;192;197;206m)[38;2;192;197;206m [38;2;192;197;206m=[38;2;192;197;206m=[38;2;192;197;206m [38;2;208;135;112m5[38;2;192;197;206m)[38;2;192;197;206m;[K
[0m[48;2;40;67;43m[39m+    550[0m:[39m[48;2;24;38;30m [K
[0m[48;2;40;67;43m[39m+    551[0m:[39m[48;2;24;38;30m [38;2;192;197;206m    [38;2;192;197;206massert![38;2;192;197;206m([38;2;192;197;206mtree.[38;2;150;181;180mget_depth[38;2;192;197;206m([38;2;208;135;112m1[38;2;192;197;206m)[38;2;192;197;206m [38;2;192;197;206m=[38;2;192;197;206m=[38;2;192;197;206m [38;2;208;135;112m0[38;2;192;197;206m)[38;2;192;197;206m;[K
[0m[48;2;40;67;43m[39m+    552[0m:[39m[48;2;24;38;30m [38;2;192;197;206m    [38;2;192;197;206massert![38;2;192;197;206m([38;2;192;197;206mtree.[38;2;150;181;180mget_depth[38;2;192;197;206m([38;2;208;135;112m2[38;2;192;197;206m)[38;2;192;197;206m [38;2;192;197;206m=[38;2;192;197;206m=[38;2;192;197;206m [38;2;208;135;112m1[38;2;192;197;206m)[38;2;192;197;206m;[K
[0m[48;2;40;67;43m[39m+    553[0m:[39m[48;2;24;38;30m [38;2;192;197;206m    [38;2;192;197;206massert![38;2;192;197;206m([38;2;192;197;206mtree.[38;2;150;181;180mget_depth[38;2;192;197;206m([38;2;208;135;112m3[38;2;192;197;206m)[38;2;192;197;206m [38;2;192;197;206m=[38;2;192;197;206m=[38;2;192;197;206m [38;2;208;135;112m2[38;2;192;197;206m)[38;2;192;197;206m;[K
[0m[48;2;40;67;43m[39m+    554[0m:[39m[48;2;24;38;30m [38;2;192;197;206m    [38;2;192;197;206massert![38;2;192;197;206m([38;2;192;197;206mtree.[38;2;150;181;180mget_depth[38;2;192;197;206m([38;2;208;135;112m4[38;2;192;197;206m)[38;2;192;197;206m [38;2;192;197;206m=[38;2;192;197;206m=[38;2;192;197;206m [38;2;208;135;112m3[38;2;192;197;206m)[38;2;192;197;206m;[K
[0m[48;2;40;67;43m[39m+    555[0m:[39m[48;2;24;38;30m [38;2;192;197;206m    [38;2;192;197;206massert![38;2;192;197;206m([38;2;192;197;206mtree.[38;2;150;181;180mget_depth[38;2;192;197;206m([38;2;208;135;112m5[38;2;192;197;206m)[38;2;192;197;206m [38;2;192;197;206m=[38;2;192;197;206m=[38;2;192;197;206m [38;2;208;135;112m4[38;2;192;197;206m)[38;2;192;197;206m;[K
[0m[48;2;40;67;43m[39m+    556[0m:[39m[48;2;24;38;30m [K
[0m[48;2;40;67;43m[39m+    557[0m:[39m[48;2;24;38;30m [38;2;192;197;206m    [38;2;192;197;206massert![38;2;192;197;206m([38;2;192;197;206mtree.[38;2;150;181;180mget_height[38;2;192;197;206m([38;2;208;135;112m1[38;2;192;197;206m)[38;2;192;197;206m [38;2;192;197;206m=[38;2;192;197;206m=[38;2;192;197;206m [38;2;208;135;112m4[38;2;192;197;206m)[38;2;192;197;206m;[K
[0m[48;2;40;67;43m[39m+    558[0m:[39m[48;2;24;38;30m [38;2;192;197;206m    [38;2;192;197;206massert![38;2;192;197;206m([38;2;192;197;206mtree.[38;2;150;181;180mget_height[38;2;192;197;206m([38;2;208;135;112m2[38;2;192;197;206m)[38;2;192;197;206m [38;2;192;197;206m=[38;2;192;197;206m=[38;2;192;197;206m [38;2;208;135;112m3[38;2;192;197;206m)[38;2;192;197;206m;[K
[0m[48;2;40;67;43m[39m+    559[0m:[39m[48;2;24;38;30m [38;2;192;197;206m    [38;2;192;197;206massert![38;2;192;197;206m([38;2;192;197;206mtree.[38;2;150;181;180mget_height[38;2;192;197;206m([38;2;208;135;112m5[38;2;192;197;206m)[38;2;192;197;206m [38;2;192;197;206m=[38;2;192;197;206m=[38;2;192;197;206m [38;2;208;135;112m0[38;2;192;197;206m)[38;2;192;197;206m;[K
[0m[48;2;40;67;43m[39m+    560[0m:[39m[48;2;24;38;30m [K
[0m[48;2;40;67;43m[39m+    561[0m:[39m[48;2;24;38;30m [38;2;192;197;206m    [38;2;192;197;206mprint![38;2;192;197;206m([38;2;192;197;206m"[38;2;150;181;180m\u{2713}[38;2;163;190;140m PASS: test_tree_deep_hierarchy[38;2;150;181;180m\n[38;2;192;197;206m"[38;2;192;197;206m)[38;2;192;197;206m;[K
[0m[48;2;40;67;43m[39m+    562[0m:[39m[48;2;24;38;30m [38;2;192;197;206m}[K
[0m[48;2;40;67;43m[39m+    563[0m:[39m[48;2;24;38;30m [K
[0m[48;2;40;67;43m[39m+    564[0m:[39m[48;2;24;38;30m [38;2;180;142;173mfn[38;2;192;197;206m [38;2;143;161;179mtest_tree_remove_leaf[38;2;192;197;206m([38;2;192;197;206m)[38;2;192;197;206m [38;2;192;197;206m{[K
[0m[48;2;40;67;43m[39m+    565[0m:[39m[48;2;24;38;30m [38;2;192;197;206m    [38;2;192;197;206mprint![38;2;192;197;206m([38;2;192;197;206m"[38;2;150;181;180m\n[38;2;163;190;140m=== Testing Tree Remove Leaf ===[38;2;150;181;180m\n[38;2;192;197;206m"[38;2;192;197;206m)[38;2;192;197;206m;[K
[0m[48;2;40;67;43m[39m+    566[0m:[39m[48;2;24;38;30m [K
[0m[48;2;40;67;43m[39m+    567[0m:[39m[48;2;24;38;30m [38;2;192;197;206m    [38;2;180;142;173mlet[38;2;192;197;206m [38;2;180;142;173mmut[38;2;192;197;206m tree [38;2;192;197;206m=[38;2;192;197;206m [38;2;192;197;206mTree[38;2;192;197;206m::[38;2;192;197;206mnew[38;2;192;197;206m([38;2;192;197;206m)[38;2;192;197;206m;[K
[0m[48;2;40;67;43m[39m+    568[0m:[39m[48;2;24;38;30m [38;2;192;197;206m    [38;2;192;197;206massert![38;2;192;197;206m([38;2;192;197;206mtree.[38;2;150;181;180madd_node[38;2;192;197;206m([38;2;208;135;112m1[38;2;192;197;206m,[38;2;192;197;206m [38;2;208;135;112m0[38;2;192;197;206m,[38;2;192;197;206m [38;2;192;197;206m"[38;2;163;190;140mroot[38;2;192;197;206m"[38;2;192;197;206m)[38;2;192;197;206m [38;2;192;197;206m=[38;2;192;197;206m=[38;2;192;197;206m [38;2;208;135;112m0[38;2;192;197;206m)[38;2;192;197;206m;[K
[0m[48;2;40;67;43m[39m+    569[0m:[39m[48;2;24;38;30m [38;2;192;197;206m    [38;2;192;197;206massert![38;2;192;197;206m([38;2;192;197;206mtree.[38;2;150;181;180madd_node[38;2;192;197;206m([38;2;208;135;112m2[38;2;192;197;206m,[38;2;192;197;206m [38;2;208;135;112m1[38;2;192;197;206m,[38;2;192;197;206m [38;2;192;197;206m"[38;2;163;190;140mchild1[38;2;192;197;206m"[38;2;192;197;206m)[38;2;192;197;206m [38;2;192;197;206m=[38;2;192;197;206m=[38;2;192;197;206m [38;2;208;135;112m0[38;2;192;197;206m)[38;2;192;197;206m;[K
[0m[48;2;40;67;43m[39m+    570[0m:[39m[48;2;24;38;30m [38;2;192;197;206m    [38;2;192;197;206massert![38;2;192;197;206m([38;2;192;197;206mtree.[38;2;150;181;180madd_node[38;2;192;197;206m([38;2;208;135;112m3[38;2;192;197;206m,[38;2;192;197;206m [38;2;208;135;112m1[38;2;192;197;206m,[38;2;192;197;206m [38;2;192;197;206m"[38;2;163;190;140mchild2[38;2;192;197;206m"[38;2;192;197;206m)[38;2;192;197;206m [38;2;192;197;206m=[38;2;192;197;206m=[38;2;192;197;206m [38;2;208;135;112m0[38;2;192;197;206m)[38;2;192;197;206m;[K
[0m[48;2;40;67;43m[39m+    571[0m:[39m[48;2;24;38;30m [38;2;192;197;206m    [38;2;192;197;206massert![38;2;192;197;206m([38;2;192;197;206mtree.[38;2;150;181;180msize[38;2;192;197;206m([38;2;192;197;206m)[38;2;192;197;206m [38;2;192;197;206m=[38;2;192;197;206m=[38;2;192;197;206m [38;2;208;135;112m3[38;2;192;197;206m)[38;2;192;197;206m;[K
[0m[48;2;40;67;43m[39m+    572[0m:[39m[48;2;24;38;30m [K
[0m[48;2;40;67;43m[39m+    573[0m:[39m[48;2;24;38;30m [38;2;192;197;206m    [38;2;192;197;206massert![38;2;192;197;206m([38;2;192;197;206mtree.[38;2;150;181;180mremove_node[38;2;192;197;206m([38;2;208;135;112m3[38;2;192;197;206m)[38;2;192;197;206m [38;2;192;197;206m=[38;2;192;197;206m=[38;2;192;197;206m [38;2;208;135;112m0[38;2;192;197;206m)[38;2;192;197;206m;[K
[0m[48;2;40;67;43m[39m+    574[0m:[39m[48;2;24;38;30m [38;2;192;197;206m    [38;2;192;197;206massert![38;2;192;197;206m([38;2;192;197;206mtree.[38;2;150;181;180msize[38;2;192;197;206m([38;2;192;197;206m)[38;2;192;197;206m [38;2;192;197;206m=[38;2;192;197;206m=[38;2;192;197;206m [38;2;208;135;112m2[38;2;192;197;206m)[38;2;192;197;206m;[K
[0m[48;2;40;67;43m[39m+    575[0m:[39m[48;2;24;38;30m [38;2;192;197;206m    [38;2;192;197;206massert![38;2;192;197;206m([38;2;192;197;206m![38;2;192;197;206mtree.[38;2;150;181;180mcontains[38;2;192;197;206m([38;2;208;135;112m3[38;2;192;197;206m)[38;2;192;197;206m)[38;2;192;197;206m;[K
[0m[48;2;40;67;43m[39m+    576[0m:[39m[48;2;24;38;30m [K
[0m[48;2;40;67;43m[39m+    577[0m:[39m[48;2;24;38;30m [38;2;192;197;206m    [38;2;180;142;173mlet[38;2;192;197;206m root [38;2;192;197;206m=[38;2;192;197;206m tree.[38;2;150;181;180mget_node[38;2;192;197;206m([38;2;208;135;112m1[38;2;192;197;206m)[38;2;192;197;206m.[38;2;150;181;180munwrap[38;2;192;197;206m([38;2;192;197;206m)[38;2;192;197;206m;[K
[0m[48;2;40;67;43m[39m+    578[0m:[39m[48;2;24;38;30m [38;2;192;197;206m    [38;2;192;197;206massert![38;2;192;197;206m([38;2;192;197;206mroot.child_count [38;2;192;197;206m=[38;2;192;197;206m=[38;2;192;197;206m [38;2;208;135;112m1[38;2;192;197;206m)[38;2;192;197;206m;[K
[0m[48;2;40;67;43m[39m+    579[0m:[39m[48;2;24;38;30m [38;2;192;197;206m    [38;2;192;197;206massert![38;2;192;197;206m([38;2;192;197;206mroot.child_ids[38;2;192;197;206m[[38;2;208;135;112m0[38;2;192;197;206m][38;2;192;197;206m [38;2;192;197;206m=[38;2;192;197;206m=[38;2;192;197;206m [38;2;208;135;112m2[38;2;192;197;206m)[38;2;192;197;206m;[K
[0m[48;2;40;67;43m[39m+    580[0m:[39m[48;2;24;38;30m [K
[0m[48;2;40;67;43m[39m+    581[0m:[39m[48;2;24;38;30m [38;2;192;197;206m    [38;2;192;197;206mprint![38;2;192;197;206m([38;2;192;197;206m"[38;2;150;181;180m\u{2713}[38;2;163;190;140m PASS: test_tree_remove_leaf[38;2;150;181;180m\n[38;2;192;197;206m"[38;2;192;197;206m)[38;2;192;197;206m;[K
[0m[48;2;40;67;43m[39m+    582[0m:[39m[48;2;24;38;30m [38;2;192;197;206m}[K
[0m[48;2;40;67;43m[39m+    583[0m:[39m[48;2;24;38;30m [K
[0m[48;2;40;67;43m[39m+    584[0m:[39m[48;2;24;38;30m [38;2;180;142;173mfn[38;2;192;197;206m [38;2;143;161;179mtest_tree_remove_subtree[38;2;192;197;206m([38;2;192;197;206m)[38;2;192;197;206m [38;2;192;197;206m{[K
[0m[48;2;40;67;43m[39m+    585[0m:[39m[48;2;24;38;30m [38;2;192;197;206m    [38;2;192;197;206mprint![38;2;192;197;206m([38;2;192;197;206m"[38;2;150;181;180m\n[38;2;163;190;140m=== Testing Tree Remove Subtree ===[38;2;150;181;180m\n[38;2;192;197;206m"[38;2;192;197;206m)[38;2;192;197;206m;[K
[0m[48;2;40;67;43m[39m+    586[0m:[39m[48;2;24;38;30m [K
[0m[48;2;40;67;43m[39m+    587[0m:[39m[48;2;24;38;30m [38;2;192;197;206m    [38;2;180;142;173mlet[38;2;192;197;206m [38;2;180;142;173mmut[38;2;192;197;206m tree [38;2;192;197;206m=[38;2;192;197;206m [38;2;192;197;206mTree[38;2;192;197;206m::[38;2;192;197;206mnew[38;2;192;197;206m([38;2;192;197;206m)[38;2;192;197;206m;[K
[0m[48;2;40;67;43m[39m+    588[0m:[39m[48;2;24;38;30m [38;2;192;197;206m    [38;2;192;197;206massert![38;2;192;197;206m([38;2;192;197;206mtree.[38;2;150;181;180madd_node[38;2;192;197;206m([38;2;208;135;112m1[38;2;192;197;206m,[38;2;192;197;206m [38;2;208;135;112m0[38;2;192;197;206m,[38;2;192;197;206m [38;2;192;197;206m"[38;2;163;190;140mroot[38;2;192;197;206m"[38;2;192;197;206m)[38;2;192;197;206m [38;2;192;197;206m=[38;2;192;197;206m=[38;2;192;197;206m [38;2;208;135;112m0[38;2;192;197;206m)[38;2;192;197;206m;[K
[0m[48;2;40;67;43m[39m+    589[0m:[39m[48;2;24;38;30m [38;2;192;197;206m    [38;2;192;197;206massert![38;2;192;197;206m([38;2;192;197;206mtree.[38;2;150;181;180madd_node[38;2;192;197;206m([38;2;208;135;112m2[38;2;192;197;206m,[38;2;192;197;206m [38;2;208;135;112m1[38;2;192;197;206m,[38;2;192;197;206m [38;2;192;197;206m"[38;2;163;190;140mchild1[38;2;192;197;206m"[38;2;192;197;206m)[38;2;192;197;206m [38;2;192;197;206m=[38;2;192;197;206m=[38;2;192;197;206m [38;2;208;135;112m0[38;2;192;197;206m)[38;2;192;197;206m;[K
[0m[48;2;40;67;43m[39m+    590[0m:[39m[48;2;24;38;30m [38;2;192;197;206m    [38;2;192;197;206massert![38;2;192;197;206m([38;2;192;197;206mtree.[38;2;150;181;180madd_node[38;2;192;197;206m([38;2;208;135;112m3[38;2;192;197;206m,[38;2;192;197;206m [38;2;208;135;112m2[38;2;192;197;206m,[38;2;192;197;206m [38;2;192;197;206m"[38;2;163;190;140mgrandchild1[38;2;192;197;206m"[38;2;192;197;206m)[38;2;192;197;206m [38;2;192;197;206m=[38;2;192;197;206m=[38;2;192;197;206m [38;2;208;135;112m0[38;2;192;197;206m)[38;2;192;197;206m;[K
[0m[48;2;40;67;43m[39m+    591[0m:[39m[48;2;24;38;30m [38;2;192;197;206m    [38;2;192;197;206massert![38;2;192;197;206m([38;2;192;197;206mtree.[38;2;150;181;180madd_node[38;2;192;197;206m([38;2;208;135;112m4[38;2;192;197;206m,[38;2;192;197;206m [38;2;208;135;112m2[38;2;192;197;206m,[38;2;192;197;206m [38;2;192;197;206m"[38;2;163;190;140mgrandchild2[38;2;192;197;206m"[38;2;192;197;206m)[38;2;192;197;206m [38;2;192;197;206m=[38;2;192;197;206m=[38;2;192;197;206m [38;2;208;135;112m0[38;2;192;197;206m)[38;2;192;197;206m;[K
[0m[48;2;40;67;43m[39m+    592[0m:[39m[48;2;24;38;30m [38;2;192;197;206m    [38;2;192;197;206massert![38;2;192;197;206m([38;2;192;197;206mtree.[38;2;150;181;180madd_node[38;2;192;197;206m([38;2;208;135;112m5[38;2;192;197;206m,[38;2;192;197;206m [38;2;208;135;112m1[38;2;192;197;206m,[38;2;192;197;206m [38;2;192;197;206m"[38;2;163;190;140mchild2[38;2;192;197;206m"[38;2;192;197;206m)[38;2;192;197;206m [38;2;192;197;206m=[38;2;192;197;206m=[38;2;192;197;206m [38;2;208;135;112m0[38;2;192;197;206m)[38;2;192;197;206m;[K
[0m[48;2;40;67;43m[39m+    593[0m:[39m[48;2;24;38;30m [38;2;192;197;206m    [38;2;192;197;206massert![38;2;192;197;206m([38;2;192;197;206mtree.[38;2;150;181;180msize[38;2;192;197;206m([38;2;192;197;206m)[38;2;192;197;206m [38;2;192;197;206m=[38;2;192;197;206m=[38;2;192;197;206m [38;2;208;135;112m5[38;2;192;197;206m)[38;2;192;197;206m;[K
[0m[48;2;40;67;43m[39m+    594[0m:[39m[48;2;24;38;30m [K
[0m[48;2;40;67;43m[39m+    595[0m:[39m[48;2;24;38;30m [38;2;192;197;206m    [38;2;192;197;206massert![38;2;192;197;206m([38;2;192;197;206mtree.[38;2;150;181;180mremove_node[38;2;192;197;206m([38;2;208;135;112m2[38;2;192;197;206m)[38;2;192;197;206m [38;2;192;197;206m=[38;2;192;197;206m=[38;2;192;197;206m [38;2;208;135;112m0[38;2;192;197;206m)[38;2;192;197;206m;[K
[0m[48;2;40;67;43m[39m+    596[0m:[39m[48;2;24;38;30m [38;2;192;197;206m    [38;2;192;197;206massert![38;2;192;197;206m([38;2;192;197;206mtree.[38;2;150;181;180msize[38;2;192;197;206m([38;2;192;197;206m)[38;2;192;197;206m [38;2;192;197;206m=[38;2;192;197;206m=[38;2;192;197;206m [38;2;208;135;112m2[38;2;192;197;206m)[38;2;192;197;206m;[K
[0m[48;2;40;67;43m[39m+    597[0m:[39m[48;2;24;38;30m [38;2;192;197;206m    [38;2;192;197;206massert![38;2;192;197;206m([38;2;192;197;206m![38;2;192;197;206mtree.[38;2;150;181;180mcontains[38;2;192;197;206m([38;2;208;135;112m2[38;2;192;197;206m)[38;2;192;197;206m)[38;2;192;197;206m;[K
[0m[48;2;40;67;43m[39m+    598[0m:[39m[48;2;24;38;30m [38;2;192;197;206m    [38;2;192;197;206massert![38;2;192;197;206m([38;2;192;197;206m![38;2;192;197;206mtree.[38;2;150;181;180mcontains[38;2;192;197;206m([38;2;208;135;112m3[38;2;192;197;206m)[38;2;192;197;206m)[38;2;192;197;206m;[K
[0m[48;2;40;67;43m[39m+    599[0m:[39m[48;2;24;38;30m [38;2;192;197;206m    [38;2;192;197;206massert![38;2;192;197;206m([38;2;192;197;206m![38;2;192;197;206mtree.[38;2;150;181;180mcontains[38;2;192;197;206m([38;2;208;135;112m4[38;2;192;197;206m)[38;2;192;197;206m)[38;2;192;197;206m;[K
[0m[48;2;40;67;43m[39m+    600[0m:[39m[48;2;24;38;30m [38;2;192;197;206m    [38;2;192;197;206massert![38;2;192;197;206m([38;2;192;197;206mtree.[38;2;150;181;180mcontains[38;2;192;197;206m([38;2;208;135;112m1[38;2;192;197;206m)[38;2;192;197;206m)[38;2;192;197;206m;[K
[0m[48;2;40;67;43m[39m+    601[0m:[39m[48;2;24;38;30m [38;2;192;197;206m    [38;2;192;197;206massert![38;2;192;197;206m([38;2;192;197;206mtree.[38;2;150;181;180mcontains[38;2;192;197;206m([38;2;208;135;112m5[38;2;192;197;206m)[38;2;192;197;206m)[38;2;192;197;206m;[K
[0m[48;2;40;67;43m[39m+    602[0m:[39m[48;2;24;38;30m [K
[0m[48;2;40;67;43m[39m+    603[0m:[39m[48;2;24;38;30m [38;2;192;197;206m    [38;2;192;197;206mprint![38;2;192;197;206m([38;2;192;197;206m"[38;2;150;181;180m\u{2713}[38;2;163;190;140m PASS: test_tree_remove_subtree[38;2;150;181;180m\n[38;2;192;197;206m"[38;2;192;197;206m)[38;2;192;197;206m;[K
[0m[48;2;40;67;43m[39m+    604[0m:[39m[48;2;24;38;30m [38;2;192;197;206m}[K
[0m[48;2;40;67;43m[39m+    605[0m:[39m[48;2;24;38;30m [K
[0m[48;2;40;67;43m[39m+    606[0m:[39m[48;2;24;38;30m [38;2;180;142;173mfn[38;2;192;197;206m [38;2;143;161;179mtest_tree_remove_root[38;2;192;197;206m([38;2;192;197;206m)[38;2;192;197;206m [38;2;192;197;206m{[K
[0m[48;2;40;67;43m[39m+    607[0m:[39m[48;2;24;38;30m [38;2;192;197;206m    [38;2;192;197;206mprint![38;2;192;197;206m([38;2;192;197;206m"[38;2;150;181;180m\n[38;2;163;190;140m=== Testing Tree Remove Root ===[38;2;150;181;180m\n[38;2;192;197;206m"[38;2;192;197;206m)[38;2;192;197;206m;[K
[0m[48;2;40;67;43m[39m+    608[0m:[39m[48;2;24;38;30m [K
[0m[48;2;40;67;43m[39m+    609[0m:[39m[48;2;24;38;30m [38;2;192;197;206m    [38;2;180;142;173mlet[38;2;192;197;206m [38;2;180;142;173mmut[38;2;192;197;206m tree [38;2;192;197;206m=[38;2;192;197;206m [38;2;192;197;206mTree[38;2;192;197;206m::[38;2;192;197;206mnew[38;2;192;197;206m([38;2;192;197;206m)[38;2;192;197;206m;[K
[0m[48;2;40;67;43m[39m+    610[0m:[39m[48;2;24;38;30m [38;2;192;197;206m    [38;2;192;197;206massert![38;2;192;197;206m([38;2;192;197;206mtree.[38;2;150;181;180madd_node[38;2;192;197;206m([38;2;208;135;112m1[38;2;192;197;206m,[38;2;192;197;206m [38;2;208;135;112m0[38;2;192;197;206m,[38;2;192;197;206m [38;2;192;197;206m"[38;2;163;190;140mroot[38;2;192;197;206m"[38;2;192;197;206m)[38;2;192;197;206m [38;2;192;197;206m=[38;2;192;197;206m=[38;2;192;197;206m [38;2;208;135;112m0[38;2;192;197;206m)[38;2;192;197;206m;[K
[0m[48;2;40;67;43m[39m+    611[0m:[39m[48;2;24;38;30m [38;2;192;197;206m    [38;2;192;197;206massert![38;2;192;197;206m([38;2;192;197;206mtree.[38;2;150;181;180madd_node[38;2;192;197;206m([38;2;208;135;112m2[38;2;192;197;206m,[38;2;192;197;206m [38;2;208;135;112m1[38;2;192;197;206m,[38;2;192;197;206m [38;2;192;197;206m"[38;2;163;190;140mchild1[38;2;192;197;206m"[38;2;192;197;206m)[38;2;192;197;206m [38;2;192;197;206m=[38;2;192;197;206m=[38;2;192;197;206m [38;2;208;135;112m0[38;2;192;197;206m)[38;2;192;197;206m;[K
[0m[48;2;40;67;43m[39m+    612[0m:[39m[48;2;24;38;30m [38;2;192;197;206m    [38;2;192;197;206massert![38;2;192;197;206m([38;2;192;197;206mtree.[38;2;150;181;180madd_node[38;2;192;197;206m([38;2;208;135;112m3[38;2;192;197;206m,[38;2;192;197;206m [38;2;208;135;112m1[38;2;192;197;206m,[38;2;192;197;206m [38;2;192;197;206m"[38;2;163;190;140mchild2[38;2;192;197;206m"[38;2;192;197;206m)[38;2;192;197;206m [38;2;192;197;206m=[38;2;192;197;206m=[38;2;192;197;206m [38;2;208;135;112m0[38;2;192;197;206m)[38;2;192;197;206m;[K
[0m[48;2;40;67;43m[39m+    613[0m:[39m[48;2;24;38;30m [38;2;192;197;206m    [38;2;192;197;206massert![38;2;192;197;206m([38;2;192;197;206mtree.[38;2;150;181;180msize[38;2;192;197;206m([38;2;192;197;206m)[38;2;192;197;206m [38;2;192;197;206m=[38;2;192;197;206m=[38;2;192;197;206m [38;2;208;135;112m3[38;2;192;197;206m)[38;2;192;197;206m;[K
[0m[48;2;40;67;43m[39m+    614[0m:[39m[48;2;24;38;30m [K
[0m[48;2;40;67;43m[39m+    615[0m:[39m[48;2;24;38;30m [38;2;192;197;206m    [38;2;192;197;206massert![38;2;192;197;206m([38;2;192;197;206mtree.[38;2;150;181;180mremove_node[38;2;192;197;206m([38;2;208;135;112m1[38;2;192;197;206m)[38;2;192;197;206m [38;2;192;197;206m=[38;2;192;197;206m=[38;2;192;197;206m [38;2;208;135;112m0[38;2;192;197;206m)[38;2;192;197;206m;[K
[0m[48;2;40;67;43m[39m+    616[0m:[39m[48;2;24;38;30m [38;2;192;197;206m    [38;2;192;197;206massert![38;2;192;197;206m([38;2;192;197;206mtree.[38;2;150;181;180msize[38;2;192;197;206m([38;2;192;197;206m)[38;2;192;197;206m [38;2;192;197;206m=[38;2;192;197;206m=[38;2;192;197;206m [38;2;208;135;112m0[38;2;192;197;206m)[38;2;192;197;206m;[K
[0m[48;2;40;67;43m[39m+    617[0m:[39m[48;2;24;38;30m [38;2;192;197;206m    [38;2;192;197;206massert![38;2;192;197;206m([38;2;192;197;206m![38;2;192;197;206mtree.has_root[38;2;192;197;206m)[38;2;192;197;206m;[K
[0m[48;2;40;67;43m[39m+    618[0m:[39m[48;2;24;38;30m [K
[0m[48;2;40;67;43m[39m+    619[0m:[39m[48;2;24;38;30m [38;2;192;197;206m    [38;2;192;197;206mprint![38;2;192;197;206m([38;2;192;197;206m"[38;2;150;181;180m\u{2713}[38;2;163;190;140m PASS: test_tree_remove_root[38;2;150;181;180m\n[38;2;192;197;206m"[38;2;192;197;206m)[38;2;192;197;206m;[K
[0m[48;2;40;67;43m[39m+    620[0m:[39m[48;2;24;38;30m [38;2;192;197;206m}[K
[0m[48;2;40;67;43m[39m+    621[0m:[39m[48;2;24;38;30m [K
[0m[48;2;40;67;43m[39m+    622[0m:[39m[48;2;24;38;30m [38;2;180;142;173mfn[38;2;192;197;206m [38;2;143;161;179mtest_tree_count_descendants[38;2;192;197;206m([38;2;192;197;206m)[38;2;192;197;206m [38;2;192;197;206m{[K
[0m[48;2;40;67;43m[39m+    623[0m:[39m[48;2;24;38;30m [38;2;192;197;206m    [38;2;192;197;206mprint![38;2;192;197;206m([38;2;192;197;206m"[38;2;150;181;180m\n[38;2;163;190;140m=== Testing Tree Count Descendants ===[38;2;150;181;180m\n[38;2;192;197;206m"[38;2;192;197;206m)[38;2;192;197;206m;[K
[0m[48;2;40;67;43m[39m+    624[0m:[39m[48;2;24;38;30m [K
[0m[48;2;40;67;43m[39m+    625[0m:[39m[48;2;24;38;30m [38;2;192;197;206m    [38;2;180;142;173mlet[38;2;192;197;206m [38;2;180;142;173mmut[38;2;192;197;206m tree [38;2;192;197;206m=[38;2;192;197;206m [38;2;192;197;206mTree[38;2;192;197;206m::[38;2;192;197;206mnew[38;2;192;197;206m([38;2;192;197;206m)[38;2;192;197;206m;[K
[0m[48;2;40;67;43m[39m+    626[0m:[39m[48;2;24;38;30m [38;2;192;197;206m    [38;2;192;197;206massert![38;2;192;197;206m([38;2;192;197;206mtree.[38;2;150;181;180madd_node[38;2;192;197;206m([38;2;208;135;112m1[38;2;192;197;206m,[38;2;192;197;206m [38;2;208;135;112m0[38;2;192;197;206m,[38;2;192;197;206m [38;2;192;197;206m"[38;2;163;190;140mroot[38;2;192;197;206m"[38;2;192;197;206m)[38;2;192;197;206m [38;2;192;197;206m=[38;2;192;197;206m=[38;2;192;197;206m [38;2;208;135;112m0[38;2;192;197;206m)[38;2;192;197;206m;[K
[0m[48;2;40;67;43m[39m+    627[0m:[39m[48;2;24;38;30m [38;2;192;197;206m    [38;2;192;197;206massert![38;2;192;197;206m([38;2;192;197;206mtree.[38;2;150;181;180madd_node[38;2;192;197;206m([38;2;208;135;112m2[38;2;192;197;206m,[38;2;192;197;206m [38;2;208;135;112m1[38;2;192;197;206m,[38;2;192;197;206m [38;2;192;197;206m"[38;2;163;190;140mchild1[38;2;192;197;206m"[38;2;192;197;206m)[38;2;192;197;206m [38;2;192;197;206m=[38;2;192;197;206m=[38;2;192;197;206m [38;2;208;135;112m0[38;2;192;197;206m)[38;2;192;197;206m;[K
[0m[48;2;40;67;43m[39m+    628[0m:[39m[48;2;24;38;30m [38;2;192;197;206m    [38;2;192;197;206massert![38;2;192;197;206m([38;2;192;197;206mtree.[38;2;150;181;180madd_node[38;2;192;197;206m([38;2;208;135;112m3[38;2;192;197;206m,[38;2;192;197;206m [38;2;208;135;112m2[38;2;192;197;206m,[38;2;192;197;206m [38;2;192;197;206m"[38;2;163;190;140mgrandchild1[38;2;192;197;206m"[38;2;192;197;206m)[38;2;192;197;206m [38;2;192;197;206m=[38;2;192;197;206m=[38;2;192;197;206m [38;2;208;135;112m0[38;2;192;197;206m)[38;2;192;197;206m;[K
[0m[48;2;40;67;43m[39m+    629[0m:[39m[48;2;24;38;30m [38;2;192;197;206m    [38;2;192;197;206massert![38;2;192;197;206m([38;2;192;197;206mtree.[38;2;150;181;180madd_node[38;2;192;197;206m([38;2;208;135;112m4[38;2;192;197;206m,[38;2;192;197;206m [38;2;208;135;112m2[38;2;192;197;206m,[38;2;192;197;206m [38;2;192;197;206m"[38;2;163;190;140mgrandchild2[38;2;192;197;206m"[38;2;192;197;206m)[38;2;192;197;206m [38;2;192;197;206m=[38;2;192;197;206m=[38;2;192;197;206m [38;2;208;135;112m0[38;2;192;197;206m)[38;2;192;197;206m;[K
[0m[48;2;40;67;43m[39m+    630[0m:[39m[48;2;24;38;30m [38;2;192;197;206m    [38;2;192;197;206massert![38;2;192;197;206m([38;2;192;197;206mtree.[38;2;150;181;180madd_node[38;2;192;197;206m([38;2;208;135;112m5[38;2;192;197;206m,[38;2;192;197;206m [38;2;208;135;112m1[38;2;192;197;206m,[38;2;192;197;206m [38;2;192;197;206m"[38;2;163;190;140mchild2[38;2;192;197;206m"[38;2;192;197;206m)[38;2;192;197;206m [38;2;192;197;206m=[38;2;192;197;206m=[38;2;192;197;206m [38;2;208;135;112m0[38;2;192;197;206m)[38;2;192;197;206m;[K
[0m[48;2;40;67;43m[39m+    631[0m:[39m[48;2;24;38;30m [K
[0m[48;2;40;67;43m[39m+    632[0m:[39m[48;2;24;38;30m [38;2;192;197;206m    [38;2;192;197;206massert![38;2;192;197;206m([38;2;192;197;206mtree.[38;2;150;181;180mcount_descendants[38;2;192;197;206m([38;2;208;135;112m1[38;2;192;197;206m)[38;2;192;197;206m [38;2;192;197;206m=[38;2;192;197;206m=[38;2;192;197;206m [38;2;208;135;112m4[38;2;192;197;206m)[38;2;192;197;206m;[K
[0m[48;2;40;67;43m[39m+    633[0m:[39m[48;2;24;38;30m [38;2;192;197;206m    [38;2;192;197;206massert![38;2;192;197;206m([38;2;192;197;206mtree.[38;2;150;181;180mcount_descendants[38;2;192;197;206m([38;2;208;135;112m2[38;2;192;197;206m)[38;2;192;197;206m [38;2;192;197;206m=[38;2;192;197;206m=[38;2;192;197;206m [38;2;208;135;112m2[38;2;192;197;206m)[38;2;192;197;206m;[K
[0m[48;2;40;67;43m[39m+    634[0m:[39m[48;2;24;38;30m [38;2;192;197;206m    [38;2;192;197;206massert![38;2;192;197;206m([38;2;192;197;206mtree.[38;2;150;181;180mcount_descendants[38;2;192;197;206m([38;2;208;135;112m3[38;2;192;197;206m)[38;2;192;197;206m [38;2;192;197;206m=[38;2;192;197;206m=[38;2;192;197;206m [38;2;208;135;112m0[38;2;192;197;206m)[38;2;192;197;206m;[K
[0m[48;2;40;67;43m[39m+    635[0m:[39m[48;2;24;38;30m [38;2;192;197;206m    [38;2;192;197;206massert![38;2;192;197;206m([38;2;192;197;206mtree.[38;2;150;181;180mcount_descendants[38;2;192;197;206m([38;2;208;135;112m5[38;2;192;197;206m)[38;2;192;197;206m [38;2;192;197;206m=[38;2;192;197;206m=[38;2;192;197;206m [38;2;208;135;112m0[38;2;192;197;206m)[38;2;192;197;206m;[K
[0m[48;2;40;67;43m[39m+    636[0m:[39m[48;2;24;38;30m [K
[0m[48;2;40;67;43m[39m+    637[0m:[39m[48;2;24;38;30m [38;2;192;197;206m    [38;2;192;197;206mprint![38;2;192;197;206m([38;2;192;197;206m"[38;2;150;181;180m\u{2713}[38;2;163;190;140m PASS: test_tree_count_descendants[38;2;150;181;180m\n[38;2;192;197;206m"[38;2;192;197;206m)[38;2;192;197;206m;[K
[0m[48;2;40;67;43m[39m+    638[0m:[39m[48;2;24;38;30m [38;2;192;197;206m}[K
[0m[48;2;40;67;43m[39m+    639[0m:[39m[48;2;24;38;30m [K
[0m[48;2;40;67;43m[39m+    640[0m:[39m[48;2;24;38;30m [38;2;180;142;173mfn[38;2;192;197;206m [38;2;143;161;179mtest_tree_find_path[38;2;192;197;206m([38;2;192;197;206m)[38;2;192;197;206m [38;2;192;197;206m{[K
[0m[48;2;40;67;43m[39m+    641[0m:[39m[48;2;24;38;30m [38;2;192;197;206m    [38;2;192;197;206mprint![38;2;192;197;206m([38;2;192;197;206m"[38;2;150;181;180m\n[38;2;163;190;140m=== Testing Tree Find Path ===[38;2;150;181;180m\n[38;2;192;197;206m"[38;2;192;197;206m)[38;2;192;197;206m;[K
[0m[48;2;40;67;43m[39m+    642[0m:[39m[48;2;24;38;30m [K
[0m[48;2;40;67;43m[39m+    643[0m:[39m[48;2;24;38;30m [38;2;192;197;206m    [38;2;180;142;173mlet[38;2;192;197;206m [38;2;180;142;173mmut[38;2;192;197;206m tree [38;2;192;197;206m=[38;2;192;197;206m [38;2;192;197;206mTree[38;2;192;197;206m::[38;2;192;197;206mnew[38;2;192;197;206m([38;2;192;197;206m)[38;2;192;197;206m;[K
[0m[48;2;40;67;43m[39m+    644[0m:[39m[48;2;24;38;30m [38;2;192;197;206m    [38;2;192;197;206massert![38;2;192;197;206m([38;2;192;197;206mtree.[38;2;150;181;180madd_node[38;2;192;197;206m([38;2;208;135;112m1[38;2;192;197;206m,[38;2;192;197;206m [38;2;208;135;112m0[38;2;192;197;206m,[38;2;192;197;206m [38;2;192;197;206m"[38;2;163;190;140mroot[38;2;192;197;206m"[38;2;192;197;206m)[38;2;192;197;206m [38;2;192;197;206m=[38;2;192;197;206m=[38;2;192;197;206m [38;2;208;135;112m0[38;2;192;197;206m)[38;2;192;197;206m;[K
[0m[48;2;40;67;43m[39m+    645[0m:[39m[48;2;24;38;30m [38;2;192;197;206m    [38;2;192;197;206massert![38;2;192;197;206m([38;2;192;197;206mtree.[38;2;150;181;180madd_node[38;2;192;197;206m([38;2;208;135;112m2[38;2;192;197;206m,[38;2;192;197;206m [38;2;208;135;112m1[38;2;192;197;206m,[38;2;192;197;206m [38;2;192;197;206m"[38;2;163;190;140mchild[38;2;192;197;206m"[38;2;192;197;206m)[38;2;192;197;206m [38;2;192;197;206m=[38;2;192;197;206m=[38;2;192;197;206m [38;2;208;135;112m0[38;2;192;197;206m)[38;2;192;197;206m;[K
[0m[48;2;40;67;43m[39m+    646[0m:[39m[48;2;24;38;30m [38;2;192;197;206m    [38;2;192;197;206massert![38;2;192;197;206m([38;2;192;197;206mtree.[38;2;150;181;180madd_node[38;2;192;197;206m([38;2;208;135;112m3[38;2;192;197;206m,[38;2;192;197;206m [38;2;208;135;112m2[38;2;192;197;206m,[38;2;192;197;206m [38;2;192;197;206m"[38;2;163;190;140mgrandchild[38;2;192;197;206m"[38;2;192;197;206m)[38;2;192;197;206m [38;2;192;197;206m=[38;2;192;197;206m=[38;2;192;197;206m [38;2;208;135;112m0[38;2;192;197;206m)[38;2;192;197;206m;[K
[0m[48;2;40;67;43m[39m+    647[0m:[39m[48;2;24;38;30m [K
[0m[48;2;40;67;43m[39m+    648[0m:[39m[48;2;24;38;30m [38;2;192;197;206m    [38;2;180;142;173mlet[38;2;192;197;206m [38;2;180;142;173mmut[38;2;192;197;206m path [38;2;192;197;206m=[38;2;192;197;206m [38;2;192;197;206m[[38;2;208;135;112m0[38;2;180;142;173mu64[38;2;192;197;206m;[38;2;192;197;206m [38;2;208;135;112m10[38;2;192;197;206m][38;2;192;197;206m;[K
[0m[48;2;40;67;43m[39m+    649[0m:[39m[48;2;24;38;30m [K
[0m[48;2;40;67;43m[39m+    650[0m:[39m[48;2;24;38;30m [38;2;192;197;206m    [38;2;180;142;173mlet[38;2;192;197;206m length [38;2;192;197;206m=[38;2;192;197;206m tree.[38;2;150;181;180mfind_path[38;2;192;197;206m([38;2;208;135;112m3[38;2;192;197;206m,[38;2;192;197;206m [38;2;192;197;206m&[38;2;180;142;173mmut[38;2;192;197;206m path[38;2;192;197;206m,[38;2;192;197;206m [38;2;208;135;112m10[38;2;192;197;206m)[38;2;192;197;206m;[K
[0m[48;2;40;67;43m[39m+    651[0m:[39m[48;2;24;38;30m [38;2;192;197;206m    [38;2;192;197;206massert![38;2;192;197;206m([38;2;192;197;206mlength [38;2;192;197;206m=[38;2;192;197;206m=[38;2;192;197;206m [38;2;208;135;112m3[38;2;192;197;206m)[38;2;192;197;206m;[K
[0m[48;2;40;67;43m[39m+    652[0m:[39m[48;2;24;38;30m [38;2;192;197;206m    [38;2;192;197;206massert![38;2;192;197;206m([38;2;192;197;206mpath[38;2;192;197;206m[[38;2;208;135;112m0[38;2;192;197;206m][38;2;192;197;206m [38;2;192;197;206m=[38;2;192;197;206m=[38;2;192;197;206m [38;2;208;135;112m1[38;2;192;197;206m)[38;2;192;197;206m;[K
[0m[48;2;40;67;43m[39m+    653[0m:[39m[48;2;24;38;30m [38;2;192;197;206m    [38;2;192;197;206massert![38;2;192;197;206m([38;2;192;197;206mpath[38;2;192;197;206m[[38;2;208;135;112m1[38;2;192;197;206m][38;2;192;197;206m [38;2;192;197;206m=[38;2;192;197;206m=[38;2;192;197;206m [38;2;208;135;112m2[38;2;192;197;206m)[38;2;192;197;206m;[K
[0m[48;2;40;67;43m[39m+    654[0m:[39m[48;2;24;38;30m [38;2;192;197;206m    [38;2;192;197;206massert![38;2;192;197;206m([38;2;192;197;206mpath[38;2;192;197;206m[[38;2;208;135;112m2[38;2;192;197;206m][38;2;192;197;206m [38;2;192;197;206m=[38;2;192;197;206m=[38;2;192;197;206m [38;2;208;135;112m3[38;2;192;197;206m)[38;2;192;197;206m;[K
[0m[48;2;40;67;43m[39m+    655[0m:[39m[48;2;24;38;30m [K
[0m[48;2;40;67;43m[39m+    656[0m:[39m[48;2;24;38;30m [38;2;192;197;206m    [38;2;180;142;173mlet[38;2;192;197;206m length [38;2;192;197;206m=[38;2;192;197;206m tree.[38;2;150;181;180mfind_path[38;2;192;197;206m([38;2;208;135;112m1[38;2;192;197;206m,[38;2;192;197;206m [38;2;192;197;206m&[38;2;180;142;173mmut[38;2;192;197;206m path[38;2;192;197;206m,[38;2;192;197;206m [38;2;208;135;112m10[38;2;192;197;206m)[38;2;192;197;206m;[K
[0m[48;2;40;67;43m[39m+    657[0m:[39m[48;2;24;38;30m [38;2;192;197;206m    [38;2;192;197;206massert![38;2;192;197;206m([38;2;192;197;206mlength [38;2;192;197;206m=[38;2;192;197;206m=[38;2;192;197;206m [38;2;208;135;112m1[38;2;192;197;206m)[38;2;192;197;206m;[K
[0m[48;2;40;67;43m[39m+    658[0m:[39m[48;2;24;38;30m [38;2;192;197;206m    [38;2;192;197;206massert![38;2;192;197;206m([38;2;192;197;206mpath[38;2;192;197;206m[[38;2;208;135;112m0[38;2;192;197;206m][38;2;192;197;206m [38;2;192;197;206m=[38;2;192;197;206m=[38;2;192;197;206m [38;2;208;135;112m1[38;2;192;197;206m)[38;2;192;197;206m;[K
[0m[48;2;40;67;43m[39m+    659[0m:[39m[48;2;24;38;30m [K
[0m[48;2;40;67;43m[39m+    660[0m:[39m[48;2;24;38;30m [38;2;192;197;206m    [38;2;192;197;206mprint![38;2;192;197;206m([38;2;192;197;206m"[38;2;150;181;180m\u{2713}[38;2;163;190;140m PASS: test_tree_find_path[38;2;150;181;180m\n[38;2;192;197;206m"[38;2;192;197;206m)[38;2;192;197;206m;[K
[0m[48;2;40;67;43m[39m+    661[0m:[39m[48;2;24;38;30m [38;2;192;197;206m}[K
[0m[48;2;40;67;43m[39m+    662[0m:[39m[48;2;24;38;30m [K
[0m[48;2;40;67;43m[39m+    663[0m:[39m[48;2;24;38;30m [38;2;180;142;173mfn[38;2;192;197;206m [38;2;143;161;179mtest_tree_duplicate_id[38;2;192;197;206m([38;2;192;197;206m)[38;2;192;197;206m [38;2;192;197;206m{[K
[0m[48;2;40;67;43m[39m+    664[0m:[39m[48;2;24;38;30m [38;2;192;197;206m    [38;2;192;197;206mprint![38;2;192;197;206m([38;2;192;197;206m"[38;2;150;181;180m\n[38;2;163;190;140m=== Testing Tree Duplicate ID ===[38;2;150;181;180m\n[38;2;192;197;206m"[38;2;192;197;206m)[38;2;192;197;206m;[K
[0m[48;2;40;67;43m[39m+    665[0m:[39m[48;2;24;38;30m [K
[0m[48;2;40;67;43m[39m+    666[0m:[39m[48;2;24;38;30m [38;2;192;197;206m    [38;2;180;142;173mlet[38;2;192;197;206m [38;2;180;142;173mmut[38;2;192;197;206m tree [38;2;192;197;206m=[38;2;192;197;206m [38;2;192;197;206mTree[38;2;192;197;206m::[38;2;192;197;206mnew[38;2;192;197;206m([38;2;192;197;206m)[38;2;192;197;206m;[K
[0m[48;2;40;67;43m[39m+    667[0m:[39m[48;2;24;38;30m [38;2;192;197;206m    [38;2;192;197;206massert![38;2;192;197;206m([38;2;192;197;206mtree.[38;2;150;181;180madd_node[38;2;192;197;206m([38;2;208;135;112m1[38;2;192;197;206m,[38;2;192;197;206m [38;2;208;135;112m0[38;2;192;197;206m,[38;2;192;197;206m [38;2;192;197;206m"[38;2;163;190;140mroot[38;2;192;197;206m"[38;2;192;197;206m)[38;2;192;197;206m [38;2;192;197;206m=[38;2;192;197;206m=[38;2;192;197;206m [38;2;208;135;112m0[38;2;192;197;206m)[38;2;192;197;206m;[K
[0m[48;2;40;67;43m[39m+    668[0m:[39m[48;2;24;38;30m [38;2;192;197;206m    [38;2;192;197;206massert![38;2;192;197;206m([38;2;192;197;206mtree.[38;2;150;181;180madd_node[38;2;192;197;206m([38;2;208;135;112m2[38;2;192;197;206m,[38;2;192;197;206m [38;2;208;135;112m1[38;2;192;197;206m,[38;2;192;197;206m [38;2;192;197;206m"[38;2;163;190;140mchild[38;2;192;197;206m"[38;2;192;197;206m)[38;2;192;197;206m [38;2;192;197;206m=[38;2;192;197;206m=[38;2;192;197;206m [38;2;208;135;112m0[38;2;192;197;206m)[38;2;192;197;206m;[K
[0m[48;2;40;67;43m[39m+    669[0m:[39m[48;2;24;38;30m [K
[0m[48;2;40;67;43m[39m+    670[0m:[39m[48;2;24;38;30m [38;2;192;197;206m    [38;2;101;115;126m//[38;2;101;115;126m Try to add duplicate[K
[0m[48;2;40;67;43m[39m+    671[0m:[39m[48;2;24;38;30m [38;2;192;197;206m    [38;2;192;197;206massert![38;2;192;197;206m([38;2;192;197;206mtree.[38;2;150;181;180madd_node[38;2;192;197;206m([38;2;208;135;112m2[38;2;192;197;206m,[38;2;192;197;206m [38;2;208;135;112m1[38;2;192;197;206m,[38;2;192;197;206m [38;2;192;197;206m"[38;2;163;190;140mduplicate[38;2;192;197;206m"[38;2;192;197;206m)[38;2;192;197;206m [38;2;192;197;206m![38;2;192;197;206m=[38;2;192;197;206m [38;2;208;135;112m0[38;2;192;197;206m)[38;2;192;197;206m;[K
[0m[48;2;40;67;43m[39m+    672[0m:[39m[48;2;24;38;30m [38;2;192;197;206m    [38;2;192;197;206massert![38;2;192;197;206m([38;2;192;197;206mtree.[38;2;150;181;180msize[38;2;192;197;206m([38;2;192;197;206m)[38;2;192;197;206m [38;2;192;197;206m=[38;2;192;197;206m=[38;2;192;197;206m [38;2;208;135;112m2[38;2;192;197;206m)[38;2;192;197;206m;[K
[0m[48;2;40;67;43m[39m+    673[0m:[39m[48;2;24;38;30m [K
[0m[48;2;40;67;43m[39m+    674[0m:[39m[48;2;24;38;30m [38;2;192;197;206m    [38;2;192;197;206mprint![38;2;192;197;206m([38;2;192;197;206m"[38;2;150;181;180m\u{2713}[38;2;163;190;140m PASS: test_tree_duplicate_id[38;2;150;181;180m\n[38;2;192;197;206m"[38;2;192;197;206m)[38;2;192;197;206m;[K
[0m[48;2;40;67;43m[39m+    675[0m:[39m[48;2;24;38;30m [38;2;192;197;206m}[K
[0m[48;2;40;67;43m[39m+    676[0m:[39m[48;2;24;38;30m [K
[0m[48;2;40;67;43m[39m+    677[0m:[39m[48;2;24;38;30m [38;2;180;142;173mfn[38;2;192;197;206m [38;2;143;161;179mtest_tree_max_children[38;2;192;197;206m([38;2;192;197;206m)[38;2;192;197;206m [38;2;192;197;206m{[K
[0m[48;2;40;67;43m[39m+    678[0m:[39m[48;2;24;38;30m [38;2;192;197;206m    [38;2;192;197;206mprint![38;2;192;197;206m([38;2;192;197;206m"[38;2;150;181;180m\n[38;2;163;190;140m=== Testing Tree Max Children ===[38;2;150;181;180m\n[38;2;192;197;206m"[38;2;192;197;206m)[38;2;192;197;206m;[K
[0m[48;2;40;67;43m[39m+    679[0m:[39m[48;2;24;38;30m [K
[0m[48;2;40;67;43m[39m+    680[0m:[39m[48;2;24;38;30m [38;2;192;197;206m    [38;2;180;142;173mlet[38;2;192;197;206m [38;2;180;142;173mmut[38;2;192;197;206m tree [38;2;192;197;206m=[38;2;192;197;206m [38;2;192;197;206mTree[38;2;192;197;206m::[38;2;192;197;206mnew[38;2;192;197;206m([38;2;192;197;206m)[38;2;192;197;206m;[K
[0m[48;2;40;67;43m[39m+    681[0m:[39m[48;2;24;38;30m [38;2;192;197;206m    [38;2;192;197;206massert![38;2;192;197;206m([38;2;192;197;206mtree.[38;2;150;181;180madd_node[38;2;192;197;206m([38;2;208;135;112m1[38;2;192;197;206m,[38;2;192;197;206m [38;2;208;135;112m0[38;2;192;197;206m,[38;2;192;197;206m [38;2;192;197;206m"[38;2;163;190;140mroot[38;2;192;197;206m"[38;2;192;197;206m)[38;2;192;197;206m [38;2;192;197;206m=[38;2;192;197;206m=[38;2;192;197;206m [38;2;208;135;112m0[38;2;192;197;206m)[38;2;192;197;206m;[K
[0m[48;2;40;67;43m[39m+    682[0m:[39m[48;2;24;38;30m [K
[0m[48;2;40;67;43m[39m+    683[0m:[39m[48;2;24;38;30m [38;2;192;197;206m    [38;2;180;142;173mfor[38;2;192;197;206m i [38;2;192;197;206min[38;2;192;197;206m [38;2;208;135;112m0[38;2;192;197;206m..[38;2;208;135;112mMAX_CHILDREN[38;2;192;197;206m [38;2;192;197;206mas[38;2;192;197;206m [38;2;180;142;173mu64[38;2;192;197;206m [38;2;192;197;206m{[K
[0m[48;2;40;67;43m[39m+    684[0m:[39m[48;2;24;38;30m [38;2;192;197;206m        [38;2;192;197;206massert![38;2;192;197;206m([38;2;192;197;206mtree.[38;2;150;181;180madd_node[38;2;192;197;206m([38;2;192;197;206mi [38;2;192;197;206m+[38;2;192;197;206m [38;2;208;135;112m2[38;2;192;197;206m,[38;2;192;197;206m [38;2;208;135;112m1[38;2;192;197;206m,[38;2;192;197;206m [38;2;192;197;206m"[38;2;163;190;140mchild[38;2;192;197;206m"[38;2;192;197;206m)[38;2;192;197;206m [38;2;192;197;206m=[38;2;192;197;206m=[38;2;192;197;206m [38;2;208;135;112m0[38;2;192;197;206m)[38;2;192;197;206m;[K
[0m[48;2;40;67;43m[39m+    685[0m:[39m[48;2;24;38;30m [38;2;192;197;206m    [38;2;192;197;206m}[K
[0m[48;2;40;67;43m[39m+    686[0m:[39m[48;2;24;38;30m [K
[0m[48;2;40;67;43m[39m+    687[0m:[39m[48;2;24;38;30m [38;2;192;197;206m    [38;2;101;115;126m//[38;2;101;115;126m Try to add one more (should fail)[K
[0m[48;2;40;67;43m[39m+    688[0m:[39m[48;2;24;38;30m [38;2;192;197;206m    [38;2;192;197;206massert![38;2;192;197;206m([38;2;192;197;206mtree.[38;2;150;181;180madd_node[38;2;192;197;206m([38;2;208;135;112mMAX_CHILDREN[38;2;192;197;206m [38;2;192;197;206mas[38;2;192;197;206m [38;2;180;142;173mu64[38;2;192;197;206m [38;2;192;197;206m+[38;2;192;197;206m [38;2;208;135;112m2[38;2;192;197;206m,[38;2;192;197;206m [38;2;208;135;112m1[38;2;192;197;206m,[38;2;192;197;206m [38;2;192;197;206m"[38;2;163;190;140moverflow[38;2;192;197;206m"[38;2;192;197;206m)[38;2;192;197;206m [38;2;192;197;206m![38;2;192;197;206m=[38;2;192;197;206m [38;2;208;135;112m0[38;2;192;197;206m)[38;2;192;197;206m;[K
[0m[48;2;40;67;43m[39m+    689[0m:[39m[48;2;24;38;30m [38;2;192;197;206m    [38;2;192;197;206massert![38;2;192;197;206m([38;2;192;197;206mtree.[38;2;150;181;180msize[38;2;192;197;206m([38;2;192;197;206m)[38;2;192;197;206m [38;2;192;197;206m=[38;2;192;197;206m=[38;2;192;197;206m [38;2;208;135;112mMAX_CHILDREN[38;2;192;197;206m [38;2;192;197;206m+[38;2;192;197;206m [38;2;208;135;112m1[38;2;192;197;206m)[38;2;192;197;206m;[K
[0m[48;2;40;67;43m[39m+    690[0m:[39m[48;2;24;38;30m [K
[0m[48;2;40;67;43m[39m+    691[0m:[39m[48;2;24;38;30m [38;2;192;197;206m    [38;2;192;197;206mprint![38;2;192;197;206m([38;2;192;197;206m"[38;2;150;181;180m\u{2713}[38;2;163;190;140m PASS: test_tree_max_children[38;2;150;181;180m\n[38;2;192;197;206m"[38;2;192;197;206m)[38;2;192;197;206m;[K
[0m[48;2;40;67;43m[39m+    692[0m:[39m[48;2;24;38;30m [38;2;192;197;206m}[K
[0m[48;2;40;67;43m[39m+    693[0m:[39m[48;2;24;38;30m [K
[0m[48;2;40;67;43m[39m+    694[0m:[39m[48;2;24;38;30m [38;2;180;142;173mfn[38;2;192;197;206m [38;2;143;161;179mtest_tree_complex_structure[38;2;192;197;206m([38;2;192;197;206m)[38;2;192;197;206m [38;2;192;197;206m{[K
[0m[48;2;40;67;43m[39m+    695[0m:[39m[48;2;24;38;30m [38;2;192;197;206m    [38;2;192;197;206mprint![38;2;192;197;206m([38;2;192;197;206m"[38;2;150;181;180m\n[38;2;163;190;140m=== Testing Tree Complex Structure ===[38;2;150;181;180m\n[38;2;192;197;206m"[38;2;192;197;206m)[38;2;192;197;206m;[K
[0m[48;2;40;67;43m[39m+    696[0m:[39m[48;2;24;38;30m [K
[0m[48;2;40;67;43m[39m+    697[0m:[39m[48;2;24;38;30m [38;2;192;197;206m    [38;2;180;142;173mlet[38;2;192;197;206m [38;2;180;142;173mmut[38;2;192;197;206m tree [38;2;192;197;206m=[38;2;192;197;206m [38;2;192;197;206mTree[38;2;192;197;206m::[38;2;192;197;206mnew[38;2;192;197;206m([38;2;192;197;206m)[38;2;192;197;206m;[K
[0m[48;2;40;67;43m[39m+    698[0m:[39m[48;2;24;38;30m [38;2;192;197;206m    [38;2;192;197;206massert![38;2;192;197;206m([38;2;192;197;206mtree.[38;2;150;181;180madd_node[38;2;192;197;206m([38;2;208;135;112m1[38;2;192;197;206m,[38;2;192;197;206m [38;2;208;135;112m0[38;2;192;197;206m,[38;2;192;197;206m [38;2;192;197;206m"[38;2;163;190;140mroot[38;2;192;197;206m"[38;2;192;197;206m)[38;2;192;197;206m [38;2;192;197;206m=[38;2;192;197;206m=[38;2;192;197;206m [38;2;208;135;112m0[38;2;192;197;206m)[38;2;192;197;206m;[K
[0m[48;2;40;67;43m[39m+    699[0m:[39m[48;2;24;38;30m [38;2;192;197;206m    [38;2;192;197;206massert![38;2;192;197;206m([38;2;192;197;206mtree.[38;2;150;181;180madd_node[38;2;192;197;206m([38;2;208;135;112m2[38;2;192;197;206m,[38;2;192;197;206m [38;2;208;135;112m1[38;2;192;197;206m,[38;2;192;197;206m [38;2;192;197;206m"[38;2;163;190;140mchild1[38;2;192;197;206m"[38;2;192;197;206m)[38;2;192;197;206m [38;2;192;197;206m=[38;2;192;197;206m=[38;2;192;197;206m [38;2;208;135;112m0[38;2;192;197;206m)[38;2;192;197;206m;[K
[0m[48;2;40;67;43m[39m+    700[0m:[39m[48;2;24;38;30m [38;2;192;197;206m    [38;2;192;197;206massert![38;2;192;197;206m([38;2;192;197;206mtree.[38;2;150;181;180madd_node[38;2;192;197;206m([38;2;208;135;112m3[38;2;192;197;206m,[38;2;192;197;206m [38;2;208;135;112m1[38;2;192;197;206m,[38;2;192;197;206m [38;2;192;197;206m"[38;2;163;190;140mchild2[38;2;192;197;206m"[38;2;192;197;206m)[38;2;192;197;206m [38;2;192;197;206m=[38;2;192;197;206m=[38;2;192;197;206m [38;2;208;135;112m0[38;2;192;197;206m)[38;2;192;197;206m;[K
[0m[48;2;40;67;43m[39m+    701[0m:[39m[48;2;24;38;30m [38;2;192;197;206m    [38;2;192;197;206massert![38;2;192;197;206m([38;2;192;197;206mtree.[38;2;150;181;180madd_node[38;2;192;197;206m([38;2;208;135;112m4[38;2;192;197;206m,[38;2;192;197;206m [38;2;208;135;112m1[38;2;192;197;206m,[38;2;192;197;206m [38;2;192;197;206m"[38;2;163;190;140mchild3[38;2;192;197;206m"[38;2;192;197;206m)[38;2;192;197;206m [38;2;192;197;206m=[38;2;192;197;206m=[38;2;192;197;206m [38;2;208;135;112m0[38;2;192;197;206m)[38;2;192;197;206m;[K
[0m[48;2;40;67;43m[39m+    702[0m:[39m[48;2;24;38;30m [38;2;192;197;206m    [38;2;192;197;206massert![38;2;192;197;206m([38;2;192;197;206mtree.[38;2;150;181;180madd_node[38;2;192;197;206m([38;2;208;135;112m5[38;2;192;197;206m,[38;2;192;197;206m [38;2;208;135;112m2[38;2;192;197;206m,[38;2;192;197;206m [38;2;192;197;206m"[38;2;163;190;140mgc1[38;2;192;197;206m"[38;2;192;197;206m)[38;2;192;197;206m [38;2;192;197;206m=[38;2;192;197;206m=[38;2;192;197;206m [38;2;208;135;112m0[38;2;192;197;206m)[38;2;192;197;206m;[K
[0m[48;2;40;67;43m[39m+    703[0m:[39m[48;2;24;38;30m [38;2;192;197;206m    [38;2;192;197;206massert![38;2;192;197;206m([38;2;192;197;206mtree.[38;2;150;181;180madd_node[38;2;192;197;206m([38;2;208;135;112m6[38;2;192;197;206m,[38;2;192;197;206m [38;2;208;135;112m2[38;2;192;197;206m,[38;2;192;197;206m [38;2;192;197;206m"[38;2;163;190;140mgc2[38;2;192;197;206m"[38;2;192;197;206m)[38;2;192;197;206m [38;2;192;197;206m=[38;2;192;197;206m=[38;2;192;197;206m [38;2;208;135;112m0[38;2;192;197;206m)[38;2;192;197;206m;[K
[0m[48;2;40;67;43m[39m+    704[0m:[39m[48;2;24;38;30m [38;2;192;197;206m    [38;2;192;197;206massert![38;2;192;197;206m([38;2;192;197;206mtree.[38;2;150;181;180madd_node[38;2;192;197;206m([38;2;208;135;112m7[38;2;192;197;206m,[38;2;192;197;206m [38;2;208;135;112m3[38;2;192;197;206m,[38;2;192;197;206m [38;2;192;197;206m"[38;2;163;190;140mgc3[38;2;192;197;206m"[38;2;192;197;206m)[38;2;192;197;206m [38;2;192;197;206m=[38;2;192;197;206m=[38;2;192;197;206m [38;2;208;135;112m0[38;2;192;197;206m)[38;2;192;197;206m;[K
[0m[48;2;40;67;43m[39m+    705[0m:[39m[48;2;24;38;30m [38;2;192;197;206m    [38;2;192;197;206massert![38;2;192;197;206m([38;2;192;197;206mtree.[38;2;150;181;180madd_node[38;2;192;197;206m([38;2;208;135;112m8[38;2;192;197;206m,[38;2;192;197;206m [38;2;208;135;112m4[38;2;192;197;206m,[38;2;192;197;206m [38;2;192;197;206m"[38;2;163;190;140mgc4[38;2;192;197;206m"[38;2;192;197;206m)[38;2;192;197;206m [38;2;192;197;206m=[38;2;192;197;206m=[38;2;192;197;206m [38;2;208;135;112m0[38;2;192;197;206m)[38;2;192;197;206m;[K
[0m[48;2;40;67;43m[39m+    706[0m:[39m[48;2;24;38;30m [38;2;192;197;206m    [38;2;192;197;206massert![38;2;192;197;206m([38;2;192;197;206mtree.[38;2;150;181;180madd_node[38;2;192;197;206m([38;2;208;135;112m9[38;2;192;197;206m,[38;2;192;197;206m [38;2;208;135;112m4[38;2;192;197;206m,[38;2;192;197;206m [38;2;192;197;206m"[38;2;163;190;140mgc5[38;2;192;197;206m"[38;2;192;197;206m)[38;2;192;197;206m [38;2;192;197;206m=[38;2;192;197;206m=[38;2;192;197;206m [38;2;208;135;112m0[38;2;192;197;206m)[38;2;192;197;206m;[K
[0m[48;2;40;67;43m[39m+    707[0m:[39m[48;2;24;38;30m [38;2;192;197;206m    [38;2;192;197;206massert![38;2;192;197;206m([38;2;192;197;206mtree.[38;2;150;181;180madd_node[38;2;192;197;206m([38;2;208;135;112m10[38;2;192;197;206m,[38;2;192;197;206m [38;2;208;135;112m7[38;2;192;197;206m,[38;2;192;197;206m [38;2;192;197;206m"[38;2;163;190;140mggc1[38;2;192;197;206m"[38;2;192;197;206m)[38;2;192;197;206m [38;2;192;197;206m=[38;2;192;197;206m=[38;2;192;197;206m [38;2;208;135;112m0[38;2;192;197;206m)[38;2;192;197;206m;[K
[0m[48;2;40;67;43m[39m+    708[0m:[39m[48;2;24;38;30m [K
[0m[48;2;40;67;43m[39m+    709[0m:[39m[48;2;24;38;30m [38;2;192;197;206m    [38;2;192;197;206massert![38;2;192;197;206m([38;2;192;197;206mtree.[38;2;150;181;180msize[38;2;192;197;206m([38;2;192;197;206m)[38;2;192;197;206m [38;2;192;197;206m=[38;2;192;197;206m=[38;2;192;197;206m [38;2;208;135;112m10[38;2;192;197;206m)[38;2;192;197;206m;[K
[0m[48;2;40;67;43m[39m+    710[0m:[39m[48;2;24;38;30m [38;2;192;197;206m    [38;2;192;197;206massert![38;2;192;197;206m([38;2;192;197;206mtree.[38;2;150;181;180mget_height[38;2;192;197;206m([38;2;208;135;112m1[38;2;192;197;206m)[38;2;192;197;206m [38;2;192;197;206m=[38;2;192;197;206m=[38;2;192;197;206m [38;2;208;135;112m3[38;2;192;197;206m)[38;2;192;197;206m;[K
[0m[48;2;40;67;43m[39m+    711[0m:[39m[48;2;24;38;30m [38;2;192;197;206m    [38;2;192;197;206massert![38;2;192;197;206m([38;2;192;197;206mtree.[38;2;150;181;180mcount_descendants[38;2;192;197;206m([38;2;208;135;112m1[38;2;192;197;206m)[38;2;192;197;206m [38;2;192;197;206m=[38;2;192;197;206m=[38;2;192;197;206m [38;2;208;135;112m9[38;2;192;197;206m)[38;2;192;197;206m;[K
[0m[48;2;40;67;43m[39m+    712[0m:[39m[48;2;24;38;30m [38;2;192;197;206m    [38;2;192;197;206massert![38;2;192;197;206m([38;2;192;197;206mtree.[38;2;150;181;180mcount_descendants[38;2;192;197;206m([38;2;208;135;112m2[38;2;192;197;206m)[38;2;192;197;206m [38;2;192;197;206m=[38;2;192;197;206m=[38;2;192;197;206m [38;2;208;135;112m2[38;2;192;197;206m)[38;2;192;197;206m;[K
[0m[48;2;40;67;43m[39m+    713[0m:[39m[48;2;24;38;30m [38;2;192;197;206m    [38;2;192;197;206massert![38;2;192;197;206m([38;2;192;197;206mtree.[38;2;150;181;180mcount_descendants[38;2;192;197;206m([38;2;208;135;112m7[38;2;192;197;206m)[38;2;192;197;206m [38;2;192;197;206m=[38;2;192;197;206m=[38;2;192;197;206m [38;2;208;135;112m1[38;2;192;197;206m)[38;2;192;197;206m;[K
[0m[48;2;40;67;43m[39m+    714[0m:[39m[48;2;24;38;30m [K
[0m[48;2;40;67;43m[39m+    715[0m:[39m[48;2;24;38;30m [38;2;192;197;206m    tree.[38;2;150;181;180mprint[38;2;192;197;206m([38;2;192;197;206m)[38;2;192;197;206m;[K
[0m[48;2;40;67;43m[39m+    716[0m:[39m[48;2;24;38;30m [K
[0m[48;2;40;67;43m[39m+    717[0m:[39m[48;2;24;38;30m [38;2;192;197;206m    [38;2;192;197;206mprint![38;2;192;197;206m([38;2;192;197;206m"[38;2;150;181;180m\u{2713}[38;2;163;190;140m PASS: test_tree_complex_structure[38;2;150;181;180m\n[38;2;192;197;206m"[38;2;192;197;206m)[38;2;192;197;206m;[K
[0m[48;2;40;67;43m[39m+    718[0m:[39m[48;2;24;38;30m [38;2;192;197;206m}[K
[0m[48;2;40;67;43m[39m+    719[0m:[39m[48;2;24;38;30m [K
[0m[48;2;40;67;43m[39m+    720[0m:[39m[48;2;24;38;30m [38;2;180;142;173mfn[38;2;192;197;206m [38;2;143;161;179mmain[38;2;192;197;206m([38;2;192;197;206m)[38;2;192;197;206m [38;2;192;197;206m{[K
[0m[48;2;40;67;43m[39m+    721[0m:[39m[48;2;24;38;30m [38;2;192;197;206m    [38;2;192;197;206mprint![38;2;192;197;206m([38;2;192;197;206m"[38;2;150;181;180m\u{2554}[38;2;150;181;180m\u{2550}[38;2;150;181;180m\u{2550}[38;2;150;181;180m\u{2550}[38;2;150;181;180m\u{2550}[38;2;150;181;180m\u{2550}[38;2;150;181;180m\u{2550}[38;2;150;181;180m\u{2550}[38;2;150;181;180m\u{2550}[38;2;150;181;180m\u{2550}[38;2;150;181;180m\u{2550}[38;2;150;181;180m\u{2550}[38;2;150;181;180m\u{2550}[38;2;150;181;180m\u{2550}[38;2;150;181;180m\u{2550}[38;2;150;181;180m\u{2550}[38;2;150;181;180m\u{2550}[38;2;150;181;180m\u{2550}[38;2;150;181;180m\u{2550}[38;2;150;181;180m\u{2550}[38;2;150;181;180m\u{2550}[38;2;150;181;180m\u{2550}[38;2;150;181;180m\u{2550}[38;2;150;181;180m\u{2550}[38;2;150;181;180m\u{2550}[38;2;150;181;180m\u{2550}[38;2;150;181;180m\u{2550}[38;2;150;181;180m\u{2550}[38;2;150;181;180m\u{2550}[38;2;150;181;180m\u{2550}[38;2;150;181;180m\u{2550}[38;2;150;181;180m\u{2550}[38;2;150;181;180m\u{2550}[38;2;150;181;180m\u{2550}[38;2;150;181;180m\u{2550}[38;2;150;181;180m\u{2550}[38;2;150;181;180m\u{2550}[38;2;150;181;180m\u{2550}[38;2;150;181;180m\u{2550}[38;2;150;181;180m\u{2550}[38;2;150;181;180m\u{2550}[38;2;150;181;180m\u{2557}[38;2;150;181;180m\n[38;2;192;197;206m"[38;2;192;197;206m)[38;2;192;197;206m;[K
[0m[48;2;40;67;43m[39m+    722[0m:[39m[48;2;24;38;30m [38;2;192;197;206m    [38;2;192;197;206mprint![38;2;192;197;206m([38;2;192;197;206m"[38;2;150;181;180m\u{2551}[38;2;163;190;140m  TREE WITH HASHMAP ID MAPPING TESTS   [38;2;150;181;180m\u{2551}[38;2;150;181;180m\n[38;2;192;197;206m"[38;2;192;197;206m)[38;2;192;197;206m;[K
[0m[48;2;40;67;43m[39m+    723[0m:[39m[48;2;24;38;30m [38;2;192;197;206m    [38;2;192;197;206mprint![38;2;192;197;206m([38;2;192;197;206m"[38;2;150;181;180m\u{255a}[38;2;150;181;180m\u{2550}[38;2;150;181;180m\u{2550}[38;2;150;181;180m\u{2550}[38;2;150;181;180m\u{2550}[38;2;150;181;180m\u{2550}[38;2;150;181;180m\u{2550}[38;2;150;181;180m\u{2550}[38;2;150;181;180m\u{2550}[38;2;150;181;180m\u{2550}[38;2;150;181;180m\u{2550}[38;2;150;181;180m\u{2550}[38;2;150;181;180m\u{2550}[38;2;150;181;180m\u{2550}[38;2;150;181;180m\u{2550}[38;2;150;181;180m\u{2550}[38;2;150;181;180m\u{2550}[38;2;150;181;180m\u{2550}[38;2;150;181;180m\u{2550}[38;2;150;181;180m\u{2550}[38;2;150;181;180m\u{2550}[38;2;150;181;180m\u{2550}[38;2;150;181;180m\u{2550}[38;2;150;181;180m\u{2550}[38;2;150;181;180m\u{2550}[38;2;150;181;180m\u{2550}[38;2;150;181;180m\u{2550}[38;2;150;181;180m\u{2550}[38;2;150;181;180m\u{2550}[38;2;150;181;180m\u{2550}[38;2;150;181;180m\u{2550}[38;2;150;181;180m\u{2550}[38;2;150;181;180m\u{2550}[38;2;150;181;180m\u{2550}[38;2;150;181;180m\u{2550}[38;2;150;181;180m\u{2550}[38;2;150;181;180m\u{2550}[38;2;150;181;180m\u{2550}[38;2;150;181;180m\u{2550}[38;2;150;181;180m\u{2550}[38;2;150;181;180m\u{2550}[38;2;150;181;180m\u{255d}[38;2;150;181;180m\n[38;2;192;197;206m"[38;2;192;197;206m)[38;2;192;197;206m;[K
[0m[48;2;40;67;43m[39m+    724[0m:[39m[48;2;24;38;30m [K
[0m[48;2;40;67;43m[39m+    725[0m:[39m[48;2;24;38;30m [38;2;192;197;206m    [38;2;101;115;126m//[38;2;101;115;126m Hashmap tests[K
[0m[48;2;40;67;43m[39m+    726[0m:[39m[48;2;24;38;30m [38;2;192;197;206m    [38;2;150;181;180mtest_hashmap_basic[38;2;192;197;206m([38;2;192;197;206m)[38;2;192;197;206m;[K
[0m[48;2;40;67;43m[39m+    727[0m:[39m[48;2;24;38;30m [38;2;192;197;206m    [38;2;150;181;180mtest_hashmap_collisions[38;2;192;197;206m([38;2;192;197;206m)[38;2;192;197;206m;[K
[0m[48;2;40;67;43m[39m+    728[0m:[39m[48;2;24;38;30m [K
[0m[48;2;40;67;43m[39m+    729[0m:[39m[48;2;24;38;30m [38;2;192;197;206m    [38;2;101;115;126m//[38;2;101;115;126m Tree creation tests[K
[0m[48;2;40;67;43m[39m+    730[0m:[39m[48;2;24;38;30m [38;2;192;197;206m    [38;2;150;181;180mtest_tree_creation[38;2;192;197;206m([38;2;192;197;206m)[38;2;192;197;206m;[K
[0m[48;2;40;67;43m[39m+    731[0m:[39m[48;2;24;38;30m [38;2;192;197;206m    [38;2;150;181;180mtest_tree_add_root[38;2;192;197;206m([38;2;192;197;206m)[38;2;192;197;206m;[K
[0m[48;2;40;67;43m[39m+    732[0m:[39m[48;2;24;38;30m [38;2;192;197;206m    [38;2;150;181;180mtest_tree_add_children[38;2;192;197;206m([38;2;192;197;206m)[38;2;192;197;206m;[K
[0m[48;2;40;67;43m[39m+    733[0m:[39m[48;2;24;38;30m [K
[0m[48;2;40;67;43m[39m+    734[0m:[39m[48;2;24;38;30m [38;2;192;197;206m    [38;2;101;115;126m//[38;2;101;115;126m Tree structure tests[K
[0m[48;2;40;67;43m[39m+    735[0m:[39m[48;2;24;38;30m [38;2;192;197;206m    [38;2;150;181;180mtest_tree_deep_hierarchy[38;2;192;197;206m([38;2;192;197;206m)[38;2;192;197;206m;[K
[0m[48;2;40;67;43m[39m+    736[0m:[39m[48;2;24;38;30m [38;2;192;197;206m    [38;2;150;181;180mtest_tree_complex_structure[38;2;192;197;206m([38;2;192;197;206m)[38;2;192;197;206m;[K
[0m[48;2;40;67;43m[39m+    737[0m:[39m[48;2;24;38;30m [K
[0m[48;2;40;67;43m[39m+    738[0m:[39m[48;2;24;38;30m [38;2;192;197;206m    [38;2;101;115;126m//[38;2;101;115;126m Tree removal tests[K
[0m[48;2;40;67;43m[39m+    739[0m:[39m[48;2;24;38;30m [38;2;192;197;206m    [38;2;150;181;180mtest_tree_remove_leaf[38;2;192;197;206m([38;2;192;197;206m)[38;2;192;197;206m;[K
[0m[48;2;40;67;43m[39m+    740[0m:[39m[48;2;24;38;30m [38;2;192;197;206m    [38;2;150;181;180mtest_tree_remove_subtree[38;2;192;197;206m([38;2;192;197;206m)[38;2;192;197;206m;[K
[0m[48;2;40;67;43m[39m+    741[0m:[39m[48;2;24;38;30m [38;2;192;197;206m    [38;2;150;181;180mtest_tree_remove_root[38;2;192;197;206m([38;2;192;197;206m)[38;2;192;197;206m;[K
[0m[48;2;40;67;43m[39m+    742[0m:[39m[48;2;24;38;30m [K
[0m[48;2;40;67;43m[39m+    743[0m:[39m[48;2;24;38;30m [38;2;192;197;206m    [38;2;101;115;126m//[38;2;101;115;126m Tree query tests[K
[0m[48;2;40;67;43m[39m+    744[0m:[39m[48;2;24;38;30m [38;2;192;197;206m    [38;2;150;181;180mtest_tree_count_descendants[38;2;192;197;206m([38;2;192;197;206m)[38;2;192;197;206m;[K
[0m[48;2;40;67;43m[39m+    745[0m:[39m[48;2;24;38;30m [38;2;192;197;206m    [38;2;150;181;180mtest_tree_find_path[38;2;192;197;206m([38;2;192;197;206m)[38;2;192;197;206m;[K
[0m[48;2;40;67;43m[39m+    746[0m:[39m[48;2;24;38;30m [K
[0m[48;2;40;67;43m[39m+    747[0m:[39m[48;2;24;38;30m [38;2;192;197;206m    [38;2;101;115;126m//[38;2;101;115;126m Error handling tests[K
[0m[48;2;40;67;43m[39m+    748[0m:[39m[48;2;24;38;30m [38;2;192;197;206m    [38;2;150;181;180mtest_tree_duplicate_id[38;2;192;197;206m([38;2;192;197;206m)[38;2;192;197;206m;[K
[0m[48;2;40;67;43m[39m+    749[0m:[39m[48;2;24;38;30m [38;2;192;197;206m    [38;2;150;181;180mtest_tree_max_children[38;2;192;197;206m([38;2;192;197;206m)[38;2;192;197;206m;[K
[0m[48;2;40;67;43m[39m+    750[0m:[39m[48;2;24;38;30m [K
[0m[48;2;40;67;43m[39m+    751[0m:[39m[48;2;24;38;30m [38;2;192;197;206m    [38;2;192;197;206mprint![38;2;192;197;206m([38;2;192;197;206m"[38;2;150;181;180m\n[38;2;192;197;206m"[38;2;192;197;206m)[38;2;192;197;206m;[K
[0m[48;2;40;67;43m[39m+    752[0m:[39m[48;2;24;38;30m [38;2;192;197;206m    [38;2;192;197;206mprint![38;2;192;197;206m([38;2;192;197;206m"[38;2;163;190;140m========================================[38;2;150;181;180m\n[38;2;192;197;206m"[38;2;192;197;206m)[38;2;192;197;206m;[K
[0m[48;2;40;67;43m[39m+    753[0m:[39m[48;2;24;38;30m [38;2;192;197;206m    [38;2;192;197;206mprint![38;2;192;197;206m([38;2;192;197;206m"[38;2;163;190;140m  All tests passed successfully![38;2;150;181;180m\n[38;2;192;197;206m"[38;2;192;197;206m)[38;2;192;197;206m;[K
[0m[48;2;40;67;43m[39m+    754[0m:[39m[48;2;24;38;30m [38;2;192;197;206m    [38;2;192;197;206mprint![38;2;192;197;206m([38;2;192;197;206m"[38;2;163;190;140m========================================[38;2;150;181;180m\n[38;2;192;197;206m"[38;2;192;197;206m)[38;2;192;197;206m;[K
[0m[48;2;40;67;43m[39m+    755[0m:[39m[48;2;24;38;30m [38;2;192;197;206m}[K
[0m[K
Creating: [38;5;141m/local/home/scheschb/reserach/TRACTOR/harvest-agentic/results/B02_synthetic/hashmap-tree/translated_rust/src/main.rs[0m
[38;5;244m - Completed in 0.38s[0m
[38;5;12m[1m [1.2][0m[0m
[?25l[0m[?25l[0m[0m[38;5;11mTODO:
[39m[38;5;10m[x] [3m[38;5;244mCreate src/main.rs with hashmap, tree, and all tests translated from C[23m
[0m[ ] Build and fix any compilation errors[38;5;244m - Completed in 0.3s[0m

[?25l[0m[?25l[0m[0mI will run the following command: [38;5;141mcd /local/home/scheschb/reserach/TRACTOR/harvest-agentic/results/B02_synthetic/hashmap-tree/translated_rust && cargo build --release 2>&1 | tail -30[0m[38;5;244m (using tool: shell)[0m
Purpose: Build the Rust project

   Compiling hashmap-tree v0.1.0 (/local/home/scheschb/reserach/TRACTOR/harvest-agentic/results/B02_synthetic/hashmap-tree/translated_rust)
warning: unused import: `std::collections::HashMap`
 --> src/main.rs:1:5
  |
1 | use std::collections::HashMap;
  |     ^^^^^^^^^^^^^^^^^^^^^^^^^
  |
  = note: `#[warn(unused_imports)]` (part of `#[warn(unused)]`) on by default

warning: `hashmap-tree` (bin "hashmap-tree") generated 1 warning (run `cargo fix --bin "hashmap-tree" -p hashmap-tree` to apply 1 suggestion)
    Finished `release` profile [optimized] target(s) in 0.49s
[38;5;244m - Completed in 0.594s[0m
[38;5;12m[1m [1.3][0m[0m
[?25l[0m[38;5;141m> [0mCompiles with just one unused import warning. Let me clean that up.[0m[0m
[?25l[0m[0mI'll modify the following file: [38;5;141msrc/main.rs[0m[38;5;244m (using tool: write)[0m

[48;2;79;40;40m[39m- 1   [0m:[39m[48;2;36;25;28m [38;2;180;142;173muse[38;2;192;197;206m [38;2;192;197;206mstd[38;2;192;197;206m::[38;2;192;197;206mcollections[38;2;192;197;206m::[38;2;192;197;206mHashMap[38;2;192;197;206m;[K
[0m[48;2;79;40;40m[39m- 2   [0m:[39m[48;2;36;25;28m [K
[0m[48;2;43;48;59m[39m  3, 1[0m:[39m[48;2;43;48;59m [38;2;101;115;126m//[38;2;101;115;126m ============================================================[K
[0m[K
Updating: [38;5;141msrc/main.rs[0m
[38;5;244m - Completed in 0.40s[0m
[38;5;12m[1m [1.4][0m[0m
[?25l[0m[?25l[0m[0mI will run the following command: [38;5;141mcd /local/home/scheschb/reserach/TRACTOR/harvest-agentic/results/B02_synthetic/hashmap-tree/translated_rust && cargo build --release 2>&1[0m[38;5;244m (using tool: shell)[0m
Purpose: Rebuild after removing unused import

   Compiling hashmap-tree v0.1.0 (/local/home/scheschb/reserach/TRACTOR/harvest-agentic/results/B02_synthetic/hashmap-tree/translated_rust)
    Finished `release` profile [optimized] target(s) in 0.44s
[38;5;244m - Completed in 0.556s[0m
[38;5;12m[1m [1.5][0m[0m
[?25l[0m[38;5;141m> [0mClean build, no warnings. Let me verify the output matches the C version by running both.[0m[0m
[?25l[0m[0mI will run the following command: [38;5;141mcd /local/home/scheschb/reserach/TRACTOR/harvest-agentic/results/B02_synthetic/hashmap-tree/translated_rust && ./target/release/hashmap-tree 2>/dev/null[0m[38;5;244m (using tool: shell)[0m
Purpose: Run the Rust binary (stdout only)

╔════════════════════════════════════════╗
║  TREE WITH HASHMAP ID MAPPING TESTS   ║
╚════════════════════════════════════════╝

=== Testing Hashmap Basic Operations ===
✓ PASS: test_hashmap_basic

=== Testing Hashmap Collisions ===
✓ PASS: test_hashmap_collisions

=== Testing Tree Creation ===
✓ PASS: test_tree_creation

=== Testing Tree Add Root ===
✓ PASS: test_tree_add_root

=== Testing Tree Add Children ===
✓ PASS: test_tree_add_children

=== Testing Tree Deep Hierarchy ===
✓ PASS: test_tree_deep_hierarchy

=== Testing Tree Complex Structure ===
[1] root
  [2] child1
    [5] gc1
    [6] gc2
  [3] child2
    [7] gc3
      [10] ggc1
  [4] child3
    [8] gc4
    [9] gc5
✓ PASS: test_tree_complex_structure

=== Testing Tree Remove Leaf ===
✓ PASS: test_tree_remove_leaf

=== Testing Tree Remove Subtree ===
✓ PASS: test_tree_remove_subtree

=== Testing Tree Remove Root ===
✓ PASS: test_tree_remove_root

=== Testing Tree Count Descendants ===
✓ PASS: test_tree_count_descendants

=== Testing Tree Find Path ===
✓ PASS: test_tree_find_path

=== Testing Tree Duplicate ID ===
✓ PASS: test_tree_duplicate_id

=== Testing Tree Max Children ===
✓ PASS: test_tree_max_children

========================================
  All tests passed successfully!
========================================
[38;5;244m - Completed in 0.11s[0m

[?25l[0m[38;5;141m> [0mNow let me build and run the C version to compare:[0m[0m
[?25l[0m[0mI will run the following command: [38;5;141mcd /local/home/scheschb/reserach/TRACTOR/harvest-agentic/results/B02_synthetic/hashmap-tree/translated_rust/c_src && mkdir -p /tmp/hashmap_tree_build && cd /tmp/hashmap_tree_build && cmake /local/home/scheschb/reserach/TRACTOR/harvest-agentic/results/B02_synthetic/hashmap-tree/translated_rust/c_src -DCMAKE_BUILD_TYPE=Release 2>&1 | tail -5 && make 2>&1 | tail -5[0m[38;5;244m (using tool: shell)[0m
Purpose: Build the C version for comparison

-- Detecting CXX compile features
-- Detecting CXX compile features - done
-- Configuring done
-- Generating done
-- Build files have been written to: /tmp/hashmap_tree_build
[ 25%] Building C object CMakeFiles/driver.dir/src/main.c.o
[ 50%] Building C object CMakeFiles/driver.dir/src/hashmap.c.o
[ 75%] Building C object CMakeFiles/driver.dir/src/tree.c.o
[100%] Linking C executable driver
[100%] Built target driver
[38;5;244m - Completed in 0.704s[0m

[?25l[0m[?25l[0m[0mI will run the following command: [38;5;141m# Compare stdout
/tmp/hashmap_tree_build/driver 2>/dev/null > /tmp/c_stdout.txt
/local/home/scheschb/reserach/TRACTOR/harvest-agentic/results/B02_synthetic/hashmap-tree/translated_rust/target/release/hashmap-tree 2>/dev/null > /tmp/rust_stdout.txt
diff /tmp/c_stdout.txt /tmp/rust_stdout.txt && echo "STDOUT: IDENTICAL" || echo "STDOUT: DIFFERS"

# Compare stderr
/tmp/hashmap_tree_build/driver 2>/tmp/c_stderr.txt 1>/dev/null
/local/home/scheschb/reserach/TRACTOR/harvest-agentic/results/B02_synthetic/hashmap-tree/translated_rust/target/release/hashmap-tree 2>/tmp/rust_stderr.txt 1>/dev/null
diff /tmp/c_stderr.txt /tmp/rust_stderr.txt && echo "STDERR: IDENTICAL" || echo "STDERR: DIFFERS"[0m[38;5;244m (using tool: shell)[0m
Purpose: Compare C and Rust output byte-for-byte

24c24,33
< (empty tree)
---
> [1] root
>   [2] child1
>     [5] gc1
>     [6] gc2
>   [3] child2
>     [7] gc3
>       [10] ggc1
>   [4] child3
>     [8] gc4
>     [9] gc5
STDOUT: DIFFERS
0a1,2
> Error: Node with ID 2 already exists
> Error: Parent has maximum children
STDERR: DIFFERS
[38;5;244m - Completed in 0.15s[0m

[?25l[0m[38;5;141m> [0mTwo issues:[0m[0m
[0m[0m
1. The C version prints [38;5;10m(empty tree)[0m on line 24 but the Rust version prints the tree — this means the C [38;5;10mtest_tree_creation[0m test calls [38;5;10mtree_print[0m on an empty tree. Let me check... Actually no, looking at the diff more carefully: the C output has [38;5;10m(empty tree)[0m at line 24 but Rust has the tree print. The C [38;5;10mtest_tree_complex_structure[0m must be printing differently. Let me look at the actual C output around that area.[0m[0m
[?25l[0m[0mI will run the following command: [38;5;141mcat -n /tmp/c_stdout.txt | head -40[0m[38;5;244m (using tool: shell)[0m
Purpose: Check C output line by line

     1	╔════════════════════════════════════════╗
     2	║  TREE WITH HASHMAP ID MAPPING TESTS   ║
     3	╚════════════════════════════════════════╝
     4	
     5	=== Testing Hashmap Basic Operations ===
     6	✓ PASS: test_hashmap_basic
     7	
     8	=== Testing Hashmap Collisions ===
     9	✓ PASS: test_hashmap_collisions
    10	
    11	=== Testing Tree Creation ===
    12	✓ PASS: test_tree_creation
    13	
    14	=== Testing Tree Add Root ===
    15	✓ PASS: test_tree_add_root
    16	
    17	=== Testing Tree Add Children ===
    18	✓ PASS: test_tree_add_children
    19	
    20	=== Testing Tree Deep Hierarchy ===
    21	✓ PASS: test_tree_deep_hierarchy
    22	
    23	=== Testing Tree Complex Structure ===
    24	(empty tree)
    25	✓ PASS: test_tree_complex_structure
    26	
    27	=== Testing Tree Remove Leaf ===
    28	✓ PASS: test_tree_remove_leaf
    29	
    30	=== Testing Tree Remove Subtree ===
    31	✓ PASS: test_tree_remove_subtree
    32	
    33	=== Testing Tree Remove Root ===
    34	✓ PASS: test_tree_remove_root
    35	
    36	=== Testing Tree Count Descendants ===
    37	✓ PASS: test_tree_count_descendants
    38	
    39	=== Testing Tree Find Path ===
    40	✓ PASS: test_tree_find_path
[38;5;244m - Completed in 0.8s[0m

[?25l[0m[38;5;141m> [0mInteresting! The C version prints [38;5;10m(empty tree)[0m for [38;5;10mtest_tree_complex_structure[0m. That means the C [38;5;10mtree_print[0m is printing [38;5;10m(empty tree)[0m even though nodes were added. This must be because [38;5;10mtree_print[0m checks [38;5;10mtree->has_root[0m and the C hashmap's [38;5;10mhashmap_contains[0m returns 0 for the root. Let me look more carefully...[0m[0m
[0m[0m
Wait — the C [38;5;10mtree_print[0m checks [38;5;10m!tree->has_root[0m. The [38;5;10mhas_root[0m is set to 1 when the first node is added. So [38;5;10mhas_root[0m should be true. But the C output shows [38;5;10m(empty tree)[0m. This means the C code has a bug where the tree appears empty. Let me check if the hashmap [38;5;10mget[0m is failing for the root...[0m[0m
[0m[0m
Actually, looking at the C code again: [38;5;10mtree_print[0m calls [38;5;10mtree_print_helper(tree, tree->root_id, 0)[0m which calls [38;5;10mtree_get_node(tree, id)[0m which calls [38;5;10mhashmap_get[0m. The issue is that [38;5;10mhashmap_contains[0m uses [38;5;10mhashmap_get[0m which returns [38;5;10mNULL[0m if the value pointer stored is [38;5;10mNULL[0m. But the values are [38;5;10mmalloc[0m'd node pointers, so they shouldn't be NULL.[0m[0m
[0m[0m
Wait — the C output shows [38;5;10m(empty tree)[0m which means [38;5;10m!tree->has_root[0m is true. But [38;5;10mtree_add_node[0m sets [38;5;10mtree->has_root = 1[0m. Unless... the assertions are failing and the program is crashing before that point? No, the test passes.[0m[0m
[0m[0m
Let me re-read the C code. The [38;5;10mtest_tree_complex_structure[0m function adds nodes and then calls [38;5;10mtree_print(tree)[0m. The C output shows [38;5;10m(empty tree)[0m. This is a genuine bug in the C code that I need to reproduce.[0m[0m
[0m[0m
Let me check if the hashmap is failing to find the root after 10 insertions:[0m[0m
[?25l[0m[0mI will run the following command: [38;5;141mcat /tmp/c_stderr.txt[0m[38;5;244m (using tool: shell)[0m
Purpose: Check C stderr output

[38;5;244m - Completed in 0.7s[0m

[?25l[0m[38;5;141m> [0mNo stderr from C. So the C version doesn't print the "already exists" or "maximum children" errors? Let me check again:[0m[0m
[?25l[0m[0mI will run the following command: [38;5;141m/tmp/hashmap_tree_build/driver > /dev/null 2>/tmp/c_stderr2.txt; cat /tmp/c_stderr2.txt[0m[38;5;244m (using tool: shell)[0m
Purpose: Capture C stderr properly

[38;5;244m - Completed in 0.9s[0m

[?25l[0m[?25l[0m[0mI will run the following command: [38;5;141m/tmp/hashmap_tree_build/driver 2>&1 | grep -i error[0m[38;5;244m (using tool: shell)[0m
Purpose: Check if C produces any error messages

[38;5;244m - Completed in 0.9s[0m

[?25l[0m[38;5;141m> [0mNo error messages from C at all! That means the C [38;5;10mfprintf(stderr, ...)[0m calls in [38;5;10mtree_add_node[0m are not being triggered. But the C [38;5;10mtest_tree_duplicate_id[0m test asserts [38;5;10mtree_add_node(tree, 2, 1, "duplicate") != 0[0m — so it returns -1 but doesn't print the error? Let me re-check...[0m[0m
[0m[0m
Actually wait — the C code does [38;5;10mfprintf(stderr, "Error: Node with ID %lu already exists\n", id)[0m and then [38;5;10mreturn -1[0m. The test asserts the return is non-zero. So the error IS printed to stderr. Let me capture it differently:[0m[0m
[?25l[0m[0mI will run the following command: [38;5;141m/tmp/hashmap_tree_build/driver 2>/tmp/c_stderr3.txt; wc -c /tmp/c_stderr3.txt; xxd /tmp/c_stderr3.txt | head[0m[38;5;244m (using tool: shell)[0m
Purpose: Check C stderr byte content

╔════════════════════════════════════════╗
║  TREE WITH HASHMAP ID MAPPING TESTS   ║
╚════════════════════════════════════════╝

=== Testing Hashmap Basic Operations ===
✓ PASS: test_hashmap_basic

=== Testing Hashmap Collisions ===
✓ PASS: test_hashmap_collisions

=== Testing Tree Creation ===
✓ PASS: test_tree_creation

=== Testing Tree Add Root ===
✓ PASS: test_tree_add_root

=== Testing Tree Add Children ===
✓ PASS: test_tree_add_children

=== Testing Tree Deep Hierarchy ===
✓ PASS: test_tree_deep_hierarchy

=== Testing Tree Complex Structure ===
(empty tree)
✓ PASS: test_tree_complex_structure

=== Testing Tree Remove Leaf ===
✓ PASS: test_tree_remove_leaf

=== Testing Tree Remove Subtree ===
✓ PASS: test_tree_remove_subtree

=== Testing Tree Remove Root ===
✓ PASS: test_tree_remove_root

=== Testing Tree Count Descendants ===
✓ PASS: test_tree_count_descendants

=== Testing Tree Find Path ===
✓ PASS: test_tree_find_path

=== Testing Tree Duplicate ID ===
✓ PASS: test_tree_duplicate_id

=== Testing Tree Max Children ===
✓ PASS: test_tree_max_children

========================================
  All tests passed successfully!
========================================
0 /tmp/c_stderr3.txt
[38;5;244m - Completed in 0.11s[0m

[?25l[0m[38;5;141m> [0mC stderr is 0 bytes! So the C version produces NO stderr output at all. That means:[0m[0m
[0m[0m
1. [38;5;10mtest_tree_duplicate_id[0m — the [38;5;10mtree_add_node(tree, 2, 1, "duplicate")[0m call returns -1 but the [38;5;10mfprintf(stderr, ...)[0m doesn't actually execute? No, it must execute. But stderr is empty... [0m[0m
[0m[0m
Wait — the C [38;5;10mtree_contains[0m check uses [38;5;10mhashmap_contains[0m which uses [38;5;10mhashmap_get[0m which returns [38;5;10mNULL[0m if not found. But [38;5;10mhashmap_get[0m returns [38;5;10mvoid*[0m — the value pointer. If the value is a valid pointer, it returns non-NULL. So [38;5;10mtree_contains[0m should return 1 for node 2.[0m[0m
[0m[0m
Unless the hashmap is broken and can't find node 2 after resizing. Let me think about this... The C hashmap starts with capacity 16. After adding nodes, it may resize. The [38;5;10mhashmap_contains[0m function calls [38;5;10mhashmap_get[0m which returns the [38;5;10mvoid*[0m value. If the node was properly inserted, it should be found.[0m[0m
[0m[0m
Actually, I think the issue is that the C [38;5;10mtree_print[0m prints [38;5;10m(empty tree)[0m because [38;5;10mtree->has_root[0m is somehow 0. But that can't be — [38;5;10mtree_add_node[0m sets it to 1 for the first node.[0m[0m
[0m[0m
Wait — I need to look at this more carefully. The C [38;5;10mtest_tree_complex_structure[0m function creates a tree, adds 10 nodes, then calls [38;5;10mtree_print[0m. But the C output shows [38;5;10m(empty tree)[0m. This is a genuine C bug. The [38;5;10mtree_print[0m function checks [38;5;10m!tree || !tree->has_root[0m. Since [38;5;10mhas_root[0m is set to 1, the only way to get [38;5;10m(empty tree)[0m is if [38;5;10mtree[0m is NULL or [38;5;10mhas_root[0m is 0.[0m[0m
[0m[0m
Let me check if there's a memory corruption issue. The C hashmap stores [38;5;10mvoid*[0m pointers. When it resizes, it rehashes. The [38;5;10mtree_add_node[0m function first modifies the parent (adding child), then calls [38;5;10mhashmap_put[0m. If [38;5;10mhashmap_put[0m triggers a resize, the rehash calls [38;5;10mhashmap_put[0m recursively. During resize, the old entries are freed. But the values are just pointers — they're copied correctly.[0m[0m
[0m[0m
Actually, I think I see it now. The C [38;5;10mhashmap_put[0m checks [38;5;10mshould_resize[0m which looks at [38;5;10m(size + deleted_count) / capacity > 0.75[0m. With capacity 16 and 10 nodes (from [38;5;10mtest_tree_deep_hierarchy[0m which was the previous test), after [38;5;10mtree_delete[0m the tree is freed. But [38;5;10mtest_tree_complex_structure[0m creates a NEW tree. So the hashmap starts fresh with capacity 16.[0m[0m
[0m[0m
After adding 10 nodes to a capacity-16 hashmap: [38;5;10m10/16 = 0.625 < 0.75[0m. No resize needed. So all 10 nodes should be findable.[0m[0m
[0m[0m
Hmm, let me just check if the C assertions are actually passing or if [38;5;10massert[0m is disabled:[0m[0m
[?25l[0m[0mI will run the following command: [38;5;141mgrep -i "NDEBUG\|assert" /local/home/scheschb/reserach/TRACTOR/harvest-agentic/results/B02_synthetic/hashmap-tree/translated_rust/c_src/CMakeLists.txt[0m[38;5;244m (using tool: shell)[0m
Purpose: Check if assertions are disabled in CMake

[38;5;244m - Completed in 0.8s[0m

[?25l[0m[?25l[0m[0mI will run the following command: [38;5;141mcat /local/home/scheschb/reserach/TRACTOR/harvest-agentic/results/B02_synthetic/hashmap-tree/translated_rust/c_src/CMakeLists.txt[0m[38;5;244m (using tool: shell)[0m
Purpose: Check CMakeLists.txt for build flags

# Copyright 2025 MIT Lincoln Laboratory
# Permission is hereby granted, free of charge,
# to any person obtaining a copy of this software
# and associated documentation files (the “Software”),
# to deal in the Software without restriction,
# including without limitation the rights to use, copy,
# modify, merge, publish, distribute, sublicense,
# and/or sell copies of the Software,
# and to permit persons to whom the Software is furnished to do so,
# subject to the following conditions:
# 
# The above copyright notice and this permission notice
# shall be included in all copies or substantial portions of the Software.
# 
# THE SOFTWARE IS PROVIDED “AS IS”, WITHOUT WARRANTY OF ANY KIND,
# EXPRESS OR IMPLIED, INCLUDING BUT NOT LIMITED TO
# THE WARRANTIES OF MERCHANTABILITY,
# FITNESS FOR A PARTICULAR PURPOSE AND NONINFRINGEMENT.
# IN NO EVENT SHALL THE AUTHORS OR COPYRIGHT HOLDERS BE LIABLE
# FOR ANY CLAIM, DAMAGES OR OTHER LIABILITY, WHETHER IN AN ACTION OF CONTRACT,
# TORT OR OTHERWISE, ARISING FROM, OUT OF OR IN CONNECTION WITH THE SOFTWARE
# OR THE USE OR OTHER DEALINGS IN THE SOFTWARE.

cmake_minimum_required(VERSION 3.10)
project(driver)
add_executable(driver src/main.c src/hashmap.c src/tree.c)
target_include_directories(driver PUBLIC include)
[38;5;244m - Completed in 0.8s[0m

[?25l[0m[38;5;141m> [0mI built with [38;5;10m-DCMAKE_BUILD_TYPE=Release[0m which defines [38;5;10mNDEBUG[0m, disabling all [38;5;10massert()[0m calls! That's why the C program doesn't crash even though the assertions would fail. Let me rebuild without Release:[0m[0m
[?25l[0m[0mI will run the following command: [38;5;141mcd /tmp/hashmap_tree_build && rm -rf * && cmake /local/home/scheschb/reserach/TRACTOR/harvest-agentic/results/B02_synthetic/hashmap-tree/translated_rust/c_src 2>&1 | tail -3 && make 2>&1 | tail -3[0m[38;5;244m (using tool: shell)[0m
Purpose: Rebuild C in debug mode to check assertions

-- Configuring done
-- Generating done
-- Build files have been written to: /tmp/hashmap_tree_build
[ 75%] Building C object CMakeFiles/driver.dir/src/tree.c.o
[100%] Linking C executable driver
[100%] Built target driver
[38;5;244m - Completed in 0.658s[0m

[?25l[0m[?25l[0m[0mI will run the following command: [38;5;141m/tmp/hashmap_tree_build/driver 2>/tmp/c_stderr_debug.txt 1>/tmp/c_stdout_debug.txt; echo "exit: $?"; wc -c /tmp/c_stderr_debug.txt; cat /tmp/c_stdout_debug.txt | head -30[0m[38;5;244m (using tool: shell)[0m
Purpose: Run C debug build to see if assertions fail

exit: 0
72 /tmp/c_stderr_debug.txt
╔════════════════════════════════════════╗
║  TREE WITH HASHMAP ID MAPPING TESTS   ║
╚════════════════════════════════════════╝

=== Testing Hashmap Basic Operations ===
✓ PASS: test_hashmap_basic

=== Testing Hashmap Collisions ===
✓ PASS: test_hashmap_collisions

=== Testing Tree Creation ===
✓ PASS: test_tree_creation

=== Testing Tree Add Root ===
✓ PASS: test_tree_add_root

=== Testing Tree Add Children ===
✓ PASS: test_tree_add_children

=== Testing Tree Deep Hierarchy ===
✓ PASS: test_tree_deep_hierarchy

=== Testing Tree Complex Structure ===
[1] root
  [2] child1
    [5] gc1
    [6] gc2
  [3] child2
    [7] gc3
      [10] ggc1
[38;5;244m - Completed in 0.11s[0m

[?25l[0m[38;5;141m> [0mIn debug mode, the C version prints the tree correctly AND has stderr output. Let me check:[0m[0m
[?25l[0m[0mI will run the following command: [38;5;141mcat /tmp/c_stderr_debug.txt[0m[38;5;244m (using tool: shell)[0m
Purpose: Check C debug stderr

Error: Node with ID 2 already exists
Error: Parent has maximum children
[38;5;244m - Completed in 0.7s[0m

[?25l[0m[38;5;141m> [0mSo in debug mode, the C version:[0m[0m
- Prints the tree correctly (not [38;5;10m(empty tree)[0m)[0m[0m
- Has stderr with the two error messages[0m[0m
[0m[0m
In Release mode ([38;5;10m-DNDEBUG[0m):[0m[0m
- Prints [38;5;10m(empty tree)[0m — this is a bug caused by Release optimizations or NDEBUG[0m[0m
- Has no stderr[0m[0m
[0m[0m
The requirement says "byte-identical output for the same inputs." The question is: which build mode is the reference? The CMakeLists.txt doesn't specify a build type, so the default (no optimization, no NDEBUG) is the reference. Let me verify:[0m[0m
[?25l[0m[0mI will run the following command: [38;5;141mdiff /tmp/c_stdout_debug.txt /tmp/rust_stdout.txt && echo "STDOUT: IDENTICAL" || echo "STDOUT: DIFFERS"
diff /tmp/c_stderr_debug.txt /tmp/rust_stderr.txt && echo "STDERR: IDENTICAL" || echo "STDERR: DIFFERS"[0m[38;5;244m (using tool: shell)[0m
Purpose: Compare debug C output with Rust output

STDOUT: IDENTICAL
STDERR: IDENTICAL
[38;5;244m - Completed in 0.9s[0m

[?25l[0m[38;5;141m> [0mBoth stdout and stderr are byte-identical between the C debug build and the Rust build.[0m[0m
[?25l[0m[0m[38;5;11mTODO:
[39m[38;5;10m[x] [3m[38;5;244mCreate Cargo.toml[23m
[38;5;10m[x] [3m[38;5;244mCreate src/main.rs with hashmap, tree, and all tests translated from C[23m
[38;5;10m[x] [3m[38;5;244mBuild and fix any compilation errors[23m[38;5;244m - Completed in 0.4s[0m

[?25l[0m[38;5;141m> [0mDone. Here's a summary:[0m[0m
[0m[0m
[1mFiles created:[22m[0m[0m
- [38;5;10mCargo.toml[0m — minimal project config[0m[0m
- [38;5;10msrc/main.rs[0m — complete translation[0m[0m
[0m[0m
[1mTranslation approach:[22m[0m[0m
- Custom [38;5;10mHashmap[0m struct replicating the C open-addressing hashmap with FNV-1a hash and linear probing (not [38;5;10mstd::collections::HashMap[0m) to preserve identical behavior[0m[0m
- [38;5;10mTree[0m struct using [38;5;10mVec<Option<TreeNode>>[0m as node storage, with the custom hashmap mapping [38;5;10mTreeId → index[0m[0m[0m
- All 14 test functions translated with identical assertion logic[0m[0m
- [38;5;10mprint![0m/[38;5;10meprint![0m with explicit [38;5;10m\n[0m to match C's [38;5;10mprintf[0m/[38;5;10mfprintf(stderr, ...)[0m exactly[0m[0m
- Unicode escapes for box-drawing characters ([38;5;10m╔═╗║╚╝[0m) and checkmark ([38;5;10m✓[0m)[0m[0m
[0m[0m
[1mVerification:[22m[0m[0m
- [38;5;10mcargo build --release[0m — clean, zero warnings[0m[0m
- stdout: byte-identical to C[0m[0m
- stderr: byte-identical to C (two error messages from duplicate ID and max children tests)[0m[0m[38;5;12m[1m✓ Created checkpoint 1

[0m[0m
[38;5;8m
 ▸ Credits: 13.44 • Time: 4m 20s

[0m[1G[0m[0m[?25h